alignment,beat_of_occurrence,crash_date,crash_day_of_week,crash_hour,crash_month,crash_record_id,crash_type,damage,date_police_notified,device_condition,first_crash_type,hit_and_run_i,injuries_fatal,injuries_incapacitating,injuries_no_indication,injuries_non_incapacitating,injuries_reported_not_evident,injuries_total,injuries_unknown,latitude,lighting_condition,longitude,most_severe_injury,num_units,posted_speed_limit,prim_contributory_cause,report_type,road_defect,roadway_surface_cond,sec_contributory_cause,statements_taken_i,street_direction,street_name,street_no,traffic_control_device,trafficway_type,weather_condition,crash_date_est_i,intersection_related_i,photos_taken_i,work_zone_i,dooring_i,private_property_i,veh_count,ppl_count,location_json,veh_first_contact_point_list_json,veh_make_list_json,veh_maneuver_list_json,veh_model_list_json,veh_towed_i_list_json,ppl_age_list_json,ppl_airbag_deployed_list_json,ppl_ejection_list_json,ppl_injury_classification_list_json,ppl_person_id_list_json
STRAIGHT AND LEVEL,1925,2025-09-19T00:04:00.000,6,0,9,39561a016545c8a6462d4d1a428570d5618a7abd5743d38ed5eda3c9b1e99aaea2798f2cd7111528316babe9495528959da991fa8535fdbff2d29e7498327a09,INJURY AND / OR TOW DUE TO CRASH,"OVER $1,500",2025-09-19T00:30:00.000,UNKNOWN,SIDESWIPE SAME DIRECTION,N,0,0,2,0,0,0,0,41.9401429649,"DARKNESS, LIGHTED ROAD",-87.6449369655,NO INDICATION OF INJURY,3,25,NOT APPLICABLE,ON SCENE,NO DEFECTS,DRY,NOT APPLICABLE,N,W,BELMONT AVE,612,UNKNOWN,NOT DIVIDED,CLEAR,,,,,,,3,2,"{""coordinates"": [-87.644936965464, 41.940142964874], ""type"": ""Point""}","[""FRONT-RIGHT-CORNER"", ""SIDE-LEFT""]","[""HYUNDAI"", ""TOYOTA"", ""UNKNOWN""]","[""PARKED"", ""STRAIGHT AHEAD""]","[""ELANTRA"", ""MOTORIZED"", ""RAV4""]","[""Y""]","[""19""]","[""DEPLOYMENT UNKNOWN"", ""DID NOT DEPLOY""]","[""UNKNOWN""]","[""NO INDICATION OF INJURY""]","[""O2153531"", ""O2153532""]"
STRAIGHT AND LEVEL,1624,2025-09-19T00:13:00.000,6,0,9,4b3a2d82b471207d839c9fa616fc443927ffc45754209a3330e845ea6c0a1a8dee54ca6b17c0bfd4c34719b67134426313f859f3f2c5d116f2bc98f0314ef4c9,INJURY AND / OR TOW DUE TO CRASH,"OVER $1,500",2025-09-19T00:16:00.000,NO CONTROLS,PARKED MOTOR VEHICLE,,0,0,1,0,0,0,0,41.9597975141,"DARKNESS, LIGHTED ROAD",-87.7575572296,NO INDICATION OF INJURY,4,25,UNABLE TO DETERMINE,ON SCENE,NO DEFECTS,DRY,UNABLE TO DETERMINE,,W,PENSACOLA AVE,5202,NO CONTROLS,ONE-WAY,CLEAR,,,,,,,4,1,"{""coordinates"": [-87.757557229627, 41.959797514063], ""type"": ""Point""}","[""FRONT-RIGHT-CORNER"", ""REAR-LEFT-CORNER"", ""SIDE-LEFT""]","[""CHEVROLET"", ""DODGE"", ""HONDA"", ""NISSAN""]","[""PARKED"", ""STRAIGHT AHEAD""]","[""ACCORD"", ""CHALLENGER"", ""MALIBU"", ""SENTRA""]","[""Y""]","[""24""]","[""DEPLOYED, COMBINATION""]","[""NONE""]","[""NO INDICATION OF INJURY""]","[""O2153527""]"
STRAIGHT AND LEVEL,1224,2025-09-19T00:13:00.000,6,0,9,c082b86f8039e69f9e106f1f5545fc57688c95c556e6324ebb1ebd626bce4856bd3a1508a32b7301874f76efb734db5ad2269dea0abf62b55bf896c1cfb4d1fa,INJURY AND / OR TOW DUE TO CRASH,"OVER $1,500",2025-09-19T00:16:00.000,FUNCTIONING PROPERLY,REAR END,,0,0,2,0,1,1,0,41.8842154999,"DARKNESS, LIGHTED ROAD",-87.6521582673,"REPORTED, NOT EVIDENT",2,30,FOLLOWING TOO CLOSELY,ON SCENE,NO DEFECTS,DRY,FAILING TO REDUCE SPEED TO AVOID CRASH,,W,RANDOLPH ST,1001,TRAFFIC SIGNAL,FOUR WAY,CLEAR,Y,Y,,,,,2,3,"{""coordinates"": [-87.652158267275, 41.88421549986], ""type"": ""Point""}","[""FRONT-RIGHT-CORNER"", ""REAR-RIGHT-CORNER""]","[""FORD"", ""MAZDA""]","[""STRAIGHT AHEAD""]","[""CX-5"", ""ESCAPE""]",[],"[""26"", ""36"", ""49""]","[""DID NOT DEPLOY""]","[""NONE""]","[""NO INDICATION OF INJURY"", ""REPORTED, NOT EVIDENT""]","[""O2153519"", ""O2153520"", ""P475373""]"
STRAIGHT AND LEVEL,1115,2025-09-19T00:20:00.000,6,0,9,978df682943cb6decd4132c0dad97e58aa41674c1a13968cdd1431ea02385df8de5fc3ca19d0a196111f27974a1bd2d09dac60455e78e516fba50d8e2253c25b,INJURY AND / OR TOW DUE TO CRASH,"$501 - $1,500",2025-09-19T00:23:00.000,FUNCTIONING PROPERLY,ANGLE,,0,3,1,0,0,3,0,41.8797839264,"DARKNESS, LIGHTED ROAD",-87.7328719472,INCAPACITATING INJURY,2,30,DRIVING ON WRONG SIDE/WRONG WAY,ON SCENE,NO DEFECTS,DRY,FAILING TO REDUCE SPEED TO AVOID CRASH,,W,MONROE ST,4298,STOP SIGN/FLASHER,TRAFFIC ROUTE,CLEAR,,Y,,,,,2,4,"{""coordinates"": [-87.732871947243, 41.879783926368], ""type"": ""Point""}","[""FRONT-LEFT-CORNER"", ""SIDE-RIGHT-FRONT""]","[""JEEP"", ""UNKNOWN""]","[""STRAIGHT AHEAD""]","[""CHEROKEE"", ""MOTORIZED""]",[],"[""26"", ""27"", ""40""]","[""DEPLOYMENT UNKNOWN"", ""NOT APPLICABLE""]","[""NONE"", ""TOTALLY EJECTED"", ""UNKNOWN""]","[""INCAPACITATING INJURY"", ""NO INDICATION OF INJURY""]","[""O2153542"", ""O2153543"", ""P475716"", ""P475754""]"
STRAIGHT AND LEVEL,1522,2025-09-19T00:39:00.000,6,0,9,aca770a54c84af02db0cfff75c93a95f600ad13bad6e2e841d1955c624ada8db9f7b82cf2cda4969133353ea511e9f0dca6a05a19b8c0a3e73d66fb63eb4e58b,INJURY AND / OR TOW DUE TO CRASH,"OVER $1,500",2025-09-19T00:39:00.000,FUNCTIONING PROPERLY,TURNING,,0,0,1,0,2,2,0,41.8776084709,"DARKNESS, LIGHTED ROAD",-87.7551115834,"REPORTED, NOT EVIDENT",2,30,FAILING TO YIELD RIGHT-OF-WAY,ON SCENE,NO DEFECTS,DRY,FAILING TO REDUCE SPEED TO AVOID CRASH,,S,LARAMIE AVE,226,STOP SIGN/FLASHER,FOUR WAY,CLEAR,,Y,,,,,2,3,"{""coordinates"": [-87.755111583411, 41.877608470875], ""type"": ""Point""}","[""FRONT"", ""FRONT-LEFT-CORNER""]","[""BMW"", ""CHEVROLET""]","[""STRAIGHT AHEAD"", ""TURNING RIGHT""]","[""IMPALA"", ""OTHER (EXPLAIN IN NARRATIVE)""]","[""Y""]","[""0"", ""34"", ""52""]","[""DEPLOYED, COMBINATION"", ""DID NOT DEPLOY"", ""NOT APPLICABLE""]","[""NONE""]","[""NO INDICATION OF INJURY"", ""REPORTED, NOT EVIDENT""]","[""O2153564"", ""O2153565"", ""P475380""]"
STRAIGHT AND LEVEL,1632,2025-09-19T00:39:00.000,6,0,9,b6fe457594fb3c55546523f6bb7689b6abd29b7b5855e05b193c06c69439a722a8ec1ef860f69c08ee6cf50c9d946579fbbb86fb57c76a544b449a13496faac9,NO INJURY / DRIVE AWAY,"OVER $1,500",2025-09-19T00:41:00.000,FUNCTIONING PROPERLY,REAR END,Y,0,0,2,0,0,0,0,41.9381096148,"DARKNESS, LIGHTED ROAD",-87.8064311416,NO INDICATION OF INJURY,2,30,UNABLE TO DETERMINE,ON SCENE,NO DEFECTS,DRY,UNABLE TO DETERMINE,,W,BELMONT AVE,7154,TRAFFIC SIGNAL,FOUR WAY,CLEAR,,,,,,,2,2,"{""coordinates"": [-87.806431141605, 41.938109614762], ""type"": ""Point""}","[""FRONT-RIGHT-CORNER"", ""REAR-LEFT-CORNER""]","[""GENERAL MOTORS CORPORATION (GMC)"", ""UNKNOWN""]","[""SLOW/STOP IN TRAFFIC"", ""STRAIGHT AHEAD""]","[""OTHER (EXPLAIN IN NARRATIVE)"", ""TERRAIN""]",[],"[""67""]","[""DEPLOYMENT UNKNOWN"", ""DID NOT DEPLOY""]","[""NONE""]","[""NO INDICATION OF INJURY""]","[""O2153534"", ""O2153535""]"
STRAIGHT AND LEVEL,733,2025-09-19T01:00:00.000,6,1,9,7ea47e55415de5b9bb2a33f40184d39c936b3977aee008dbd1afc1eec29e98a66562475abe26cf1164fe2bd1115f490cf3b62167bf0ecfda6498add017e26a66,INJURY AND / OR TOW DUE TO CRASH,"OVER $1,500",2025-09-19T01:02:00.000,UNKNOWN,ANGLE,,0,0,2,0,0,0,0,41.7613736962,"DARKNESS, LIGHTED ROAD",-87.6538726766,NO INDICATION OF INJURY,2,30,FAILING TO YIELD RIGHT-OF-WAY,ON SCENE,NO DEFECTS,DRY,FAILING TO YIELD RIGHT-OF-WAY,Y,S,RACINE AVE,7301,UNKNOWN,FOUR WAY,CLEAR,,Y,,,,,2,2,"{""coordinates"": [-87.653872676602, 41.76137369618], ""type"": ""Point""}","[""FRONT-LEFT-CORNER"", ""SIDE-LEFT""]","[""CHEVROLET"", ""MITSUBISHI""]","[""STRAIGHT AHEAD"", ""UNKNOWN/NA""]","[""EQUINOX"", ""MIRAGE""]","[""N"", ""Y""]","[""30"", ""37""]","[""DEPLOYED, COMBINATION"", ""DEPLOYED, SIDE""]","[""UNKNOWN""]","[""NO INDICATION OF INJURY""]","[""O2153554"", ""O2153555""]"
STRAIGHT AND LEVEL,1924,2025-09-19T01:11:00.000,6,1,9,e74df803f5552510be56190378b912c7bcc8ce0fccc92fffe569410544694642ce26a2fa86ec7f55989dd1cfb39d856150cf9aed5d3a5995bdb9b8dde49dc353,NO INJURY / DRIVE AWAY,$500 OR LESS,2025-09-19T01:30:00.000,FUNCTIONING PROPERLY,PEDESTRIAN,,0,0,2,0,0,0,0,41.9417561617,"DARKNESS, LIGHTED ROAD",-87.6494728177,NO INDICATION OF INJURY,2,35,UNABLE TO DETERMINE,NOT ON SCENE (DESK REPORT),UNKNOWN,UNKNOWN,UNABLE TO DETERMINE,,N,HALSTED ST,3258,STOP SIGN/FLASHER,NOT DIVIDED,CLEAR,,,,,,,2,2,"{""coordinates"": [-87.649472817682, 41.941756161688], ""type"": ""Point""}","[""SIDE-LEFT""]","[""HYUNDAI""]","[""STRAIGHT AHEAD""]","[""TUCSON""]",[],"[""44""]","[""NOT APPLICABLE""]","[""NONE""]","[""NO INDICATION OF INJURY""]","[""O2153538"", ""O2153539""]"
STRAIGHT AND LEVEL,725,2025-09-19T01:15:00.000,6,1,9,c45ad422030601153daf5c0ad9e7971f697197ca95c10a98667388b34545d782893f379da013897bcff223bfa55223834f0a1e373989689ee1ff5c2b0d1432d2,NO INJURY / DRIVE AWAY,"OVER $1,500",2025-09-19T01:59:00.000,NO CONTROLS,PARKED MOTOR VEHICLE,Y,0,0,1,0,0,0,0,41.7741737298,"DARKNESS, LIGHTED ROAD",-87.6629911463,NO INDICATION OF INJURY,2,30,UNABLE TO DETERMINE,NOT ON SCENE (DESK REPORT),NO DEFECTS,DRY,UNABLE TO DETERMINE,,S,JUSTINE ST,6556,NO CONTROLS,ONE-WAY,CLEAR,,,,,,,2,1,"{""coordinates"": [-87.662991146322, 41.77417372981], ""type"": ""Point""}","[""REAR-LEFT-CORNER"", ""UNKNOWN""]","[""FORD"", ""UNKNOWN""]","[""PARKED"", ""UNKNOWN/NA""]","[""ECOSPORT"", ""MOTORIZED""]",[],[],"[""DEPLOYMENT UNKNOWN""]","[""UNKNOWN""]","[""NO INDICATION OF INJURY""]","[""O2153546""]"
STRAIGHT AND LEVEL,433,2025-09-19T01:34:00.000,6,1,9,1a75ed99c8725cb791acab4916827b56cad25cb8d72aeca1611ef034f721557a3ba083e6ef188d58385c00b10eb821624dc86d5f8f696a95926c63b5d7954125,INJURY AND / OR TOW DUE TO CRASH,"OVER $1,500",2025-09-19T01:38:00.000,UNKNOWN,OTHER OBJECT,Y,0,0,1,0,0,0,0,41.6464515393,"DARKNESS, LIGHTED ROAD",-87.5402285328,NO INDICATION OF INJURY,1,30,UNABLE TO DETERMINE,ON SCENE,NO DEFECTS,DRY,UNABLE TO DETERMINE,,S,AVENUE O,13660,NO CONTROLS,DIVIDED - W/MEDIAN (NOT RAISED),CLEAR,Y,,,,,,1,1,"{""coordinates"": [-87.540228532801, 41.64645153934], ""type"": ""Point""}","[""FRONT""]","[""KIA""]","[""UNKNOWN/NA""]","[""OPTIMA / K5""]","[""Y""]",[],"[""DEPLOYED, FRONT""]","[""UNKNOWN""]","[""NO INDICATION OF INJURY""]","[""O2153548""]"
STRAIGHT AND LEVEL,1533,2025-09-19T02:28:00.000,6,2,9,490d8577f060d8002e7834e92d5d81765ec3d4c003bf39c7ab61c477395d0ef1368467f05aef70906e610a14180eae4638b4de9c44a6c50d773c06b3283da4f0,INJURY AND / OR TOW DUE TO CRASH,"OVER $1,500",2025-09-19T02:33:00.000,FUNCTIONING PROPERLY,REAR END,Y,0,0,1,0,3,3,0,41.875042889,"DARKNESS, LIGHTED ROAD",-87.7452149674,"REPORTED, NOT EVIDENT",2,30,FOLLOWING TOO CLOSELY,ON SCENE,NO DEFECTS,DRY,NOT APPLICABLE,N,S,CICERO AVE,398,TRAFFIC SIGNAL,NOT DIVIDED,CLEAR,,,N,N,,,2,4,"{""coordinates"": [-87.745214967411, 41.875042888998], ""type"": ""Point""}","[""FRONT"", ""REAR""]","[""KIA"", ""TOYOTA""]","[""STRAIGHT AHEAD""]","[""HIGHLANDER"", ""OPTIMA / K5""]","[""N""]","[""28"", ""31"", ""36""]","[""DEPLOYMENT UNKNOWN"", ""DID NOT DEPLOY"", ""NOT APPLICABLE""]","[""NONE""]","[""NO INDICATION OF INJURY"", ""REPORTED, NOT EVIDENT""]","[""O2153552"", ""O2153553"", ""P475378"", ""P475379""]"
STRAIGHT AND LEVEL,1235,2025-09-19T02:30:00.000,6,2,9,68f454000a2ebe64985a8330e3e39c6d00770832132752ca4b1560b6a14236ec9115f7df5ac1baa2471fba7e2b8d0bcb0094ff0a1bcd939bda7d53c02c968629,INJURY AND / OR TOW DUE TO CRASH,"OVER $1,500",2025-09-19T02:50:00.000,FUNCTIONING PROPERLY,SIDESWIPE SAME DIRECTION,,0,0,2,0,0,0,0,41.8526958542,"DARKNESS, LIGHTED ROAD",-87.6503471938,NO INDICATION OF INJURY,2,30,IMPROPER OVERTAKING/PASSING,ON SCENE,NO DEFECTS,DRY,UNABLE TO DETERMINE,,W,CERMAK RD,958,TRAFFIC SIGNAL,NOT DIVIDED,CLEAR,Y,,,,,,2,2,"{""coordinates"": [-87.650347193831, 41.852695854168], ""type"": ""Point""}","[""FRONT-LEFT-CORNER"", ""SIDE-RIGHT-FRONT""]","[""BUICK"", ""FORD""]","[""PASSING/OVERTAKING"", ""STRAIGHT AHEAD""]","[""LACROSSE"", ""MUSTANG""]","[""Y""]","[""20"", ""25""]","[""DID NOT DEPLOY""]","[""NONE""]","[""NO INDICATION OF INJURY""]","[""O2153550"", ""O2153551""]"
STRAIGHT AND LEVEL,1121,2025-09-19T02:38:00.000,6,2,9,1a2eab62d8751e483b83b571806beff959c0830ca1200a5021cc4f007a3937ea6ec5243181082dfca4805f1e9ff6cff4b4dc2be42252fce3b7011f2dc15403ee,INJURY AND / OR TOW DUE TO CRASH,"OVER $1,500",2025-09-19T02:38:00.000,NO CONTROLS,PARKED MOTOR VEHICLE,,0,0,0,1,0,1,0,41.8922166172,"DARKNESS, LIGHTED ROAD",-87.7114847071,NONINCAPACITATING INJURY,3,30,FAILING TO REDUCE SPEED TO AVOID CRASH,ON SCENE,NO DEFECTS,DRY,NOT APPLICABLE,,N,HOMAN AVE,610,NO CONTROLS,NOT DIVIDED,CLEAR,,,,,,,3,1,"{""coordinates"": [-87.711484707128, 41.892216617249], ""type"": ""Point""}","[""REAR"", ""UNKNOWN""]","[""BUICK"", ""HONDA"", ""TOYOTA""]","[""PARKED"", ""STRAIGHT AHEAD""]","[""4RUNNER"", ""ENCLAVE"", ""FIT""]","[""Y""]","[""44""]","[""DEPLOYED, COMBINATION""]","[""NONE""]","[""NONINCAPACITATING INJURY""]","[""O2153556""]"
STRAIGHT AND LEVEL,1222,2025-09-19T02:50:00.000,6,2,9,59b441e8125adcfc18bbec811af46eef687f966910289a246a8986acd83152f73428a953cb3dc86ed66cbe4a6f7893adcb84e5bf80813d804111caa387c3f39e,NO INJURY / DRIVE AWAY,"OVER $1,500",2025-09-19T02:52:00.000,NO CONTROLS,PARKED MOTOR VEHICLE,Y,0,0,1,0,0,0,0,41.8864164344,"DARKNESS, LIGHTED ROAD",-87.697411851,NO INDICATION OF INJURY,2,30,UNABLE TO DETERMINE,ON SCENE,NO DEFECTS,DRY,UNABLE TO DETERMINE,,W,FULTON ST,2825,NO CONTROLS,NOT DIVIDED,CLEAR,,,,,,,2,1,"{""coordinates"": [-87.697411850993, 41.88641643441], ""type"": ""Point""}","[""FRONT"", ""REAR-LEFT-CORNER""]","[""CHEVROLET"", ""HYUNDAI""]","[""PARKED"", ""STRAIGHT AHEAD""]","[""IMPALA"", ""TUCSON""]","[""N""]",[],"[""DEPLOYMENT UNKNOWN""]","[""NONE""]","[""NO INDICATION OF INJURY""]","[""O2153549""]"
STRAIGHT AND LEVEL,935,2025-09-19T02:56:00.000,6,2,9,5a42ea1e36b9bef7072f1b2ebba265124a30157ab46e96bd8deb50f41f5c7f09043bd2f9888b425ea2459bb703ae83d8765f11426d7379e88cf4b01ff0e86a0a,INJURY AND / OR TOW DUE TO CRASH,"OVER $1,500",2025-09-19T02:56:00.000,NO CONTROLS,FIXED OBJECT,Y,0,0,1,0,0,0,0,41.8071828422,"DARKNESS, LIGHTED ROAD",-87.6437340713,NO INDICATION OF INJURY,1,25,UNABLE TO DETERMINE,ON SCENE,NO DEFECTS,DRY,NOT APPLICABLE,,W,48TH ST,714,NO CONTROLS,ALLEY,CLEAR,,,,,,,1,1,"{""coordinates"": [-87.643734071339, 41.807182842192], ""type"": ""Point""}","[""FRONT-LEFT-CORNER""]","[""CHEVROLET""]","[""STRAIGHT AHEAD""]","[""TRAVERSE""]","[""Y""]","[""25""]","[""DID NOT DEPLOY""]","[""NONE""]","[""NO INDICATION OF INJURY""]","[""O2153566""]"
STRAIGHT AND LEVEL,133,2025-09-19T03:00:00.000,6,3,9,4fa47ad0008fcb2f0d72e7e955f6f77222ca32b951f19cc2dde20dc1987b6ef92394e6337d1d440a1d72942ac5cb3416e20a2208ae9c0ac7c986367f76771377,INJURY AND / OR TOW DUE TO CRASH,"OVER $1,500",2025-09-19T15:50:00.000,UNKNOWN,FIXED OBJECT,Y,0,0,1,0,0,0,0,41.8421032366,UNKNOWN,-87.621900168,NO INDICATION OF INJURY,1,30,UNABLE TO DETERMINE,ON SCENE,UNKNOWN,UNKNOWN,NOT APPLICABLE,,E,29TH ST,200,STOP SIGN/FLASHER,NOT DIVIDED,UNKNOWN,Y,,,,,,1,1,"{""coordinates"": [-87.621900167987, 41.842103236582], ""type"": ""Point""}","[""FRONT""]","[""CHEVROLET""]","[""UNKNOWN/NA""]","[""TRAIL BLAZER""]","[""Y""]",[],"[""DEPLOYMENT UNKNOWN""]","[""NONE""]","[""NO INDICATION OF INJURY""]","[""O2153937""]"
STRAIGHT AND LEVEL,624,2025-09-19T03:00:00.000,6,3,9,f08697fd5a205906cac452e50188f1ea168b9bea9b6ae7f265b81bd041a8f8c5e91a2e5702dd1a51c320ff74c8dff729d2952d88283f0ea355e8bd15b7951734,NO INJURY / DRIVE AWAY,"OVER $1,500",2025-09-19T15:55:00.000,NO CONTROLS,PARKED MOTOR VEHICLE,Y,0,0,1,0,0,0,0,41.7512211405,DARKNESS,-87.602901218,NO INDICATION OF INJURY,2,30,UNABLE TO DETERMINE,NOT ON SCENE (DESK REPORT),NO DEFECTS,DRY,UNABLE TO DETERMINE,,S,DREXEL AVE,7900,NO CONTROLS,NOT DIVIDED,CLEAR,,,,,,,2,1,"{""coordinates"": [-87.602901217958, 41.751221140537], ""type"": ""Point""}","[""SIDE-LEFT"", ""UNKNOWN""]","[""DODGE"", ""UNKNOWN""]","[""PARKED"", ""UNKNOWN/NA""]","[""OTHER (EXPLAIN IN NARRATIVE)""]",[],[],"[""DEPLOYMENT UNKNOWN""]","[""UNKNOWN""]","[""NO INDICATION OF INJURY""]","[""O2153875""]"
STRAIGHT AND LEVEL,1224,2025-09-19T03:07:00.000,6,3,9,9f36c4b00da76678bc34bf877504df22e2c9c17fd49b137031d5f1633ad2a80b5411abdb31e243a818a8a8705b2497c9366f3d03f4a7770c507abee023641327,NO INJURY / DRIVE AWAY,"OVER $1,500",2025-09-19T03:07:00.000,NO CONTROLS,PARKED MOTOR VEHICLE,,0,0,1,0,0,0,0,41.8842208916,"DARKNESS, LIGHTED ROAD",-87.6518671436,NO INDICATION OF INJURY,2,30,IMPROPER BACKING,ON SCENE,NO DEFECTS,DRY,FAILING TO REDUCE SPEED TO AVOID CRASH,,W,RANDOLPH ST,953,NO CONTROLS,ONE-WAY,CLEAR,,,,,,,2,1,"{""coordinates"": [-87.651867143552, 41.884220891638], ""type"": ""Point""}","[""REAR-LEFT-CORNER""]","[""NISSAN"", ""TOYOTA""]","[""BACKING"", ""PARKED""]","[""PRIUS"", ""SENTRA""]",[],"[""32""]","[""NOT APPLICABLE""]","[""NONE""]","[""NO INDICATION OF INJURY""]","[""O2153559""]"
STRAIGHT AND LEVEL,912,2025-09-19T03:52:00.000,6,3,9,17d54dfdba44422fcc84297bd6ce82af97fced5996640d84b7c5dbd9713128a264c036505b21c20142e6dee13bbb2e055bd9635fbc3f56232868626a11e1baee,NO INJURY / DRIVE AWAY,"OVER $1,500",2025-09-19T16:11:00.000,NO CONTROLS,PARKED MOTOR VEHICLE,Y,,,,,,,,41.8314120097,DAYLIGHT,-87.6641728018,,2,30,UNABLE TO DETERMINE,ON SCENE,NO DEFECTS,DRY,NOT APPLICABLE,,S,JUSTINE ST,3431,NO CONTROLS,NOT DIVIDED,CLEAR,,,,,,,2,,"{""coordinates"": [-87.664172801817, 41.831412009739], ""type"": ""Point""}","[""UNKNOWN""]","[""JEEP"", ""TOYOTA""]","[""PARKED"", ""PARKED IN TRAFFIC LANE""]","[""HIGHLANDER"", ""WRANGLER""]",[],,,,,
STRAIGHT AND LEVEL,2424,2025-09-19T04:06:00.000,6,4,9,ac671913342225b316f27929fc514801ea745be26f9fb167743382b59a785475eca979b447ec09da5a11071a655e42bb59b70a8266c073636d6ca0b31a40dee2,NO INJURY / DRIVE AWAY,"OVER $1,500",2025-09-19T04:07:00.000,NO CONTROLS,PARKED MOTOR VEHICLE,,0,0,1,0,0,0,0,42.0124377595,"DARKNESS, LIGHTED ROAD",-87.6796371872,NO INDICATION OF INJURY,3,35,UNABLE TO DETERMINE,ON SCENE,UNKNOWN,DRY,UNABLE TO DETERMINE,,W,TOUHY AVE,1937,NO CONTROLS,NOT DIVIDED,CLEAR,,,,,,,3,1,"{""coordinates"": [-87.679637187224, 42.012437759503], ""type"": ""Point""}","[""FRONT-LEFT-CORNER"", ""OTHER"", ""REAR""]","[""FORD"", ""MAZDA"", ""NISSAN""]","[""PARKED"", ""STRAIGHT AHEAD""]","[""ESCAPE"", ""KICKS"", ""MAZDA3""]",[],"[""25""]","[""DEPLOYMENT UNKNOWN""]","[""NONE""]","[""NO INDICATION OF INJURY""]","[""O2153567""]"
STRAIGHT AND LEVEL,1131,2025-09-19T04:40:00.000,6,4,9,4fa10b7d2faa9d4502524794147f1ea74a3f2755f9465ed319b02c10f66e419cfa1af16595e919540ad2109a84e3a76db52234cd9720f505ddf0fcdbfe339319,INJURY AND / OR TOW DUE TO CRASH,"OVER $1,500",2025-09-19T04:45:00.000,NO CONTROLS,REAR TO FRONT,,0,0,2,0,0,0,0,41.8697377782,"DARKNESS, LIGHTED ROAD",-87.735239494,NO INDICATION OF INJURY,2,30,IMPROPER BACKING,ON SCENE,NO DEFECTS,DRY,NOT APPLICABLE,,S,KOSTNER AVE,900,NO CONTROLS,TRAFFIC ROUTE,CLEAR,,,,,,,2,2,"{""coordinates"": [-87.735239494031, 41.869737778234], ""type"": ""Point""}","[""FRONT"", ""REAR""]","[""FORD"", ""PETERBILT MOTORS COMPANY (DIVISION OF PACCAR, INC.)""]","[""BACKING"", ""STRAIGHT AHEAD""]","[""OTHER (EXPLAIN IN NARRATIVE)""]","[""Y""]","[""34"", ""58""]","[""NOT APPLICABLE""]","[""NONE""]","[""NO INDICATION OF INJURY""]","[""O2153572"", ""O2153573""]"
STRAIGHT AND LEVEL,233,2025-09-19T05:00:00.000,6,5,9,49aec8abea88503113cdfb07d3e0387d86ead8d210f8895328a692f86e4618f2790062acef1fa16560ce2cdb7c3eab554e83fc6b0581b7e31fdc733951e9ab19,NO INJURY / DRIVE AWAY,$500 OR LESS,2025-09-19T05:08:00.000,NO CONTROLS,FIXED OBJECT,,0,0,1,0,0,0,0,,DARKNESS,,NO INDICATION OF INJURY,1,30,FAILING TO YIELD RIGHT-OF-WAY,ON SCENE,NO DEFECTS,DRY,FAILING TO YIELD RIGHT-OF-WAY,,S,PAYNE DR,5998,NO CONTROLS,UNKNOWN,CLEAR,,,,,,,1,1,,"[""FRONT""]","[""CHEVROLET""]","[""STRAIGHT AHEAD""]","[""TRAIL BLAZER""]",[],"[""51""]","[""NOT APPLICABLE""]","[""NONE""]","[""NO INDICATION OF INJURY""]","[""O2153577""]"
STRAIGHT AND LEVEL,1935,2025-09-19T05:46:00.000,6,5,9,6a0be7da14036d74845589a34ebdda202b7c13350cf4d1040c76c6b5d3f411a323da77a68079e0892aab1027d8b2867273642a056032e6c07b5e1dfde6b01683,NO INJURY / DRIVE AWAY,"$501 - $1,500",2025-09-19T05:46:00.000,FUNCTIONING PROPERLY,PARKED MOTOR VEHICLE,,0,0,1,0,0,0,0,41.9266881212,DAYLIGHT,-87.6409865802,NO INDICATION OF INJURY,2,20,DRIVING SKILLS/KNOWLEDGE/EXPERIENCE,ON SCENE,NO DEFECTS,DRY,NOT APPLICABLE,,N,CLARK ST,2439,STOP SIGN/FLASHER,NOT DIVIDED,CLEAR,,,,,,,2,1,"{""coordinates"": [-87.640986580243, 41.926688121166], ""type"": ""Point""}","[""FRONT"", ""SIDE-LEFT-REAR""]","[""HONDA"", ""JEEP""]","[""PARKED"", ""STRAIGHT AHEAD""]","[""CHEROKEE"", ""CR-Z""]",[],"[""24""]","[""NOT APPLICABLE""]","[""NONE""]","[""NO INDICATION OF INJURY""]","[""O2153575""]"
STRAIGHT AND LEVEL,113,2025-09-19T05:48:00.000,6,5,9,b6328a711f9f4a1ea0fc91dfb74d7d5651468d0f9846327103d4f575e7144ebbd9201f29fc3648c8f5404d35bbdf9bcfeb47313da5e73648c72a12cf8f3aff9b,NO INJURY / DRIVE AWAY,"OVER $1,500",2025-09-19T06:40:00.000,FUNCTIONING PROPERLY,TURNING,,0,0,2,0,0,0,0,41.8768332074,DAWN,-87.6294075903,NO INDICATION OF INJURY,2,30,FAILING TO YIELD RIGHT-OF-WAY,NOT ON SCENE (DESK REPORT),NO DEFECTS,DRY,IMPROPER TURNING/NO SIGNAL,,S,DEARBORN ST,400,TRAFFIC SIGNAL,ONE-WAY,CLEAR,,Y,,,,,2,2,"{""coordinates"": [-87.629407590326, 41.876833207404], ""type"": ""Point""}","[""FRONT-RIGHT-CORNER"", ""SIDE-LEFT""]","[""FORD"", ""NISSAN""]","[""TURNING LEFT""]","[""ALTIMA"", ""ECONOLINE E250""]",[],"[""32"", ""36""]","[""NOT APPLICABLE""]","[""NONE""]","[""NO INDICATION OF INJURY""]","[""O2153582"", ""O2153583""]"