alignment,beat_of_occurrence,crash_date,crash_day_of_week,crash_hour,crash_month,crash_record_id,crash_type,damage,date_police_notified,device_condition,first_crash_type,hit_and_run_i,injuries_fatal,injuries_incapacitating,injuries_no_indication,injuries_non_incapacitating,injuries_reported_not_evident,injuries_total,injuries_unknown,latitude,lighting_condition,longitude,most_severe_injury,num_units,posted_speed_limit,prim_contributory_cause,report_type,road_defect,roadway_surface_cond,sec_contributory_cause,statements_taken_i,street_direction,street_name,street_no,traffic_control_device,trafficway_type,weather_condition,crash_date_est_i,intersection_related_i,photos_taken_i,work_zone_i,dooring_i,private_property_i,veh_count,ppl_count,location_json,veh_first_contact_point_list_json,veh_make_list_json,veh_maneuver_list_json,veh_model_list_json,veh_towed_i_list_json,ppl_age_list_json,ppl_airbag_deployed_list_json,ppl_ejection_list_json,ppl_injury_classification_list_json,ppl_person_id_list_json
STRAIGHT AND LEVEL,1522,2025-09-19T06:00:00.000,6,6,9,c94bc7c8f2152a54af033b1fba98a473218393401f3f5f934bfb055a319dfe7d6b03cb9deda011ce7cae972e31442443023ffc9b174bcf17d6e3eee495897e54,NO INJURY / DRIVE AWAY,"OVER $1,500",2025-09-19T09:52:00.000,NO CONTROLS,PARKED MOTOR VEHICLE,Y,0,0,1,0,0,0,0,41.8785374659,UNKNOWN,-87.7585277171,NO INDICATION OF INJURY,2,15,UNABLE TO DETERMINE,NOT ON SCENE (DESK REPORT),UNKNOWN,UNKNOWN,NOT APPLICABLE,,W,ADAMS ST,5322,NO CONTROLS,PARKING LOT,UNKNOWN,Y,,,,,,2,1,"{""coordinates"": [-87.758527717145, 41.878537465947], ""type"": ""Point""}","[""FRONT-LEFT-CORNER"", ""UNKNOWN""]","[""KIA"", ""UNKNOWN""]","[""PARKED"", ""UNKNOWN/NA""]","[""NIRO"", ""OTHER (EXPLAIN IN NARRATIVE)""]",[],[],"[""DEPLOYMENT UNKNOWN""]","[""NONE""]","[""NO INDICATION OF INJURY""]","[""O2153642""]"
STRAIGHT AND LEVEL,1113,2025-09-19T06:00:00.000,6,6,9,f1bfe4441a74f544f4cf887f9afa3fceb53df97bfc41298023630ed61a1fa8cf6a134cbe000bb3c41558c00ad2d10e44a2d4188ab3e3d6be84e9339fb0f06d12,NO INJURY / DRIVE AWAY,"OVER $1,500",2025-09-20T18:15:00.000,NO CONTROLS,SIDESWIPE SAME DIRECTION,,0,0,2,0,0,0,0,41.8854652386,DAYLIGHT,-87.7453103688,NO INDICATION OF INJURY,2,30,FAILING TO YIELD RIGHT-OF-WAY,NOT ON SCENE (DESK REPORT),NO DEFECTS,DRY,FAILING TO YIELD RIGHT-OF-WAY,,N,CICERO AVE,303,NO CONTROLS,NOT DIVIDED,CLEAR,,,,,,,2,2,"{""coordinates"": [-87.745310368833, 41.885465238599], ""type"": ""Point""}","[""SIDE-LEFT"", ""UNKNOWN""]","[""HONDA""]","[""MERGING"", ""STRAIGHT AHEAD""]","[""INSIGHT"", ""OTHER (EXPLAIN IN NARRATIVE)""]",[],"[""27""]","[""NOT APPLICABLE""]","[""NONE""]","[""NO INDICATION OF INJURY""]","[""O2154641"", ""O2154642""]"
STRAIGHT AND LEVEL,1532,2025-09-19T06:10:00.000,6,6,9,c467e3e338073916f58f4b23a2aa289b613364e38e0f6d04cff8655d5e5ebcb3c7403ddede8d4488501772dca96e8d7b1fe1b2c869f89e21279dbb47b6ada7fd,NO INJURY / DRIVE AWAY,"OVER $1,500",2025-09-19T18:00:00.000,NO CONTROLS,TURNING,,0,0,2,0,0,0,0,41.8857488699,DAYLIGHT,-87.7456159771,NO INDICATION OF INJURY,2,35,UNABLE TO DETERMINE,NOT ON SCENE (DESK REPORT),NO DEFECTS,DRY,UNABLE TO DETERMINE,,N,CICERO AVE,310,NO CONTROLS,NOT DIVIDED,CLEAR,,Y,,,,,2,2,"{""coordinates"": [-87.745615977086, 41.885748869928], ""type"": ""Point""}","[""FRONT"", ""REAR-RIGHT-CORNER""]","[""HONDA""]","[""STRAIGHT AHEAD"", ""TURNING RIGHT""]","[""INSIGHT"", ""MOTORCYCLE""]",[],"[""27""]","[""DEPLOYMENT UNKNOWN"", ""NOT APPLICABLE""]","[""NONE"", ""UNKNOWN""]","[""NO INDICATION OF INJURY""]","[""O2154014"", ""O2154015""]"
STRAIGHT AND LEVEL,922,2025-09-19T06:17:00.000,6,6,9,6459824b42fa4bd8891c28e5ade617a148a19dccd6b8683eb7320c9e17cd42c0b7e9eb808bd9a6c3f4d479e2caafd5424ff928e3d780a3278127f9dbc6d71bf7,NO INJURY / DRIVE AWAY,"$501 - $1,500",2025-09-19T08:30:00.000,NO CONTROLS,PEDALCYCLIST,Y,0,0,2,0,0,0,0,41.8147445587,DAYLIGHT,-87.6857315949,NO INDICATION OF INJURY,2,15,UNABLE TO DETERMINE,NOT ON SCENE (DESK REPORT),NO DEFECTS,DRY,UNABLE TO DETERMINE,,S,ARTESIAN AVE,4331,NO CONTROLS,ALLEY,CLEAR,,,,,,,2,2,"{""coordinates"": [-87.685731594874, 41.81474455872], ""type"": ""Point""}","[""SIDE-LEFT""]","[""TOYOTA""]","[""STRAIGHT AHEAD""]","[""RAV4""]",[],"[""26""]","[""NOT APPLICABLE""]","[""NONE""]","[""NO INDICATION OF INJURY""]","[""O2153605"", ""O2153606""]"
STRAIGHT AND LEVEL,824,2025-09-19T06:30:00.000,6,6,9,b944969abae507582b6859093eb55de885dbe74833055805e1fdfb49bd4aa6a3940631b89b4a7e027c8f3a5d43e869f0173d10a7fec47d5eebf6c78e96b6c80a,NO INJURY / DRIVE AWAY,"OVER $1,500",2025-09-19T17:25:00.000,NO CONTROLS,PARKED MOTOR VEHICLE,Y,0,0,1,0,0,0,0,41.7846351945,UNKNOWN,-87.6971425978,NO INDICATION OF INJURY,2,25,UNABLE TO DETERMINE,NOT ON SCENE (DESK REPORT),NO DEFECTS,DRY,UNABLE TO DETERMINE,,W,60TH ST,2930,NO CONTROLS,ONE-WAY,UNKNOWN,,,,,,,2,1,"{""coordinates"": [-87.697142597848, 41.784635194466], ""type"": ""Point""}","[""FRONT"", ""REAR""]","[""AUDI"", ""JEEP""]","[""PARKED"", ""STRAIGHT AHEAD""]","[""JEEP"", ""OTHER (EXPLAIN IN NARRATIVE)""]",[],[],"[""DEPLOYMENT UNKNOWN""]","[""NONE""]","[""NO INDICATION OF INJURY""]","[""O2153972""]"
STRAIGHT AND LEVEL,1614,2025-09-19T06:32:00.000,6,6,9,f978a52fa9790e46e70e753941fa09dbb266f3fc86f8816a6825b448ed3b463d1a9bd1c6b2cc51f07d43378b3a3d0b01657bf1c86bd217a463e5b68e2d0ff2cc,NO INJURY / DRIVE AWAY,"OVER $1,500",2025-09-19T06:47:00.000,NO CONTROLS,TURNING,,0,0,2,0,0,0,0,41.9811983912,DAYLIGHT,-87.837238725,NO INDICATION OF INJURY,2,30,UNABLE TO DETERMINE,ON SCENE,NO DEFECTS,DRY,UNABLE TO DETERMINE,,W,BRYN MAWR AVE,8410,NO CONTROLS,DIVIDED - W/MEDIAN (NOT RAISED),CLEAR,,,,,,,2,2,"{""coordinates"": [-87.837238724969, 41.981198391229], ""type"": ""Point""}","[""FRONT"", ""SIDE-LEFT""]","[""FORD"", ""NISSAN""]","[""STRAIGHT AHEAD"", ""TURNING LEFT""]","[""ALTIMA"", ""RANGER""]",[],"[""39"", ""61""]","[""DID NOT DEPLOY"", ""NOT APPLICABLE""]","[""NONE""]","[""NO INDICATION OF INJURY""]","[""O2153588"", ""O2153589""]"
STRAIGHT AND LEVEL,1622,2025-09-19T06:40:00.000,6,6,9,85f70763aa8b6d0a98a8ad94a2a8f2c4e55a8525ce60eafae7fee2b019a59e91df99b8f23820c6160e61c0b2d57856b1e74f14a2588e4a73299b985e60c5069a,NO INJURY / DRIVE AWAY,"OVER $1,500",2025-09-19T17:45:00.000,NO CONTROLS,ANGLE,,0,0,2,0,0,0,0,41.9714505981,UNKNOWN,-87.7721867925,NO INDICATION OF INJURY,2,30,UNABLE TO DETERMINE,NOT ON SCENE (DESK REPORT),UNKNOWN,UNKNOWN,UNABLE TO DETERMINE,,W,HIGGINS AVE,5739,NO CONTROLS,NOT DIVIDED,UNKNOWN,,,,,,,2,2,"{""coordinates"": [-87.772186792477, 41.971450598103], ""type"": ""Point""}","[""FRONT"", ""SIDE-RIGHT""]","[""HONDA"", ""VOLKSWAGEN""]","[""STRAIGHT AHEAD""]","[""ATLAS"", ""INSIGHT""]",[],"[""28"", ""36""]","[""NOT APPLICABLE""]","[""NONE""]","[""NO INDICATION OF INJURY""]","[""O2153987"", ""O2153988""]"
STRAIGHT AND LEVEL,1731,2025-09-19T06:45:00.000,6,6,9,196f9805ec6ad2950098946729af1901c319cef7a4232981ea9d4db962ae4743bca0ccc82fc761ae5d70dfaf1acca682271e3c17c986c926a97dde917fde18a1,NO INJURY / DRIVE AWAY,"OVER $1,500",2025-09-19T17:30:00.000,FUNCTIONING PROPERLY,SIDESWIPE SAME DIRECTION,,0,0,2,0,0,0,0,41.9411504293,DAYLIGHT,-87.7273930873,NO INDICATION OF INJURY,2,30,UNABLE TO DETERMINE,NOT ON SCENE (DESK REPORT),NO DEFECTS,DRY,UNABLE TO DETERMINE,,N,PULASKI RD,3306,TRAFFIC SIGNAL,NOT DIVIDED,CLEAR,,,,,,,2,2,"{""coordinates"": [-87.727393087269, 41.941150429285], ""type"": ""Point""}","[""FRONT-LEFT-CORNER"", ""FRONT-RIGHT-CORNER""]","[""ACURA"", ""SUBARU""]","[""CHANGING LANES""]","[""OUTBACK"", ""TLX""]",[],"[""25"", ""30""]","[""DID NOT DEPLOY""]","[""NONE""]","[""NO INDICATION OF INJURY""]","[""O2153981"", ""O2153982""]"
STRAIGHT AND LEVEL,1622,2025-09-19T06:45:00.000,6,6,9,1c364bfc1f41be2b8df1b848da8bb58695477af9fcca5d5cefa4699943ce1ef3f1d88597645f96b9fe4b392a023169475b2178cbe20c959b8e0eb297629fcf9c,NO INJURY / DRIVE AWAY,"OVER $1,500",2025-09-19T09:30:00.000,NO CONTROLS,ANGLE,,0,0,2,0,0,0,0,41.9715245976,DAYLIGHT,-87.7723472678,NO INDICATION OF INJURY,2,30,UNABLE TO DETERMINE,NOT ON SCENE (DESK REPORT),UNKNOWN,DRY,UNABLE TO DETERMINE,,N,MANGO AVE,4970,NO CONTROLS,NOT DIVIDED,CLEAR,,Y,,,,,2,2,"{""coordinates"": [-87.772347267804, 41.971524597605], ""type"": ""Point""}","[""FRONT"", ""SIDE-RIGHT""]","[""HONDA"", ""VOLKSWAGEN""]","[""AVOIDING VEHICLES/OBJECTS"", ""STRAIGHT AHEAD""]","[""ATLAS"", ""INSIGHT""]",[],"[""28"", ""36""]","[""NOT APPLICABLE""]","[""NONE""]","[""NO INDICATION OF INJURY""]","[""O2153624"", ""O2153625""]"
STRAIGHT AND LEVEL,1921,2025-09-19T06:45:00.000,6,6,9,ca1fdf58d6b0e71d131e69a8d12be33f148e4c4fc0e99035a42164ccb18473a1378f9d15cd8f5ab03894a75ef46e072d83c4fcc0e583360695a8371cbaa476ef,NO INJURY / DRIVE AWAY,"OVER $1,500",2025-09-19T07:07:00.000,FUNCTIONING PROPERLY,REAR END,,0,0,5,0,0,0,0,41.9468136089,DAYLIGHT,-87.6950865834,NO INDICATION OF INJURY,3,30,UNABLE TO DETERMINE,NOT ON SCENE (DESK REPORT),NO DEFECTS,DRY,UNABLE TO DETERMINE,,W,ADDISON ST,2650,TRAFFIC SIGNAL,DIVIDED - W/MEDIAN (NOT RAISED),CLEAR,,,,,,,3,5,"{""coordinates"": [-87.695086583405, 41.9468136089], ""type"": ""Point""}","[""FRONT-RIGHT-CORNER"", ""REAR"", ""SIDE-LEFT""]","[""BUICK"", ""HYUNDAI"", ""JEEP""]","[""CHANGING LANES"", ""SLOW/STOP IN TRAFFIC"", ""STRAIGHT AHEAD""]","[""COMPASS"", ""REGAL"", ""TUCSON""]",[],"[""26"", ""45"", ""61""]","[""DID NOT DEPLOY""]","[""NONE""]","[""NO INDICATION OF INJURY""]","[""O2153592"", ""O2153593"", ""O2153594"", ""P475381"", ""P475384""]"
STRAIGHT AND LEVEL,912,2025-09-19T06:46:00.000,6,6,9,600b8e5f086e426b8ae7747f6a1e3ee564b7bf28922d01fa503c6702d62cbf2541288820e37ee07899a37011bb5e746ae9599585eb9920b83e449decc6438f04,INJURY AND / OR TOW DUE TO CRASH,"OVER $1,500",2025-09-19T06:47:00.000,FUNCTIONING PROPERLY,HEAD ON,,0,0,2,1,0,1,0,41.8370868238,DAYLIGHT,-87.6655828525,NONINCAPACITATING INJURY,2,35,DISREGARDING TRAFFIC SIGNALS,ON SCENE,NO DEFECTS,DRY,FAILING TO REDUCE SPEED TO AVOID CRASH,,S,ASHLAND AVE,3125,TRAFFIC SIGNAL,NOT DIVIDED,CLEAR,,Y,,,,,2,3,"{""coordinates"": [-87.665582852534, 41.837086823763], ""type"": ""Point""}","[""FRONT"", ""FRONT-LEFT-CORNER""]","[""TOYOTA""]","[""STRAIGHT AHEAD""]","[""CAMRY"", ""COROLLA""]",[],"[""26"", ""33""]","[""NOT APPLICABLE""]","[""NONE""]","[""NO INDICATION OF INJURY"", ""NONINCAPACITATING INJURY""]","[""O2153779"", ""O2153780"", ""P475416""]"
STRAIGHT AND LEVEL,1431,2025-09-19T07:00:00.000,6,7,9,758acf9ef51a6d1f17ad67c472e987b17e51d2dcb44e511cda0cb0e7ab26aebf7c90f8b06d70aa0b9616f9d03548fc543147d19453e7302c6e43cb53f22066f2,NO INJURY / DRIVE AWAY,"OVER $1,500",2025-09-19T07:20:00.000,UNKNOWN,ANGLE,,0,0,2,0,0,0,0,41.9247457546,DAYLIGHT,-87.6923909839,NO INDICATION OF INJURY,2,25,UNABLE TO DETERMINE,NOT ON SCENE (DESK REPORT),NO DEFECTS,DRY,UNABLE TO DETERMINE,,W,FULLERTON AVE,2565,UNKNOWN,PARKING LOT,CLEAR,,,,,,,2,2,"{""coordinates"": [-87.692390983885, 41.924745754637], ""type"": ""Point""}","[""REAR"", ""SIDE-LEFT-REAR""]","[""JEEP"", ""TOYOTA""]","[""BACKING""]","[""COROLLA"", ""GRAND CHEROKEE""]",[],"[""22"", ""25""]","[""DID NOT DEPLOY""]","[""UNKNOWN""]","[""NO INDICATION OF INJURY""]","[""O2153584"", ""O2153585""]"
STRAIGHT AND LEVEL,1432,2025-09-19T07:00:00.000,6,7,9,a419495a9011d90b756ec9d92f438b3059e9ceb2688e18589309898ac031a2c87a8edeee1d0f86af3a7e1488cd28ac6958d5426daa2a608ae1da2daf981fb270,NO INJURY / DRIVE AWAY,"$501 - $1,500",2025-09-19T07:05:00.000,NO CONTROLS,ANGLE,Y,0,0,2,0,0,0,0,41.925010656,DAYLIGHT,-87.6876177869,NO INDICATION OF INJURY,2,30,DISREGARDING OTHER TRAFFIC SIGNS,ON SCENE,NO DEFECTS,DRY,DISREGARDING OTHER TRAFFIC SIGNS,,W,FULLERTON AVE,2398,NO CONTROLS,OTHER,CLEAR,,,,,,,2,2,"{""coordinates"": [-87.687617786941, 41.925010655979], ""type"": ""Point""}","[""FRONT"", ""SIDE-RIGHT""]","[""FORD""]","[""STRAIGHT AHEAD""]","[""OTHER (EXPLAIN IN NARRATIVE)""]",[],"[""27""]","[""DEPLOYMENT UNKNOWN"", ""NOT APPLICABLE""]","[""NONE""]","[""NO INDICATION OF INJURY""]","[""O2153586"", ""O2153587""]"
STRAIGHT AND LEVEL,1733,2025-09-19T07:00:00.000,6,7,9,c2d8fe1894e040a849736bc3c458252dfcf1b7a076313d46ee2f28ab9518da4dff659efec24dab12f277572edd89eb184cb01179833bb5e2141794cc3dcfad55,NO INJURY / DRIVE AWAY,"OVER $1,500",2025-09-19T12:00:00.000,FUNCTIONING PROPERLY,ANGLE,,0,0,2,0,0,0,0,41.9394405612,DAYLIGHT,-87.7077185163,NO INDICATION OF INJURY,4,30,FAILING TO YIELD RIGHT-OF-WAY,NOT ON SCENE (DESK REPORT),NO DEFECTS,DRY,UNABLE TO DETERMINE,,W,BELMONT AVE,3200,TRAFFIC SIGNAL,NOT DIVIDED,CLEAR,,Y,,,,,4,2,"{""coordinates"": [-87.707718516309, 41.939440561174], ""type"": ""Point""}","[""FRONT"", ""SIDE-RIGHT""]","[""HONDA"", ""HYUNDAI""]","[""STRAIGHT AHEAD""]","[""CIVIC"", ""TUCSON""]",[],"[""32"", ""63""]","[""DID NOT DEPLOY""]","[""NONE""]","[""NO INDICATION OF INJURY""]","[""O2155471"", ""O2155472""]"
STRAIGHT AND LEVEL,711,2025-09-19T07:15:00.000,6,7,9,055b6e970164fc8966079cc5d29f842ba66fb32481cbd9976ba0694f42d0fe42bac99d5f355b4df7b0876936ee0e7c837d897a334c01602a1f2a6301c45f0a01,NO INJURY / DRIVE AWAY,"OVER $1,500",2025-09-19T17:50:00.000,NO CONTROLS,PARKED MOTOR VEHICLE,Y,0,0,1,0,0,0,0,41.7926463279,DAYLIGHT,-87.6319355381,NO INDICATION OF INJURY,2,30,IMPROPER LANE USAGE,NOT ON SCENE (DESK REPORT),UNKNOWN,DRY,UNABLE TO DETERMINE,,S,WELLS ST,5554,NO CONTROLS,ONE-WAY,CLEAR,N,,,,,,2,1,"{""coordinates"": [-87.631935538081, 41.792646327872], ""type"": ""Point""}","[""SIDE-LEFT"", ""UNKNOWN""]","[""NISSAN"", ""UNKNOWN""]","[""PARKED"", ""UNKNOWN/NA""]","[""ALTIMA"", ""MOTORIZED""]",[],[],"[""DEPLOYMENT UNKNOWN""]","[""NONE""]","[""NO INDICATION OF INJURY""]","[""O2154045""]"
STRAIGHT AND LEVEL,921,2025-09-19T07:37:00.000,6,7,9,be8a26af369f2bdc7b72cd3e0aee11a0350a98f1e3122c3c6feca1f3e2058548e220a780af1e8f6700b0b86126664ff1c4f0ec792e6340ea97504d2c0cc155d9,INJURY AND / OR TOW DUE TO CRASH,"OVER $1,500",2025-09-19T07:40:00.000,FUNCTIONING PROPERLY,PARKED MOTOR VEHICLE,,0,0,1,0,0,0,0,41.8174814965,DAYLIGHT,-87.6942563767,NO INDICATION OF INJURY,3,30,IMPROPER TURNING/NO SIGNAL,ON SCENE,NO DEFECTS,DRY,FAILING TO YIELD RIGHT-OF-WAY,Y,W,42ND ST,2754,TRAFFIC SIGNAL,FOUR WAY,CLEAR,Y,Y,,,,,3,1,"{""coordinates"": [-87.694256376681, 41.817481496521], ""type"": ""Point""}","[""FRONT-LEFT-CORNER"", ""REAR"", ""REAR-RIGHT-CORNER""]","[""CHEVROLET"", ""FORD"", ""VOLKSWAGEN""]","[""PARKED"", ""TURNING LEFT""]","[""F150"", ""JETTA"", ""TAHOE""]","[""Y""]","[""18""]","[""DEPLOYED, COMBINATION""]","[""NONE""]","[""NO INDICATION OF INJURY""]","[""O2153619""]"
STRAIGHT AND LEVEL,1921,2025-09-19T07:45:00.000,6,7,9,73d3646568998ce85d1b6997fa0e982c03e09b7d1f65986110c46b9857c3b8cf58a86fe94e00b7f7a35b9ed2b52e5bcf772d13dcfc526be1cb9044dccb0a91cb,INJURY AND / OR TOW DUE TO CRASH,"$501 - $1,500",2025-09-19T08:00:00.000,NO CONTROLS,REAR END,,0,0,1,0,1,1,0,41.9425188714,DAYLIGHT,-87.6878825462,"REPORTED, NOT EVIDENT",2,30,FOLLOWING TOO CLOSELY,ON SCENE,NO DEFECTS,DRY,NOT APPLICABLE,,N,WESTERN AVE,3341,NO CONTROLS,DIVIDED - W/MEDIAN BARRIER,CLEAR,,,,,,,2,2,"{""coordinates"": [-87.687882546192, 41.942518871394], ""type"": ""Point""}","[""FRONT"", ""REAR""]","[""KIA"", ""NISSAN""]","[""SLOW/STOP IN TRAFFIC"", ""STRAIGHT AHEAD""]","[""SOUL"", ""VERSA""]",[],"[""38"", ""61""]","[""NOT APPLICABLE""]","[""NONE""]","[""NO INDICATION OF INJURY"", ""REPORTED, NOT EVIDENT""]","[""O2153601"", ""O2153602""]"
STRAIGHT AND LEVEL,1713,2025-09-19T07:45:00.000,6,7,9,d4cb61223bea3b001ee59747d7f87a239b15df9d56b8e9f103462c1d67a22069412e55ac1bbf5db117daf9471c6fb769ce17146253b6292cde0f455417670851,NO INJURY / DRIVE AWAY,"$501 - $1,500",2025-09-19T08:15:00.000,NO CONTROLS,REAR END,,0,0,4,0,0,0,0,41.9682001817,DAYLIGHT,-87.7132084663,NO INDICATION OF INJURY,2,20,UNABLE TO DETERMINE,NOT ON SCENE (DESK REPORT),NO DEFECTS,DRY,UNABLE TO DETERMINE,,N,KIMBALL AVE,4755,NO CONTROLS,NOT DIVIDED,CLEAR,,,,,,,2,4,"{""coordinates"": [-87.713208466279, 41.968200181677], ""type"": ""Point""}","[""FRONT"", ""REAR""]","[""NISSAN"", ""TOYOTA""]","[""STRAIGHT AHEAD""]","[""COROLLA"", ""ROGUE""]",[],"[""16"", ""26"", ""3"", ""44""]","[""NOT APPLICABLE""]","[""NONE""]","[""NO INDICATION OF INJURY""]","[""O2153597"", ""O2153598"", ""P475382"", ""P475383""]"
STRAIGHT AND LEVEL,1424,2025-09-19T07:59:00.000,6,7,9,fa7a0d01988ffde6207c599e923ea35433a26a10e6de0af75456a10791a5b5b939e08ce53489fa1cdf45f54f4c1c47cbda5669444b2360f4f5bfb4fb3c98dbf4,INJURY AND / OR TOW DUE TO CRASH,"OVER $1,500",2025-09-19T07:59:00.000,NO CONTROLS,ANGLE,,0,0,2,0,0,0,0,41.9083514875,DAYLIGHT,-87.6782112208,NO INDICATION OF INJURY,2,10,DRIVING SKILLS/KNOWLEDGE/EXPERIENCE,ON SCENE,NO DEFECTS,DRY,NOT APPLICABLE,,W,LE MOYNE ST,2018,NO CONTROLS,ALLEY,CLEAR,,Y,,,,,2,2,"{""coordinates"": [-87.678211220812, 41.908351487487], ""type"": ""Point""}","[""FRONT"", ""FRONT-RIGHT-CORNER""]","[""AUDI"", ""FORD""]","[""MERGING"", ""STRAIGHT AHEAD""]","[""A6"", ""FOCUS""]","[""Y""]","[""24"", ""26""]","[""DID NOT DEPLOY""]","[""NONE""]","[""NO INDICATION OF INJURY""]","[""O2153632"", ""O2153633""]"
STRAIGHT AND LEVEL,1614,2025-09-19T08:00:00.000,6,8,9,480c69d89160bc8f9d6900e4b73af347476c13ac91984f3896a4d251659a556b60857405cd2b7461ee7463b3dc36b7aac7bddfbd86e795ac0ae07c7af177a19b,NO INJURY / DRIVE AWAY,"OVER $1,500",2025-09-19T08:10:00.000,NO CONTROLS,TURNING,,0,0,2,0,0,0,0,41.9736824216,DAYLIGHT,-87.8414379089,NO INDICATION OF INJURY,2,25,FAILING TO YIELD RIGHT-OF-WAY,ON SCENE,NO DEFECTS,DRY,NOT APPLICABLE,,W,FOSTER AVE,8611,NO CONTROLS,NOT DIVIDED,CLEAR,Y,,,,,,2,2,"{""coordinates"": [-87.84143790893, 41.973682421577], ""type"": ""Point""}","[""FRONT-LEFT-CORNER"", ""FRONT-RIGHT-CORNER""]","[""HONDA""]","[""STRAIGHT AHEAD"", ""TURNING RIGHT""]","[""CIVIC"", ""FIT""]",[],"[""23"", ""24""]","[""NOT APPLICABLE""]","[""NONE""]","[""NO INDICATION OF INJURY""]","[""O2153611"", ""O2153612""]"
STRAIGHT AND LEVEL,1213,2025-09-19T08:00:00.000,6,8,9,4d111f8078dbbfb0e651cf248aa3bd1b61281324fe60ebfa16d4f02424653478c56f2dd0c7ebd7c36fcaf3ba0762243cab82117aee53c6cdd33b1648ce5f53de,NO INJURY / DRIVE AWAY,"OVER $1,500",2025-09-22T10:30:00.000,NO CONTROLS,PARKED MOTOR VEHICLE,Y,0,0,1,0,0,0,0,41.8997473335,"DARKNESS, LIGHTED ROAD",-87.6719704076,NO INDICATION OF INJURY,2,30,DRIVING ON WRONG SIDE/WRONG WAY,NOT ON SCENE (DESK REPORT),NO DEFECTS,UNKNOWN,UNABLE TO DETERMINE,,W,AUGUSTA BLVD,1754,NO CONTROLS,DIVIDED - W/MEDIAN (NOT RAISED),UNKNOWN,Y,,,,,,2,1,"{""coordinates"": [-87.671970407629, 41.899747333521], ""type"": ""Point""}","[""FRONT""]","[""ALFA ROMEO"", ""HONDA""]","[""DRIVING WRONG WAY"", ""PARKED""]","[""ACCORD"", ""OTHER (EXPLAIN IN NARRATIVE)""]",[],[],"[""DEPLOYMENT UNKNOWN""]","[""UNKNOWN""]","[""NO INDICATION OF INJURY""]","[""O2156146""]"
STRAIGHT AND LEVEL,132,2025-09-19T08:00:00.000,6,8,9,74e0b4af0a32b0f9f97ba31e08d3651dfe6f62063b16a7889d92c30fe9ea08f40d7748b403b84fe0fc5f87149019d605e225919a7334bca43451348096cfccd9,NO INJURY / DRIVE AWAY,"OVER $1,500",2025-09-19T11:37:00.000,NO CONTROLS,PARKED MOTOR VEHICLE,,0,0,1,0,0,0,0,41.8663368786,DAYLIGHT,-87.6215000191,NO INDICATION OF INJURY,2,30,IMPROPER OVERTAKING/PASSING,NOT ON SCENE (DESK REPORT),NO DEFECTS,DRY,NOT APPLICABLE,,S,PRAIRIE AVE,1211,NO CONTROLS,NOT DIVIDED,CLEAR,,,,,,,2,1,"{""coordinates"": [-87.621500019082, 41.866336878588], ""type"": ""Point""}","[""FRONT-LEFT-CORNER"", ""UNKNOWN""]","[""GENERAL MOTORS CORPORATION (GMC)"", ""HONDA""]","[""PARKED"", ""PASSING/OVERTAKING""]","[""OTHER (EXPLAIN IN NARRATIVE)"", ""PILOT""]",[],"[""63""]","[""DID NOT DEPLOY""]","[""NONE""]","[""NO INDICATION OF INJURY""]","[""O2153702""]"
STRAIGHT AND LEVEL,915,2025-09-19T08:00:00.000,6,8,9,8fc5255ad7ac7104ebf062fc00ee2a676df0e3d1bc3cf8a84617bc9900512d72a63ec34d02df7729cd13ace7463130bf0d9837957db32c7e340b5c72e2befde3,NO INJURY / DRIVE AWAY,"$501 - $1,500",2025-09-19T17:40:00.000,FUNCTIONING PROPERLY,ANGLE,,0,0,2,0,0,0,0,41.8270772819,DAYLIGHT,-87.6409921842,NO INDICATION OF INJURY,2,30,FAILING TO YIELD RIGHT-OF-WAY,NOT ON SCENE (DESK REPORT),NO DEFECTS,DRY,NOT APPLICABLE,,S,WALLACE ST,3701,STOP SIGN/FLASHER,NOT DIVIDED,CLEAR,,,,,,,2,2,"{""coordinates"": [-87.640992184166, 41.82707728194], ""type"": ""Point""}","[""FRONT"", ""REAR-RIGHT-CORNER""]","[""HYUNDAI"", ""JEEP""]","[""STRAIGHT AHEAD""]","[""ELANTRA"", ""WRANGLER""]",[],"[""29"", ""36""]","[""DID NOT DEPLOY""]","[""NONE""]","[""NO INDICATION OF INJURY""]","[""O2153977"", ""O2153978""]"
STRAIGHT AND LEVEL,1654,2025-09-19T08:00:00.000,6,8,9,dc340ae2ad1805fc6e82a5f965da4b2999fbb5d00459b621e957fbf8d399af02c706ead967da5aa1a23e719cd99b4c63e05a45552dd0f006fc5e8bb7010477ad,NO INJURY / DRIVE AWAY,"$501 - $1,500",2025-09-19T13:15:00.000,NO CONTROLS,PARKED MOTOR VEHICLE,Y,0,0,1,0,0,0,0,,DAYLIGHT,,NO INDICATION OF INJURY,2,15,UNABLE TO DETERMINE,ON SCENE,NO DEFECTS,DRY,NOT APPLICABLE,,W,PARKING LOT E SEC G ST,1,NO CONTROLS,PARKING LOT,CLEAR,,,,,,,2,1,,"[""SIDE-LEFT""]","[""HONDA"", ""TOYOTA""]","[""OTHER"", ""PARKED""]","[""ACCORD"", ""AVALON""]",[],[],"[""DEPLOYMENT UNKNOWN""]","[""NONE""]","[""NO INDICATION OF INJURY""]","[""O2153771""]"