alignment,beat_of_occurrence,crash_date,crash_day_of_week,crash_hour,crash_month,crash_record_id,crash_type,damage,date_police_notified,device_condition,first_crash_type,hit_and_run_i,injuries_fatal,injuries_incapacitating,injuries_no_indication,injuries_non_incapacitating,injuries_reported_not_evident,injuries_total,injuries_unknown,latitude,lighting_condition,longitude,most_severe_injury,num_units,posted_speed_limit,prim_contributory_cause,report_type,road_defect,roadway_surface_cond,sec_contributory_cause,statements_taken_i,street_direction,street_name,street_no,traffic_control_device,trafficway_type,weather_condition,crash_date_est_i,intersection_related_i,photos_taken_i,work_zone_i,dooring_i,private_property_i,veh_count,ppl_count,location_json,veh_first_contact_point_list_json,veh_make_list_json,veh_maneuver_list_json,veh_model_list_json,veh_towed_i_list_json,ppl_age_list_json,ppl_airbag_deployed_list_json,ppl_ejection_list_json,ppl_injury_classification_list_json,ppl_person_id_list_json
STRAIGHT AND LEVEL,1034,2025-09-19T08:05:00.000,6,8,9,087f3acdbd08d041e59a19e1067833de20ea01c747b2eff49ddf5bfb6dd4acf20a32446c3abd225d94dd38d8ffe6f595cf5e8c364c0f8b5973841fc41084f057,NO INJURY / DRIVE AWAY,"OVER $1,500",2025-09-19T08:35:00.000,NO CONTROLS,SIDESWIPE SAME DIRECTION,,0,0,2,0,0,0,0,41.8482882316,DAYLIGHT,-87.6856462781,NO INDICATION OF INJURY,2,30,FAILING TO YIELD RIGHT-OF-WAY,NOT ON SCENE (DESK REPORT),NO DEFECTS,DRY,UNABLE TO DETERMINE,,W,24TH ST,2401,NO CONTROLS,NOT DIVIDED,CLEAR,,,,,,,2,2,"{""coordinates"": [-87.685646278117, 41.848288231648], ""type"": ""Point""}","[""FRONT-LEFT-CORNER"", ""SIDE-RIGHT""]","[""GENERAL MOTORS CORPORATION (GMC)"", ""HONDA""]","[""MERGING"", ""STRAIGHT AHEAD""]","[""CIVIC"", ""TERRAIN""]",[],"[""24"", ""31""]","[""DID NOT DEPLOY""]","[""NONE""]","[""NO INDICATION OF INJURY""]","[""O2153603"", ""O2153604""]"
STRAIGHT AND LEVEL,1912,2025-09-19T08:05:00.000,6,8,9,7e93460e1aa1c600734cd73efda83e1913c1313a791c612b48271e3b951b4da5b7eaf97ccb1922a9a7ed6145bdd188f9e727f12f3c75a3ae74945cd2b71ba53a,NO INJURY / DRIVE AWAY,"$501 - $1,500",2025-09-19T08:23:00.000,NO CONTROLS,PARKED MOTOR VEHICLE,Y,0,0,1,0,0,0,0,41.9612764314,DAYLIGHT,-87.6690997779,NO INDICATION OF INJURY,2,30,UNABLE TO DETERMINE,NOT ON SCENE (DESK REPORT),NO DEFECTS,DRY,NOT APPLICABLE,,N,ASHLAND AVE,4351,NO CONTROLS,NOT DIVIDED,CLEAR,,,,,,,2,1,"{""coordinates"": [-87.669099777879, 41.961276431397], ""type"": ""Point""}","[""REAR-LEFT-CORNER"", ""UNKNOWN""]","[""FORD"", ""UNKNOWN""]","[""PARKED"", ""UNKNOWN/NA""]","[""OTHER (EXPLAIN IN NARRATIVE)""]",[],[],"[""DEPLOYMENT UNKNOWN""]","[""NONE""]","[""NO INDICATION OF INJURY""]","[""O2153595""]"
STRAIGHT AND LEVEL,1613,2025-09-19T08:10:00.000,6,8,9,15587e22f7efd0c9923559703e2504be826816ae0726cc84b96c557cd0763f4ec0e02341ea185ce7d879204d9e15009f6eec49d7adf6fd5662e8c10fbc037972,INJURY AND / OR TOW DUE TO CRASH,"OVER $1,500",2025-09-19T08:12:00.000,FUNCTIONING PROPERLY,ANGLE,,0,0,1,0,1,1,0,41.9743355646,DAYLIGHT,-87.8170638832,"REPORTED, NOT EVIDENT",2,30,FAILING TO YIELD RIGHT-OF-WAY,ON SCENE,NO DEFECTS,DRY,UNABLE TO DETERMINE,,N,ORIOLE AVE,5200,STOP SIGN/FLASHER,FOUR WAY,CLEAR,,Y,,,,,2,2,"{""coordinates"": [-87.817063883232, 41.974335564577], ""type"": ""Point""}","[""FRONT"", ""SIDE-LEFT""]","[""ACURA"", ""HONDA""]","[""STRAIGHT AHEAD""]","[""ADX"", ""CR-V""]","[""Y""]","[""34"", ""39""]","[""DEPLOYMENT UNKNOWN""]","[""NONE""]","[""NO INDICATION OF INJURY"", ""REPORTED, NOT EVIDENT""]","[""O2153607"", ""O2153608""]"
STRAIGHT AND LEVEL,2521,2025-09-19T08:10:00.000,6,8,9,7ac619e0a5955d0af4acdab2e49c8944694c240a37fc5ef6059d4a9c1e4b08b302eb17dc98b5fefe92ae37c272d6f4b699a0e50455399c9bab66e4b778f8a616,INJURY AND / OR TOW DUE TO CRASH,"OVER $1,500",2025-09-19T08:12:00.000,NO CONTROLS,PEDALCYCLIST,,0,0,1,1,0,1,0,41.9263864144,DAYLIGHT,-87.7536195857,NONINCAPACITATING INJURY,2,30,UNABLE TO DETERMINE,ON SCENE,NO DEFECTS,DRY,NOT APPLICABLE,,N,LECLAIRE AVE,2511,NO CONTROLS,ONE-WAY,CLEAR,,,,,,,2,2,"{""coordinates"": [-87.753619585741, 41.92638641442], ""type"": ""Point""}","[""FRONT-RIGHT-CORNER""]","[""CHEVROLET""]","[""STRAIGHT AHEAD""]","[""TRAIL BLAZER""]",[],"[""15"", ""31""]","[""DID NOT DEPLOY""]","[""NONE""]","[""NO INDICATION OF INJURY"", ""NONINCAPACITATING INJURY""]","[""O2153680"", ""O2153681""]"
STRAIGHT AND LEVEL,821,2025-09-19T08:10:00.000,6,8,9,95b78b9ff5c9775abff2802c65fb13c0ebeed43bf8df4bfa628d122c3ff414880c62a05cac9fe52a9dfdf799f02d3ab14a7c8955b6c36ff4d17337870986ba42,INJURY AND / OR TOW DUE TO CRASH,"OVER $1,500",2025-09-19T18:20:00.000,NO CONTROLS,REAR END,,0,0,1,0,1,1,0,41.8180187462,DAYLIGHT,-87.7237903822,"REPORTED, NOT EVIDENT",2,30,FAILING TO REDUCE SPEED TO AVOID CRASH,ON SCENE,NO DEFECTS,DRY,UNABLE TO DETERMINE,,S,PULASKI RD,4113,NO CONTROLS,NOT DIVIDED,CLEAR,,,,,,,2,2,"{""coordinates"": [-87.723790382171, 41.818018746165], ""type"": ""Point""}","[""FRONT"", ""REAR""]","[""CHEVROLET"", ""UNKNOWN""]","[""STRAIGHT AHEAD""]","[""IMPALA"", ""OTHER (EXPLAIN IN NARRATIVE)""]",[],"[""28"", ""38""]","[""DEPLOYMENT UNKNOWN""]","[""UNKNOWN""]","[""NO INDICATION OF INJURY"", ""REPORTED, NOT EVIDENT""]","[""O2154024"", ""O2154025""]"
STRAIGHT AND LEVEL,1121,2025-09-19T08:15:00.000,6,8,9,36cc3cb9fc536372dda93caaf02aff63089b3f4f1a184f72f1cdc37e006c0330e98698ddc265e6c8f214f3c671d0d9064189e74e8eb3a0bb3a1aa8ef328ca59f,INJURY AND / OR TOW DUE TO CRASH,"OVER $1,500",2025-09-19T08:20:00.000,NO CONTROLS,FIXED OBJECT,,0,0,1,0,0,0,0,41.8990469325,DAYLIGHT,-87.7101496665,NO INDICATION OF INJURY,1,30,UNABLE TO DETERMINE,ON SCENE,NO DEFECTS,DRY,UNABLE TO DETERMINE,,W,AUGUSTA BLVD,3339,NO CONTROLS,NOT DIVIDED,CLEAR,,,,,,,1,1,"{""coordinates"": [-87.710149666469, 41.899046932511], ""type"": ""Point""}","[""TOP""]","[""STOUGHTON TRAILERS, INC.""]","[""STRAIGHT AHEAD""]","[""STOUGHTON TRAILERS, INC.""]","[""Y""]","[""34""]","[""DID NOT DEPLOY""]","[""NONE""]","[""NO INDICATION OF INJURY""]","[""O2153708""]"
STRAIGHT AND LEVEL,815,2025-09-19T08:15:00.000,6,8,9,cbd5dae5a9214d43ef6c3600faa9abef7d61c6ee27e7982a3a7be2080b42df6ff32b65e9583e3152551d55c57c8b898630bd8fa762f2bf330be49ab023320f23,NO INJURY / DRIVE AWAY,"OVER $1,500",2025-09-19T17:55:00.000,FUNCTIONING PROPERLY,ANGLE,,0,0,2,0,0,0,0,41.8150117417,DAYLIGHT,-87.7432134184,NO INDICATION OF INJURY,2,30,UNABLE TO DETERMINE,NOT ON SCENE (DESK REPORT),NO DEFECTS,DRY,UNABLE TO DETERMINE,,S,CICERO AVE,4277,TRAFFIC SIGNAL,FOUR WAY,CLEAR,,Y,,,,,2,2,"{""coordinates"": [-87.743213418365, 41.815011741675], ""type"": ""Point""}","[""REAR"", ""UNKNOWN""]","[""FORD"", ""VOLVO""]","[""SLOW/STOP IN TRAFFIC"", ""STRAIGHT AHEAD""]","[""OTHER (EXPLAIN IN NARRATIVE)""]",[],"[""20""]","[""DID NOT DEPLOY"", ""NOT APPLICABLE""]","[""NONE""]","[""NO INDICATION OF INJURY""]","[""O2154002"", ""O2154003""]"
STRAIGHT AND LEVEL,1424,2025-09-19T08:15:00.000,6,8,9,ddb947755ef98b141ef99c431bac8c8358ffcdabf082bc138dd881ea702f89dbb9df9ccb4f50e3638acaca055a1a71fa00176050dd1cb718f6f7b8d8efd31895,INJURY AND / OR TOW DUE TO CRASH,"OVER $1,500",2025-09-19T12:33:00.000,UNKNOWN,PEDALCYCLIST,,0,0,1,0,1,1,0,41.9043800284,DAYLIGHT,-87.6774377054,"REPORTED, NOT EVIDENT",2,30,UNABLE TO DETERMINE,NOT ON SCENE (DESK REPORT),NO DEFECTS,DRY,UNABLE TO DETERMINE,,N,DAMEN AVE,1238,UNKNOWN,NOT DIVIDED,CLEAR,,,,,Y,,2,2,"{""coordinates"": [-87.677437705421, 41.904380028356], ""type"": ""Point""}","[""SIDE-RIGHT""]","[""TOYOTA""]","[""OTHER""]","[""AVALON""]",[],"[""24"", ""39""]","[""NOT APPLICABLE""]","[""NONE"", ""UNKNOWN""]","[""NO INDICATION OF INJURY"", ""REPORTED, NOT EVIDENT""]","[""O2153734"", ""O2153735""]"
STRAIGHT AND LEVEL,422,2025-09-19T08:16:00.000,6,8,9,4c9921c5693ed057f58f970eaeec034abffe9c0d2ff2c821115ba115fe69084800c29c40b7003198f8f541cb1b52a7ef8db8230b1ab26ce34681d9bb415ab21c,NO INJURY / DRIVE AWAY,"OVER $1,500",2025-09-19T09:30:00.000,NO CONTROLS,TURNING,Y,0,0,2,0,0,0,0,41.751723371,DAYLIGHT,-87.5586996353,NO INDICATION OF INJURY,2,30,UNABLE TO DETERMINE,NOT ON SCENE (DESK REPORT),NO DEFECTS,DRY,UNABLE TO DETERMINE,,E,79TH ST,2705,NO CONTROLS,NOT DIVIDED,CLEAR,,,,,,,2,2,"{""coordinates"": [-87.558699635323, 41.751723371001], ""type"": ""Point""}","[""REAR-LEFT-CORNER"", ""UNKNOWN""]","[""TOYOTA"", ""UNKNOWN""]","[""STRAIGHT AHEAD"", ""TURNING LEFT""]","[""OTHER (EXPLAIN IN NARRATIVE)"", ""TACOMA""]",[],"[""24""]","[""DEPLOYMENT UNKNOWN"", ""NOT APPLICABLE""]","[""NONE""]","[""NO INDICATION OF INJURY""]","[""O2153628"", ""O2153629""]"
STRAIGHT AND LEVEL,814,2025-09-19T08:19:00.000,6,8,9,f5f28e70299a5f50a3033d42ab8f540adc613efd9ffc1130c61512e81c6cb623cc55e60c505fa9a69c19699529298a4304c078984b7bcd1076f99c784cefae9a,NO INJURY / DRIVE AWAY,"$501 - $1,500",2025-09-19T08:21:00.000,FUNCTIONING PROPERLY,SIDESWIPE SAME DIRECTION,,0,0,2,0,0,0,0,41.7955479617,DAYLIGHT,-87.7622503038,NO INDICATION OF INJURY,2,30,IMPROPER LANE USAGE,ON SCENE,NO DEFECTS,DRY,FAILING TO YIELD RIGHT-OF-WAY,,S,CENTRAL AVE,5331,TRAFFIC SIGNAL,NOT DIVIDED,CLEAR,,Y,,,,,2,2,"{""coordinates"": [-87.762250303773, 41.795547961653], ""type"": ""Point""}","[""FRONT-RIGHT-CORNER"", ""SIDE-LEFT-REAR""]","[""FREIGHTLINER CORPORATION"", ""NISSAN""]","[""CHANGING LANES"", ""STRAIGHT AHEAD""]","[""ALTIMA"", ""FREIGHTLINER CORP.""]",[],"[""20"", ""36""]","[""DID NOT DEPLOY""]","[""NONE""]","[""NO INDICATION OF INJURY""]","[""O2153622"", ""O2153623""]"
STRAIGHT AND LEVEL,114,2025-09-19T08:25:00.000,6,8,9,261deb71eee636c0a64f6ccf2f4a740b3fb60517d71e6836d11e9b34d5576b634a36a46e69668e9c43054f391a80f0afb15e41053815f5ccb34aed3389263aac,NO INJURY / DRIVE AWAY,"OVER $1,500",2025-09-19T09:05:00.000,FUNCTIONING PROPERLY,REAR END,,0,0,2,0,0,0,0,41.8782145144,DAYLIGHT,-87.6241621164,NO INDICATION OF INJURY,2,30,FAILING TO YIELD RIGHT-OF-WAY,NOT ON SCENE (DESK REPORT),NO DEFECTS,DRY,FAILING TO YIELD RIGHT-OF-WAY,,S,MICHIGAN AVE,301,TRAFFIC SIGNAL,DIVIDED - W/MEDIAN (NOT RAISED),CLEAR,,Y,,,,,2,2,"{""coordinates"": [-87.624162116427, 41.878214514385], ""type"": ""Point""}","[""FRONT"", ""REAR""]","[""CHEVROLET"", ""TESLA""]","[""SLOW/STOP IN TRAFFIC"", ""STRAIGHT AHEAD""]","[""MODEL Y"", ""TRAX""]",[],"[""36"", ""47""]","[""NOT APPLICABLE""]","[""NONE""]","[""NO INDICATION OF INJURY""]","[""O2153613"", ""O2153614""]"
STRAIGHT AND LEVEL,2523,2025-09-19T08:30:00.000,6,8,9,6b638c7118f4b5fec22705633e8e8affbac24132a02006e5be898692aa79a1d7cb2eacae4d14b6ad410f3ced18d3d6487459d5888be5b8790e353e1b53ef9f7d,NO INJURY / DRIVE AWAY,"OVER $1,500",2025-09-23T18:50:00.000,NO CONTROLS,SIDESWIPE SAME DIRECTION,,0,0,2,0,0,0,0,41.9390206079,UNKNOWN,-87.7242515797,NO INDICATION OF INJURY,2,30,UNABLE TO DETERMINE,NOT ON SCENE (DESK REPORT),UNKNOWN,UNKNOWN,UNABLE TO DETERMINE,,W,BELMONT AVE,3909,NO CONTROLS,DIVIDED - W/MEDIAN (NOT RAISED),UNKNOWN,,,,,,,2,2,"{""coordinates"": [-87.724251579729, 41.939020607869], ""type"": ""Point""}","[""SIDE-LEFT"", ""SIDE-RIGHT""]","[""TOYOTA""]","[""STRAIGHT AHEAD""]","[""CAMRY"", ""PRIUS""]",[],"[""31"", ""38""]","[""NOT APPLICABLE""]","[""NONE""]","[""NO INDICATION OF INJURY""]","[""O2156666"", ""O2156667""]"
STRAIGHT AND LEVEL,1713,2025-09-19T08:46:00.000,6,8,9,912ee4fe6d7c5eb374cd083c07351632f7daf7b9d0ce98be092661ef5ca9250e2fdac5f6a39c8273d23a87b19cfc752aa02c74cfd16a91fa2834d261e94edfb6,NO INJURY / DRIVE AWAY,"OVER $1,500",2025-09-19T08:46:00.000,NO CONTROLS,PARKED MOTOR VEHICLE,,0,0,1,0,0,0,0,41.9654693169,DAYLIGHT,-87.7090806912,NO INDICATION OF INJURY,2,25,NOT APPLICABLE,ON SCENE,NO DEFECTS,DRY,NOT APPLICABLE,Y,W,EASTWOOD AVE,3215,NO CONTROLS,ONE-WAY,CLEAR,,,,,,,2,1,"{""coordinates"": [-87.709080691225, 41.965469316862], ""type"": ""Point""}","[""FRONT-LEFT-CORNER"", ""NONE""]","[""CCC (CRAIN CARRIER)"", ""COOPER""]","[""BACKING"", ""PARKED""]","[""CCC (CRAIN CARRIER)"", ""COOPER""]",[],"[""64""]","[""NOT APPLICABLE""]","[""NONE""]","[""NO INDICATION OF INJURY""]","[""O2153630""]"
STRAIGHT AND LEVEL,1834,2025-09-19T08:50:00.000,6,8,9,fbf0da68c6620601a7b7ba84b6ce11c39a98101346e00d652101a5a438cedd3ed8b8c6fbe6f0e6ea625b2fe91d78f0770e0d0c58878bc7e2e639cae82d08280d,INJURY AND / OR TOW DUE TO CRASH,"$501 - $1,500",2025-09-19T08:50:00.000,FUNCTIONING PROPERLY,PARKED MOTOR VEHICLE,,0,0,0,0,1,1,0,41.891120593,DAYLIGHT,-87.6239887043,"REPORTED, NOT EVIDENT",2,35,UNABLE TO DETERMINE,ON SCENE,NO DEFECTS,DRY,UNABLE TO DETERMINE,,N,MICHIGAN AVE,505,TRAFFIC SIGNAL,DIVIDED - W/MEDIAN BARRIER,CLEAR,,,,,,,2,1,"{""coordinates"": [-87.623988704323, 41.891120593049], ""type"": ""Point""}","[""SIDE-LEFT"", ""SIDE-RIGHT-FRONT""]","[""NEW FLYER"", ""TOYOTA""]","[""PARKED"", ""STRAIGHT AHEAD""]","[""OTHER (EXPLAIN IN NARRATIVE)"", ""PRIUS""]",[],"[""54""]","[""DID NOT DEPLOY""]","[""NONE""]","[""REPORTED, NOT EVIDENT""]","[""O2153647""]"
STRAIGHT AND LEVEL,623,2025-09-19T08:55:00.000,6,8,9,fa550778357c578456bc8e281cbb9c97a3804852a894b93e66afc1e724d2bd83d34f8a6e13d1cf4a2fc679065e88f6c11bf82a5c7fcf8dc200cb5894caf87aa7,INJURY AND / OR TOW DUE TO CRASH,"OVER $1,500",2025-09-19T08:58:00.000,NO CONTROLS,ANGLE,,0,0,4,0,0,0,0,41.7582433464,DAYLIGHT,-87.6182206831,NO INDICATION OF INJURY,2,30,UNABLE TO DETERMINE,ON SCENE,NO DEFECTS,DRY,NOT APPLICABLE,,E,75TH ST,301,NO CONTROLS,FOUR WAY,CLEAR,,Y,,,,,2,4,"{""coordinates"": [-87.618220683122, 41.758243346443], ""type"": ""Point""}","[""FRONT"", ""FRONT-LEFT-CORNER""]","[""FORD"", ""LEXUS""]","[""STRAIGHT AHEAD""]","[""F250"", ""GS350""]","[""Y""]","[""14"", ""16"", ""50"", ""59""]","[""DEPLOYMENT UNKNOWN"", ""NOT APPLICABLE""]","[""NONE""]","[""NO INDICATION OF INJURY""]","[""O2153640"", ""O2153641"", ""P475385"", ""P475386""]"
STRAIGHT AND LEVEL,2531,2025-09-19T08:58:00.000,6,8,9,432697777fe3f943dff11554abef20dda9784a5adc760f05f80ccdee089a3a307b0aa00cf171d237572c8365c8b566fb4e325b558e409bc892e98dc935f35454,INJURY AND / OR TOW DUE TO CRASH,"OVER $1,500",2025-09-19T09:34:00.000,NO CONTROLS,ANGLE,,0,0,2,0,0,0,0,41.9112735977,DAYLIGHT,-87.7657217898,NO INDICATION OF INJURY,2,20,FAILING TO YIELD RIGHT-OF-WAY,ON SCENE,NO DEFECTS,DRY,FAILING TO YIELD RIGHT-OF-WAY,,N,CENTRAL AVE,1700,NO CONTROLS,FOUR WAY,CLEAR,,Y,,,,,2,2,"{""coordinates"": [-87.765721789825, 41.911273597738], ""type"": ""Point""}","[""FRONT"", ""SIDE-RIGHT-REAR""]","[""GENERAL MOTORS CORPORATION (GMC)"", ""TOYOTA""]","[""STRAIGHT AHEAD""]","[""MATRIX"", ""TERRAIN""]","[""Y""]","[""23"", ""34""]","[""DID NOT DEPLOY""]","[""NONE""]","[""NO INDICATION OF INJURY""]","[""O2153695"", ""O2153696""]"
STRAIGHT AND LEVEL,2412,2025-09-19T09:00:00.000,6,9,9,534aa7d9ef94a5390a24917083bce0a755abe5d3036d9e8a97718789df0b37cb3d6e5821af2a33bc37619b9202b71363980ec0cc3800fec98e3b3393dd9c8952,NO INJURY / DRIVE AWAY,"OVER $1,500",2025-09-19T09:30:00.000,NO CONTROLS,SIDESWIPE SAME DIRECTION,,0,0,2,0,0,0,0,42.003262469,DAYLIGHT,-87.6921521121,NO INDICATION OF INJURY,2,15,UNABLE TO DETERMINE,NOT ON SCENE (DESK REPORT),NO DEFECTS,DRY,NOT APPLICABLE,,W,NORTH SHORE AVE,2452,NO CONTROLS,ONE-WAY,CLEAR,,,,,,,2,2,"{""coordinates"": [-87.692152112141, 42.003262468957], ""type"": ""Point""}","[""FRONT-LEFT-CORNER"", ""SIDE-RIGHT""]","[""MITSUBISHI"", ""TOYOTA""]","[""ENTERING TRAFFIC LANE FROM PARKING"", ""STRAIGHT AHEAD""]","[""CAMRY"", ""ECLIPSE""]",[],"[""26""]","[""DID NOT DEPLOY""]","[""NONE""]","[""NO INDICATION OF INJURY""]","[""O2153626"", ""O2153627""]"
STRAIGHT AND LEVEL,1225,2025-09-19T09:00:00.000,6,9,9,8327e0fc9babae0947a7a6f883d92f91ed1931f50916a9acd1ecec3d8b540a93fcb7c3e0f309188637786e903ecf6fb50beeb5026a9907eb4071f52adb26e1f7,NO INJURY / DRIVE AWAY,"OVER $1,500",2025-09-19T11:40:00.000,FUNCTIONING PROPERLY,TURNING,,0,0,2,0,0,0,0,41.8740893295,DAYLIGHT,-87.6766045617,NO INDICATION OF INJURY,2,30,FAILING TO YIELD RIGHT-OF-WAY,NOT ON SCENE (DESK REPORT),NO DEFECTS,DRY,UNABLE TO DETERMINE,,S,DAMEN AVE,598,TRAFFIC SIGNAL,FOUR WAY,CLEAR,,Y,,,,,2,2,"{""coordinates"": [-87.676604561676, 41.874089329509], ""type"": ""Point""}","[""FRONT"", ""SIDE-LEFT-REAR""]","[""HONDA"", ""JEEP""]","[""STRAIGHT AHEAD"", ""TURNING LEFT""]","[""CR-V"", ""GRAND CHEROKEE""]",[],"[""19"", ""51""]","[""DEPLOYMENT UNKNOWN"", ""DID NOT DEPLOY""]","[""NONE""]","[""NO INDICATION OF INJURY""]","[""O2153712"", ""O2153713""]"
STRAIGHT AND LEVEL,631,2025-09-19T09:00:00.000,6,9,9,a797defcb52efd9c62e344845ee31196d622500884f5b89312ace68c1c840e626b63fdf888b30691c7881e2ff63e92c2c21c1b1e09be960b85b587864d2b74af,NO INJURY / DRIVE AWAY,"OVER $1,500",2025-09-19T09:40:00.000,NO CONTROLS,PARKED MOTOR VEHICLE,Y,0,0,1,0,0,0,0,41.7458195904,UNKNOWN,-87.6162494912,NO INDICATION OF INJURY,2,30,UNABLE TO DETERMINE,ON SCENE,NO DEFECTS,DRY,UNABLE TO DETERMINE,,S,CALUMET AVE,8155,NO CONTROLS,ONE-WAY,CLEAR,,,,,,,2,1,"{""coordinates"": [-87.616249491183, 41.745819590396], ""type"": ""Point""}","[""SIDE-RIGHT"", ""UNKNOWN""]","[""GENERAL MOTORS CORPORATION (GMC)"", ""UNKNOWN""]","[""PARKED"", ""STRAIGHT AHEAD""]","[""OTHER (EXPLAIN IN NARRATIVE)"", ""SAVANNAH""]",[],[],"[""DEPLOYMENT UNKNOWN""]","[""NONE""]","[""NO INDICATION OF INJURY""]","[""O2153670""]"
STRAIGHT AND LEVEL,2512,2025-09-19T09:05:00.000,6,9,9,9c438833145663a27cdf3ccfe3ae38e8effdd3846754cb608c076203a475fa52fc54c21d97e6ce25ed9e3ab37a2173c779920a3ecc76532c858a19f890f1412f,NO INJURY / DRIVE AWAY,"OVER $1,500",2025-09-19T09:51:00.000,NO CONTROLS,PARKED MOTOR VEHICLE,,0,0,2,0,0,0,0,41.9288472233,DAYLIGHT,-87.7857810192,NO INDICATION OF INJURY,2,30,IMPROPER BACKING,ON SCENE,NO DEFECTS,DRY,NOT APPLICABLE,,N,NARRAGANSETT AVE,2650,NO CONTROLS,PARKING LOT,CLEAR,,,,,,Y,2,2,"{""coordinates"": [-87.785781019201, 41.928847223324], ""type"": ""Point""}","[""FRONT-RIGHT-CORNER"", ""SIDE-LEFT-REAR""]","[""HONDA"", ""JEEP""]","[""PARKED"", ""STRAIGHT AHEAD""]","[""CHEROKEE"", ""PASSPORT""]",[],"[""19"", ""60""]","[""NOT APPLICABLE""]","[""NONE""]","[""NO INDICATION OF INJURY""]","[""O2153666"", ""P475389""]"
STRAIGHT AND LEVEL,1511,2025-09-19T09:10:00.000,6,9,9,838a6c529768a577026f03d93b000463fea0094db560e9ecc9974f6d8dbc419bafcc852f5a948b1ccf67c351129ec2735fe74c0ede3c9d5ee92abcc70dd0641b,INJURY AND / OR TOW DUE TO CRASH,"$501 - $1,500",2025-09-19T09:15:00.000,NO CONTROLS,PEDESTRIAN,Y,0,0,1,1,0,1,0,41.8994384211,DAYLIGHT,-87.7693501371,NONINCAPACITATING INJURY,2,20,DRIVING SKILLS/KNOWLEDGE/EXPERIENCE,ON SCENE,NO DEFECTS,DRY,FAILING TO YIELD RIGHT-OF-WAY,,N,MASSASOIT AVE,1032,NO CONTROLS,ALLEY,CLEAR,Y,,,,,,2,2,"{""coordinates"": [-87.769350137147, 41.899438421098], ""type"": ""Point""}","[""FRONT-RIGHT-CORNER""]","[""UNKNOWN""]","[""STRAIGHT AHEAD""]","[""OTHER (EXPLAIN IN NARRATIVE)""]",[],"[""36""]","[""DEPLOYMENT UNKNOWN""]","[""NONE""]","[""NO INDICATION OF INJURY"", ""NONINCAPACITATING INJURY""]","[""O2153660"", ""O2153661""]"
STRAIGHT AND LEVEL,332,2025-09-19T09:15:00.000,6,9,9,1640d119f3b8c7159f1a5ebba0c4625e204a21496c7069c6848105a8b941955a30a282e88c4550cec833fac68696baec2ffa8e8edee1b8a3d362c05dcc3c1e29,INJURY AND / OR TOW DUE TO CRASH,"OVER $1,500",2025-09-19T09:20:00.000,FUNCTIONING PROPERLY,REAR END,Y,0,0,1,1,0,1,0,41.7732928959,DAYLIGHT,-87.5864423683,NONINCAPACITATING INJURY,2,30,FOLLOWING TOO CLOSELY,ON SCENE,NO DEFECTS,DRY,FOLLOWING TOO CLOSELY,,S,STONY ISLAND AVE,6700,TRAFFIC SIGNAL,NOT DIVIDED,CLEAR,,,,,,,2,2,"{""coordinates"": [-87.586442368314, 41.773292895851], ""type"": ""Point""}","[""FRONT-LEFT-CORNER"", ""REAR-LEFT-CORNER""]","[""NISSAN"", ""UNKNOWN""]","[""STRAIGHT AHEAD""]","[""OTHER (EXPLAIN IN NARRATIVE)"", ""SENTRA""]",[],"[""33""]","[""DID NOT DEPLOY"", ""NOT APPLICABLE""]","[""NONE""]","[""NO INDICATION OF INJURY"", ""NONINCAPACITATING INJURY""]","[""O2153644"", ""O2153645""]"
STRAIGHT AND LEVEL,2411,2025-09-19T09:15:00.000,6,9,9,5732ee9e08da3aabc40ab19fb01921c925c950377cc475609ca3fe7095edbe06513a9f72e6a7e45fb552ec487a06df1e10a4fd3b2e151eef5bd0050018fc26cb,NO INJURY / DRIVE AWAY,"OVER $1,500",2025-09-19T09:40:00.000,FUNCTIONING PROPERLY,REAR END,,0,0,2,0,0,0,0,42.0123440616,DAYLIGHT,-87.6856508123,NO INDICATION OF INJURY,2,30,FOLLOWING TOO CLOSELY,NOT ON SCENE (DESK REPORT),NO DEFECTS,DRY,NOT APPLICABLE,,W,TOUHY AVE,2170,TRAFFIC SIGNAL,NOT DIVIDED,CLEAR,,,,,,,2,2,"{""coordinates"": [-87.685650812294, 42.012344061637], ""type"": ""Point""}","[""FRONT"", ""REAR""]","[""SUBARU"", ""TOYOTA""]","[""SLOW/STOP IN TRAFFIC"", ""STRAIGHT AHEAD""]","[""CAMRY"", ""OUTBACK""]",[],"[""24"", ""37""]","[""DID NOT DEPLOY""]","[""NONE""]","[""NO INDICATION OF INJURY""]","[""O2153636"", ""O2153637""]"
STRAIGHT AND LEVEL,1711,2025-09-19T09:20:00.000,6,9,9,c9c0b11f78f72b7aa2a3f3cd6262b86f47738c6c723189da23efe82ac26b6ccc7f2a7d79b28e399c2c15ce8e076c25a839da61c84a3eaf490b97aa0c94bb4709,NO INJURY / DRIVE AWAY,"$501 - $1,500",2025-09-21T14:40:00.000,UNKNOWN,SIDESWIPE SAME DIRECTION,Y,0,0,2,0,0,0,0,41.9899969809,DAYLIGHT,-87.7309523221,NO INDICATION OF INJURY,2,30,UNABLE TO DETERMINE,NOT ON SCENE (DESK REPORT),UNKNOWN,DRY,NOT APPLICABLE,,W,PETERSON AVE,4059,NO CONTROLS,NOT DIVIDED,CLEAR,Y,,,,,,2,2,"{""coordinates"": [-87.730952322116, 41.989996980927], ""type"": ""Point""}","[""FRONT-RIGHT-CORNER"", ""REAR-LEFT-CORNER""]","[""HONDA"", ""TOYOTA""]","[""STRAIGHT AHEAD""]","[""COROLLA"", ""CR-V""]",[],"[""64""]","[""DEPLOYMENT UNKNOWN"", ""DID NOT DEPLOY""]","[""NONE""]","[""NO INDICATION OF INJURY""]","[""O2155160"", ""O2155161""]"