alignment,beat_of_occurrence,crash_date,crash_day_of_week,crash_hour,crash_month,crash_record_id,crash_type,damage,date_police_notified,device_condition,first_crash_type,hit_and_run_i,injuries_fatal,injuries_incapacitating,injuries_no_indication,injuries_non_incapacitating,injuries_reported_not_evident,injuries_total,injuries_unknown,latitude,lighting_condition,longitude,most_severe_injury,num_units,posted_speed_limit,prim_contributory_cause,report_type,road_defect,roadway_surface_cond,sec_contributory_cause,statements_taken_i,street_direction,street_name,street_no,traffic_control_device,trafficway_type,weather_condition,crash_date_est_i,intersection_related_i,photos_taken_i,work_zone_i,dooring_i,private_property_i,veh_count,ppl_count,location_json,veh_first_contact_point_list_json,veh_make_list_json,veh_maneuver_list_json,veh_model_list_json,veh_towed_i_list_json,ppl_age_list_json,ppl_airbag_deployed_list_json,ppl_ejection_list_json,ppl_injury_classification_list_json,ppl_person_id_list_json
STRAIGHT AND LEVEL,1234,2025-09-19T09:28:00.000,6,9,9,9f949cb8a27ffe57cf807ae5c0f82627ed72e17b881ba75564b7f5d563ef623eac7a7f44d439b5b5ad0bc6e3f61e8d5a31002f31aea12b457f50d72072f3e897,NO INJURY / DRIVE AWAY,"$501 - $1,500",2025-09-19T09:32:00.000,FUNCTIONING PROPERLY,SIDESWIPE SAME DIRECTION,,0,0,2,0,0,0,0,41.8524363568,DAYLIGHT,-87.6662289935,NO INDICATION OF INJURY,2,30,DRIVING SKILLS/KNOWLEDGE/EXPERIENCE,ON SCENE,NO DEFECTS,DRY,IMPROPER OVERTAKING/PASSING,,W,CERMAK RD,1602,TRAFFIC SIGNAL,DIVIDED - W/MEDIAN (NOT RAISED),CLEAR,,,,,,,2,2,"{""coordinates"": [-87.666228993532, 41.852436356754], ""type"": ""Point""}","[""SIDE-LEFT"", ""UNKNOWN""]","[""BMW"", ""JEEP""]","[""STRAIGHT AHEAD""]","[""CHEROKEE"", ""X3""]",[],"[""25"", ""34""]","[""DID NOT DEPLOY""]","[""NONE""]","[""NO INDICATION OF INJURY""]","[""O2153662"", ""O2153663""]"
STRAIGHT AND LEVEL,2532,2025-09-19T09:35:00.000,6,9,9,27ff228dd14f4b7808cb953a929cecf7195a02f9bb99ec09b7dfa71907171e57300ae431f99c51976220a04f7071981bf5eea3e922e0643ef7d4c87d2853eee7,NO INJURY / DRIVE AWAY,"OVER $1,500",2025-09-19T09:43:00.000,FUNCTIONING PROPERLY,PARKED MOTOR VEHICLE,,0,0,2,0,0,0,0,41.9061321411,DAYLIGHT,-87.7560130765,NO INDICATION OF INJURY,2,30,FAILING TO YIELD RIGHT-OF-WAY,ON SCENE,NO DEFECTS,DRY,UNABLE TO DETERMINE,,N,LARAMIE AVE,1406,TRAFFIC SIGNAL,DIVIDED - W/MEDIAN (NOT RAISED),CLEAR,,,,,,,2,2,"{""coordinates"": [-87.756013076513, 41.906132141086], ""type"": ""Point""}","[""UNKNOWN""]","[""FORD"", ""NISSAN""]","[""PARKED"", ""UNKNOWN/NA""]","[""F150"", ""PATHFINDER""]",[],"[""17"", ""66""]","[""DID NOT DEPLOY""]","[""NONE""]","[""NO INDICATION OF INJURY""]","[""O2153669"", ""P475388""]"
STRAIGHT AND LEVEL,2511,2025-09-19T09:37:00.000,6,9,9,887cadb8bf39b1c50bc1aed2501d4a013c08d5557848f3150f94b7b8e30e38f42a4daec9d1d42a5c4be2d856814f4f16de425b45ff130b9cd4fdcaf54f3733fa,NO INJURY / DRIVE AWAY,"OVER $1,500",2025-09-19T11:00:00.000,NO CONTROLS,REAR TO FRONT,,0,0,2,0,0,0,0,41.9358348074,DAYLIGHT,-87.8077458448,NO INDICATION OF INJURY,2,30,IMPROPER BACKING,NOT ON SCENE (DESK REPORT),UNKNOWN,DRY,FAILING TO REDUCE SPEED TO AVOID CRASH,,N,OCONTO AVE,3045,NO CONTROLS,ONE-WAY,CLEAR,,,,,,,2,2,"{""coordinates"": [-87.807745844823, 41.935834807407], ""type"": ""Point""}","[""FRONT-LEFT-CORNER"", ""REAR-RIGHT-CORNER""]","[""MAZDA"", ""MERCEDES-BENZ""]","[""BACKING"", ""SLOW/STOP IN TRAFFIC""]","[""CX-5"", ""GLC""]",[],"[""21"", ""54""]","[""NOT APPLICABLE""]","[""NONE""]","[""NO INDICATION OF INJURY""]","[""O2153685"", ""O2153686""]"
STRAIGHT AND LEVEL,1434,2025-09-19T09:40:00.000,6,9,9,a8166825a5c6fe969e1d0df9f8ed35ccb1afa060f7153435662f0f6f0e836a7b3f888d845435c3ef700dcdcf19f8859d1864daf0f2c8205564156ce14d04a354,NO INJURY / DRIVE AWAY,"OVER $1,500",2025-09-19T09:48:00.000,FUNCTIONING PROPERLY,SIDESWIPE SAME DIRECTION,,0,0,3,0,0,0,0,41.9105884215,DAYLIGHT,-87.6776438203,NO INDICATION OF INJURY,2,30,IMPROPER OVERTAKING/PASSING,ON SCENE,NO DEFECTS,DRY,NOT APPLICABLE,,N,DAMEN AVE,1600,TRAFFIC SIGNAL,"FIVE POINT, OR MORE",CLEAR,,,,,,,2,3,"{""coordinates"": [-87.677643820277, 41.91058842145], ""type"": ""Point""}","[""FRONT-RIGHT-CORNER"", ""SIDE-LEFT-FRONT""]","[""JEEP"", ""KENWORTH MOTOR TRUCK COMPANY""]","[""PASSING/OVERTAKING"", ""STRAIGHT AHEAD""]","[""KENWORTH MOTOR TRUCK CO."", ""PATRIOT""]",[],"[""45"", ""50""]","[""DID NOT DEPLOY""]","[""NONE""]","[""NO INDICATION OF INJURY""]","[""O2153700"", ""O2153701"", ""P475392""]"
STRAIGHT AND LEVEL,831,2025-09-19T09:45:00.000,6,9,9,7d318692aa675299a0cb7feaa92952e1e5c962ba1c17d11328ab94db3f98f3f8b0132013d1ae2228e67ec8a7cb38919936e2768064d0a5fcc82ccf6e0a0f4dca,NO INJURY / DRIVE AWAY,"$501 - $1,500",2025-09-19T10:03:00.000,NO CONTROLS,REAR END,,0,0,2,0,0,0,0,41.7682878456,DAYLIGHT,-87.693061792,NO INDICATION OF INJURY,2,20,UNABLE TO DETERMINE,ON SCENE,NO DEFECTS,DRY,UNABLE TO DETERMINE,,W,LITHUANIAN PLAZA CT,2790,NO CONTROLS,DIVIDED - W/MEDIAN (NOT RAISED),CLEAR,,,,,,,2,2,"{""coordinates"": [-87.693061792008, 41.76828784564], ""type"": ""Point""}","[""FRONT-RIGHT-CORNER"", ""REAR""]","[""CHEVROLET""]","[""BACKING"", ""SLOW/STOP IN TRAFFIC""]","[""AVALANCHE"", ""IMPALA""]",[],"[""58"", ""63""]","[""DID NOT DEPLOY""]","[""NONE""]","[""NO INDICATION OF INJURY""]","[""O2153672"", ""O2153673""]"
STRAIGHT AND LEVEL,2522,2025-09-19T09:55:00.000,6,9,9,94e7620e1d6dd99cd4690c029e291e0b7618741579f90426c31165d6e7592fb0b014bd4c323dba4ca9309e70826204eb33bc0507e8f1ca19cf41042b7d08aae6,NO INJURY / DRIVE AWAY,$500 OR LESS,2025-09-19T09:55:00.000,NO CONTROLS,REAR END,,0,0,2,0,0,0,0,41.9242092625,DAYLIGHT,-87.7403783554,NO INDICATION OF INJURY,2,30,UNABLE TO DETERMINE,ON SCENE,NO DEFECTS,DRY,UNABLE TO DETERMINE,,W,FULLERTON AVE,4535,NO CONTROLS,NOT DIVIDED,CLEAR,,,,,,,2,2,"{""coordinates"": [-87.740378355409, 41.924209262493], ""type"": ""Point""}","[""FRONT"", ""REAR""]","[""NOVA BUS"", ""TOYOTA""]","[""OTHER"", ""STRAIGHT AHEAD""]","[""4RUNNER"", ""LFS""]",[],"[""21"", ""52""]","[""DID NOT DEPLOY""]","[""NONE""]","[""NO INDICATION OF INJURY""]","[""O2153654"", ""O2153655""]"
STRAIGHT AND LEVEL,711,2025-09-19T09:57:00.000,6,9,9,9822213497db7a2ddad45d90062a454fa17af6c54f73b3e2a2282d579acced99b9ac00416ef625dd4f4579ef3b4b4448d8b8cf7b4cc15c15403cc511f9f0eca9,NO INJURY / DRIVE AWAY,"OVER $1,500",2025-09-19T10:04:00.000,FUNCTIONING PROPERLY,TURNING,,0,0,2,0,0,0,0,41.7941225736,DAYLIGHT,-87.6316507107,NO INDICATION OF INJURY,2,30,IMPROPER LANE USAGE,ON SCENE,NO DEFECTS,DRY,NOT APPLICABLE,,S,WELLS ST,5501,TRAFFIC SIGNAL,ONE-WAY,CLEAR,,,,,,,2,2,"{""coordinates"": [-87.631650710666, 41.794122573554], ""type"": ""Point""}","[""FRONT-RIGHT-CORNER"", ""REAR-LEFT-CORNER""]","[""LAND ROVER"", ""LEXUS""]","[""TURNING LEFT""]","[""DEFENDER"", ""RX350""]",[],"[""74"", ""83""]","[""NOT APPLICABLE""]","[""NONE""]","[""NO INDICATION OF INJURY""]","[""O2153664"", ""O2153665""]"
STRAIGHT AND LEVEL,1924,2025-09-19T09:59:00.000,6,9,9,e4746aef0158fd4d22eddc7331be74e6bc02f501c9d62910de9237453cdb522732b6da515ac21a2a200e74b2fdc39b30891f1d11fe558097bae699b92b6edc07,INJURY AND / OR TOW DUE TO CRASH,"OVER $1,500",2025-09-19T14:12:00.000,NO CONTROLS,PEDESTRIAN,,0,0,1,1,0,1,0,41.9441619209,DAYLIGHT,-87.6637905737,NONINCAPACITATING INJURY,2,25,NOT APPLICABLE,NOT ON SCENE (DESK REPORT),NO DEFECTS,DRY,NOT APPLICABLE,,N,SOUTHPORT AVE,3423,NO CONTROLS,NOT DIVIDED,CLEAR,,Y,,,,,2,2,"{""coordinates"": [-87.663790573668, 41.94416192092], ""type"": ""Point""}","[""UNKNOWN""]","[""SUBARU""]","[""STRAIGHT AHEAD""]","[""FORESTER""]",[],"[""25"", ""30""]","[""NOT APPLICABLE""]","[""NONE""]","[""NO INDICATION OF INJURY"", ""NONINCAPACITATING INJURY""]","[""O2153798"", ""O2153799""]"
STRAIGHT AND LEVEL,632,2025-09-19T10:00:00.000,6,10,9,17aab95c99a312044a761cd7f5cb434f47ac55ef08dfcea0aa2a773c266c70c2e29a81bdca34365130ffecda21ee946eaa8b39dd7b393663f73a76fd8dc4b162,NO INJURY / DRIVE AWAY,"OVER $1,500",2025-09-19T11:05:00.000,NO CONTROLS,PARKED MOTOR VEHICLE,,0,0,1,0,0,0,0,41.7362094694,DAYLIGHT,-87.6243055191,NO INDICATION OF INJURY,2,10,IMPROPER BACKING,NOT ON SCENE (DESK REPORT),NO DEFECTS,DRY,NOT APPLICABLE,,S,STATE ST,8700,NO CONTROLS,PARKING LOT,CLEAR,,,,,,,2,1,"{""coordinates"": [-87.624305519124, 41.736209469449], ""type"": ""Point""}","[""FRONT"", ""REAR""]","[""LINCOLN"", ""UNKNOWN""]","[""BACKING"", ""PARKED IN TRAFFIC LANE""]","[""CONTINENTAL"", ""OTHER (EXPLAIN IN NARRATIVE)""]",[],[],"[""DEPLOYMENT UNKNOWN""]","[""NONE""]","[""NO INDICATION OF INJURY""]","[""O2153691""]"
STRAIGHT AND LEVEL,815,2025-09-19T10:00:00.000,6,10,9,5909920dab466057e4401209a1f98abe72d1edfacea8cc22ff4cc2777aaecaec5dda6d70f06b564c79430fb6b47240fd03aa4fe12ceb72a16b5c4306ed3d8294,NO INJURY / DRIVE AWAY,"OVER $1,500",2025-09-19T10:16:00.000,FUNCTIONING PROPERLY,TURNING,,0,0,3,0,0,0,0,41.8077157678,DAYLIGHT,-87.7430068449,NO INDICATION OF INJURY,2,35,IMPROPER TURNING/NO SIGNAL,ON SCENE,NO DEFECTS,DRY,UNABLE TO DETERMINE,,S,CICERO AVE,4689,TRAFFIC SIGNAL,FOUR WAY,CLEAR,,Y,,,,,2,3,"{""coordinates"": [-87.743006844919, 41.807715767819], ""type"": ""Point""}","[""FRONT"", ""SIDE-RIGHT""]","[""FREIGHTLINER CORPORATION"", ""NISSAN""]","[""TURNING RIGHT""]","[""ALTIMA"", ""FREIGHTLINER CORP.""]",[],"[""39"", ""41"", ""62""]","[""DID NOT DEPLOY""]","[""NONE""]","[""NO INDICATION OF INJURY""]","[""O2153687"", ""O2153688"", ""P475390""]"
STRAIGHT AND LEVEL,1833,2025-09-19T10:00:00.000,6,10,9,74e2c4f0446ad623092ba6e1aaea7fc7e78863868cee74b41b1692aadbea27c545a4fff0634d60033d1dc41521c2ffec3065be9f18beb6f590a93a17b96b5ba7,NO INJURY / DRIVE AWAY,"OVER $1,500",2025-09-19T11:40:00.000,NO CONTROLS,SIDESWIPE SAME DIRECTION,,0,0,2,0,0,0,0,41.8974381951,DAYLIGHT,-87.6260203743,NO INDICATION OF INJURY,2,30,FAILING TO YIELD RIGHT-OF-WAY,NOT ON SCENE (DESK REPORT),UNKNOWN,DRY,UNABLE TO DETERMINE,,E,PEARSON ST,55,NO CONTROLS,ONE-WAY,CLEAR,,,,,,,2,2,"{""coordinates"": [-87.626020374337, 41.897438195052], ""type"": ""Point""}","[""FRONT-LEFT-CORNER"", ""SIDE-RIGHT""]","[""CHEVROLET"", ""HONDA""]","[""STRAIGHT AHEAD""]","[""ACCORD"", ""EQUINOX""]",[],"[""45"", ""50""]","[""DID NOT DEPLOY""]","[""NONE""]","[""NO INDICATION OF INJURY""]","[""O2153706"", ""O2153707""]"
STRAIGHT AND LEVEL,2024,2025-09-19T10:00:00.000,6,10,9,9d22483da00b9a40f1c6552a8b05eeab9f5b3c6a81d56c3989a23ec09fd1f2b1d44b6c471f2dfedb09669b7b259a1d55b7e536897d3b82d523cd8d8354a4df54,NO INJURY / DRIVE AWAY,"$501 - $1,500",2025-09-19T17:37:00.000,NO CONTROLS,PARKED MOTOR VEHICLE,,0,0,1,0,0,0,0,41.9734507596,UNKNOWN,-87.6529540399,NO INDICATION OF INJURY,2,30,UNABLE TO DETERMINE,NOT ON SCENE (DESK REPORT),UNKNOWN,UNKNOWN,NOT APPLICABLE,,W,ARGYLE ST,908,NO CONTROLS,PARKING LOT,UNKNOWN,,,,,,,2,1,"{""coordinates"": [-87.652954039908, 41.973450759648], ""type"": ""Point""}","[""FRONT-RIGHT-CORNER"", ""UNKNOWN""]","[""ISUZU"", ""TOYOTA""]","[""BACKING"", ""PARKED""]","[""LAND CRUISER"", ""OTHER (EXPLAIN IN NARRATIVE)""]",[],[],"[""DEPLOYMENT UNKNOWN""]","[""NONE""]","[""NO INDICATION OF INJURY""]","[""O2153970""]"
STRAIGHT AND LEVEL,2012,2025-09-19T10:00:00.000,6,10,9,a57b09b051a3e5732a87f9556b64047b2208f78dfec722d28c6052e335b9bc0f74b150e045d3eb94ff3038f40aed23a6e972cc30cbe2808d7b8829ea3f3bfaea,INJURY AND / OR TOW DUE TO CRASH,"OVER $1,500",2025-09-19T13:15:00.000,UNKNOWN,PARKED MOTOR VEHICLE,,0,0,1,0,0,0,0,41.9761827821,DAYLIGHT,-87.6765672269,NO INDICATION OF INJURY,2,30,UNABLE TO DETERMINE,NOT ON SCENE (DESK REPORT),UNKNOWN,UNKNOWN,UNABLE TO DETERMINE,,W,FOSTER AVE,1902,UNKNOWN,NOT DIVIDED,CLEAR,,,,,,,2,1,"{""coordinates"": [-87.676567226891, 41.976182782076], ""type"": ""Point""}","[""FRONT"", ""REAR""]","[""HONDA"", ""TOYOTA""]","[""PARKED"", ""STRAIGHT AHEAD""]","[""CIVIC"", ""PRIUS""]","[""Y""]","[""38""]","[""DID NOT DEPLOY""]","[""NONE""]","[""NO INDICATION OF INJURY""]","[""O2153762""]"
STRAIGHT AND LEVEL,1712,2025-09-19T10:05:00.000,6,10,9,adbf42699e2046ef7a61a5351fbc44dc9fc11911a484bf407fc7913afd1186ced073187abad45f18c6279a616fbdf10751ca82de6b145ddbb71d55bdae11cec3,INJURY AND / OR TOW DUE TO CRASH,$500 OR LESS,2025-09-19T10:09:00.000,FUNCTIONING PROPERLY,PEDESTRIAN,,0,0,1,1,0,1,0,41.9702249876,DAYLIGHT,-87.7232573889,NONINCAPACITATING INJURY,2,25,FAILING TO YIELD RIGHT-OF-WAY,ON SCENE,NO DEFECTS,DRY,"VISION OBSCURED (SIGNS, TREE LIMBS, BUILDINGS, ETC.)",,W,AINSLIE ST,3800,STOP SIGN/FLASHER,T-INTERSECTION,CLEAR,,Y,,,,,2,2,"{""coordinates"": [-87.72325738894, 41.970224987557], ""type"": ""Point""}","[""FRONT""]","[""HYUNDAI""]","[""TURNING LEFT""]","[""ELANTRA""]",[],"[""50"", ""77""]","[""DID NOT DEPLOY""]","[""NONE""]","[""NO INDICATION OF INJURY"", ""NONINCAPACITATING INJURY""]","[""O2153676"", ""O2153677""]"
STRAIGHT AND LEVEL,2024,2025-09-19T10:07:00.000,6,10,9,6e46d300b053b81565522f36ccf52fe009f592313094a15371e6c818bdc2f0fc4f0e11ead795f157492beb1a05a40d5267def07d6ca1efb66f0dc8906135b0aa,NO INJURY / DRIVE AWAY,"OVER $1,500",2025-09-19T15:34:00.000,NO CONTROLS,PARKED MOTOR VEHICLE,Y,0,0,1,0,0,0,0,41.9732384371,DAYLIGHT,-87.6523832745,NO INDICATION OF INJURY,2,25,NOT APPLICABLE,NOT ON SCENE (DESK REPORT),NO DEFECTS,DRY,NOT APPLICABLE,,W,ARGYLE ST,857,NO CONTROLS,NOT DIVIDED,CLEAR,,,,,,,2,1,"{""coordinates"": [-87.652383274528, 41.973238437146], ""type"": ""Point""}","[""FRONT-LEFT-CORNER"", ""UNKNOWN""]","[""NISSAN"", ""TOYOTA""]","[""BACKING"", ""PARKED""]","[""CAMRY"", ""ROGUE""]",[],[],"[""NOT APPLICABLE""]","[""NONE""]","[""NO INDICATION OF INJURY""]","[""O2153850""]"
STRAIGHT AND LEVEL,813,2025-09-19T10:15:00.000,6,10,9,dc95f6bf5cb5e0142c9e3aef40402fe81547dbe5b90ef0a2d61b6a6d3c7a46bf1dc1922834b7a1640635c3ae9b1d9d13e3f7f047bc1c142d6e6c09b8d942cc78,NO INJURY / DRIVE AWAY,"OVER $1,500",2025-09-19T10:45:00.000,FUNCTIONING PROPERLY,SIDESWIPE SAME DIRECTION,Y,0,0,3,0,0,0,0,41.7785179236,DAYLIGHT,-87.7424421884,NO INDICATION OF INJURY,2,30,UNABLE TO DETERMINE,ON SCENE,NO DEFECTS,DRY,IMPROPER OVERTAKING/PASSING,,S,CICERO AVE,6280,TRAFFIC SIGNAL,TRAFFIC ROUTE,CLEAR,,,,,,,2,3,"{""coordinates"": [-87.742442188356, 41.778517923571], ""type"": ""Point""}","[""SIDE-LEFT-REAR"", ""SIDE-RIGHT""]","[""CHEVROLET"", ""NOVA BUS""]","[""PASSING/OVERTAKING"", ""SLOW/STOP IN TRAFFIC""]","[""RTS"", ""TRAVERSE""]",[],"[""56""]","[""DEPLOYMENT UNKNOWN"", ""NOT APPLICABLE""]","[""NONE""]","[""NO INDICATION OF INJURY""]","[""O2153710"", ""O2153711"", ""P475394""]"
STRAIGHT AND LEVEL,431,2025-09-19T10:20:00.000,6,10,9,962386bf51a106b3fd8c98e70d023f5631298bd0354f518838e471dfa0312f43de0ac5bcff9f06e62602ada80678f213677399a77bfda9d4c6ca1e5ee45505bf,NO INJURY / DRIVE AWAY,"OVER $1,500",2025-09-19T10:40:00.000,NO CONTROLS,ANGLE,Y,0,0,2,0,0,0,0,41.7223623688,DAYLIGHT,-87.5750546574,NO INDICATION OF INJURY,2,35,DRIVING SKILLS/KNOWLEDGE/EXPERIENCE,NOT ON SCENE (DESK REPORT),NO DEFECTS,DRY,UNABLE TO DETERMINE,,E,95TH ST,2007,NO CONTROLS,PARKING LOT,CLEAR,,,,,,,2,2,"{""coordinates"": [-87.575054657434, 41.722362368752], ""type"": ""Point""}","[""REAR"", ""SIDE-RIGHT""]","[""CHEVROLET"", ""UNKNOWN""]","[""ENTERING TRAFFIC LANE FROM PARKING"", ""STRAIGHT AHEAD""]","[""OTHER (EXPLAIN IN NARRATIVE)"", ""SILVERADO""]",[],"[""34""]","[""DEPLOYMENT UNKNOWN"", ""NOT APPLICABLE""]","[""NONE""]","[""NO INDICATION OF INJURY""]","[""O2153674"", ""O2153675""]"
STRAIGHT AND LEVEL,823,2025-09-19T10:25:00.000,6,10,9,018c578a2fb6fa56b64d6a0aabd93d87a0b30c043dbf878cc503c58893e0ebd59cfd62b284484ca56d480f621f50643bff652db80f66f704e21b542811da391a,INJURY AND / OR TOW DUE TO CRASH,"OVER $1,500",2025-09-19T10:30:00.000,FUNCTIONING PROPERLY,ANGLE,Y,0,0,3,0,0,0,0,41.7825899469,DAYLIGHT,-87.698511327,NO INDICATION OF INJURY,2,30,DISREGARDING STOP SIGN,ON SCENE,UNKNOWN,DRY,UNABLE TO DETERMINE,,S,SACRAMENTO AVE,6100,STOP SIGN/FLASHER,FOUR WAY,CLEAR,,Y,,,,,2,3,"{""coordinates"": [-87.698511327021, 41.7825899469], ""type"": ""Point""}","[""FRONT"", ""SIDE-RIGHT""]","[""DODGE""]","[""STRAIGHT AHEAD""]","[""CHARGER"", ""GRAND CARAVAN""]","[""Y""]","[""30""]","[""DEPLOYED, COMBINATION"", ""DEPLOYMENT UNKNOWN"", ""DID NOT DEPLOY""]","[""NONE""]","[""NO INDICATION OF INJURY""]","[""O2153756"", ""O2153757"", ""P475404""]"
STRAIGHT AND LEVEL,2422,2025-09-19T10:35:00.000,6,10,9,15d98a436feb90ee5bbd6314bb7db28dee14dfac4d71332f2b7b7719bfa6e137b605b5ae3cafdb0de6aba7ace7d8a3a2e8c945c377840146421c9c5191892e2e,NO INJURY / DRIVE AWAY,"$501 - $1,500",2025-09-19T10:40:00.000,NO CONTROLS,SIDESWIPE OPPOSITE DIRECTION,,0,0,2,0,0,0,0,42.0212449696,DAYLIGHT,-87.6732247863,NO INDICATION OF INJURY,2,30,DRIVING SKILLS/KNOWLEDGE/EXPERIENCE,ON SCENE,NO DEFECTS,DRY,DRIVING SKILLS/KNOWLEDGE/EXPERIENCE,,N,PAULINA ST,7700,NO CONTROLS,NOT DIVIDED,CLEAR,,,,,,,2,2,"{""coordinates"": [-87.673224786334, 42.021244969559], ""type"": ""Point""}","[""REAR-LEFT-CORNER"", ""REAR-RIGHT-CORNER""]","[""DODGE"", ""FORD""]","[""LEAVING TRAFFIC LANE TO PARK"", ""OTHER""]","[""DURANGO"", ""ESCAPE""]",[],"[""29"", ""30""]","[""DID NOT DEPLOY""]","[""NONE""]","[""NO INDICATION OF INJURY""]","[""O2153714"", ""O2153715""]"
STRAIGHT AND LEVEL,1834,2025-09-19T10:37:00.000,6,10,9,39e2f9dccf679a2ddbfa08980eb742e01836a5e94cdd433084a5959d9436c0d7422fc19728e9af657f40ac646293e957b9450ea34dc88b1804c818d6fe665619,NO INJURY / DRIVE AWAY,"OVER $1,500",2025-09-19T11:34:00.000,FUNCTIONING PROPERLY,SIDESWIPE SAME DIRECTION,,0,0,2,0,0,0,0,41.8925932255,DAYLIGHT,-87.6243340479,NO INDICATION OF INJURY,2,35,UNABLE TO DETERMINE,ON SCENE,NO DEFECTS,DRY,UNABLE TO DETERMINE,,N,MICHIGAN AVE,600,TRAFFIC SIGNAL,DIVIDED - W/MEDIAN (NOT RAISED),CLEAR,,,,,,,2,2,"{""coordinates"": [-87.624334047949, 41.892593225538], ""type"": ""Point""}","[""FRONT-LEFT-CORNER"", ""REAR-RIGHT-CORNER""]","[""FREIGHTLINER CORPORATION"", ""NEW FLYER""]","[""CHANGING LANES""]","[""FREIGHTLINER CORP."", ""OTHER (EXPLAIN IN NARRATIVE)""]",[],"[""29"", ""55""]","[""DID NOT DEPLOY""]","[""NONE""]","[""NO INDICATION OF INJURY""]","[""O2153704"", ""O2153705""]"
STRAIGHT AND LEVEL,923,2025-09-19T10:50:00.000,6,10,9,1f905b74acbebf3ab67fcddf36b8f74fd53b8f26cecf47029613a69cffe3023d1cc7816f55ff47f59b60c7903078cfa32aad2df31d651825bd808d90d70c9e9c,INJURY AND / OR TOW DUE TO CRASH,"OVER $1,500",2025-09-19T10:58:00.000,FUNCTIONING PROPERLY,TURNING,,0,0,6,0,0,0,0,41.8008956363,DAYLIGHT,-87.6941441217,NO INDICATION OF INJURY,4,30,DISREGARDING TRAFFIC SIGNALS,ON SCENE,NO DEFECTS,DRY,FAILING TO YIELD RIGHT-OF-WAY,Y,S,CALIFORNIA AVE,5100,TRAFFIC SIGNAL,FOUR WAY,CLEAR,Y,Y,,,,,4,6,"{""coordinates"": [-87.694144121738, 41.800895636272], ""type"": ""Point""}","[""FRONT"", ""FRONT-RIGHT-CORNER"", ""REAR-LEFT-CORNER"", ""SIDE-LEFT""]","[""CHEVROLET"", ""GENERAL MOTORS CORPORATION (GMC)"", ""HONDA""]","[""SLOW/STOP IN TRAFFIC"", ""STRAIGHT AHEAD"", ""TURNING LEFT""]","[""ACADIA"", ""OTHER (EXPLAIN IN NARRATIVE)"", ""PASSPORT"", ""SILVERADO""]","[""Y""]","[""19"", ""43"", ""51"", ""53"", ""54"", ""84""]","[""DEPLOYED, FRONT"", ""DID NOT DEPLOY""]","[""NONE""]","[""NO INDICATION OF INJURY""]","[""O2153724"", ""O2153725"", ""O2153726"", ""O2153727"", ""P475396"", ""P475399""]"
STRAIGHT AND LEVEL,513,2025-09-19T10:50:00.000,6,10,9,49645ead34ff81608366acec821257b7eb99c9287248a46a7352cee937a6488eb334b3bcc020ac0764fee820a0eb8e72cb650bb39b85edb2a24571f9c5091bf8,NO INJURY / DRIVE AWAY,"OVER $1,500",2025-09-24T14:24:00.000,NO CONTROLS,PARKED MOTOR VEHICLE,Y,0,0,1,0,0,0,0,41.6942779803,DAYLIGHT,-87.6246115715,NO INDICATION OF INJURY,2,30,UNABLE TO DETERMINE,NOT ON SCENE (DESK REPORT),UNKNOWN,DRY,NOT APPLICABLE,,W,110TH ST,37,NO CONTROLS,ONE-WAY,CLEAR,,,,,,,2,1,"{""coordinates"": [-87.624611571467, 41.694277980327], ""type"": ""Point""}","[""SIDE-LEFT"", ""UNKNOWN""]","[""BUICK"", ""UNKNOWN""]","[""PARKED"", ""UNKNOWN/NA""]","[""ENCORE"", ""OTHER (EXPLAIN IN NARRATIVE)""]",[],[],"[""DEPLOYMENT UNKNOWN""]","[""NONE""]","[""NO INDICATION OF INJURY""]","[""O2157065""]"
STRAIGHT AND LEVEL,1711,2025-09-19T10:54:00.000,6,10,9,2a707b0aea4be5faa4e54e03005171a24cb7a36cf2e5618090af829c6a1a454a26aab44b761bc1cbb40dc9a25e851be46e2a4011cc87d1932490d13cd33bdf67,INJURY AND / OR TOW DUE TO CRASH,$500 OR LESS,2025-09-19T10:54:00.000,FUNCTIONING PROPERLY,PEDALCYCLIST,,0,0,1,1,0,1,0,41.9829033459,DAYLIGHT,-87.7285813391,NONINCAPACITATING INJURY,2,30,FAILING TO YIELD RIGHT-OF-WAY,ON SCENE,NO DEFECTS,DRY,NOT APPLICABLE,,N,PULASKI RD,5600,TRAFFIC SIGNAL,FOUR WAY,CLEAR,,Y,,,,,2,2,"{""coordinates"": [-87.728581339088, 41.982903345885], ""type"": ""Point""}","[""SIDE-RIGHT-FRONT""]","[""FORD""]","[""STRAIGHT AHEAD""]","[""FUSION""]",[],"[""44"", ""78""]","[""DID NOT DEPLOY""]","[""NONE""]","[""NO INDICATION OF INJURY"", ""NONINCAPACITATING INJURY""]","[""O2153718"", ""O2153719""]"