alignment,beat_of_occurrence,crash_date,crash_day_of_week,crash_hour,crash_month,crash_record_id,crash_type,damage,date_police_notified,device_condition,first_crash_type,hit_and_run_i,injuries_fatal,injuries_incapacitating,injuries_no_indication,injuries_non_incapacitating,injuries_reported_not_evident,injuries_total,injuries_unknown,latitude,lighting_condition,longitude,most_severe_injury,num_units,posted_speed_limit,prim_contributory_cause,report_type,road_defect,roadway_surface_cond,sec_contributory_cause,statements_taken_i,street_direction,street_name,street_no,traffic_control_device,trafficway_type,weather_condition,crash_date_est_i,intersection_related_i,photos_taken_i,work_zone_i,dooring_i,private_property_i,veh_count,ppl_count,location_json,veh_first_contact_point_list_json,veh_make_list_json,veh_maneuver_list_json,veh_model_list_json,veh_towed_i_list_json,ppl_age_list_json,ppl_airbag_deployed_list_json,ppl_ejection_list_json,ppl_injury_classification_list_json,ppl_person_id_list_json
STRAIGHT AND LEVEL,513,2025-09-19T11:00:00.000,6,11,9,5c8a0a2fad67281dfeafdd8dcf3e9ebcac164c9ba26a8f12662c0bcca738ae4c4f384e4979a63cff859637751f19b746344db0fe189e09191564e2415b96493b,NO INJURY / DRIVE AWAY,"OVER $1,500",2025-09-19T13:10:00.000,FUNCTIONING PROPERLY,TURNING,Y,0,0,2,0,0,0,0,41.6943760946,DAYLIGHT,-87.6233027362,NO INDICATION OF INJURY,2,30,FAILING TO YIELD RIGHT-OF-WAY,NOT ON SCENE (DESK REPORT),NO DEFECTS,DRY,DISREGARDING STOP SIGN,,S,STATE ST,11000,STOP SIGN/FLASHER,NOT DIVIDED,CLEAR,,,,,,,2,2,"{""coordinates"": [-87.623302736216, 41.694376094551], ""type"": ""Point""}","[""FRONT-RIGHT-CORNER"", ""UNKNOWN""]","[""CHRYSLER"", ""UNKNOWN""]","[""STRAIGHT AHEAD"", ""TURNING LEFT""]","[""OTHER (EXPLAIN IN NARRATIVE)"", ""TOWN & COUNTRY""]",[],"[""55""]","[""DEPLOYMENT UNKNOWN"", ""NOT APPLICABLE""]","[""NONE""]","[""NO INDICATION OF INJURY""]","[""O2153760"", ""O2153761""]"
STRAIGHT AND LEVEL,822,2025-09-19T11:00:00.000,6,11,9,7a4b79fa9167eec27e7a40764ad284571d37cb6e0e7e69bdba307075103f340da0ec4d5b20343c9a6b02434ad3e59a548afeff22baaeefa611f8d324b5a1a5b6,NO INJURY / DRIVE AWAY,$500 OR LESS,2025-09-19T11:35:00.000,NO CONTROLS,PEDALCYCLIST,Y,0,0,3,0,0,0,0,41.8006767048,DAYLIGHT,-87.7062687011,NO INDICATION OF INJURY,2,30,FAILING TO YIELD RIGHT-OF-WAY,ON SCENE,NO DEFECTS,DRY,IMPROPER TURNING/NO SIGNAL,,W,51ST ST,3301,NO CONTROLS,NOT DIVIDED,CLEAR,,,,,,,2,3,"{""coordinates"": [-87.706268701145, 41.800676704771], ""type"": ""Point""}","[""FRONT""]","[""HONDA""]","[""TURNING RIGHT""]","[""ACCORD""]",[],"[""27""]","[""NOT APPLICABLE""]","[""NONE""]","[""NO INDICATION OF INJURY""]","[""O2153737"", ""O2153755"", ""P475401""]"
STRAIGHT AND LEVEL,122,2025-09-19T11:00:00.000,6,11,9,a6d2bd1061e5a8fd4583aa09b26d13c7c80b3bdd615786afdcf1c2753afd28cc0e7a360580fd48dccb40ad5cc94b5b3cc76dde9cb384795b3debd413b59d4703,NO INJURY / DRIVE AWAY,"OVER $1,500",2025-09-19T11:40:00.000,NO CONTROLS,ANGLE,,0,0,2,0,0,0,0,41.8769652344,DAYLIGHT,-87.6334426102,NO INDICATION OF INJURY,2,30,FAILING TO YIELD RIGHT-OF-WAY,NOT ON SCENE (DESK REPORT),NO DEFECTS,DRY,FAILING TO YIELD RIGHT-OF-WAY,,W,VAN BUREN ST,186,NO CONTROLS,ONE-WAY,CLEAR,,,,,,,2,2,"{""coordinates"": [-87.633442610197, 41.876965234383], ""type"": ""Point""}","[""FRONT"", ""SIDE-LEFT""]","[""HYUNDAI"", ""JEEP""]","[""STRAIGHT AHEAD""]","[""GRAND CHEROKEE"", ""SONATA""]",[],"[""37"", ""53""]","[""NOT APPLICABLE""]","[""NONE""]","[""NO INDICATION OF INJURY""]","[""O2153716"", ""O2153717""]"
"CURVE, LEVEL",713,2025-09-19T11:05:00.000,6,11,9,a5ba4d155efef1ebd667c4fcdc13f7c03d19cb38a0a71ff672376be81676a0b89405d28c37677975b276563f4dc1baf28ed7859075e5497727dbeecfbdc1b6f1,NO INJURY / DRIVE AWAY,"OVER $1,500",2025-09-19T11:07:00.000,NO CONTROLS,FIXED OBJECT,,0,0,1,0,0,0,0,41.7797015696,DAYLIGHT,-87.6558847796,NO INDICATION OF INJURY,1,30,UNABLE TO DETERMINE,ON SCENE,WORN SURFACE,DRY,UNABLE TO DETERMINE,,W,63RD ST,1234,NO CONTROLS,DRIVEWAY,CLEAR,,,,,,Y,1,1,"{""coordinates"": [-87.655884779554, 41.779701569578], ""type"": ""Point""}","[""SIDE-RIGHT""]","[""LINCOLN""]","[""TURNING RIGHT""]","[""MKT""]",[],"[""69""]","[""NOT APPLICABLE""]","[""NONE""]","[""NO INDICATION OF INJURY""]","[""O2153709""]"
STRAIGHT AND LEVEL,632,2025-09-19T11:10:00.000,6,11,9,fa14915d8165e1152dcaa97585744b30190cea8b9feef69162a70e378ba05bf2f9fcd23ef6f28a467a8e7bb00876e070151637778a1230904e0a5591c28af7ef,NO INJURY / DRIVE AWAY,$500 OR LESS,2025-09-20T14:50:00.000,OTHER,REAR END,,0,0,2,0,0,0,0,41.7367161215,DAYLIGHT,-87.6078900773,NO INDICATION OF INJURY,2,5,IMPROPER BACKING,NOT ON SCENE (DESK REPORT),NO DEFECTS,OTHER,NOT APPLICABLE,,E,87TH ST,644,NO CONTROLS,OTHER,OTHER,,,,,,,2,2,"{""coordinates"": [-87.607890077275, 41.73671612151], ""type"": ""Point""}","[""FRONT"", ""REAR""]","[""FORD"", ""LINCOLN""]","[""BACKING"", ""SLOW/STOP IN TRAFFIC""]","[""MKZ"", ""OTHER (EXPLAIN IN NARRATIVE)""]",[],"[""34""]","[""DEPLOYMENT UNKNOWN"", ""DID NOT DEPLOY""]","[""NONE""]","[""NO INDICATION OF INJURY""]","[""O2154522"", ""O2154523""]"
STRAIGHT AND LEVEL,1922,2025-09-19T11:13:00.000,6,11,9,7ff2ff18090564339200ba413767049f6be9058a5f4ee19c1bd8b4d2ad1822996fbcfe742458102c1f630b4521b1d4976edef11c199fe2a05ceb9d98298df41e,INJURY AND / OR TOW DUE TO CRASH,$500 OR LESS,2025-09-19T11:14:00.000,FUNCTIONING PROPERLY,PEDALCYCLIST,,0,0,1,1,0,1,0,41.9468126469,DAYLIGHT,-87.6741150178,NONINCAPACITATING INJURY,2,30,UNABLE TO DETERMINE,ON SCENE,NO DEFECTS,DRY,UNABLE TO DETERMINE,,W,ADDISON ST,1801,TRAFFIC SIGNAL,NOT DIVIDED,CLEAR,,Y,,,,,2,2,"{""coordinates"": [-87.674115017775, 41.946812646878], ""type"": ""Point""}","[""FRONT""]","[""AUDI""]","[""STRAIGHT AHEAD""]","[""Q5""]",[],"[""31"", ""37""]","[""DID NOT DEPLOY""]","[""NONE"", ""TOTALLY EJECTED""]","[""NO INDICATION OF INJURY"", ""NONINCAPACITATING INJURY""]","[""O2153728"", ""O2153729""]"
STRAIGHT AND LEVEL,1722,2025-09-19T11:31:00.000,6,11,9,2b077dba1bfbe2b302bb0fc332e68f7a1e2be9f0e48cc7a0d8c95dc7c090c6fe1137f5580bc287de5a9375af5718839f156de9c4804f632fd516fbe69b9c5434,NO INJURY / DRIVE AWAY,"OVER $1,500",2025-09-19T11:55:00.000,UNKNOWN,REAR END,,0,0,3,0,0,0,0,41.9610199247,DAYLIGHT,-87.7310714599,NO INDICATION OF INJURY,2,30,UNABLE TO DETERMINE,NOT ON SCENE (DESK REPORT),UNKNOWN,DRY,UNABLE TO DETERMINE,,W,MONTROSE AVE,4128,TRAFFIC SIGNAL,FOUR WAY,CLEAR,,,,,,,2,3,"{""coordinates"": [-87.731071459856, 41.96101992466], ""type"": ""Point""}","[""FRONT-RIGHT-CORNER"", ""REAR-LEFT-CORNER""]","[""CHEVROLET"", ""TOYOTA""]","[""SLOW/STOP IN TRAFFIC"", ""STRAIGHT AHEAD""]","[""CAMRY"", ""MALIBU""]",[],"[""28"", ""31""]","[""DID NOT DEPLOY"", ""NOT APPLICABLE""]","[""NONE""]","[""NO INDICATION OF INJURY""]","[""O2153730"", ""O2153731"", ""P475395""]"
STRAIGHT AND LEVEL,1634,2025-09-19T11:39:00.000,6,11,9,e5c872e30bf3574afc9172a89d4c7f27f79f008b63297018f830c985b2b092038a062faaf438b23f337100c27fa37d047813125df77566fc23582f32368fa800,NO INJURY / DRIVE AWAY,"$501 - $1,500",2025-09-19T11:42:00.000,NO CONTROLS,PARKED MOTOR VEHICLE,,0,0,2,0,0,0,0,41.939222785,DAYLIGHT,-87.7470233693,NO INDICATION OF INJURY,2,30,UNABLE TO DETERMINE,ON SCENE,NO DEFECTS,DRY,UNABLE TO DETERMINE,,N,CICERO AVE,3212,NO CONTROLS,DIVIDED - W/MEDIAN (NOT RAISED),CLEAR,,,,,,,2,2,"{""coordinates"": [-87.747023369284, 41.939222784966], ""type"": ""Point""}","[""OTHER""]","[""FORD""]","[""PARKED"", ""STRAIGHT AHEAD""]","[""ESCAPE"", ""EXPLORER""]",[],"[""28""]","[""DID NOT DEPLOY"", ""NOT APPLICABLE""]","[""NONE""]","[""NO INDICATION OF INJURY""]","[""O2153720"", ""P475397""]"
STRAIGHT AND LEVEL,612,2025-09-19T11:45:00.000,6,11,9,103fed0ce49ef9464f114a9cdad7c705a302e144bf2444e13ada87afa4711664f19e2d5ce9d773d9ddfcdee4e7a4c2100b07954241512355b72f93930add68c7,NO INJURY / DRIVE AWAY,"OVER $1,500",2025-09-21T10:55:00.000,UNKNOWN,REAR END,Y,0,0,2,0,0,0,0,41.7504749298,DARKNESS,-87.6538833344,NO INDICATION OF INJURY,2,30,FOLLOWING TOO CLOSELY,NOT ON SCENE (DESK REPORT),UNKNOWN,DRY,FOLLOWING TOO CLOSELY,,S,RACINE AVE,7900,STOP SIGN/FLASHER,NOT DIVIDED,CLEAR,,,,,,,2,2,"{""coordinates"": [-87.653883334391, 41.750474929778], ""type"": ""Point""}","[""FRONT"", ""REAR""]","[""DODGE"", ""NISSAN""]","[""STRAIGHT AHEAD""]","[""CARAVAN"", ""SENTRA""]",[],"[""33""]","[""DEPLOYMENT UNKNOWN""]","[""NONE"", ""UNKNOWN""]","[""NO INDICATION OF INJURY""]","[""O2155034"", ""O2155035""]"
STRAIGHT AND LEVEL,813,2025-09-19T11:45:00.000,6,11,9,67d3ded465801f74796ccf50d9ba4d5a79b371f17bacdc5be4069bcdf0e0e9ccecc34cc50a2a3e9b39ca1eaadcf5b9151e9e08b6b99fb184dd935edbecc739e3,NO INJURY / DRIVE AWAY,"OVER $1,500",2025-09-19T13:05:00.000,FUNCTIONING PROPERLY,REAR END,,0,0,3,0,0,0,0,41.7787673901,DAYLIGHT,-87.7228231953,NO INDICATION OF INJURY,2,30,UNABLE TO DETERMINE,NOT ON SCENE (DESK REPORT),NO DEFECTS,DRY,NOT APPLICABLE,,W,63RD ST,4000,TRAFFIC SIGNAL,NOT DIVIDED,CLEAR,,Y,,,,,2,3,"{""coordinates"": [-87.722823195304, 41.778767390084], ""type"": ""Point""}","[""FRONT"", ""UNKNOWN""]","[""TOYOTA"", ""UNKNOWN""]","[""STRAIGHT AHEAD""]","[""COROLLA"", ""MOTORIZED""]",[],"[""25"", ""34""]","[""DEPLOYMENT UNKNOWN"", ""DID NOT DEPLOY""]","[""NONE""]","[""NO INDICATION OF INJURY""]","[""O2153748"", ""O2153749"", ""P475402""]"
STRAIGHT AND LEVEL,823,2025-09-19T11:45:00.000,6,11,9,9f7a082f39df61fd9045e4b9436eabd992b303cbc327d907bd6aee1ab5fb9d5c1e8c879ccbefc2cf9cbd3b72730b5e34c8d1970d54b410c849204bc84dff568d,INJURY AND / OR TOW DUE TO CRASH,"OVER $1,500",2025-09-20T11:45:00.000,FUNCTIONING PROPERLY,ANGLE,,0,0,2,0,0,0,0,41.7826067719,DAYLIGHT,-87.7106419023,NO INDICATION OF INJURY,2,30,DISREGARDING STOP SIGN,,NO DEFECTS,DRY,FAILING TO REDUCE SPEED TO AVOID CRASH,,W,61ST ST,3500,STOP SIGN/FLASHER,FOUR WAY,CLEAR,,Y,,,,,2,2,"{""coordinates"": [-87.710641902265, 41.782606771925], ""type"": ""Point""}","[""FRONT"", ""SIDE-RIGHT""]","[""HONDA""]","[""STRAIGHT AHEAD""]","[""CR-V"", ""ODYSSEY""]","[""Y""]","[""33"", ""65""]","[""NOT APPLICABLE""]","[""NONE""]","[""NO INDICATION OF INJURY""]","[""O2156825"", ""O2156826""]"
STRAIGHT AND LEVEL,1935,2025-09-19T11:45:00.000,6,11,9,befbe5dba1a9da5d42e72900002aa824ed478a90a9975680fd0ab56d38539b953564d710b35fd6569d36a5ab61da6ec8ca29498006f9075913297186eb9c6bbf,NO INJURY / DRIVE AWAY,"OVER $1,500",2025-09-19T11:59:00.000,NO CONTROLS,SIDESWIPE SAME DIRECTION,Y,0,0,2,0,0,0,0,41.9272988839,DAYLIGHT,-87.6489738984,NO INDICATION OF INJURY,2,30,FAILING TO YIELD RIGHT-OF-WAY,ON SCENE,UNKNOWN,UNKNOWN,NOT APPLICABLE,,N,HALSTED ST,2500,NO CONTROLS,NOT DIVIDED,CLEAR,,,,,,,2,2,"{""coordinates"": [-87.648973898381, 41.927298883899], ""type"": ""Point""}","[""SIDE-LEFT"", ""UNKNOWN""]","[""NOVA BUS"", ""UNKNOWN""]","[""ENTERING TRAFFIC LANE FROM PARKING"", ""PASSING/OVERTAKING""]","[""OTHER (EXPLAIN IN NARRATIVE)""]",[],"[""45""]","[""DEPLOYMENT UNKNOWN"", ""DID NOT DEPLOY""]","[""NONE"", ""UNKNOWN""]","[""NO INDICATION OF INJURY""]","[""O2153738"", ""O2153739""]"
STRAIGHT AND LEVEL,2012,2025-09-19T11:50:00.000,6,11,9,72ee0cd3790f15be2a2c5d045ad85cea86687866e700d095a833f041535160ce0c50f4c939926c8b603414e84673782ea5b23635da06fc1ecd5593502e9fbb57,NO INJURY / DRIVE AWAY,"$501 - $1,500",2025-09-19T12:45:00.000,NO CONTROLS,REAR END,Y,0,0,2,0,0,0,0,41.990676795,DAYLIGHT,-87.6734189526,NO INDICATION OF INJURY,2,30,IMPROPER OVERTAKING/PASSING,NOT ON SCENE (DESK REPORT),NO DEFECTS,DRY,UNABLE TO DETERMINE,,W,PETERSON AVE,1747,NO CONTROLS,NOT DIVIDED,CLEAR,,,,,,,2,2,"{""coordinates"": [-87.673418952576, 41.990676795005], ""type"": ""Point""}","[""FRONT-RIGHT-CORNER"", ""REAR""]","[""CHEVROLET"", ""FORD""]","[""MERGING"", ""PASSING/OVERTAKING""]","[""EXPEDITION"", ""TRAIL BLAZER""]",[],"[""31""]","[""DEPLOYMENT UNKNOWN"", ""NOT APPLICABLE""]","[""NONE""]","[""NO INDICATION OF INJURY""]","[""O2153742"", ""O2153743""]"
STRAIGHT AND LEVEL,1711,2025-09-19T11:55:00.000,6,11,9,1dcb4f2cda21a3a2023dc3e37a7a43f5233e336fea78b5f8351044375fa21772f3bbc1b622df6daba573660f732aa78165ca8515b26921ce72cb88bee11d876f,NO INJURY / DRIVE AWAY,"$501 - $1,500",2025-09-19T11:55:00.000,NO CONTROLS,PARKED MOTOR VEHICLE,Y,0,0,7,0,0,0,0,41.9844410925,DAYLIGHT,-87.7093997065,NO INDICATION OF INJURY,3,30,UNABLE TO DETERMINE,ON SCENE,NO DEFECTS,DRY,UNABLE TO DETERMINE,,N,JERSEY AVE,5648,NO CONTROLS,DIVIDED - W/MEDIAN (NOT RAISED),CLEAR,,,,,,,3,7,"{""coordinates"": [-87.709399706537, 41.984441092458], ""type"": ""Point""}","[""FRONT"", ""FRONT-LEFT-CORNER"", ""SIDE-RIGHT-REAR""]","[""CHEVROLET"", ""JEEP"", ""MAZDA""]","[""PARKED"", ""STRAIGHT AHEAD""]","[""CHEROKEE"", ""CX-5"", ""EXPRESS""]",[],"[""21"", ""32""]","[""DEPLOYMENT UNKNOWN"", ""NOT APPLICABLE""]","[""NONE""]","[""NO INDICATION OF INJURY""]","[""O2153752"", ""P475403"", ""P475405"", ""P475406"", ""P475407"", ""P475408"", ""P475409""]"
STRAIGHT AND LEVEL,1713,2025-09-19T11:55:00.000,6,11,9,5b48d1db4fcc471911f457b78ad55b5ecc9703c5fbc2b35e40702a167ab12b70831b3b03edf6532dfdbd5bbd1c1c40ab0934f2d49b96a1d42de02b066c2ad14d,NO INJURY / DRIVE AWAY,"OVER $1,500",2025-09-19T17:20:00.000,FUNCTIONING PROPERLY,PARKED MOTOR VEHICLE,Y,0,0,1,0,0,0,0,41.9656754244,DAYLIGHT,-87.710666281,NO INDICATION OF INJURY,2,30,UNABLE TO DETERMINE,NOT ON SCENE (DESK REPORT),NO DEFECTS,DRY,NOT APPLICABLE,,W,EASTWOOD AVE,3256,STOP SIGN/FLASHER,ONE-WAY,CLEAR,,,,,,,2,1,"{""coordinates"": [-87.710666281049, 41.965675424405], ""type"": ""Point""}","[""SIDE-RIGHT-REAR"", ""UNKNOWN""]","[""HONDA"", ""UNKNOWN""]","[""PARKED"", ""UNKNOWN/NA""]","[""CIVIC"", ""OTHER (EXPLAIN IN NARRATIVE)""]",[],[],"[""DEPLOYMENT UNKNOWN""]","[""NONE""]","[""NO INDICATION OF INJURY""]","[""O2155886""]"
STRAIGHT AND LEVEL,1631,2025-09-19T11:56:00.000,6,11,9,80f1289cbee89bf8747ecbd52559be79dd9955262e1b93875e57987ce2139ba72bfb8cd789bb4d942f3eea94b73fd13c020ab7059549f4623859268118c78cee,INJURY AND / OR TOW DUE TO CRASH,"OVER $1,500",2025-09-19T12:02:00.000,NO CONTROLS,SIDESWIPE SAME DIRECTION,,0,0,2,0,0,0,0,41.952025833,DAYLIGHT,-87.8328737145,NO INDICATION OF INJURY,2,30,FAILING TO YIELD RIGHT-OF-WAY,ON SCENE,UNKNOWN,DRY,UNABLE TO DETERMINE,,W,IRVING PARK RD,8225,NO CONTROLS,DIVIDED - W/MEDIAN (NOT RAISED),CLEAR,,,,,,,2,2,"{""coordinates"": [-87.832873714467, 41.952025832997], ""type"": ""Point""}","[""SIDE-LEFT"", ""SIDE-RIGHT""]","[""CADILLAC"", ""CHEVROLET""]","[""ENTERING TRAFFIC LANE FROM PARKING"", ""STRAIGHT AHEAD""]","[""EQUINOX"", ""ESCALADE""]","[""Y""]","[""27"", ""80""]","[""DID NOT DEPLOY"", ""NOT APPLICABLE""]","[""NONE""]","[""NO INDICATION OF INJURY""]","[""O2153744"", ""O2153745""]"
STRAIGHT AND LEVEL,1111,2025-09-19T12:00:00.000,6,12,9,ba7d5c636670707ced97263c2e15bd30ebbc3b6d1f2a42e8d0178000d20873b29c29976f487691773d755a6852f8cc6714015ef2e4a5e6584926022b8d810115,NO INJURY / DRIVE AWAY,"OVER $1,500",2025-09-21T12:03:00.000,NO CONTROLS,TURNING,,0,0,2,0,0,0,0,41.8951241768,DAYLIGHT,-87.7451637742,NO INDICATION OF INJURY,2,30,IMPROPER TURNING/NO SIGNAL,NOT ON SCENE (DESK REPORT),NO DEFECTS,DRY,IMPROPER TURNING/NO SIGNAL,,W,CHICAGO AVE,4740,NO CONTROLS,DIVIDED - W/MEDIAN (NOT RAISED),CLEAR,,,,,,,2,2,"{""coordinates"": [-87.745163774205, 41.895124176847], ""type"": ""Point""}","[""FRONT-RIGHT-CORNER"", ""SIDE-RIGHT-FRONT""]","[""CHRYSLER"", ""DODGE""]","[""STRAIGHT AHEAD"", ""TURNING LEFT""]","[""200"", ""DURANGO""]",[],"[""29"", ""49""]","[""NOT APPLICABLE""]","[""NONE""]","[""NO INDICATION OF INJURY""]","[""O2155057"", ""O2155058""]"
STRAIGHT AND LEVEL,822,2025-09-19T12:15:00.000,6,12,9,4bfb01470cad8d905fc5af116641a011fa93fcdc831b249902bb77324aeddd76fc262cc963df21f918920dd28bc0326f39230e3a6d4bcddcb7a2a87cd47bf59d,INJURY AND / OR TOW DUE TO CRASH,"OVER $1,500",2025-09-19T14:21:00.000,FUNCTIONING PROPERLY,TURNING,Y,0,0,1,1,0,1,0,41.8006219179,DAYLIGHT,-87.7112696171,NONINCAPACITATING INJURY,2,30,IMPROPER TURNING/NO SIGNAL,NOT ON SCENE (DESK REPORT),NO DEFECTS,DRY,CELL PHONE USE OTHER THAN TEXTING,,S,ST LOUIS AVE,5100,TRAFFIC SIGNAL,NOT DIVIDED,CLEAR,,,,,,,2,2,"{""coordinates"": [-87.71126961707, 41.800621917861], ""type"": ""Point""}","[""FRONT-LEFT-CORNER"", ""SIDE-LEFT""]","[""FORD"", ""TOYOTA""]","[""SLOW/STOP IN TRAFFIC"", ""TURNING LEFT""]","[""OTHER (EXPLAIN IN NARRATIVE)"", ""PRIUS""]",[],"[""59""]","[""DEPLOYMENT UNKNOWN"", ""NOT APPLICABLE""]","[""NONE""]","[""NO INDICATION OF INJURY"", ""NONINCAPACITATING INJURY""]","[""O2153806"", ""O2153807""]"
STRAIGHT AND LEVEL,1233,2025-09-19T12:25:00.000,6,12,9,012d1816d4106c53fecf3c7076147a09ae3d5bac5d4faa5cb3c20c6e5265cefa75dce405f8675ad85ed6e9b78a90de7f7133855ba3689f6e0e3cf702f1818563,NO INJURY / DRIVE AWAY,"OVER $1,500",2025-09-19T12:33:00.000,UNKNOWN,ANGLE,,0,0,2,0,0,0,0,41.8648305978,DAYLIGHT,-87.6760712313,NO INDICATION OF INJURY,2,30,FAILING TO YIELD RIGHT-OF-WAY,ON SCENE,NO DEFECTS,DRY,NOT APPLICABLE,,W,13TH ST,1997,STOP SIGN/FLASHER,FOUR WAY,CLEAR,,Y,,,,,2,2,"{""coordinates"": [-87.676071231284, 41.864830597821], ""type"": ""Point""}","[""FRONT"", ""SIDE-RIGHT""]","[""JEEP"", ""SUBARU""]","[""STARTING IN TRAFFIC"", ""STRAIGHT AHEAD""]","[""CHEROKEE"", ""FORESTER""]",[],"[""55"", ""60""]","[""DID NOT DEPLOY""]","[""NONE""]","[""NO INDICATION OF INJURY""]","[""O2153764"", ""O2153765""]"
STRAIGHT AND LEVEL,1611,2025-09-19T12:30:00.000,6,12,9,65022880dc87dd3f9fbd9bca5282714bbbac84c23fffe834d671baaf6f2d80451e17506705fafa69f6c43c30eb6226ae9db76294faf85651f568dd243faaea0b,NO INJURY / DRIVE AWAY,"OVER $1,500",2025-09-19T13:00:00.000,UNKNOWN,TURNING,,0,0,2,0,0,0,0,41.9972472842,DAYLIGHT,-87.7873345187,NO INDICATION OF INJURY,2,30,UNABLE TO DETERMINE,NOT ON SCENE (DESK REPORT),UNKNOWN,UNKNOWN,UNABLE TO DETERMINE,,W,DEVON AVE,6351,UNKNOWN,NOT DIVIDED,CLEAR,,,,,,,2,2,"{""coordinates"": [-87.787334518712, 41.997247284223], ""type"": ""Point""}","[""FRONT-LEFT-CORNER"", ""FRONT-RIGHT-CORNER""]","[""TOYOTA"", ""VOLKSWAGEN""]","[""MERGING"", ""TURNING LEFT""]","[""GTI"", ""OTHER (EXPLAIN IN NARRATIVE)""]",[],"[""37"", ""39""]","[""NOT APPLICABLE""]","[""NONE""]","[""NO INDICATION OF INJURY""]","[""O2153750"", ""O2153751""]"
STRAIGHT AND LEVEL,914,2025-09-19T12:30:00.000,6,12,9,d5d167409bcfaa7d77124bd452e9f45b67be8fce2cddbd54d9c353a1a3544b3187acdb38a7283e3295972d12b457fc5bcff6d3b58fa55e8a92165858774fe70d,NO INJURY / DRIVE AWAY,$500 OR LESS,2025-09-19T12:33:00.000,NO CONTROLS,REAR END,,0,0,2,0,0,0,0,41.8542414114,DAYLIGHT,-87.6362135049,NO INDICATION OF INJURY,2,30,IMPROPER BACKING,ON SCENE,NO DEFECTS,DRY,UNABLE TO DETERMINE,,S,PRINCETON AVE,2100,NO CONTROLS,NOT DIVIDED,CLEAR,,N,,,,,2,2,"{""coordinates"": [-87.636213504871, 41.854241411407], ""type"": ""Point""}","[""FRONT"", ""REAR""]","[""FORD"", ""TOYOTA""]","[""ENTERING TRAFFIC LANE FROM PARKING"", ""STRAIGHT AHEAD""]","[""SIENNA"", ""VAN""]",[],"[""31"", ""46""]","[""DID NOT DEPLOY"", ""NOT APPLICABLE""]","[""NONE""]","[""NO INDICATION OF INJURY""]","[""O2153790"", ""O2153791""]"
STRAIGHT AND LEVEL,123,2025-09-19T12:36:00.000,6,12,9,bee0a3a39c3021a44dcaeff455186ba2cf80c31e1793076394b12078c2f3e8c533159ca1980b3e70bc9010541c7dd50ea4154f31a5cc6e1c9bd9142d0784ae81,NO INJURY / DRIVE AWAY,"OVER $1,500",2025-09-19T13:30:00.000,NO CONTROLS,PARKED MOTOR VEHICLE,Y,0,0,1,0,0,0,0,41.8745201634,DAYLIGHT,-87.6259124567,NO INDICATION OF INJURY,2,15,UNABLE TO DETERMINE,ON SCENE,NO DEFECTS,DRY,NOT APPLICABLE,Y,E,HARRISON ST,50,NO CONTROLS,PARKING LOT,CLEAR,,,,,,,2,1,"{""coordinates"": [-87.625912456668, 41.874520163406], ""type"": ""Point""}","[""FRONT-LEFT-CORNER"", ""UNKNOWN""]","[""LEXUS"", ""UNKNOWN""]","[""PARKED"", ""UNKNOWN/NA""]","[""NX"", ""OTHER (EXPLAIN IN NARRATIVE)""]",[],[],"[""DEPLOYMENT UNKNOWN""]","[""UNKNOWN""]","[""NO INDICATION OF INJURY""]","[""O2153794""]"
"CURVE, LEVEL",2013,2025-09-19T12:37:00.000,6,12,9,b990011c14af0697b820ae849260d275e78523412cc09338c719455e77ad666c40970dc302c29cd96f9d3e03fea6661aab3d43383ed8be8cfed2b5d4a3139671,NO INJURY / DRIVE AWAY,$500 OR LESS,2025-09-19T12:37:00.000,NO CONTROLS,SIDESWIPE SAME DIRECTION,,0,0,2,0,0,0,0,41.9852667698,DAYLIGHT,-87.6625168041,NO INDICATION OF INJURY,2,30,IMPROPER OVERTAKING/PASSING,NOT ON SCENE (DESK REPORT),NO DEFECTS,DRY,IMPROPER LANE USAGE,,N,RIDGE AVE,5679,NO CONTROLS,NOT DIVIDED,CLEAR,,,,,,,2,2,"{""coordinates"": [-87.662516804053, 41.985266769831], ""type"": ""Point""}","[""FRONT-LEFT-CORNER"", ""UNKNOWN""]","[""KIA"", ""LEXUS""]","[""STRAIGHT AHEAD""]","[""LX"", ""SOUL""]",[],"[""28""]","[""DID NOT DEPLOY""]","[""NONE""]","[""NO INDICATION OF INJURY""]","[""O2153802"", ""O2153803""]"
STRAIGHT AND LEVEL,1922,2025-09-19T12:57:00.000,6,12,9,fb001ed88e8a692fd7571fbea9d51a4032f7e3d19dc0b2d3595abaa9e462f1d39b72d453cc0864de101c7c7293c06ab3057e641e2c7e8054b8d1383a8bee1da7,NO INJURY / DRIVE AWAY,"OVER $1,500",2025-09-19T19:35:00.000,NO CONTROLS,PARKED MOTOR VEHICLE,,0,0,1,0,0,0,0,41.9397446157,DAYLIGHT,-87.6685161011,NO INDICATION OF INJURY,2,30,UNABLE TO DETERMINE,NOT ON SCENE (DESK REPORT),UNKNOWN,DRY,NOT APPLICABLE,,N,ASHLAND AVE,3201,STOP SIGN/FLASHER,PARKING LOT,CLEAR,,,,,,,2,1,"{""coordinates"": [-87.668516101064, 41.939744615735], ""type"": ""Point""}","[""FRONT-RIGHT-CORNER"", ""REAR-LEFT-CORNER""]","[""HYUNDAI""]","[""PARKED"", ""STRAIGHT AHEAD""]","[""KONA"", ""TUCSON""]",[],"[""30""]","[""DEPLOYMENT UNKNOWN""]","[""UNKNOWN""]","[""NO INDICATION OF INJURY""]","[""O2154072""]"