alignment,beat_of_occurrence,crash_date,crash_day_of_week,crash_hour,crash_month,crash_record_id,crash_type,damage,date_police_notified,device_condition,first_crash_type,hit_and_run_i,injuries_fatal,injuries_incapacitating,injuries_no_indication,injuries_non_incapacitating,injuries_reported_not_evident,injuries_total,injuries_unknown,latitude,lighting_condition,longitude,most_severe_injury,num_units,posted_speed_limit,prim_contributory_cause,report_type,road_defect,roadway_surface_cond,sec_contributory_cause,statements_taken_i,street_direction,street_name,street_no,traffic_control_device,trafficway_type,weather_condition,crash_date_est_i,intersection_related_i,photos_taken_i,work_zone_i,dooring_i,private_property_i,veh_count,ppl_count,location_json,veh_first_contact_point_list_json,veh_make_list_json,veh_maneuver_list_json,veh_model_list_json,veh_towed_i_list_json,ppl_age_list_json,ppl_airbag_deployed_list_json,ppl_ejection_list_json,ppl_injury_classification_list_json,ppl_person_id_list_json
STRAIGHT AND LEVEL,2431,2025-09-19T12:58:00.000,6,12,9,3357c52e159e1f1a7863c9f089074727d7869d35f4b3e552c6a4ec38d9dabf151b5bf1d17d263dce205cbb36cf901ff510c78c2169500a9b8ec64a11bfe606de,INJURY AND / OR TOW DUE TO CRASH,$500 OR LESS,2025-09-19T15:00:00.000,NO CONTROLS,HEAD ON,,0,0,1,1,0,1,0,42.0059461214,DAYLIGHT,-87.6679453298,NONINCAPACITATING INJURY,2,25,UNABLE TO DETERMINE,,NO DEFECTS,DRY,UNABLE TO DETERMINE,,N,GREENVIEW AVE,6816,NO CONTROLS,ONE-WAY,CLEAR,,,,,,,2,2,"{""coordinates"": [-87.667945329778, 42.005946121426], ""type"": ""Point""}","[""FRONT"", ""FRONT-LEFT-CORNER""]","[""SUBARU"", ""UNKNOWN""]","[""MERGING"", ""STRAIGHT AHEAD""]","[""CROSSTREK"", ""OTHER (EXPLAIN IN NARRATIVE)""]",[],"[""44""]","[""NOT APPLICABLE""]","[""NONE""]","[""NO INDICATION OF INJURY"", ""NONINCAPACITATING INJURY""]","[""O2154492"", ""O2154493""]"
STRAIGHT AND LEVEL,722,2025-09-19T13:00:00.000,6,13,9,56666e4e1c78e114228169b0528c7d46f8bfbf0a96d66b967753fd7d5decce7e078628e23b4e0155f797fb608363db9855823541518decf3b1722592687375be,NO INJURY / DRIVE AWAY,"OVER $1,500",2025-09-19T13:02:00.000,NO CONTROLS,SIDESWIPE SAME DIRECTION,,0,0,4,0,0,0,0,41.7721372992,DAYLIGHT,-87.6388599197,NO INDICATION OF INJURY,2,20,IMPROPER LANE USAGE,ON SCENE,NO DEFECTS,DRY,IMPROPER LANE USAGE,,S,PARNELL AVE,6712,NO CONTROLS,ONE-WAY,CLEAR,,,,,,,2,4,"{""coordinates"": [-87.63885991968, 41.772137299162], ""type"": ""Point""}","[""SIDE-LEFT"", ""SIDE-RIGHT""]","[""NISSAN"", ""TOYOTA""]","[""SLOW/STOP IN TRAFFIC"", ""STRAIGHT AHEAD""]","[""COROLLA"", ""SENTRA""]",[],"[""27"", ""37"", ""40"", ""59""]","[""DID NOT DEPLOY"", ""NOT APPLICABLE""]","[""NONE""]","[""NO INDICATION OF INJURY""]","[""O2153804"", ""O2153805"", ""P475419"", ""P475420""]"
STRAIGHT AND LEVEL,833,2025-09-19T13:00:00.000,6,13,9,6b8c9e91b980d948a1bb5c32b4464c3b8ae43ad5182da1badd62fc83f97e64c0c0b6379cca3e9d40ff06136fd5cbc2fa59080790f8a733b5b326f54279b2272a,NO INJURY / DRIVE AWAY,"OVER $1,500",2025-09-19T14:00:00.000,FUNCTIONING PROPERLY,ANGLE,,0,0,2,0,0,0,0,41.7714665717,DAYLIGHT,-87.7238550052,NO INDICATION OF INJURY,2,30,FAILING TO YIELD RIGHT-OF-WAY,NOT ON SCENE (DESK REPORT),NO DEFECTS,DRY,NOT APPLICABLE,,W,MARQUETTE RD,4032,STOP SIGN/FLASHER,NOT DIVIDED,CLEAR,,Y,,,,,2,2,"{""coordinates"": [-87.723855005166, 41.771466571703], ""type"": ""Point""}","[""FRONT"", ""SIDE-LEFT""]","[""HONDA"", ""MITSUBISHI""]","[""STRAIGHT AHEAD""]","[""ACCORD"", ""ECLIPSE""]",[],[],"[""DID NOT DEPLOY""]","[""NONE""]","[""NO INDICATION OF INJURY""]","[""O2153783"", ""O2153784""]"
STRAIGHT AND LEVEL,1634,2025-09-19T13:00:00.000,6,13,9,9cb7a57de8633d11a54687f8f10214c1493504919a908aabccd0fba28b729169e412bd5a5bd6666515a28176ad34093f9110cb7bbbd2d28eea28c309159d5b96,NO INJURY / DRIVE AWAY,"$501 - $1,500",2025-09-19T13:05:00.000,FUNCTIONING PROPERLY,SIDESWIPE SAME DIRECTION,,0,0,3,0,0,0,0,41.9457232406,DAYLIGHT,-87.7471975312,NO INDICATION OF INJURY,3,30,UNABLE TO DETERMINE,ON SCENE,NO DEFECTS,DRY,NOT APPLICABLE,,N,CICERO AVE,3548,TRAFFIC SIGNAL,FOUR WAY,CLEAR,,,,,,,3,3,"{""coordinates"": [-87.747197531232, 41.945723240617], ""type"": ""Point""}","[""SIDE-LEFT"", ""SIDE-RIGHT""]","[""FORD"", ""GENESIS"", ""TOYOTA""]","[""STRAIGHT AHEAD""]","[""COROLLA"", ""FUSION"", ""G80""]",[],"[""38"", ""47"", ""53""]","[""DEPLOYMENT UNKNOWN"", ""DID NOT DEPLOY""]","[""NONE""]","[""NO INDICATION OF INJURY""]","[""O2153773"", ""O2153774"", ""O2153775""]"
STRAIGHT AND LEVEL,2232,2025-09-19T13:00:00.000,6,13,9,e21fcb5a9efe3ffb4a8bcfa5bac9e901e047765bfe26c7f8268dae8b56866d3add0c21147b19930e57576e6b5cfaa80ec993329d395b6d075c515ba6e66fdbe7,NO INJURY / DRIVE AWAY,"$501 - $1,500",2025-09-19T17:35:00.000,NO CONTROLS,PARKED MOTOR VEHICLE,Y,0,0,1,0,0,0,0,41.7088633734,DAYLIGHT,-87.6406025927,NO INDICATION OF INJURY,2,25,UNABLE TO DETERMINE,NOT ON SCENE (DESK REPORT),NO DEFECTS,DRY,NOT APPLICABLE,,S,UNION AVE,10158,NO CONTROLS,NOT DIVIDED,CLEAR,,,,,,,2,1,"{""coordinates"": [-87.640602592676, 41.708863373352], ""type"": ""Point""}","[""SIDE-LEFT"", ""UNKNOWN""]","[""ISUZU"", ""NISSAN""]","[""PARKED"", ""UNKNOWN/NA""]","[""OTHER (EXPLAIN IN NARRATIVE)"", ""SENTRA""]",[],[],"[""DEPLOYMENT UNKNOWN""]","[""NONE""]","[""NO INDICATION OF INJURY""]","[""O2153979""]"
STRAIGHT AND LEVEL,1125,2025-09-19T13:00:00.000,6,13,9,e687e5958eea662aa4dc561c8a156f679989fe73820555f869d64de345d04a71049e7594fa5e85cfa28a1de5fcc5c081aa5a928ed08bd23eac1ed97d832ba649,NO INJURY / DRIVE AWAY,"$501 - $1,500",2025-09-19T13:30:00.000,NO CONTROLS,SIDESWIPE SAME DIRECTION,Y,0,0,2,0,0,0,0,41.8761534418,DAYLIGHT,-87.6864194629,NO INDICATION OF INJURY,2,30,UNABLE TO DETERMINE,NOT ON SCENE (DESK REPORT),NO DEFECTS,DRY,UNABLE TO DETERMINE,,S,WESTERN AVE,350,NO CONTROLS,NOT DIVIDED,CLEAR,,,,,,,2,2,"{""coordinates"": [-87.686419462863, 41.876153441824], ""type"": ""Point""}","[""FRONT-LEFT-CORNER"", ""SIDE-RIGHT""]","[""ACURA"", ""MERCEDES-BENZ""]","[""CHANGING LANES"", ""STRAIGHT AHEAD""]","[""350 SERIES"", ""ADX""]",[],"[""38""]","[""DEPLOYMENT UNKNOWN"", ""DID NOT DEPLOY""]","[""NONE""]","[""NO INDICATION OF INJURY""]","[""O2153777"", ""O2153778""]"
STRAIGHT AND LEVEL,1111,2025-09-19T13:03:00.000,6,13,9,fd83b4de94f7f40dd361be9ab2483211bb4c47c7e1649b0cc171a588f4b9829c7e6bf3ebe0e0e56baaa800dcadcbd8a288d024ab09ebe8639778543c4f0b2c1c,INJURY AND / OR TOW DUE TO CRASH,"OVER $1,500",2025-09-19T13:11:00.000,FUNCTIONING PROPERLY,ANGLE,,0,0,2,0,0,0,0,41.8967645122,DAYLIGHT,-87.7457403062,NO INDICATION OF INJURY,3,30,UNABLE TO DETERMINE,ON SCENE,NO DEFECTS,DRY,NOT APPLICABLE,,W,IOWA ST,4799,STOP SIGN/FLASHER,NOT DIVIDED,CLEAR,,Y,,,,,3,2,"{""coordinates"": [-87.745740306223, 41.896764512245], ""type"": ""Point""}","[""FRONT"", ""FRONT-LEFT-CORNER"", ""SIDE-LEFT-REAR""]","[""DODGE"", ""FORD"", ""NISSAN""]","[""PARKED"", ""STRAIGHT AHEAD""]","[""AVENGER"", ""EDGE"", ""MAXIMA""]","[""Y""]","[""25"", ""35""]","[""DID NOT DEPLOY""]","[""NONE""]","[""NO INDICATION OF INJURY""]","[""O2153810"", ""O2153811""]"
STRAIGHT AND LEVEL,235,2025-09-19T13:10:00.000,6,13,9,ca8166da26a2f3246656d1b113de4bc5b46758fa94f71687eece7c5d0752b288b844ee5ea1a49b8649c3371e2626d614a80fd329491f11c5e5ca23e8f1fed921,NO INJURY / DRIVE AWAY,"OVER $1,500",2025-09-19T16:36:00.000,NO CONTROLS,REAR TO SIDE,Y,0,0,2,0,0,0,0,41.7935062703,DAYLIGHT,-87.5857557812,NO INDICATION OF INJURY,2,30,IMPROPER BACKING,NOT ON SCENE (DESK REPORT),UNKNOWN,DRY,IMPROPER BACKING,,E,56TH ST,1616,NO CONTROLS,NOT DIVIDED,CLEAR,,,,,,,2,2,"{""coordinates"": [-87.585755781205, 41.793506270328], ""type"": ""Point""}","[""REAR"", ""SIDE-RIGHT-REAR""]","[""HONDA"", ""TOYOTA""]","[""BACKING"", ""STRAIGHT AHEAD""]","[""HR-V"", ""PRIUS""]",[],"[""39""]","[""DEPLOYMENT UNKNOWN"", ""DID NOT DEPLOY""]","[""NONE""]","[""NO INDICATION OF INJURY""]","[""O2153905"", ""O2153906""]"
STRAIGHT AND LEVEL,1654,2025-09-19T13:10:00.000,6,13,9,f0bc367505e38bca0eb1079771abb2f5d0aa1a90872cd9083d285a8fb6c413dfa602ddfefecf72f20048ef2a043894f06ee42f620d115f92ddce9bd19cbd2288,NO INJURY / DRIVE AWAY,"OVER $1,500",2025-09-19T13:15:00.000,NO CONTROLS,REAR END,,0,0,2,0,0,0,0,,DAYLIGHT,,NO INDICATION OF INJURY,2,45,UNABLE TO DETERMINE,ON SCENE,NO DEFECTS,DRY,NOT APPLICABLE,,W,I190 EXPY IB,13,NO CONTROLS,DIVIDED - W/MEDIAN BARRIER,CLEAR,,,,,,,2,2,,"[""FRONT"", ""REAR""]","[""HYUNDAI"", ""KIA""]","[""SLOW/STOP IN TRAFFIC"", ""STRAIGHT AHEAD""]","[""ELANTRA"", ""OPTIMA / K5""]",[],"[""20"", ""29""]","[""DID NOT DEPLOY"", ""NOT APPLICABLE""]","[""NONE""]","[""NO INDICATION OF INJURY""]","[""O2153788"", ""O2153789""]"
STRAIGHT AND LEVEL,1732,2025-09-19T13:10:00.000,6,13,9,feaedd563ad6c9a16224155e422ab06994e381ea346c6fba722a6427c9bebdb4f37eee1bf5dd6bc0913dfc3e3a2009af4f7392c33dcfc24e5533df99ef32935a,NO INJURY / DRIVE AWAY,"OVER $1,500",2025-09-23T14:00:00.000,FUNCTIONING PROPERLY,REAR END,Y,0,0,2,0,0,0,0,41.939387374,DAYLIGHT,-87.7200007538,NO INDICATION OF INJURY,2,20,FOLLOWING TOO CLOSELY,NOT ON SCENE (DESK REPORT),NO DEFECTS,DRY,NOT APPLICABLE,,N,LAWNDALE AVE,3204,STOP SIGN/FLASHER,ONE-WAY,CLEAR,,,,,,,2,2,"{""coordinates"": [-87.720000753838, 41.939387373989], ""type"": ""Point""}","[""FRONT"", ""REAR""]","[""BMW"", ""LEXUS""]","[""STRAIGHT AHEAD""]","[""LX"", ""X3""]",[],"[""65""]","[""DEPLOYMENT UNKNOWN"", ""NOT APPLICABLE""]","[""NONE""]","[""NO INDICATION OF INJURY""]","[""O2156448"", ""O2156449""]"
STRAIGHT AND LEVEL,411,2025-09-19T13:15:00.000,6,13,9,b007eaaa8f36167e8680beda3765283b899e3bcdbe8506a1842e006010a0a0518cb029d844bab682d2148b03f6b57bfa0aea96f9513e1720546e3341353e212e,NO INJURY / DRIVE AWAY,"OVER $1,500",2025-09-19T15:50:00.000,FUNCTIONING PROPERLY,ANGLE,,0,0,2,0,0,0,0,41.7586492911,DAYLIGHT,-87.5933741559,NO INDICATION OF INJURY,2,30,DISREGARDING OTHER TRAFFIC SIGNS,NOT ON SCENE (DESK REPORT),NO DEFECTS,DRY,NOT APPLICABLE,,S,KIMBARK AVE,7500,STOP SIGN/FLASHER,NOT DIVIDED,CLEAR,,Y,,,,,2,2,"{""coordinates"": [-87.593374155881, 41.758649291065], ""type"": ""Point""}","[""FRONT-LEFT-CORNER"", ""SIDE-RIGHT""]","[""MAZDA"", ""TOYOTA""]","[""STRAIGHT AHEAD""]","[""OTHER (EXPLAIN IN NARRATIVE)"", ""RAV4""]",[],"[""26""]","[""DID NOT DEPLOY""]","[""NONE""]","[""NO INDICATION OF INJURY""]","[""O2153890"", ""O2153891""]"
STRAIGHT AND LEVEL,1132,2025-09-19T13:17:00.000,6,13,9,21f33a4677bedfed87025d788cf6f91540f46cc435b5c0901cbe2cc1348bef8240a5cccce142a0e1eb2f39c66ee79b0493e5f2e044909e75632967fdcd5ddfc6,NO INJURY / DRIVE AWAY,"OVER $1,500",2025-09-19T14:30:00.000,NO CONTROLS,REAR END,,0,0,3,0,0,0,0,41.8745373122,DAYLIGHT,-87.7255969017,NO INDICATION OF INJURY,3,30,UNABLE TO DETERMINE,NOT ON SCENE (DESK REPORT),UNKNOWN,UNKNOWN,NOT APPLICABLE,,S,PULASKI RD,420,NO CONTROLS,NOT DIVIDED,CLEAR,,,,,,,3,3,"{""coordinates"": [-87.725596901652, 41.874537312209], ""type"": ""Point""}","[""FRONT"", ""REAR""]","[""BUICK"", ""HONDA"", ""KIA""]","[""SLOW/STOP IN TRAFFIC"", ""STRAIGHT AHEAD""]","[""CIVIC"", ""ENCLAVE"", ""SORENTO""]",[],"[""32"", ""35"", ""48""]","[""DID NOT DEPLOY""]","[""NONE""]","[""NO INDICATION OF INJURY""]","[""O2153817"", ""O2153818"", ""O2153819""]"
STRAIGHT AND LEVEL,1925,2025-09-19T13:25:00.000,6,13,9,03e182981fd0b718b965972a60d0df2b59044bb3fb36a8a62558fd9155bc8c3174e3a6a06b3b6e2ccb86633ce5d2fd51dfa641faa6dba2754f9fd72d1ab9d9a4,INJURY AND / OR TOW DUE TO CRASH,"OVER $1,500",2025-09-19T15:37:00.000,OTHER,PEDALCYCLIST,Y,0,1,1,0,0,1,0,41.9535434773,DAYLIGHT,-87.6443005968,INCAPACITATING INJURY,2,30,UNABLE TO DETERMINE,ON SCENE,NO DEFECTS,DRY,NOT APPLICABLE,,N,RECREATION DR,3920,OTHER,NOT DIVIDED,CLEAR,,,,,,,2,2,"{""coordinates"": [-87.644300596842, 41.953543477274], ""type"": ""Point""}","[""FRONT""]","[""UNKNOWN""]","[""STRAIGHT AHEAD""]","[""MOTORIZED""]",[],"[""32""]","[""DEPLOYMENT UNKNOWN""]","[""NONE""]","[""INCAPACITATING INJURY"", ""NO INDICATION OF INJURY""]","[""O2153897"", ""O2153898""]"
STRAIGHT AND LEVEL,1235,2025-09-19T13:25:00.000,6,13,9,b68ea4af10f8013f4f52f3b6a2a0da85827dad97e2608e4c77b98ebdff92fa48c3a1cbb4b7e5faf37a4724fe420d5b83830dbff9315998b39f6ac4e221fae778,NO INJURY / DRIVE AWAY,"OVER $1,500",2025-09-19T16:24:00.000,UNKNOWN,PARKED MOTOR VEHICLE,Y,0,0,1,0,0,0,0,41.8575791408,DAYLIGHT,-87.6517023918,NO INDICATION OF INJURY,2,30,UNABLE TO DETERMINE,ON SCENE,UNKNOWN,DRY,UNABLE TO DETERMINE,,S,MORGAN ST,1812,UNKNOWN,NOT DIVIDED,CLEAR,,,,,,,2,1,"{""coordinates"": [-87.651702391761, 41.857579140763], ""type"": ""Point""}","[""REAR-LEFT-CORNER"", ""UNKNOWN""]","[""TOYOTA"", ""UNKNOWN""]","[""PARKED"", ""UNKNOWN/NA""]","[""OTHER (EXPLAIN IN NARRATIVE)"", ""SIENNA""]",[],[],"[""DEPLOYMENT UNKNOWN""]","[""NONE""]","[""NO INDICATION OF INJURY""]","[""O2153933""]"
STRAIGHT AND LEVEL,733,2025-09-19T13:25:00.000,6,13,9,f67ea1849cd571820b0b0dcb1386a7aababd103dacc35cc11be2842c4616301d4dcb5db7a739eec89422c4800f48da468f607e0b712492be72e502a36ca921a9,INJURY AND / OR TOW DUE TO CRASH,"OVER $1,500",2025-09-19T13:34:00.000,NO CONTROLS,TURNING,,0,0,2,1,0,1,0,41.7671243348,DAYLIGHT,-87.6445206573,NONINCAPACITATING INJURY,2,30,DRIVING SKILLS/KNOWLEDGE/EXPERIENCE,,UNKNOWN,DRY,NOT APPLICABLE,,W,70TH ST,800,NO CONTROLS,NOT DIVIDED,CLEAR,,,,,,,2,3,"{""coordinates"": [-87.64452065734, 41.767124334804], ""type"": ""Point""}","[""FRONT"", ""FRONT-RIGHT-CORNER""]","[""CHEVROLET"", ""HONDA""]","[""STRAIGHT AHEAD"", ""TURNING LEFT""]","[""EQUINOX"", ""ODYSSEY""]","[""Y""]","[""26"", ""34"", ""49""]","[""DEPLOYED, COMBINATION""]","[""NONE""]","[""NO INDICATION OF INJURY"", ""NONINCAPACITATING INJURY""]","[""O2154405"", ""O2154406"", ""P475511""]"
STRAIGHT AND LEVEL,1733,2025-09-19T13:30:00.000,6,13,9,374a986b65c071a1406121900961fa8fc318d57d03ca201b0f9498332a2cdf1aed784e2e977618270494e16faa4447165aa6ad6b811d6a41c18391e0c0efb4e4,NO INJURY / DRIVE AWAY,"$501 - $1,500",2025-09-19T15:35:00.000,FUNCTIONING PROPERLY,SIDESWIPE SAME DIRECTION,Y,0,0,2,0,0,0,0,41.9394983726,DAYLIGHT,-87.6986613797,NO INDICATION OF INJURY,2,30,IMPROPER LANE USAGE,NOT ON SCENE (DESK REPORT),UNKNOWN,DRY,IMPROPER LANE USAGE,,W,BELMONT AVE,2820,TRAFFIC SIGNAL,DIVIDED - W/MEDIAN (NOT RAISED),CLEAR,,,,,,,2,2,"{""coordinates"": [-87.698661379708, 41.939498372567], ""type"": ""Point""}","[""FRONT-LEFT-CORNER"", ""UNKNOWN""]","[""JEEP"", ""UNKNOWN""]","[""STRAIGHT AHEAD"", ""UNKNOWN/NA""]","[""LIBERTY"", ""OTHER (EXPLAIN IN NARRATIVE)""]",[],"[""21""]","[""DEPLOYMENT UNKNOWN"", ""NOT APPLICABLE""]","[""UNKNOWN""]","[""NO INDICATION OF INJURY""]","[""O2153868"", ""O2153869""]"
STRAIGHT AND LEVEL,1432,2025-09-19T13:30:00.000,6,13,9,fbfe2e3a2b91baaa790633c4e2c6b0c9760552f4b63086c6987dad130d4ae45634494b915b578b4ff6c04afbebe3d6c9e342715601dd866d0f752d77199dacab,INJURY AND / OR TOW DUE TO CRASH,"OVER $1,500",2025-09-19T13:40:00.000,FUNCTIONING PROPERLY,TURNING,,0,0,1,0,1,1,0,41.9253300003,DAYLIGHT,-87.6780885595,"REPORTED, NOT EVIDENT",2,30,UNABLE TO DETERMINE,ON SCENE,NO DEFECTS,DRY,UNABLE TO DETERMINE,,N,ELSTON AVE,2414,TRAFFIC SIGNAL,NOT DIVIDED,CLEAR,,Y,,,,,2,2,"{""coordinates"": [-87.678088559499, 41.92533000027], ""type"": ""Point""}","[""FRONT""]","[""NISSAN"", ""TESLA""]","[""TURNING LEFT""]","[""ALTIMA"", ""MODEL 3""]","[""Y""]","[""27"", ""55""]","[""NOT APPLICABLE""]","[""NONE""]","[""NO INDICATION OF INJURY"", ""REPORTED, NOT EVIDENT""]","[""O2153800"", ""O2153801""]"
STRAIGHT AND LEVEL,1232,2025-09-19T13:40:00.000,6,13,9,d99c1751160dd2facc4949d2285b45286de90df4fae5263ee431e67715e07f690e47860e6460c914cbfa7d362e6414bfd1a02d92731b7d501f35dfffa1bf69ab,NO INJURY / DRIVE AWAY,"OVER $1,500",2025-09-19T14:00:00.000,FUNCTIONING PROPERLY,TURNING,,0,0,2,0,0,0,0,41.8744273648,DAYLIGHT,-87.6546929927,NO INDICATION OF INJURY,2,30,UNABLE TO DETERMINE,ON SCENE,UNKNOWN,DRY,UNABLE TO DETERMINE,,W,HARRISON ST,1104,TRAFFIC SIGNAL,DIVIDED - W/MEDIAN (NOT RAISED),CLEAR,,,,,,,2,2,"{""coordinates"": [-87.654692992663, 41.874427364842], ""type"": ""Point""}","[""FRONT"", ""REAR-LEFT-CORNER""]","[""KIA"", ""LEXUS""]","[""STRAIGHT AHEAD"", ""TURNING LEFT""]","[""RX350"", ""SORENTO""]",[],"[""20"", ""45""]","[""NOT APPLICABLE""]","[""NONE""]","[""NO INDICATION OF INJURY""]","[""O2153822"", ""O2153823""]"
STRAIGHT AND LEVEL,1021,2025-09-19T13:45:00.000,6,13,9,a9682a01bbaff941698f6cffcbfd2cb6c8b19025c419f7fcde87da753acb446a7f9e5ab3565af7f406f9ab7a6633d0a50505db6f02375443c726ac57c16679ec,NO INJURY / DRIVE AWAY,"OVER $1,500",2025-09-22T09:11:00.000,NO CONTROLS,REAR END,Y,0,0,2,0,0,0,0,41.8623718176,DAYLIGHT,-87.7105768991,NO INDICATION OF INJURY,2,30,UNABLE TO DETERMINE,NOT ON SCENE (DESK REPORT),NO DEFECTS,DRY,NOT APPLICABLE,,S,HOMAN AVE,1400,NO CONTROLS,NOT DIVIDED,CLEAR,,,,,,,2,2,"{""coordinates"": [-87.710576899133, 41.862371817606], ""type"": ""Point""}","[""FRONT"", ""REAR""]","[""FORD"", ""UNKNOWN""]","[""SLOW/STOP IN TRAFFIC"", ""STRAIGHT AHEAD""]","[""F250"", ""OTHER (EXPLAIN IN NARRATIVE)""]",[],"[""64""]","[""DEPLOYMENT UNKNOWN"", ""DID NOT DEPLOY""]","[""NONE""]","[""NO INDICATION OF INJURY""]","[""O2155535"", ""O2155536""]"
STRAIGHT AND LEVEL,1033,2025-09-19T13:50:00.000,6,13,9,84b2b29c412beeeb30a201b8f644cd89398cf63d54c83de8683132b892143ca1b444fffbddad8d528e87e08a77c5454681117b04083e8cbb8a9970594144f437,NO INJURY / DRIVE AWAY,"OVER $1,500",2025-09-19T14:15:00.000,NO CONTROLS,REAR END,,0,0,2,0,0,0,0,41.8372770504,DAYLIGHT,-87.6951722465,NO INDICATION OF INJURY,2,30,UNABLE TO DETERMINE,NOT ON SCENE (DESK REPORT),NO DEFECTS,DRY,UNABLE TO DETERMINE,,S,CALIFORNIA AVE,3100,NO CONTROLS,NOT DIVIDED,CLEAR,,,,,,,2,2,"{""coordinates"": [-87.695172246519, 41.837277050366], ""type"": ""Point""}","[""FRONT"", ""REAR""]","[""HONDA"", ""NISSAN""]","[""STRAIGHT AHEAD""]","[""ACCORD"", ""FRONTIER""]",[],"[""25"", ""57""]","[""DID NOT DEPLOY""]","[""NONE""]","[""NO INDICATION OF INJURY""]","[""O2153815"", ""O2153816""]"
STRAIGHT AND LEVEL,424,2025-09-19T13:56:00.000,6,13,9,7e086634d53a8c23e9e57e20d4eefd494923ee5d288a85cb21cd5463ae229b89ca2c1d76890fe7df4a3d0a46d5c7e4e5aa33fd5a5e651f517a99c9c44bd31ed2,NO INJURY / DRIVE AWAY,"$501 - $1,500",2025-09-22T16:30:00.000,NO CONTROLS,PARKED MOTOR VEHICLE,,0,0,1,0,0,0,0,41.7438302014,DAYLIGHT,-87.5428909961,NO INDICATION OF INJURY,2,10,NOT APPLICABLE,NOT ON SCENE (DESK REPORT),NO DEFECTS,DRY,NOT APPLICABLE,,S,MACKINAW AVE,8331,NO CONTROLS,PARKING LOT,CLEAR,,,,,,,2,1,"{""coordinates"": [-87.542890996052, 41.743830201351], ""type"": ""Point""}","[""SIDE-RIGHT-FRONT""]","[""CHEVROLET"", ""LAND ROVER""]","[""OTHER"", ""PARKED""]","[""BLAZER"", ""DEFENDER""]",[],"[""59""]","[""DID NOT DEPLOY""]","[""NONE""]","[""NO INDICATION OF INJURY""]","[""O2156030""]"
STRAIGHT AND LEVEL,1111,2025-09-19T14:00:00.000,6,14,9,b8206e4c77506c29a12d8cb80ac9e5dd2fd977e90971738456a7e54bb4f73876873f18804ec3f0ce0f9db031d8fb69d2674a7bc69e704b3143b3b65262a9948a,INJURY AND / OR TOW DUE TO CRASH,"OVER $1,500",2025-09-19T14:40:00.000,FUNCTIONING PROPERLY,ANGLE,Y,0,0,2,0,0,0,0,41.898937119,DAYLIGHT,-87.7337275997,NO INDICATION OF INJURY,2,30,DISREGARDING STOP SIGN,NOT ON SCENE (DESK REPORT),UNKNOWN,UNKNOWN,NOT APPLICABLE,,N,KILDARE AVE,1000,STOP SIGN/FLASHER,NOT DIVIDED,CLEAR,,Y,,,,,2,2,"{""coordinates"": [-87.733727599705, 41.898937119022], ""type"": ""Point""}","[""FRONT"", ""FRONT-RIGHT-CORNER""]","[""HONDA"", ""UNKNOWN""]","[""STRAIGHT AHEAD""]","[""CR-V"", ""OTHER (EXPLAIN IN NARRATIVE)""]","[""Y""]",[],"[""DEPLOYED, SIDE"", ""DEPLOYMENT UNKNOWN""]","[""NONE""]","[""NO INDICATION OF INJURY""]","[""O2153826"", ""O2153827""]"
STRAIGHT AND LEVEL,1434,2025-09-19T14:05:00.000,6,14,9,71488bc4edad7c64840e3a9355c95a9c8612f69f1c632ba91bed372ec279c9cb698f58cf36e44dab55809905391a96e74eb01f0ca8d0e01c483e75fbda99b8ff,NO INJURY / DRIVE AWAY,"OVER $1,500",2025-09-19T15:24:00.000,NO CONTROLS,PARKED MOTOR VEHICLE,,0,0,3,0,0,0,0,41.9104090236,DAYLIGHT,-87.6873702684,NO INDICATION OF INJURY,2,15,DRIVING SKILLS/KNOWLEDGE/EXPERIENCE,NOT ON SCENE (DESK REPORT),NO DEFECTS,DRY,NOT APPLICABLE,,N,WESTERN AVE,1600,NO CONTROLS,PARKING LOT,CLEAR,,,,,,Y,2,3,"{""coordinates"": [-87.687370268401, 41.910409023629], ""type"": ""Point""}","[""SIDE-LEFT-REAR""]","[""FREIGHTLINER CORPORATION"", ""NISSAN""]","[""PARKED"", ""STRAIGHT AHEAD""]","[""FREIGHTLINER CORP."", ""SENTRA""]",[],"[""18"", ""37"", ""55""]","[""DID NOT DEPLOY""]","[""NONE""]","[""NO INDICATION OF INJURY""]","[""O2153846"", ""P475431"", ""P475433""]"
STRAIGHT AND LEVEL,2212,2025-09-19T14:05:00.000,6,14,9,d080efde54bde1b2ae4e294689cc433f5511b41a22e514793740c7bb1d6c2068f9037c1d3bca7854e95398876838f5e6ac707f90c9c1f920923541548030ad57,NO INJURY / DRIVE AWAY,"OVER $1,500",2025-09-19T14:50:00.000,NO CONTROLS,TURNING,,0,0,2,0,0,0,0,41.677431193,DAYLIGHT,-87.6732513595,NO INDICATION OF INJURY,2,30,IMPROPER TURNING/NO SIGNAL,,NO DEFECTS,DRY,UNABLE TO DETERMINE,,W,119TH ST,2100,NO CONTROLS,DIVIDED - W/MEDIAN (NOT RAISED),CLEAR,,,,,,,2,2,"{""coordinates"": [-87.673251359512, 41.677431192973], ""type"": ""Point""}","[""FRONT-LEFT-CORNER"", ""NONE""]","[""CHEVROLET"", ""VOLKSWAGEN""]","[""STRAIGHT AHEAD"", ""TURNING LEFT""]","[""ATLAS"", ""IMPALA""]",[],"[""38"", ""53""]","[""DID NOT DEPLOY""]","[""NONE""]","[""NO INDICATION OF INJURY""]","[""O2154510"", ""O2154511""]"