alignment,beat_of_occurrence,crash_date,crash_day_of_week,crash_hour,crash_month,crash_record_id,crash_type,damage,date_police_notified,device_condition,first_crash_type,hit_and_run_i,injuries_fatal,injuries_incapacitating,injuries_no_indication,injuries_non_incapacitating,injuries_reported_not_evident,injuries_total,injuries_unknown,latitude,lighting_condition,longitude,most_severe_injury,num_units,posted_speed_limit,prim_contributory_cause,report_type,road_defect,roadway_surface_cond,sec_contributory_cause,statements_taken_i,street_direction,street_name,street_no,traffic_control_device,trafficway_type,weather_condition,crash_date_est_i,intersection_related_i,photos_taken_i,work_zone_i,dooring_i,private_property_i,veh_count,ppl_count,location_json,veh_first_contact_point_list_json,veh_make_list_json,veh_maneuver_list_json,veh_model_list_json,veh_towed_i_list_json,ppl_age_list_json,ppl_airbag_deployed_list_json,ppl_ejection_list_json,ppl_injury_classification_list_json,ppl_person_id_list_json
STRAIGHT AND LEVEL,2011,2025-09-19T15:50:00.000,6,15,9,c7ccd150d5f804670535aae9fa518f2e3226c332d247d9bc455e03a639145ebed4a0464186af1296c044ab97e9599bd3f068443f85f202ace75ff8960ffe2c21,NO INJURY / DRIVE AWAY,"OVER $1,500",2025-09-19T16:10:00.000,NO CONTROLS,PARKED MOTOR VEHICLE,,0,0,1,0,0,0,0,41.9837546963,DAYLIGHT,-87.6920382539,NO INDICATION OF INJURY,2,25,DRIVING SKILLS/KNOWLEDGE/EXPERIENCE,ON SCENE,NO DEFECTS,DRY,PHYSICAL CONDITION OF DRIVER,,N,CAMPBELL AVE,5618,NO CONTROLS,ONE-WAY,CLEAR,,,,,,,2,1,"{""coordinates"": [-87.692038253906, 41.983754696319], ""type"": ""Point""}","[""REAR-LEFT-CORNER"", ""SIDE-RIGHT-FRONT""]","[""FORD"", ""FREIGHTLINER CORPORATION""]","[""PARKED"", ""STRAIGHT AHEAD""]","[""ECONOLINE E450"", ""FREIGHTLINER CORP.""]",[],"[""29""]","[""DID NOT DEPLOY""]","[""NONE""]","[""NO INDICATION OF INJURY""]","[""O2153920""]"
STRAIGHT AND LEVEL,712,2025-09-19T15:55:00.000,6,15,9,25c46570653be7d89ad568b2ee2804dde48a20f177f142386df2f261f952a5e11eab17070be89cd9b91a5955cdd835236a0d374fa63cc3168054a2353c07565d,NO INJURY / DRIVE AWAY,"OVER $1,500",2025-09-19T15:56:00.000,FUNCTIONING PROPERLY,SIDESWIPE SAME DIRECTION,Y,0,0,5,0,0,0,0,41.7797672322,DAYLIGHT,-87.6494990379,NO INDICATION OF INJURY,2,25,IMPROPER OVERTAKING/PASSING,ON SCENE,NO DEFECTS,DRY,UNABLE TO DETERMINE,,S,MORGAN ST,6259,TRAFFIC SIGNAL,NOT DIVIDED,CLEAR,,Y,,,,,2,5,"{""coordinates"": [-87.649499037943, 41.779767232185], ""type"": ""Point""}","[""FRONT-RIGHT-CORNER"", ""REAR-LEFT-CORNER""]","[""CADILLAC"", ""VOLKSWAGEN""]","[""BACKING"", ""PASSING/OVERTAKING""]","[""OTHER (EXPLAIN IN NARRATIVE)""]",[],"[""70""]","[""DID NOT DEPLOY"", ""NOT APPLICABLE""]","[""NONE""]","[""NO INDICATION OF INJURY""]","[""O2153912"", ""O2153913"", ""P475441"", ""P475442"", ""P475443""]"
STRAIGHT AND LEVEL,823,2025-09-19T15:57:00.000,6,15,9,88e8c805ae7f081d1b63256e73e13b854629de3e981cff6a837f67df97df79ddfc279c52bc4efaecb8560106b74fb99d4f4e567cf70175f996658a3292705c09,INJURY AND / OR TOW DUE TO CRASH,"OVER $1,500",2025-09-19T17:00:00.000,NO CONTROLS,SIDESWIPE SAME DIRECTION,Y,0,0,1,0,1,1,0,41.780646109,DAWN,-87.7226697643,"REPORTED, NOT EVIDENT",2,30,UNABLE TO DETERMINE,NOT ON SCENE (DESK REPORT),NO DEFECTS,DRY,NOT APPLICABLE,,S,PULASKI RD,6155,NO CONTROLS,NOT DIVIDED,CLEAR,,,,,,,2,2,"{""coordinates"": [-87.722669764323, 41.780646108984], ""type"": ""Point""}","[""FRONT-LEFT-CORNER"", ""UNKNOWN""]","[""BUICK""]","[""STRAIGHT AHEAD""]","[""ENCLAVE""]",[],"[""47""]","[""DEPLOYMENT UNKNOWN"", ""NOT APPLICABLE""]","[""NONE"", ""UNKNOWN""]","[""NO INDICATION OF INJURY"", ""REPORTED, NOT EVIDENT""]","[""O2153942"", ""O2153943""]"
STRAIGHT AND LEVEL,524,2025-09-19T15:58:00.000,6,15,9,dfb660592c68d5df7018f5ff13930404ee3c6c1bbd9c9fea34f1b3b125822f8f6a9f5c372b5ac2f10830085cd872e2c42e92420cdf2fee151f44f2d9ce172304,NO INJURY / DRIVE AWAY,"$501 - $1,500",2025-09-19T18:00:00.000,NO CONTROLS,PARKED MOTOR VEHICLE,Y,0,0,1,0,0,0,0,41.6758965588,DAYLIGHT,-87.6419907812,NO INDICATION OF INJURY,2,30,UNABLE TO DETERMINE,NOT ON SCENE (DESK REPORT),NO DEFECTS,DRY,NOT APPLICABLE,,S,HALSTED ST,12000,NO CONTROLS,NOT DIVIDED,CLEAR,,,,,,,2,1,"{""coordinates"": [-87.641990781206, 41.675896558815], ""type"": ""Point""}","[""OTHER"", ""UNKNOWN""]","[""UNKNOWN""]","[""PARKED"", ""STRAIGHT AHEAD""]","[""OTHER (EXPLAIN IN NARRATIVE)""]",[],[],"[""DEPLOYMENT UNKNOWN""]","[""NONE""]","[""NO INDICATION OF INJURY""]","[""O2154000""]"
STRAIGHT AND LEVEL,632,2025-09-19T16:00:00.000,6,16,9,03cf6eb71eb2f4d23e63591a09a42c9233b22a328217d8059f831dd35d1f39e8b88e7296aa69603f9c3fd5308c28f7fe01f1e2cb8f2ec642b3d93d416d55f0d7,NO INJURY / DRIVE AWAY,"$501 - $1,500",2025-09-19T16:20:00.000,NO CONTROLS,REAR END,,0,0,2,0,0,0,0,41.73643838,DAYLIGHT,-87.6115647554,NO INDICATION OF INJURY,2,30,UNABLE TO DETERMINE,NOT ON SCENE (DESK REPORT),NO DEFECTS,DRY,UNABLE TO DETERMINE,,E,87TH ST,513,NO CONTROLS,NOT DIVIDED,CLEAR,,,,,,,2,2,"{""coordinates"": [-87.611564755375, 41.73643838003], ""type"": ""Point""}","[""FRONT"", ""REAR""]","[""FORD"", ""KIA""]","[""STRAIGHT AHEAD""]","[""ESCAPE"", ""SPORTAGE""]",[],"[""32"", ""58""]","[""DID NOT DEPLOY""]","[""NONE""]","[""NO INDICATION OF INJURY""]","[""O2153910"", ""O2153911""]"
STRAIGHT AND LEVEL,212,2025-09-19T16:00:00.000,6,16,9,4a423fbb9a1ff5a27fa9d560c64b491c2f82e5cc914ef7e0ffa416f78220c0765a898db737ef86a3e35c96b05a3c38a347ce6c899eb35ff3f486339458a8e3ea,NO INJURY / DRIVE AWAY,"OVER $1,500",2025-09-19T17:00:00.000,NO CONTROLS,ANGLE,,0,0,2,0,0,0,0,41.830955246,DAYLIGHT,-87.6211972537,NO INDICATION OF INJURY,2,30,FAILING TO YIELD RIGHT-OF-WAY,NOT ON SCENE (DESK REPORT),NO DEFECTS,DRY,FAILING TO YIELD RIGHT-OF-WAY,,E,35TH ST,213,NO CONTROLS,NOT DIVIDED,CLEAR,,,,,,,2,2,"{""coordinates"": [-87.621197253736, 41.830955246009], ""type"": ""Point""}","[""FRONT-LEFT-CORNER"", ""FRONT-RIGHT-CORNER""]","[""NISSAN"", ""VOLKSWAGEN""]","[""STRAIGHT AHEAD""]","[""JETTA"", ""VERSA""]",[],[],"[""DID NOT DEPLOY""]","[""NONE""]","[""NO INDICATION OF INJURY""]","[""O2153958"", ""O2153959""]"
STRAIGHT AND LEVEL,1023,2025-09-19T16:00:00.000,6,16,9,ae7e00615474aef75686d89a14dd3a6860a575d6437d9020ac1882ce9fa3f2b9c29f6407807c13dd36573eb6a9ae080dff0141cdc0df9b5dbbab5b80ff45dbe1,INJURY AND / OR TOW DUE TO CRASH,$500 OR LESS,2025-09-19T16:17:00.000,NO CONTROLS,PEDALCYCLIST,Y,0,0,1,1,0,1,0,41.8519640291,DAYLIGHT,-87.6988296639,NONINCAPACITATING INJURY,2,30,IMPROPER OVERTAKING/PASSING,ON SCENE,NO DEFECTS,DRY,FAILING TO YIELD RIGHT-OF-WAY,,W,CERMAK RD,2880,NO CONTROLS,NOT DIVIDED,CLEAR,,,,,,,2,2,"{""coordinates"": [-87.698829663895, 41.851964029125], ""type"": ""Point""}","[""FRONT""]","[""UNKNOWN""]","[""PASSING/OVERTAKING""]","[""OTHER (EXPLAIN IN NARRATIVE)""]",[],"[""32""]","[""DEPLOYMENT UNKNOWN""]","[""NONE"", ""UNKNOWN""]","[""NO INDICATION OF INJURY"", ""NONINCAPACITATING INJURY""]","[""O2153952"", ""O2153953""]"
STRAIGHT AND LEVEL,914,2025-09-19T16:06:00.000,6,16,9,1f8d564f1d9f68cf3b19c248c4beb77c7cf3342eb56720a339dc9fbd54092bdaa7217fe480f0dc9dae7bcc9e098de63f8707ab36850867c0d7cc3766e110fa87,NO INJURY / DRIVE AWAY,"OVER $1,500",2025-09-19T17:30:00.000,NO CONTROLS,TURNING,,0,0,2,0,0,0,0,41.8529840313,DAYLIGHT,-87.6303222683,NO INDICATION OF INJURY,2,30,UNABLE TO DETERMINE,NOT ON SCENE (DESK REPORT),NO DEFECTS,DRY,UNABLE TO DETERMINE,,W,CERMAK RD,122,NO CONTROLS,NOT DIVIDED,CLEAR,,,,,,,2,2,"{""coordinates"": [-87.63032226832, 41.852984031251], ""type"": ""Point""}","[""FRONT-RIGHT-CORNER"", ""SIDE-LEFT""]","[""LINCOLN"", ""TOYOTA""]","[""TURNING RIGHT""]","[""OTHER (EXPLAIN IN NARRATIVE)""]",[],"[""21"", ""32""]","[""DID NOT DEPLOY""]","[""NONE""]","[""NO INDICATION OF INJURY""]","[""O2154010"", ""O2154011""]"
STRAIGHT AND LEVEL,811,2025-09-19T16:08:00.000,6,16,9,ca90dc6a8a8efa9e662350d237671c7c5732f636e82a7d4eedd4493ae53fbb1db122bef1d8c1912e177c23d4f9fad47340b4383dc3cd46385acbe4c48375a85d,NO INJURY / DRIVE AWAY,"$501 - $1,500",2025-09-19T16:20:00.000,NO CONTROLS,SIDESWIPE SAME DIRECTION,Y,0,0,2,0,0,0,0,41.794849958,DAYLIGHT,-87.7672803563,NO INDICATION OF INJURY,2,30,IMPROPER OVERTAKING/PASSING,ON SCENE,NO DEFECTS,DRY,NOT APPLICABLE,,S,ARCHER AVE,6021,NO CONTROLS,NOT DIVIDED,CLEAR,,,,,,,2,2,"{""coordinates"": [-87.767280356289, 41.794849958048], ""type"": ""Point""}","[""SIDE-LEFT-FRONT"", ""SIDE-RIGHT""]","[""NOVA BUS"", ""UNKNOWN""]","[""PASSING/OVERTAKING"", ""STRAIGHT AHEAD""]","[""OTHER (EXPLAIN IN NARRATIVE)""]",[],"[""57""]","[""NOT APPLICABLE""]","[""NONE""]","[""NO INDICATION OF INJURY""]","[""O2153948"", ""O2153949""]"
STRAIGHT AND LEVEL,2221,2025-09-19T16:09:00.000,6,16,9,0fef5dbbf9e461d7d78eec05ca5d9b468d1295517327c53a2238387c10a4fff16cc619a37c72f35e6b95dcd26c6036a68ce20791a160b4721ae5bf95d820a608,INJURY AND / OR TOW DUE TO CRASH,"OVER $1,500",2025-09-19T16:10:00.000,NO CONTROLS,PEDESTRIAN,,0,1,1,0,0,1,0,41.7356898194,DAYLIGHT,-87.6624118909,INCAPACITATING INJURY,2,30,UNABLE TO DETERMINE,ON SCENE,NO DEFECTS,DRY,DRIVING SKILLS/KNOWLEDGE/EXPERIENCE,,W,87TH ST,1545,NO CONTROLS,DIVIDED - W/MEDIAN (NOT RAISED),CLEAR,,,,,,,2,2,"{""coordinates"": [-87.66241189088, 41.735689819404], ""type"": ""Point""}","[""FRONT-RIGHT-CORNER""]","[""CHEVROLET""]","[""ENTERING TRAFFIC LANE FROM PARKING""]","[""CRUZE""]","[""Y""]","[""25"", ""58""]","[""NOT APPLICABLE""]","[""NONE""]","[""INCAPACITATING INJURY"", ""NO INDICATION OF INJURY""]","[""O2153966"", ""O2153967""]"
STRAIGHT AND LEVEL,1834,2025-09-19T16:15:00.000,6,16,9,136e7cf06c8339913d26ea03b277bc13e34384c8f8e10fc87f63cd7fae449ed278786388eb6e03b1b114cba983570b41594666ffa13f4a01e638129c6257bcab,NO INJURY / DRIVE AWAY,"OVER $1,500",2025-09-21T09:40:00.000,FUNCTIONING PROPERLY,SIDESWIPE SAME DIRECTION,,0,0,2,0,0,0,0,41.8906015718,DAYLIGHT,-87.6239722259,NO INDICATION OF INJURY,2,30,FAILING TO REDUCE SPEED TO AVOID CRASH,NOT ON SCENE (DESK REPORT),NO DEFECTS,DRY,FAILING TO YIELD RIGHT-OF-WAY,,N,MICHIGAN AVE,441,TRAFFIC SIGNAL,DIVIDED - W/MEDIAN BARRIER,CLEAR,,,,,,,2,2,"{""coordinates"": [-87.623972225851, 41.890601571779], ""type"": ""Point""}","[""FRONT-LEFT-CORNER"", ""FRONT-RIGHT-CORNER""]","[""FORD"", ""TOYOTA""]","[""CHANGING LANES"", ""STARTING IN TRAFFIC""]","[""CAMRY"", ""EXPEDITION""]",[],"[""64"", ""66""]","[""DID NOT DEPLOY""]","[""NONE""]","[""NO INDICATION OF INJURY""]","[""O2155000"", ""O2155001""]"
STRAIGHT AND LEVEL,2532,2025-09-19T16:15:00.000,6,16,9,aebc51e1929c75b9228a6e3c9f974803d987aa8799dee8e01301e788c2bc040f6bcd7d9979542032480a72deb0a0be2ba5afb268d0d8b7ad77405d1302e5e7c3,NO INJURY / DRIVE AWAY,"OVER $1,500",2025-09-19T17:10:00.000,NO CONTROLS,SIDESWIPE OPPOSITE DIRECTION,Y,0,0,2,0,0,0,0,41.9023063776,DAYLIGHT,-87.7605177748,NO INDICATION OF INJURY,2,30,UNABLE TO DETERMINE,NOT ON SCENE (DESK REPORT),UNKNOWN,DRY,NOT APPLICABLE,,W,DIVISION ST,5356,NO CONTROLS,DIVIDED - W/MEDIAN (NOT RAISED),CLEAR,,,,,,,2,2,"{""coordinates"": [-87.76051777483, 41.902306377611], ""type"": ""Point""}","[""SIDE-LEFT""]","[""DODGE"", ""HYUNDAI""]","[""OTHER"", ""STRAIGHT AHEAD""]","[""CHARGER"", ""ELANTRA""]",[],"[""39""]","[""DEPLOYMENT UNKNOWN"", ""NOT APPLICABLE""]","[""NONE""]","[""NO INDICATION OF INJURY""]","[""O2153946"", ""O2153947""]"
STRAIGHT AND LEVEL,2411,2025-09-19T16:15:00.000,6,16,9,cef4c7b09ace6fe3dd72ee6fc129f9df9f1ce8ed99bab391f08a49d1672cfad8d3bec80ad6f358368794fd0eb96c308264ce74643292cc2130cabce1dc816450,NO INJURY / DRIVE AWAY,"$501 - $1,500",2025-09-19T16:45:00.000,UNKNOWN,REAR END,,0,0,2,0,0,0,0,42.0118876875,DAYLIGHT,-87.7029526138,NO INDICATION OF INJURY,2,30,UNABLE TO DETERMINE,NOT ON SCENE (DESK REPORT),UNKNOWN,UNKNOWN,NOT APPLICABLE,,W,TOUHY AVE,2919,UNKNOWN,DIVIDED - W/MEDIAN (NOT RAISED),UNKNOWN,,,,,,,2,2,"{""coordinates"": [-87.702952613824, 42.011887687548], ""type"": ""Point""}","[""FRONT"", ""REAR""]","[""KIA"", ""LEXUS""]","[""SLOW/STOP IN TRAFFIC"", ""STRAIGHT AHEAD""]","[""ES"", ""NIRO""]",[],"[""22""]","[""DEPLOYMENT UNKNOWN""]","[""NONE""]","[""NO INDICATION OF INJURY""]","[""O2153989"", ""O2153990""]"
STRAIGHT AND LEVEL,1831,2025-09-19T16:20:00.000,6,16,9,30112fad70d04539c625d15b9c4d23900ddb505b40aedd08bd3433b34b1f4897560141ecf16c267479db612a96210d0c6feadb16370d78fa3fafa07d6f894405,NO INJURY / DRIVE AWAY,"OVER $1,500",2025-09-19T17:21:00.000,UNKNOWN,SIDESWIPE SAME DIRECTION,,0,0,2,0,0,0,0,41.8931839222,UNKNOWN,-87.637227397,NO INDICATION OF INJURY,2,25,NOT APPLICABLE,NOT ON SCENE (DESK REPORT),UNKNOWN,UNKNOWN,NOT APPLICABLE,,N,ORLEANS ST,628,UNKNOWN,NOT DIVIDED,UNKNOWN,,,,,,,2,2,"{""coordinates"": [-87.637227397038, 41.893183922173], ""type"": ""Point""}","[""REAR-LEFT-CORNER"", ""SIDE-RIGHT""]","[""HONDA"", ""MERCEDES-BENZ""]","[""UNKNOWN/NA""]","[""CR-V"", ""GLA""]",[],"[""63""]","[""NOT APPLICABLE""]","[""NONE""]","[""NO INDICATION OF INJURY""]","[""O2153954"", ""O2153955""]"
STRAIGHT AND LEVEL,1733,2025-09-19T16:20:00.000,6,16,9,5207e681af27761c70ec513369fc778964e020284ccfc01fcd71cbae67a854ff3b1fbd6b3b1ca73739481f2c440a75d9b4aae7c6deaa2199296b7dac30a5dabd,NO INJURY / DRIVE AWAY,"OVER $1,500",2025-09-19T16:24:00.000,FUNCTIONING PROPERLY,TURNING,,0,0,2,0,0,0,0,41.9465491648,DAYLIGHT,-87.708952626,NO INDICATION OF INJURY,2,30,UNABLE TO DETERMINE,ON SCENE,NO DEFECTS,DRY,UNABLE TO DETERMINE,,N,ELSTON AVE,3600,TRAFFIC SIGNAL,DIVIDED - W/MEDIAN (NOT RAISED),CLEAR,,Y,,,,,2,2,"{""coordinates"": [-87.708952626035, 41.946549164806], ""type"": ""Point""}","[""FRONT-RIGHT-CORNER"", ""REAR-LEFT-CORNER""]","[""HONDA"", ""JEEP""]","[""STRAIGHT AHEAD"", ""TURNING LEFT""]","[""CIVIC"", ""COMPASS""]",[],"[""18"", ""34""]","[""NOT APPLICABLE""]","[""NONE""]","[""NO INDICATION OF INJURY""]","[""O2154004"", ""O2154005""]"
STRAIGHT AND LEVEL,1424,2025-09-19T16:22:00.000,6,16,9,70117c7f841c1ca28c730c30d19fb277ca51a57ae3b9c0bff07ad1c988e1c658df2f36d4d9fb5ba0784dee5b3f6a30150775dd319ce7f3cb43fde81f7b775062,NO INJURY / DRIVE AWAY,"OVER $1,500",2025-09-19T17:00:00.000,UNKNOWN,SIDESWIPE SAME DIRECTION,,0,0,2,0,0,0,0,41.9033244496,DAYLIGHT,-87.675825455,NO INDICATION OF INJURY,2,30,UNABLE TO DETERMINE,NOT ON SCENE (DESK REPORT),UNKNOWN,UNKNOWN,UNABLE TO DETERMINE,,W,DIVISION ST,1924,UNKNOWN,NOT DIVIDED,CLEAR,,,,,,,2,2,"{""coordinates"": [-87.675825455036, 41.903324449646], ""type"": ""Point""}","[""FRONT-LEFT-CORNER"", ""SIDE-RIGHT""]","[""FORD"", ""TOYOTA""]","[""PASSING/OVERTAKING"", ""STRAIGHT AHEAD""]","[""ESCAPE"", ""RAV4""]",[],"[""20"", ""26""]","[""DEPLOYMENT UNKNOWN""]","[""UNKNOWN""]","[""NO INDICATION OF INJURY""]","[""O2153940"", ""O2153941""]"
STRAIGHT AND LEVEL,2011,2025-09-19T16:36:00.000,6,16,9,d0cd8a89d63cbcd75e70243658bebe82e799567e945d95ca0f2a778ebebe2c248eb5223ce662cbbb94f0018f5c6d1c73b33ecbd4be8aaf8cccb262eb1225ec0b,INJURY AND / OR TOW DUE TO CRASH,$500 OR LESS,2025-09-19T20:35:00.000,FUNCTIONING PROPERLY,PEDALCYCLIST,Y,0,0,1,0,1,1,0,41.9759780821,DAYLIGHT,-87.6920592931,"REPORTED, NOT EVIDENT",2,30,FAILING TO YIELD RIGHT-OF-WAY,NOT ON SCENE (DESK REPORT),OTHER,DRY,NOT APPLICABLE,,W,FOSTER AVE,2472,TRAFFIC SIGNAL,NOT DIVIDED,CLEAR,,Y,,Y,,,2,2,"{""coordinates"": [-87.69205929311, 41.975978082116], ""type"": ""Point""}","[""FRONT""]","[""LEXUS""]","[""TURNING LEFT""]","[""CT200H""]",[],"[""28""]","[""DEPLOYMENT UNKNOWN""]","[""NONE"", ""PARTIALLY EJECTED""]","[""NO INDICATION OF INJURY"", ""REPORTED, NOT EVIDENT""]","[""O2154127"", ""O2154128""]"
STRAIGHT AND LEVEL,922,2025-09-19T16:37:00.000,6,16,9,a966db78c743487f721fd451f7a6fb005d01fbc225313147358af56202a27c9fe27c71bc635a553107eb852402869aeb3b1f0472f67287fd9871fa14d9c37527,NO INJURY / DRIVE AWAY,$500 OR LESS,2025-09-19T16:37:00.000,NO CONTROLS,ANGLE,,0,0,3,0,0,0,0,41.8102045553,DAYLIGHT,-87.6929798405,NO INDICATION OF INJURY,4,25,FAILING TO YIELD RIGHT-OF-WAY,ON SCENE,NO DEFECTS,DRY,NOT APPLICABLE,,W,46TH ST,2730,NO CONTROLS,FOUR WAY,CLEAR,,,,,,,4,3,"{""coordinates"": [-87.692979840508, 41.810204555287], ""type"": ""Point""}","[""FRONT"", ""REAR"", ""SIDE-LEFT-FRONT""]","[""ACURA"", ""FORD"", ""KIA"", ""NISSAN""]","[""PARKED"", ""STRAIGHT AHEAD""]","[""RANGER"", ""SOUL"", ""TLX"", ""X-TERRA""]",[],"[""16"", ""20"", ""33""]","[""DID NOT DEPLOY""]","[""NONE""]","[""NO INDICATION OF INJURY""]","[""O2153991"", ""O2153992"", ""P475452""]"
STRAIGHT AND LEVEL,1722,2025-09-19T16:38:00.000,6,16,9,abe4ce92a19b44105202423705aac43d09ff1af755ec2f527258d279292f65c83a7b93caed49e303f956d838331135c6c025cb05b5a203bf2c987e13acbcc734,INJURY AND / OR TOW DUE TO CRASH,"OVER $1,500",2025-09-19T16:38:00.000,FUNCTIONING PROPERLY,TURNING,,0,0,2,0,0,0,0,41.955567454,DAYLIGHT,-87.7293530406,NO INDICATION OF INJURY,2,30,UNABLE TO DETERMINE,ON SCENE,UNKNOWN,DRY,NOT APPLICABLE,,W,BELLE PLAINE AVE,4100,TRAFFIC SIGNAL,NOT DIVIDED,CLEAR,,Y,,,,,2,2,"{""coordinates"": [-87.729353040623, 41.95556745404], ""type"": ""Point""}","[""FRONT"", ""SIDE-RIGHT""]","[""HONDA""]","[""STRAIGHT AHEAD"", ""TURNING LEFT""]","[""CIVIC"", ""ODYSSEY""]","[""Y""]","[""52"", ""60""]","[""DEPLOYED, COMBINATION"", ""DID NOT DEPLOY""]","[""NONE""]","[""NO INDICATION OF INJURY""]","[""O2153983"", ""O2153984""]"
STRAIGHT AND LEVEL,1731,2025-09-19T16:40:00.000,6,16,9,5f6c6135a4ccfe8dfe65b603a5ac0cb95cd6da9cfc8cc25373a7f75763e628ffb718e48bd89ba18179c72b71f5b0828db19c7a2583e2f52a2244f573d5313f1b,NO INJURY / DRIVE AWAY,"OVER $1,500",2025-09-19T18:15:00.000,FUNCTIONING PROPERLY,REAR END,,0,0,3,0,0,0,0,41.946332274,DAYLIGHT,-87.7391568498,NO INDICATION OF INJURY,2,30,UNABLE TO DETERMINE,NOT ON SCENE (DESK REPORT),UNKNOWN,DRY,NOT APPLICABLE,,W,ADDISON ST,4450,TRAFFIC SIGNAL,NOT DIVIDED,CLEAR,,,,,,,2,3,"{""coordinates"": [-87.739156849826, 41.946332274015], ""type"": ""Point""}","[""FRONT"", ""REAR""]","[""FORD"", ""KIA""]","[""SLOW/STOP IN TRAFFIC"", ""STRAIGHT AHEAD""]","[""F150"", ""SORENTO""]",[],"[""10"", ""56"", ""64""]","[""DID NOT DEPLOY""]","[""NONE""]","[""NO INDICATION OF INJURY""]","[""O2154018"", ""O2154019"", ""P475456""]"
STRAIGHT AND LEVEL,1021,2025-09-19T16:45:00.000,6,16,9,8b7defbfb6bd78a2646e87909bc2878f922a6afe338bc3d2c6ba156acc969543bb6a78abdbe3ffd750d60e6845632f6f0fd6dfd1dbe53918ad03625899c6364a,NO INJURY / DRIVE AWAY,$500 OR LESS,2025-09-19T16:45:00.000,NO CONTROLS,PARKED MOTOR VEHICLE,,0,0,1,0,0,0,0,41.8555574034,DAYLIGHT,-87.7125898732,NO INDICATION OF INJURY,2,30,FAILING TO REDUCE SPEED TO AVOID CRASH,ON SCENE,NO DEFECTS,DRY,FAILING TO REDUCE SPEED TO AVOID CRASH,,W,OGDEN AVE,3498,NO CONTROLS,NOT DIVIDED,CLEAR,,,,,,,2,1,"{""coordinates"": [-87.712589873189, 41.855557403385], ""type"": ""Point""}","[""FRONT-LEFT-CORNER"", ""FRONT-RIGHT-CORNER""]","[""ACURA"", ""FORD""]","[""PARKED"", ""STRAIGHT AHEAD""]","[""CLUB WAGON E350"", ""TLX""]",[],"[""62""]","[""NOT APPLICABLE""]","[""NONE""]","[""NO INDICATION OF INJURY""]","[""O2153950""]"
STRAIGHT AND LEVEL,1033,2025-09-19T16:45:00.000,6,16,9,fc991e84b516af9959d0222d4cd4b14da8785099d02966915b5c7909998056be33d47c50a4433db8385344bb45c5d004d727fa81e818851aa2c98daaecae245c,NO INJURY / DRIVE AWAY,"$501 - $1,500",2025-09-21T14:20:00.000,NO CONTROLS,REAR TO FRONT,,0,0,2,0,0,0,0,41.8372264387,DAYLIGHT,-87.699243628,NO INDICATION OF INJURY,2,30,FAILING TO YIELD RIGHT-OF-WAY,NOT ON SCENE (DESK REPORT),NO DEFECTS,DRY,UNABLE TO DETERMINE,,W,31ST ST,2945,NO CONTROLS,NOT DIVIDED,CLEAR,,,,,,,2,2,"{""coordinates"": [-87.69924362797, 41.837226438744], ""type"": ""Point""}","[""FRONT"", ""REAR""]","[""BMW"", ""TOYOTA""]","[""BACKING"", ""SLOW/STOP IN TRAFFIC""]","[""CAMRY"", ""X5""]",[],"[""35""]","[""NOT APPLICABLE""]","[""NONE""]","[""NO INDICATION OF INJURY""]","[""O2155180"", ""O2155181""]"
STRAIGHT AND LEVEL,321,2025-09-19T16:47:00.000,6,16,9,5e0b2ebb3a1f0bb553e850874118a0e094c40cd12632cb638a6622857f4c89bdbf0b4e8cc3a2d8298307587d1fbd9bf1280a1e78706c987f7b370beb5cf86359,NO INJURY / DRIVE AWAY,"OVER $1,500",2025-09-19T17:00:00.000,FUNCTIONING PROPERLY,PARKED MOTOR VEHICLE,,0,0,2,0,0,0,0,41.7750691916,DAYLIGHT,-87.6058736258,NO INDICATION OF INJURY,2,30,DRIVING SKILLS/KNOWLEDGE/EXPERIENCE,ON SCENE,NO DEFECTS,DRY,UNABLE TO DETERMINE,,E,MARQUETTE RD,798,TRAFFIC SIGNAL,NOT DIVIDED,CLEAR,,,,,,,2,2,"{""coordinates"": [-87.60587362584, 41.775069191623], ""type"": ""Point""}","[""REAR-LEFT-CORNER"", ""REAR-RIGHT-CORNER""]","[""HYUNDAI"", ""NOVA BUS""]","[""PARKED"", ""TURNING RIGHT""]","[""ELANTRA"", ""OTHER (EXPLAIN IN NARRATIVE)""]",[],"[""28"", ""8""]","[""NOT APPLICABLE""]","[""NONE""]","[""NO INDICATION OF INJURY""]","[""O2154032"", ""P475457""]"
STRAIGHT AND LEVEL,112,2025-09-19T16:54:00.000,6,16,9,bdb0dc2a6a9654b5fb2fcb9f3b474ac4ed21dd6af7ed92b2a02cf790b7f128bcb97536fd64f09453e0531bc75a76a01978b809c120ed90cb537c6f5a7649fef2,NO INJURY / DRIVE AWAY,"$501 - $1,500",2025-09-19T19:00:00.000,FUNCTIONING PROPERLY,TURNING,,0,0,2,0,0,0,0,41.8820439803,DAYLIGHT,-87.6245110366,NO INDICATION OF INJURY,2,30,UNABLE TO DETERMINE,NOT ON SCENE (DESK REPORT),NO DEFECTS,DRY,UNABLE TO DETERMINE,,S,MICHIGAN AVE,2,TRAFFIC SIGNAL,DIVIDED - W/MEDIAN BARRIER,CLEAR,,Y,,,,,2,2,"{""coordinates"": [-87.624511036615, 41.88204398026], ""type"": ""Point""}","[""FRONT-RIGHT-CORNER"", ""SIDE-LEFT""]","[""HONDA"", ""NEW FLYER""]","[""TURNING LEFT""]","[""ACCORD"", ""D40LF""]",[],"[""23"", ""52""]","[""NOT APPLICABLE""]","[""NONE""]","[""NO INDICATION OF INJURY""]","[""O2154063"", ""O2154064""]"