alignment,beat_of_occurrence,crash_date,crash_day_of_week,crash_hour,crash_month,crash_record_id,crash_type,damage,date_police_notified,device_condition,first_crash_type,hit_and_run_i,injuries_fatal,injuries_incapacitating,injuries_no_indication,injuries_non_incapacitating,injuries_reported_not_evident,injuries_total,injuries_unknown,latitude,lighting_condition,longitude,most_severe_injury,num_units,posted_speed_limit,prim_contributory_cause,report_type,road_defect,roadway_surface_cond,sec_contributory_cause,statements_taken_i,street_direction,street_name,street_no,traffic_control_device,trafficway_type,weather_condition,crash_date_est_i,intersection_related_i,photos_taken_i,work_zone_i,dooring_i,private_property_i,veh_count,ppl_count,location_json,veh_first_contact_point_list_json,veh_make_list_json,veh_maneuver_list_json,veh_model_list_json,veh_towed_i_list_json,ppl_age_list_json,ppl_airbag_deployed_list_json,ppl_ejection_list_json,ppl_injury_classification_list_json,ppl_person_id_list_json
STRAIGHT AND LEVEL,2424,2025-09-19T17:55:00.000,6,17,9,3d12ea4b9396a13e92a66f5d636bb4ceb2325807f62ca5cf449316051240f0e6bf7b70e3fdbd30521150f8782c844d345b40ddb17f9cfe28b130e696c6c37cac,INJURY AND / OR TOW DUE TO CRASH,"OVER $1,500",2025-09-19T18:00:00.000,UNKNOWN,PEDALCYCLIST,,0,0,1,1,0,1,0,42.01146046,DAYLIGHT,-87.6745934517,NONINCAPACITATING INJURY,2,30,UNABLE TO DETERMINE,NOT ON SCENE (DESK REPORT),UNKNOWN,UNKNOWN,UNABLE TO DETERMINE,,N,CLARK ST,7100,UNKNOWN,NOT DIVIDED,CLEAR,,,,,,,2,2,"{""coordinates"": [-87.67459345171, 42.011460459993], ""type"": ""Point""}","[""SIDE-LEFT""]","[""DODGE""]","[""UNKNOWN/NA""]","[""CARAVAN""]",[],"[""22"", ""39""]","[""NOT APPLICABLE""]","[""NONE"", ""UNKNOWN""]","[""NO INDICATION OF INJURY"", ""NONINCAPACITATING INJURY""]","[""O2154030"", ""O2154031""]"
STRAIGHT AND LEVEL,726,2025-09-19T17:56:00.000,6,17,9,9b6d77721f78e83a8a1e103f52087d2c568d313f1c18da1343cee32607edb07975555ceb03d2969e2ba3eb29c05f7509e83c6440c097b7a84f01e2adddf161d6,INJURY AND / OR TOW DUE TO CRASH,"$501 - $1,500",2025-09-19T18:43:00.000,NO CONTROLS,FIXED OBJECT,Y,0,0,2,0,0,0,0,41.7792017361,"DARKNESS, LIGHTED ROAD",-87.6742363585,NO INDICATION OF INJURY,1,30,UNABLE TO DETERMINE,ON SCENE,NO DEFECTS,DRY,NOT APPLICABLE,Y,W,63RD ST,2007,OTHER,PARKING LOT,OTHER,,,,,,Y,1,2,"{""coordinates"": [-87.674236358519, 41.779201736129], ""type"": ""Point""}","[""FRONT-RIGHT-CORNER""]","[""CHEVROLET""]","[""OTHER""]","[""TRAX""]","[""Y""]","[""45""]","[""DEPLOYMENT UNKNOWN"", ""NOT APPLICABLE""]","[""NONE""]","[""NO INDICATION OF INJURY""]","[""O2154069"", ""P475463""]"
STRAIGHT AND LEVEL,1834,2025-09-19T17:58:00.000,6,17,9,07091189720e773532bea968d55796af3dd31ae1297c2f9565d9ea8f6ff76d32465e8d7cc6ccd09522b079dbb2b7267bce1abf319087cd6b45ff9eeb974fa32e,NO INJURY / DRIVE AWAY,"OVER $1,500",2025-09-19T19:45:00.000,UNKNOWN,SIDESWIPE SAME DIRECTION,Y,0,0,2,0,0,0,0,41.8926672756,DAYLIGHT,-87.6143625489,NO INDICATION OF INJURY,2,30,UNABLE TO DETERMINE,NOT ON SCENE (DESK REPORT),UNKNOWN,UNKNOWN,UNABLE TO DETERMINE,,N,LAKE SHORE DR SB,600,UNKNOWN,DIVIDED - W/MEDIAN BARRIER,CLEAR,,,,,,,2,2,"{""coordinates"": [-87.614362548909, 41.89266727562], ""type"": ""Point""}","[""SIDE-LEFT"", ""SIDE-RIGHT""]","[""CHEVROLET"", ""VOLVO""]","[""CHANGING LANES"", ""STRAIGHT AHEAD""]","[""OTHER (EXPLAIN IN NARRATIVE)"", ""S90""]",[],"[""27""]","[""DEPLOYMENT UNKNOWN""]","[""UNKNOWN""]","[""NO INDICATION OF INJURY""]","[""O2154076"", ""O2154077""]"
STRAIGHT AND LEVEL,813,2025-09-19T18:00:00.000,6,18,9,1c9f79e9d9d47680db9647483f9045c72e57fb8a6861f7ae42c5d3115f1ec98f5a3bbec1f52031cb1a0e57a5d12938fbf52fb866b7855f64dd9f2588cbcec7e2,NO INJURY / DRIVE AWAY,"OVER $1,500",2025-09-19T20:20:00.000,FUNCTIONING PROPERLY,SIDESWIPE SAME DIRECTION,,0,0,2,0,0,0,0,41.7929561077,UNKNOWN,-87.7404617428,NO INDICATION OF INJURY,2,25,UNABLE TO DETERMINE,NOT ON SCENE (DESK REPORT),NO DEFECTS,DRY,UNABLE TO DETERMINE,,S,KILPATRICK AVE,5500,TRAFFIC SIGNAL,NOT DIVIDED,CLEAR,Y,Y,,,,,2,2,"{""coordinates"": [-87.740461742821, 41.792956107689], ""type"": ""Point""}","[""SIDE-LEFT"", ""SIDE-RIGHT""]","[""TOYOTA"", ""UNKNOWN""]","[""STRAIGHT AHEAD""]","[""OTHER (EXPLAIN IN NARRATIVE)""]",[],"[""31"", ""70""]","[""DEPLOYMENT UNKNOWN"", ""NOT APPLICABLE""]","[""NONE""]","[""NO INDICATION OF INJURY""]","[""O2154117"", ""O2154118""]"
STRAIGHT AND LEVEL,912,2025-09-19T18:00:00.000,6,18,9,2ccd9e52f7c834e82e5d3af6788bebd1d1ac0e3432c48c971fe827f45fc8f3bc81595179f72f965a92453e61cfe07c0bfc942b73e09c537278b7c8f7e5437161,INJURY AND / OR TOW DUE TO CRASH,"OVER $1,500",2025-09-21T16:00:00.000,UNKNOWN,PARKED MOTOR VEHICLE,Y,0,0,2,0,0,0,0,41.8232207071,DAYLIGHT,-87.6751544847,NO INDICATION OF INJURY,2,30,UNABLE TO DETERMINE,NOT ON SCENE (DESK REPORT),NO DEFECTS,DRY,UNABLE TO DETERMINE,,W,PERSHING RD,2000,UNKNOWN,NOT DIVIDED,CLEAR,,,,,,,2,2,"{""coordinates"": [-87.675154484737, 41.823220707077], ""type"": ""Point""}","[""SIDE-LEFT-REAR"", ""UNKNOWN""]","[""LINCOLN"", ""VOLKSWAGEN""]","[""PARKED"", ""STRAIGHT AHEAD""]","[""JETTA"", ""MKT""]","[""Y""]","[""61""]","[""DEPLOYMENT UNKNOWN"", ""NOT APPLICABLE""]","[""NONE""]","[""NO INDICATION OF INJURY""]","[""O2155198"", ""P475667""]"
STRAIGHT AND LEVEL,915,2025-09-19T18:00:00.000,6,18,9,4328650522788531cd75072697e97c67bc662ea8e531e344e989338f3f68a0db7cb9a6a2b1d2501b58fbaf4a1a806d5a63285c597c83e66b226992050a051fe3,NO INJURY / DRIVE AWAY,$500 OR LESS,2025-09-19T21:45:00.000,NO CONTROLS,PARKED MOTOR VEHICLE,,0,0,2,0,0,0,0,41.8236997732,DAYLIGHT,-87.6359300242,NO INDICATION OF INJURY,2,15,UNABLE TO DETERMINE,NOT ON SCENE (DESK REPORT),UNKNOWN,DRY,NOT APPLICABLE,,W,PERSHING RD,372,NO CONTROLS,PARKING LOT,CLEAR,,,,,,Y,2,2,"{""coordinates"": [-87.635930024223, 41.82369977319], ""type"": ""Point""}","[""SIDE-LEFT-REAR"", ""SIDE-RIGHT-REAR""]","[""HONDA""]","[""OTHER"", ""PARKED""]","[""ACCORD""]",[],"[""28"", ""48""]","[""NOT APPLICABLE""]","[""NONE""]","[""NO INDICATION OF INJURY""]","[""O2154143"", ""P475473""]"
STRAIGHT AND LEVEL,1731,2025-09-19T18:00:00.000,6,18,9,9179ab76a37432f68861ab2b0b820af032f1962b3c5939798b331a48b4a3d687ccb4181222162493a346bf5fce026e7cff6b15b674d7f2b5d29ec8913572a4df,NO INJURY / DRIVE AWAY,"OVER $1,500",2025-09-20T13:20:00.000,NO CONTROLS,PARKED MOTOR VEHICLE,,0,0,1,0,0,0,0,41.9523729405,DAYLIGHT,-87.7471413547,NO INDICATION OF INJURY,2,5,UNABLE TO DETERMINE,NOT ON SCENE (DESK REPORT),UNKNOWN,DRY,UNABLE TO DETERMINE,Y,N,CICERO AVE,3927,NO CONTROLS,PARKING LOT,CLEAR,,,Y,,,Y,2,1,"{""coordinates"": [-87.747141354727, 41.952372940461], ""type"": ""Point""}","[""FRONT-LEFT-CORNER"", ""REAR-RIGHT-CORNER""]","[""CHEVROLET"", ""JEEP""]","[""BACKING"", ""PARKED""]","[""MALIBU"", ""WRANGLER""]",[],"[""64""]","[""DID NOT DEPLOY""]","[""NONE""]","[""NO INDICATION OF INJURY""]","[""O2154468""]"
STRAIGHT AND LEVEL,1733,2025-09-19T18:10:00.000,6,18,9,98566f72a810075405d5b5c107f5cad73e1d2dfc017a25db89b530df7bea7b4938ab9f0c2e78b33a135960e26c8181a0566fbc9f044b1c7e7e11f5dc298e24fc,NO INJURY / DRIVE AWAY,"OVER $1,500",2025-09-19T20:35:00.000,NO CONTROLS,ANGLE,,0,0,2,0,0,0,0,41.9538637927,DAYLIGHT,-87.6983006106,NO INDICATION OF INJURY,2,30,FAILING TO YIELD RIGHT-OF-WAY,NOT ON SCENE (DESK REPORT),NO DEFECTS,DRY,NOT APPLICABLE,,W,IRVING PARK RD,2801,NO CONTROLS,DIVIDED - W/MEDIAN (NOT RAISED),CLEAR,,,,,,,2,2,"{""coordinates"": [-87.698300610601, 41.953863792685], ""type"": ""Point""}","[""FRONT-RIGHT-CORNER"", ""SIDE-RIGHT""]","[""HYUNDAI"", ""PONTIAC""]","[""ENTERING TRAFFIC LANE FROM PARKING"", ""STRAIGHT AHEAD""]","[""ELANTRA"", ""VIBE""]",[],"[""46""]","[""DID NOT DEPLOY""]","[""NONE""]","[""NO INDICATION OF INJURY""]","[""O2154125"", ""O2154126""]"
STRAIGHT AND LEVEL,715,2025-09-19T18:10:00.000,6,18,9,a48207a02cc15a6bfd7be11c9a62abd363a8f823064a1bb7901671c82a9bd5292148e74ca69c9cd31cfd74da559a881fadff5b6c8f748adfe95d55977f728ff6,NO INJURY / DRIVE AWAY,"OVER $1,500",2025-09-19T20:10:00.000,FUNCTIONING PROPERLY,TURNING,,0,0,2,0,0,0,0,41.7883428843,DAWN,-87.6740801478,NO INDICATION OF INJURY,2,20,IMPROPER OVERTAKING/PASSING,NOT ON SCENE (DESK REPORT),UNKNOWN,DRY,IMPROPER OVERTAKING/PASSING,,W,58TH ST,1999,STOP SIGN/FLASHER,NOT DIVIDED,CLEAR,,,,,,,2,2,"{""coordinates"": [-87.674080147797, 41.788342884292], ""type"": ""Point""}","[""FRONT-LEFT-CORNER""]","[""HONDA"", ""NISSAN""]","[""TURNING RIGHT""]","[""CIVIC"", ""ROGUE""]",[],"[""29"", ""39""]","[""NOT APPLICABLE""]","[""NONE""]","[""NO INDICATION OF INJURY""]","[""O2154474"", ""O2154475""]"
STRAIGHT AND LEVEL,1022,2025-09-19T18:20:00.000,6,18,9,9b36a6d8f42e3fa143230b73a27ab6cef9730d5fe401d35f5a23db0632c3bd68c2f184e7ae240fdcfdae6751f5b01b6922a24205762669be956319e25b255b06,NO INJURY / DRIVE AWAY,"OVER $1,500",2025-09-19T20:30:00.000,NO CONTROLS,REAR TO FRONT,Y,0,0,2,0,0,0,0,41.8589859663,DAYLIGHT,-87.7045009693,NO INDICATION OF INJURY,2,30,UNABLE TO DETERMINE,NOT ON SCENE (DESK REPORT),UNKNOWN,DRY,UNABLE TO DETERMINE,,W,16TH ST,3139,NO CONTROLS,DIVIDED - W/MEDIAN (NOT RAISED),CLEAR,,,,,,Y,2,2,"{""coordinates"": [-87.704500969338, 41.858985966332], ""type"": ""Point""}","[""FRONT"", ""REAR""]","[""FORD"", ""UNKNOWN""]","[""BACKING"", ""STRAIGHT AHEAD""]","[""ESCAPE"", ""MOTORIZED""]",[],"[""47""]","[""DEPLOYMENT UNKNOWN"", ""DID NOT DEPLOY""]","[""NONE""]","[""NO INDICATION OF INJURY""]","[""O2154123"", ""O2154124""]"
STRAIGHT AND LEVEL,1432,2025-09-19T18:20:00.000,6,18,9,ba0d831747ac6de963a784ea05ba43f473ce3d9037a12e323c7202f72374760f1621fff76dc09e344e8808b46571152fb71eb18e17063c9dd6c4ff8bc4c9f0b1,INJURY AND / OR TOW DUE TO CRASH,"OVER $1,500",2025-09-19T18:22:00.000,NO CONTROLS,REAR END,,0,0,5,0,0,0,0,41.9251022567,DUSK,-87.6805334639,NO INDICATION OF INJURY,3,30,FAILING TO REDUCE SPEED TO AVOID CRASH,ON SCENE,NO DEFECTS,DRY,NOT APPLICABLE,,W,FULLERTON AVE,2100,NO CONTROLS,NOT DIVIDED,CLEAR,,,,,,,3,5,"{""coordinates"": [-87.680533463943, 41.925102256744], ""type"": ""Point""}","[""OTHER"", ""REAR""]","[""CHEVROLET"", ""DODGE"", ""MINI""]","[""STRAIGHT AHEAD""]","[""COOPER"", ""OTHER (EXPLAIN IN NARRATIVE)""]","[""Y""]","[""24"", ""44"", ""45"", ""50""]","[""NOT APPLICABLE""]","[""NONE""]","[""NO INDICATION OF INJURY""]","[""O2154086"", ""O2154087"", ""O2154088"", ""P475466"", ""P475468""]"
STRAIGHT AND LEVEL,2535,2025-09-19T18:28:00.000,6,18,9,2cf39ebe52bdf8523d58ea1d6f4e94325713a51aad4bd41e894fd517076e754ed9f68d4df10dd74060be5e8d2334fd2c8dbdfc6b29113878ff2899109e8d9cbb,INJURY AND / OR TOW DUE TO CRASH,$500 OR LESS,2025-09-19T18:30:00.000,FUNCTIONING PROPERLY,PEDALCYCLIST,Y,0,0,1,1,0,1,0,41.9170572416,DAYLIGHT,-87.7264950869,NONINCAPACITATING INJURY,2,30,IMPROPER OVERTAKING/PASSING,NOT ON SCENE (DESK REPORT),NO DEFECTS,DRY,IMPROPER OVERTAKING/PASSING,,W,ARMITAGE AVE,3959,TRAFFIC SIGNAL,NOT DIVIDED,CLEAR,,N,,,N,,2,2,"{""coordinates"": [-87.726495086922, 41.917057241615], ""type"": ""Point""}","[""FRONT-RIGHT-CORNER""]","[""UNKNOWN""]","[""STRAIGHT AHEAD""]","[""OTHER (EXPLAIN IN NARRATIVE)""]",[],"[""13""]","[""DEPLOYMENT UNKNOWN""]","[""NONE""]","[""NO INDICATION OF INJURY"", ""NONINCAPACITATING INJURY""]","[""O2154119"", ""O2154120""]"
STRAIGHT AND LEVEL,2525,2025-09-19T18:28:00.000,6,18,9,b19b4594a9a4d2cf7257afdbf3fb6bfa5b6b7b004d26dee5491c816b2bdba8ef16a09a3ceed7a9362c8eb45b067d6e0d1c2728553823afc96bd1cbefaa72a1c4,NO INJURY / DRIVE AWAY,"OVER $1,500",2025-09-19T18:28:00.000,NO CONTROLS,PARKED MOTOR VEHICLE,N,0,0,1,0,0,0,0,41.9244231007,DUSK,-87.7227265712,NO INDICATION OF INJURY,2,30,UNABLE TO DETERMINE,,NO DEFECTS,DRY,UNABLE TO DETERMINE,,W,FULLERTON AVE,3821,NO CONTROLS,PARKING LOT,CLEAR,,,,,,,2,1,"{""coordinates"": [-87.722726571167, 41.924423100732], ""type"": ""Point""}","[""REAR"", ""SIDE-RIGHT""]","[""CADILLAC"", ""HONDA""]","[""PARKED"", ""UNKNOWN/NA""]","[""CR-V"", ""SRX""]",[],"[""25""]","[""NOT APPLICABLE""]","[""NONE""]","[""NO INDICATION OF INJURY""]","[""O2156446""]"
STRAIGHT AND LEVEL,2513,2025-09-19T18:28:00.000,6,18,9,cf74f6fa82d1be6202a938fdc21b09db2edeecfdbe39978bc8d6a7100536b231e418c0d4e4fbd14eb2fb67b7dc6861acf27079839558edea4e5662c5636d13ac,INJURY AND / OR TOW DUE TO CRASH,"OVER $1,500",2025-09-19T19:14:00.000,FUNCTIONING PROPERLY,PEDALCYCLIST,Y,0,0,1,0,1,1,0,41.9127257832,DAYLIGHT,-87.7811195738,"REPORTED, NOT EVIDENT",2,15,FAILING TO YIELD RIGHT-OF-WAY,,UNKNOWN,DRY,NOT APPLICABLE,,W,BLOOMINGDALE AVE,6221,STOP SIGN/FLASHER,NOT DIVIDED,CLEAR,,Y,,,N,,2,2,"{""coordinates"": [-87.781119573792, 41.912725783166], ""type"": ""Point""}","[""UNKNOWN""]","[""TOYOTA""]","[""STRAIGHT AHEAD""]","[""AVALON""]",[],"[""11""]","[""DEPLOYMENT UNKNOWN""]","[""NONE"", ""UNKNOWN""]","[""NO INDICATION OF INJURY"", ""REPORTED, NOT EVIDENT""]","[""O2154961"", ""O2154962""]"
STRAIGHT AND LEVEL,1423,2025-09-19T18:30:00.000,6,18,9,46fa8c31e51351914b1a62904ea7f4ce6f2a71c12ac2ac3bbf3cb5d22d891dc7e929ebdb1888414b3eb374afb7311273c52bf661f6db1db453fe63599e60b2f8,INJURY AND / OR TOW DUE TO CRASH,"OVER $1,500",2025-09-19T18:30:00.000,NO CONTROLS,PEDALCYCLIST,,0,0,1,0,1,1,0,41.9057762555,DAYLIGHT,-87.697096188,"REPORTED, NOT EVIDENT",2,30,NOT APPLICABLE,ON SCENE,NO DEFECTS,DRY,NOT APPLICABLE,,N,CALIFORNIA AVE,1336,NO CONTROLS,DIVIDED - W/MEDIAN (NOT RAISED),CLEAR,,,,,,,2,2,"{""coordinates"": [-87.697096188005, 41.905776255457], ""type"": ""Point""}","[""SIDE-RIGHT""]","[""MERCEDES-BENZ""]","[""STRAIGHT AHEAD""]","[""300 SERIES""]",[],[],"[""NOT APPLICABLE""]","[""NONE""]","[""NO INDICATION OF INJURY"", ""REPORTED, NOT EVIDENT""]","[""O2154057"", ""O2154058""]"
STRAIGHT AND LEVEL,915,2025-09-19T18:33:00.000,6,18,9,81e334f1d94caf42c06d3d585b56c7421afba5510866f11a569ff117f7904f266b47c7366c6d66ad62ede7dcc91279c64c589fb8aac14737c0827bd60f5740d0,INJURY AND / OR TOW DUE TO CRASH,$500 OR LESS,2025-09-19T18:33:00.000,NO CONTROLS,PEDESTRIAN,,0,0,1,1,0,1,0,41.8309544339,DAYLIGHT,-87.6388668987,NONINCAPACITATING INJURY,2,30,UNABLE TO DETERMINE,ON SCENE,NO DEFECTS,DRY,NOT APPLICABLE,,W,35TH ST,500,NO CONTROLS,PARKING LOT,CLEAR,,,,,,,2,2,"{""coordinates"": [-87.638866898665, 41.83095443385], ""type"": ""Point""}","[""REAR""]","[""ACURA""]","[""BACKING""]","[""ADX""]",[],"[""42""]","[""DID NOT DEPLOY""]","[""NONE""]","[""NO INDICATION OF INJURY"", ""NONINCAPACITATING INJURY""]","[""O2154078"", ""O2154079""]"
STRAIGHT AND LEVEL,123,2025-09-19T18:35:00.000,6,18,9,89c80ea81dc5465247559d1f8db3603811f65e16a43f0c7644e1d6f0e56d35dee2f9b9c4a90b9816ab3b588ea1c95669ea8f87790472bf6e51cede18cc447e92,NO INJURY / DRIVE AWAY,$500 OR LESS,2025-09-19T19:30:00.000,NO CONTROLS,PARKED MOTOR VEHICLE,,0,0,1,0,0,0,0,41.8678140807,"DARKNESS, LIGHTED ROAD",-87.6321006002,NO INDICATION OF INJURY,2,30,IMPROPER BACKING,ON SCENE,NO DEFECTS,DRY,NOT APPLICABLE,,S,DELANO CT E,1129,NO CONTROLS,DRIVEWAY,CLEAR,,,,,,,2,1,"{""coordinates"": [-87.632100600246, 41.8678140807], ""type"": ""Point""}","[""REAR-LEFT-CORNER"", ""REAR-RIGHT-CORNER""]","[""PORSCHE"", ""TOYOTA""]","[""BACKING"", ""PARKED""]","[""CAMRY"", ""MACAN""]",[],"[""31""]","[""NOT APPLICABLE""]","[""NONE""]","[""NO INDICATION OF INJURY""]","[""O2154111""]"
STRAIGHT AND LEVEL,1624,2025-09-19T18:35:00.000,6,18,9,ed26ff359dd50a7dc8cd3361f41d9980a1dcbf95a2403b197b1469e034d1071218debd89743d0d930cec428012c11ebf00d758e939e7fa7580a8df300d800997,INJURY AND / OR TOW DUE TO CRASH,"OVER $1,500",2025-09-19T21:00:00.000,FUNCTIONING PROPERLY,REAR END,Y,0,0,1,0,1,1,0,41.953272751,DAYLIGHT,-87.7671501513,"REPORTED, NOT EVIDENT",2,30,NOT APPLICABLE,ON SCENE,NO DEFECTS,DRY,NOT APPLICABLE,,N,CENTRAL AVE,4000,TRAFFIC SIGNAL,FOUR WAY,CLEAR,,,,,,,2,2,"{""coordinates"": [-87.767150151314, 41.953272751035], ""type"": ""Point""}","[""REAR"", ""UNKNOWN""]","[""UNKNOWN"", ""VOLKSWAGEN""]","[""PASSING/OVERTAKING"", ""STRAIGHT AHEAD""]","[""MOTORIZED"", ""TIGUAN""]",[],"[""0""]","[""DEPLOYMENT UNKNOWN"", ""NOT APPLICABLE""]","[""NONE""]","[""NO INDICATION OF INJURY"", ""REPORTED, NOT EVIDENT""]","[""O2154139"", ""O2154140""]"
STRAIGHT AND LEVEL,835,2025-09-19T18:45:00.000,6,18,9,e0ecad268431c3504fffd1191cc211bab403d6b2d04b4c4e61d1830fb59fb8ee36cd1e41d532f676c18d5c3d3f231dd1a1fd8f8e2849e9447b3257df9f265107,NO INJURY / DRIVE AWAY,"$501 - $1,500",2025-09-19T19:30:00.000,NO CONTROLS,ANGLE,Y,0,0,3,0,0,0,0,41.7605809995,DAYLIGHT,-87.7101857062,NO INDICATION OF INJURY,2,30,NOT APPLICABLE,,NO DEFECTS,DRY,NOT APPLICABLE,,S,ST LOUIS AVE,7300,NO CONTROLS,NOT DIVIDED,CLEAR,,,,,,,2,3,"{""coordinates"": [-87.710185706203, 41.760580999484], ""type"": ""Point""}","[""FRONT"", ""SIDE-RIGHT""]","[""CHEVROLET"", ""JEEP""]","[""STRAIGHT AHEAD""]","[""AVEO"", ""WRANGLER""]",[],"[""70""]","[""DEPLOYMENT UNKNOWN"", ""DID NOT DEPLOY"", ""NOT APPLICABLE""]","[""NONE""]","[""NO INDICATION OF INJURY""]","[""O2154512"", ""O2154513"", ""P475527""]"
STRAIGHT AND LEVEL,114,2025-09-19T18:50:00.000,6,18,9,101abded6e21487684167251113264be8473482b72ba819dd36d2d4758fc6ea4339ab498eefb9b1e8f40104fcae40b8b4369c5e5868e68aed209d5650db61d69,INJURY AND / OR TOW DUE TO CRASH,"$501 - $1,500",2025-09-19T18:53:00.000,FUNCTIONING PROPERLY,TURNING,,0,0,2,0,0,0,0,41.8810297169,"DARKNESS, LIGHTED ROAD",-87.6172815664,NO INDICATION OF INJURY,2,30,FAILING TO YIELD RIGHT-OF-WAY,ON SCENE,NO DEFECTS,DRY,NOT APPLICABLE,,E,MONROE DR,400,TRAFFIC SIGNAL,FOUR WAY,CLEAR,,,,,,,2,2,"{""coordinates"": [-87.617281566405, 41.881029716883], ""type"": ""Point""}","[""FRONT-LEFT-CORNER"", ""FRONT-RIGHT-CORNER""]","[""LEXUS"", ""TOYOTA""]","[""TURNING LEFT"", ""TURNING RIGHT""]","[""CAMRY"", ""NX""]","[""Y""]","[""52"", ""57""]","[""DEPLOYED, FRONT"", ""NOT APPLICABLE""]","[""NONE""]","[""NO INDICATION OF INJURY""]","[""O2154102"", ""O2154103""]"
STRAIGHT AND LEVEL,2525,2025-09-19T18:55:00.000,6,18,9,54aca99139c43f2db553def549fdd50b80a7bdc9637dc796b4036b2665066bf4911a3dbd159626dae013a3ad8eca997df8d992af6ba9ec80a5665d052705e8dd,NO INJURY / DRIVE AWAY,$500 OR LESS,2025-09-19T19:10:00.000,NO CONTROLS,PARKED MOTOR VEHICLE,Y,0,0,1,0,0,0,0,41.9209873118,DAWN,-87.7301932505,NO INDICATION OF INJURY,2,20,UNABLE TO DETERMINE,ON SCENE,UNKNOWN,UNKNOWN,NOT APPLICABLE,,N,KEDVALE AVE,2205,NO CONTROLS,ONE-WAY,CLEAR,,,,,,,2,1,"{""coordinates"": [-87.730193250525, 41.92098731184], ""type"": ""Point""}","[""FRONT-RIGHT-CORNER"", ""SIDE-LEFT""]","[""HONDA"", ""TOYOTA""]","[""PARKED"", ""STRAIGHT AHEAD""]","[""ACCORD"", ""OTHER (EXPLAIN IN NARRATIVE)""]",[],[],"[""DEPLOYMENT UNKNOWN""]","[""NONE""]","[""NO INDICATION OF INJURY""]","[""O2154096""]"
STRAIGHT AND LEVEL,2013,2025-09-19T19:00:00.000,6,19,9,d62c5f4c5dca58d4900a2b3a8cdfb93c86860d0c18d14f712e2fe0eebf2bb98348d5dc4872dee21f439b2ef3d4f7a37691c9556e1a7c529b1baeda29318d1b5b,INJURY AND / OR TOW DUE TO CRASH,"OVER $1,500",2025-09-19T19:11:00.000,FUNCTIONING PROPERLY,SIDESWIPE SAME DIRECTION,,0,0,4,1,0,1,0,41.9764121429,"DARKNESS, LIGHTED ROAD",-87.6600150821,NONINCAPACITATING INJURY,3,30,UNABLE TO DETERMINE,ON SCENE,NO DEFECTS,DRY,UNABLE TO DETERMINE,,N,BROADWAY,5200,TRAFFIC SIGNAL,DIVIDED - W/MEDIAN (NOT RAISED),CLEAR,,,,,,,3,5,"{""coordinates"": [-87.660015082054, 41.976412142948], ""type"": ""Point""}","[""FRONT"", ""REAR"", ""REAR-LEFT-CORNER""]","[""FORD"", ""NISSAN"", ""TOYOTA""]","[""SLOW/STOP IN TRAFFIC"", ""STRAIGHT AHEAD""]","[""RAV4"", ""TRANSIT CONNECT"", ""VERSA""]","[""Y""]","[""27"", ""29"", ""59"", ""64"", ""8""]","[""DEPLOYED, FRONT"", ""DID NOT DEPLOY"", ""NOT APPLICABLE""]","[""NONE""]","[""NO INDICATION OF INJURY"", ""NONINCAPACITATING INJURY""]","[""O2154106"", ""O2154107"", ""O2154108"", ""P475469"", ""P475471""]"
STRAIGHT AND LEVEL,2523,2025-09-19T19:09:00.000,6,19,9,9d7429d9c24bd43e4a24868fb4be2963551b28710a75056b27fd3924cb46449b4ccbbf452f8ba61b6eeff401a70aff5a04453fab0d1c84439aa46a59e01ebdd4,INJURY AND / OR TOW DUE TO CRASH,$500 OR LESS,2025-09-19T19:14:00.000,UNKNOWN,PEDALCYCLIST,,0,0,0,1,0,1,0,41.9389735115,"DARKNESS, LIGHTED ROAD",-87.7280682776,NONINCAPACITATING INJURY,2,30,UNABLE TO DETERMINE,ON SCENE,UNKNOWN,UNKNOWN,NOT APPLICABLE,,W,BELMONT AVE,4021,UNKNOWN,NOT DIVIDED,CLEAR,,,,,,,2,1,"{""coordinates"": [-87.728068277569, 41.938973511509], ""type"": ""Point""}","[""SIDE-LEFT""]","[""DODGE""]","[""PARKED IN TRAFFIC LANE""]","[""GRAND CARAVAN""]",[],"[""16""]",[],"[""UNKNOWN""]","[""NONINCAPACITATING INJURY""]","[""O2154090""]"