alignment,beat_of_occurrence,crash_date,crash_day_of_week,crash_hour,crash_month,crash_record_id,crash_type,damage,date_police_notified,device_condition,first_crash_type,hit_and_run_i,injuries_fatal,injuries_incapacitating,injuries_no_indication,injuries_non_incapacitating,injuries_reported_not_evident,injuries_total,injuries_unknown,latitude,lighting_condition,longitude,most_severe_injury,num_units,posted_speed_limit,prim_contributory_cause,report_type,road_defect,roadway_surface_cond,sec_contributory_cause,statements_taken_i,street_direction,street_name,street_no,traffic_control_device,trafficway_type,weather_condition,crash_date_est_i,intersection_related_i,photos_taken_i,work_zone_i,dooring_i,private_property_i,veh_count,ppl_count,location_json,veh_first_contact_point_list_json,veh_make_list_json,veh_maneuver_list_json,veh_model_list_json,veh_towed_i_list_json,ppl_age_list_json,ppl_airbag_deployed_list_json,ppl_ejection_list_json,ppl_injury_classification_list_json,ppl_person_id_list_json
STRAIGHT AND LEVEL,1722,2025-09-19T19:10:00.000,6,19,9,65fe4b4ff716b8011962707ccd0b247140498e5ec2a4ee62aa586bf03afcbf1bda2b7afdeeeee4faa43673fc60880047ed608e350a941e2ee73580a8ba5ed87a,NO INJURY / DRIVE AWAY,"$501 - $1,500",2025-09-19T19:50:00.000,FUNCTIONING PROPERLY,REAR END,,0,0,3,0,0,0,0,41.9574350571,"DARKNESS, LIGHTED ROAD",-87.7472803974,NO INDICATION OF INJURY,3,30,FOLLOWING TOO CLOSELY,NOT ON SCENE (DESK REPORT),NO DEFECTS,DRY,UNABLE TO DETERMINE,,N,CICERO AVE,4211,TRAFFIC SIGNAL,NOT DIVIDED,CLEAR,,,,,,,3,3,"{""coordinates"": [-87.747280397358, 41.957435057144], ""type"": ""Point""}","[""FRONT"", ""REAR""]","[""FORD"", ""NISSAN"", ""UNKNOWN""]","[""STRAIGHT AHEAD""]","[""ALTIMA"", ""OTHER (EXPLAIN IN NARRATIVE)"", ""TRANSIT""]",[],"[""35""]","[""DID NOT DEPLOY"", ""NOT APPLICABLE""]","[""NONE""]","[""NO INDICATION OF INJURY""]","[""O2154083"", ""O2154084"", ""O2154085""]"
STRAIGHT AND LEVEL,2513,2025-09-19T19:10:00.000,6,19,9,c592b4958591b64559d5b06dcac9128e5cff2810d303199eb74faf12b73294723b0f29eebd2310c1ba6755cc8c069d7b040f414c6f998c9101badca0e7f81044,NO INJURY / DRIVE AWAY,"OVER $1,500",2025-09-19T20:00:00.000,NO CONTROLS,SIDESWIPE OPPOSITE DIRECTION,Y,0,0,2,0,0,0,0,41.9103350965,DAYLIGHT,-87.7754034742,NO INDICATION OF INJURY,2,30,UNABLE TO DETERMINE,ON SCENE,UNKNOWN,DRY,NOT APPLICABLE,,N,AUSTIN AVE,1636,NO CONTROLS,NOT DIVIDED,CLEAR,,,,,,,2,2,"{""coordinates"": [-87.775403474179, 41.910335096547], ""type"": ""Point""}","[""FRONT-LEFT-CORNER"", ""UNKNOWN""]","[""CHEVROLET"", ""MAZDA""]","[""BACKING"", ""STRAIGHT AHEAD""]","[""MAZDA3"", ""SILVERADO""]",[],"[""37""]","[""DEPLOYMENT UNKNOWN"", ""DID NOT DEPLOY""]","[""NONE"", ""UNKNOWN""]","[""NO INDICATION OF INJURY""]","[""O2154100"", ""O2154101""]"
STRAIGHT AND LEVEL,1622,2025-09-19T19:30:00.000,6,19,9,07284ca03160ad4a0efc8b668c056a18c225f088bba19a071303544e97be01e12239b2b1dec0c6b0dc20ef024adcfd2000f8336050d4a457249a48030fbdbbca,NO INJURY / DRIVE AWAY,"OVER $1,500",2025-09-19T19:40:00.000,UNKNOWN,REAR END,Y,0,0,2,0,0,0,0,41.9828829463,"DARKNESS, LIGHTED ROAD",-87.787588155,NO INDICATION OF INJURY,2,30,UNABLE TO DETERMINE,NOT ON SCENE (DESK REPORT),UNKNOWN,UNKNOWN,UNABLE TO DETERMINE,,N,NAGLE AVE,5599,UNKNOWN,NOT DIVIDED,CLEAR,,,,,,,2,2,"{""coordinates"": [-87.787588154962, 41.982882946329], ""type"": ""Point""}","[""FRONT"", ""REAR""]","[""AUDI"", ""TOYOTA""]","[""STRAIGHT AHEAD""]","[""CAMRY"", ""OTHER (EXPLAIN IN NARRATIVE)""]",[],"[""34""]","[""DEPLOYMENT UNKNOWN"", ""NOT APPLICABLE""]","[""NONE""]","[""NO INDICATION OF INJURY""]","[""O2154074"", ""O2154075""]"
STRAIGHT AND LEVEL,1613,2025-09-19T19:30:00.000,6,19,9,cc67753459c5d372ea2d341b394734e87bdb3e404d5e31c765525d705d2c1590f9d84b4bae963117353f89262a0bd6ee8a3175deea32ca12eb8a749be49c6118,NO INJURY / DRIVE AWAY,"OVER $1,500",2025-09-19T20:10:00.000,UNKNOWN,SIDESWIPE SAME DIRECTION,Y,0,0,2,0,0,0,0,41.9754825192,"DARKNESS, LIGHTED ROAD",-87.7952054393,NO INDICATION OF INJURY,2,30,UNABLE TO DETERMINE,NOT ON SCENE (DESK REPORT),UNKNOWN,UNKNOWN,UNABLE TO DETERMINE,,W,FOSTER AVE,6701,UNKNOWN,NOT DIVIDED,CLEAR,,,,,,,2,2,"{""coordinates"": [-87.795205439268, 41.975482519238], ""type"": ""Point""}","[""FRONT-RIGHT-CORNER"", ""SIDE-LEFT""]","[""JEEP"", ""TOYOTA""]","[""CHANGING LANES"", ""STRAIGHT AHEAD""]","[""COMPASS"", ""COROLLA""]",[],"[""43""]","[""DEPLOYMENT UNKNOWN"", ""NOT APPLICABLE""]","[""NONE""]","[""NO INDICATION OF INJURY""]","[""O2154104"", ""O2154105""]"
STRAIGHT AND LEVEL,913,2025-09-19T19:40:00.000,6,19,9,50d959b0ec975e44032916a8dc8bdc067eac14b8d6d086b9a73b5ccafa7561f9e4a4b4fd3b09ff66b3257b0ea4941c706f0d77191cb6da1699961f0f195b3da8,INJURY AND / OR TOW DUE TO CRASH,$500 OR LESS,2025-09-19T19:42:00.000,NO CONTROLS,REAR END,Y,0,0,1,0,1,1,0,41.8307880824,"DARKNESS, LIGHTED ROAD",-87.6514559053,"REPORTED, NOT EVIDENT",2,30,FAILING TO REDUCE SPEED TO AVOID CRASH,ON SCENE,NO DEFECTS,DRY,FAILING TO REDUCE SPEED TO AVOID CRASH,,W,35TH ST,1010,NO CONTROLS,NOT DIVIDED,CLEAR,,,,,,,2,2,"{""coordinates"": [-87.65145590533, 41.830788082381], ""type"": ""Point""}","[""FRONT"", ""REAR""]","[""CHEVROLET"", ""MAZDA""]","[""STRAIGHT AHEAD""]","[""CRUZE"", ""CX-9""]",[],"[""37""]","[""DEPLOYMENT UNKNOWN"", ""DID NOT DEPLOY""]","[""NONE"", ""UNKNOWN""]","[""NO INDICATION OF INJURY"", ""REPORTED, NOT EVIDENT""]","[""O2154109"", ""O2154110""]"
STRAIGHT AND LEVEL,2515,2025-09-19T19:42:00.000,6,19,9,bbac714e09a0aad5dfdabb75cc879b742f2b8e31fb122777f2a26f089bb6eb07bacc5390941009ecf1bef4fee890157fc804988210e4c1cb3ef1be642a70485c,INJURY AND / OR TOW DUE TO CRASH,"OVER $1,500",2025-09-19T19:59:00.000,NO CONTROLS,TURNING,Y,0,0,2,0,0,0,0,41.9195265945,"DARKNESS, LIGHTED ROAD",-87.769375827,NO INDICATION OF INJURY,2,30,"OPERATING VEHICLE IN ERRATIC, RECKLESS, CARELESS, NEGLIGENT OR AGGRESSIVE MANNER",ON SCENE,UNKNOWN,DRY,IMPROPER TURNING/NO SIGNAL,,W,GRAND AVE,5726,NO CONTROLS,DIVIDED - W/MEDIAN (NOT RAISED),CLEAR,,Y,,,,,2,2,"{""coordinates"": [-87.769375827013, 41.919526594497], ""type"": ""Point""}","[""FRONT"", ""SIDE-LEFT""]","[""CHEVROLET"", ""MINI""]","[""STRAIGHT AHEAD"", ""U-TURN""]","[""COOPER"", ""EQUINOX""]","[""Y""]",[],"[""DEPLOYMENT UNKNOWN"", ""DID NOT DEPLOY""]","[""NONE""]","[""NO INDICATION OF INJURY""]","[""O2154115"", ""O2154116""]"
STRAIGHT AND LEVEL,1213,2025-09-19T19:54:00.000,6,19,9,7cc37b90834ea70421a7fecb27cfbaa3c88711408cc9e093df2de1c01c4b4e3dcf833996e983a7806dc3ad0a7362aae70f18b53111dbc70114d550f64625d3cd,NO INJURY / DRIVE AWAY,$500 OR LESS,2025-09-19T19:54:00.000,FUNCTIONING PROPERLY,REAR END,,0,0,3,0,0,0,0,41.9032453067,"DARKNESS, LIGHTED ROAD",-87.6668368625,NO INDICATION OF INJURY,2,25,"OPERATING VEHICLE IN ERRATIC, RECKLESS, CARELESS, NEGLIGENT OR AGGRESSIVE MANNER",ON SCENE,NO DEFECTS,DRY,DRIVING SKILLS/KNOWLEDGE/EXPERIENCE,,W,DIVISION ST,1543,TRAFFIC SIGNAL,DIVIDED - W/MEDIAN BARRIER,CLEAR,,,,,,,2,3,"{""coordinates"": [-87.66683686254, 41.903245306703], ""type"": ""Point""}","[""FRONT"", ""REAR""]","[""FORD"", ""UNKNOWN""]","[""OTHER""]","[""EXPLORER"", ""MOTORIZED""]",[],"[""26""]","[""NOT APPLICABLE""]","[""NONE""]","[""NO INDICATION OF INJURY""]","[""O2154133"", ""O2154134"", ""P475470""]"
STRAIGHT AND LEVEL,813,2025-09-19T19:58:00.000,6,19,9,2658330c5e10eddd2f43abb992b86ddb8ea664ca204cc4e0cd89ad55354074020e92ffc871363a8606dfa69e2ff5e2b426f1860dfb90108a78ff90fc319a9cba,INJURY AND / OR TOW DUE TO CRASH,"OVER $1,500",2025-09-19T20:00:00.000,FUNCTIONING PROPERLY,REAR END,,0,0,2,0,0,0,0,41.7856433239,"DARKNESS, LIGHTED ROAD",-87.7414857784,NO INDICATION OF INJURY,2,35,FAILING TO REDUCE SPEED TO AVOID CRASH,ON SCENE,NO DEFECTS,DRY,NOT APPLICABLE,,S,CICERO AVE,5900,TRAFFIC SIGNAL,NOT DIVIDED,CLEAR,,,,,,,2,2,"{""coordinates"": [-87.741485778405, 41.785643323876], ""type"": ""Point""}","[""FRONT-LEFT-CORNER"", ""REAR""]","[""FORD"", ""JEEP""]","[""SLOW/STOP IN TRAFFIC"", ""STRAIGHT AHEAD""]","[""COMPASS"", ""ESCAPE""]","[""Y""]","[""35"", ""75""]","[""DEPLOYED, COMBINATION"", ""DID NOT DEPLOY""]","[""NONE""]","[""NO INDICATION OF INJURY""]","[""O2154141"", ""O2154142""]"
STRAIGHT AND LEVEL,1713,2025-09-19T20:00:00.000,6,20,9,bafa4a2c5682b70ade327ae9d67f18c082e1cfe82462876e9bc94c44e5541f14eb8ca447ca3f8c19b31c7bb979b7df239c7db8ed6cc385d9dc0e45a0bd34182a,NO INJURY / DRIVE AWAY,"OVER $1,500",2025-09-19T20:50:00.000,NO CONTROLS,PARKED MOTOR VEHICLE,,0,0,1,0,0,0,0,41.9692219423,DAYLIGHT,-87.705907124,NO INDICATION OF INJURY,2,20,NOT APPLICABLE,NOT ON SCENE (DESK REPORT),NO DEFECTS,DRY,NOT APPLICABLE,,N,ALBANY AVE,4825,NO CONTROLS,ONE-WAY,CLEAR,,,,,,,2,1,"{""coordinates"": [-87.705907123998, 41.96922194235], ""type"": ""Point""}","[""FRONT-RIGHT-CORNER"", ""SIDE-LEFT""]","[""FORD"", ""TOYOTA""]","[""PARKED"", ""UNKNOWN/NA""]","[""FOCUS"", ""SIENNA""]",[],"[""62""]","[""NOT APPLICABLE""]","[""NONE""]","[""NO INDICATION OF INJURY""]","[""O2154165""]"
STRAIGHT AND LEVEL,613,2025-09-19T20:08:00.000,6,20,9,87ef9bdab94aea80d98f523ca10e94766e6572c7d36273c3edc967b5742054eaf0d40cc22687e3495821bc84eacc651e437c8a05aae357d86c270751aec17097,INJURY AND / OR TOW DUE TO CRASH,"OVER $1,500",2025-09-19T20:13:00.000,FUNCTIONING PROPERLY,PEDESTRIAN,Y,0,0,1,1,0,1,0,41.7379677711,DARKNESS,-87.6438184099,NONINCAPACITATING INJURY,2,30,FAILING TO YIELD RIGHT-OF-WAY,ON SCENE,NO DEFECTS,DRY,NOT APPLICABLE,Y,S,HALSTED ST,8600,TRAFFIC SIGNAL,Y-INTERSECTION,CLEAR,,,Y,,,,2,2,"{""coordinates"": [-87.643818409916, 41.737967771056], ""type"": ""Point""}","[""FRONT-LEFT-CORNER""]","[""FORD""]","[""STRAIGHT AHEAD""]","[""FUSION""]",[],"[""24"", ""5""]","[""DEPLOYMENT UNKNOWN""]","[""NONE""]","[""NO INDICATION OF INJURY"", ""NONINCAPACITATING INJURY""]","[""O2154183"", ""O2154184""]"
STRAIGHT AND LEVEL,1122,2025-09-19T20:10:00.000,6,20,9,892c973244c53c36292e3bbef12368d1e566a63fc9e9fa0e7fb1943000c69dd5333e76cb114389ba333786e9d255a4214e22f493d2a3e842e60f41044add9fdd,INJURY AND / OR TOW DUE TO CRASH,"OVER $1,500",2025-09-19T20:10:00.000,NO CONTROLS,SIDESWIPE OPPOSITE DIRECTION,Y,0,0,1,1,0,1,0,41.8807043032,"DARKNESS, LIGHTED ROAD",-87.7189399326,NONINCAPACITATING INJURY,2,30,IMPROPER TURNING/NO SIGNAL,ON SCENE,NO DEFECTS,DRY,NOT APPLICABLE,,W,MADISON ST,3715,NO CONTROLS,NOT DIVIDED,CLEAR,,,,,,,2,2,"{""coordinates"": [-87.718939932622, 41.88070430317], ""type"": ""Point""}","[""FRONT"", ""UNKNOWN""]","[""CAN-AM"", ""NISSAN""]","[""STRAIGHT AHEAD"", ""UNKNOWN/NA""]","[""CAN-AM"", ""OTHER (EXPLAIN IN NARRATIVE)""]",[],"[""29""]","[""DEPLOYMENT UNKNOWN"", ""NOT APPLICABLE""]","[""NONE"", ""UNKNOWN""]","[""NO INDICATION OF INJURY"", ""NONINCAPACITATING INJURY""]","[""O2154129"", ""O2154130""]"
STRAIGHT AND LEVEL,1612,2025-09-19T20:15:00.000,6,20,9,3fda98340972da48425df1c9354939a1e627b715ab4247ab57ba52300df739552d01cbab1912d01b5f7321c9d5d2492edc471f9255f211d46a9b9b648a393404,INJURY AND / OR TOW DUE TO CRASH,"OVER $1,500",2025-09-19T20:23:00.000,NO CONTROLS,PARKED MOTOR VEHICLE,,0,0,1,0,0,0,0,41.996911817,"DARKNESS, LIGHTED ROAD",-87.8149412137,NO INDICATION OF INJURY,2,30,FAILING TO REDUCE SPEED TO AVOID CRASH,ON SCENE,NO DEFECTS,DRY,UNABLE TO DETERMINE,,W,DEVON AVE,7533,NO CONTROLS,NOT DIVIDED,CLEAR,,,,,,,2,1,"{""coordinates"": [-87.814941213681, 41.996911816997], ""type"": ""Point""}","[""FRONT-RIGHT-CORNER"", ""REAR-LEFT-CORNER""]","[""DODGE"", ""TOYOTA""]","[""CHANGING LANES"", ""PARKED""]","[""RAM 1500 PU"", ""SIENNA""]","[""Y""]","[""16""]","[""DID NOT DEPLOY""]","[""NONE""]","[""NO INDICATION OF INJURY""]","[""O2154131""]"
STRAIGHT AND LEVEL,733,2025-09-19T20:16:00.000,6,20,9,ddec6a7d9127f694bd5b7df5bb9bd32429560fa6c689140a0036b586d3503bfa341c959e19503b18dac00a8ed9645a977a9528258adeecc439697b213e6cb120,INJURY AND / OR TOW DUE TO CRASH,"OVER $1,500",2025-09-19T20:20:00.000,NO CONTROLS,HEAD ON,,0,0,0,0,3,3,0,41.7686721195,"DARKNESS, LIGHTED ROAD",-87.648282526,"REPORTED, NOT EVIDENT",2,30,IMPROPER LANE USAGE,ON SCENE,NO DEFECTS,DRY,NOT APPLICABLE,,W,69TH ST,935,NO CONTROLS,NOT DIVIDED,CLEAR,,,,,,,2,3,"{""coordinates"": [-87.648282525974, 41.768672119525], ""type"": ""Point""}","[""FRONT""]","[""DODGE"", ""FORD""]","[""STRAIGHT AHEAD""]","[""DART"", ""FUSION""]","[""Y""]","[""18"", ""19"", ""72""]","[""DEPLOYED, FRONT""]","[""NONE""]","[""REPORTED, NOT EVIDENT""]","[""O2154137"", ""O2154138"", ""P475472""]"
STRAIGHT AND LEVEL,133,2025-09-19T20:30:00.000,6,20,9,8ac360e0d8dbee81fcfdd5ca6f25db41740ce74954ca4a493fbd8fedc75bee8a34a48cf519e7b600d178ad1f8d311806a91bbccac98187b9f07dac34dc8531d9,NO INJURY / DRIVE AWAY,"OVER $1,500",2025-09-20T19:20:00.000,NO CONTROLS,PARKED MOTOR VEHICLE,Y,0,0,1,0,0,0,0,41.8401846133,UNKNOWN,-87.617006543,NO INDICATION OF INJURY,2,15,UNABLE TO DETERMINE,NOT ON SCENE (DESK REPORT),UNKNOWN,UNKNOWN,UNABLE TO DETERMINE,,S,DR MARTIN LUTHER KING JR DR,3001,NO CONTROLS,PARKING LOT,UNKNOWN,,,,,,,2,1,"{""coordinates"": [-87.617006543002, 41.84018461325], ""type"": ""Point""}","[""UNKNOWN""]","[""JEEP"", ""UNKNOWN""]","[""PARKED"", ""UNKNOWN/NA""]","[""OTHER (EXPLAIN IN NARRATIVE)"", ""WRANGLER""]",[],[],"[""DEPLOYMENT UNKNOWN""]","[""UNKNOWN""]","[""NO INDICATION OF INJURY""]","[""O2154693""]"
STRAIGHT AND LEVEL,1024,2025-09-19T20:30:00.000,6,20,9,a916fb0112280561bfaaff36dde2739a33920d5067f9591e83158e1755f0d6f0226c31c1dea06edaf5c324ccb6709c89f51b3a2ae37baa337b003d4562a9d28e,INJURY AND / OR TOW DUE TO CRASH,"OVER $1,500",2025-09-20T12:11:00.000,NO CONTROLS,PARKED MOTOR VEHICLE,Y,0,0,1,0,0,0,0,41.8481550385,UNKNOWN,-87.7136157765,NO INDICATION OF INJURY,2,30,UNABLE TO DETERMINE,ON SCENE,UNKNOWN,UNKNOWN,NOT APPLICABLE,,W,24TH ST,3524,NO CONTROLS,ONE-WAY,UNKNOWN,Y,,,,,,2,1,"{""coordinates"": [-87.713615776456, 41.848155038454], ""type"": ""Point""}","[""SIDE-RIGHT-REAR"", ""UNKNOWN""]","[""TOYOTA"", ""UNKNOWN""]","[""PARKED"", ""STRAIGHT AHEAD""]","[""COROLLA"", ""OTHER (EXPLAIN IN NARRATIVE)""]","[""Y""]",[],"[""DEPLOYMENT UNKNOWN""]","[""NONE""]","[""NO INDICATION OF INJURY""]","[""O2154446""]"
STRAIGHT AND LEVEL,311,2025-09-19T20:30:00.000,6,20,9,e40ac275000daf7dbf5e0efece31260104c46c21e6d52c89a60ff2bb1fd13f7eef9a7cab0b1da2848e15195bd07f48d04a2c9d375cf8abb65ad110eac9cb926f,INJURY AND / OR TOW DUE TO CRASH,"OVER $1,500",2025-09-19T20:31:00.000,NO CONTROLS,TURNING,,0,0,1,0,1,1,0,41.7801211093,"DARKNESS, LIGHTED ROAD",-87.6235474971,"REPORTED, NOT EVIDENT",2,30,FAILING TO YIELD RIGHT-OF-WAY,ON SCENE,NO DEFECTS,DRY,NOT APPLICABLE,Y,E,63RD ST,46,NO CONTROLS,NOT DIVIDED,CLEAR,,,,,,,2,2,"{""coordinates"": [-87.623547497106, 41.780121109292], ""type"": ""Point""}","[""FRONT""]","[""CHEVROLET"", ""DODGE""]","[""STRAIGHT AHEAD"", ""TURNING LEFT""]","[""DURANGO"", ""TRAX""]","[""Y""]","[""27"", ""40""]","[""DEPLOYED, COMBINATION""]","[""NONE""]","[""NO INDICATION OF INJURY"", ""REPORTED, NOT EVIDENT""]","[""O2154146"", ""O2154147""]"
STRAIGHT AND LEVEL,323,2025-09-19T20:36:00.000,6,20,9,66d4e4fce1b77e81c16acbe27ba66f7d959f1d715f924eb57ad99de32f1de99aaf8251f63d0dcbcd901fb4508c21c7e8e489076e85e12970c89ea016e57c1f4f,NO INJURY / DRIVE AWAY,"OVER $1,500",2025-09-19T21:45:00.000,NO CONTROLS,PARKED MOTOR VEHICLE,Y,0,0,1,0,0,0,0,,"DARKNESS, LIGHTED ROAD",,NO INDICATION OF INJURY,2,55,FAILING TO REDUCE SPEED TO AVOID CRASH,ON SCENE,WORN SURFACE,DRY,NOT APPLICABLE,,S,CHICAGO SKYWAY OB,7100,NO CONTROLS,DIVIDED - W/MEDIAN BARRIER,CLEAR,,,,,,Y,2,1,,"[""FRONT-RIGHT-CORNER"", ""REAR-LEFT-CORNER""]","[""GENERAL MOTORS CORPORATION (GMC)"", ""HYUNDAI""]","[""PARKED"", ""STRAIGHT AHEAD""]","[""SONATA"", ""TERRAIN""]",[],[],"[""DEPLOYMENT UNKNOWN""]","[""NONE""]","[""NO INDICATION OF INJURY""]","[""O2154203""]"
STRAIGHT AND LEVEL,324,2025-09-19T20:37:00.000,6,20,9,f4f103a0f94345af4c94b4f21643c0b0ecc0a21bc2f29382cb64804fedf0449c8490d775c7997861f10b4a4de26ac6268eafda03f7291540c7ba3878092bada3,INJURY AND / OR TOW DUE TO CRASH,"OVER $1,500",2025-09-19T20:50:00.000,FUNCTIONING PROPERLY,TURNING,,0,0,1,4,0,4,0,41.7588056605,DARKNESS,-87.595618443,NONINCAPACITATING INJURY,2,30,NOT APPLICABLE,ON SCENE,UNKNOWN,DRY,NOT APPLICABLE,,E,75TH ST,1200,TRAFFIC SIGNAL,"FIVE POINT, OR MORE",CLEAR,,,,,,,2,5,"{""coordinates"": [-87.595618443022, 41.758805660489], ""type"": ""Point""}","[""FRONT-RIGHT-CORNER"", ""SIDE-RIGHT""]","[""FORD""]","[""STRAIGHT AHEAD"", ""TURNING LEFT""]","[""F150"", ""FOCUS""]","[""N""]","[""17"", ""24""]","[""DEPLOYED, COMBINATION"", ""NOT APPLICABLE""]","[""NONE""]","[""NO INDICATION OF INJURY"", ""NONINCAPACITATING INJURY""]","[""O2154150"", ""O2154151"", ""P475474"", ""P475475"", ""P475476""]"
STRAIGHT AND LEVEL,1733,2025-09-19T20:40:00.000,6,20,9,55cc6375ac4c8fe8798a1bf68a781c285087c205f47dce9855346de37812961eec9510db30482d2bf31338b94f16abf4850690226c20b61d3e3b333a97008bb6,NO INJURY / DRIVE AWAY,"OVER $1,500",2025-09-19T20:44:00.000,NO CONTROLS,PARKED MOTOR VEHICLE,,0,0,1,0,0,0,0,41.9502094951,"DARKNESS, LIGHTED ROAD",-87.6999689504,NO INDICATION OF INJURY,2,30,UNDER THE INFLUENCE OF ALCOHOL/DRUGS (USE WHEN ARREST IS EFFECTED),ON SCENE,NO DEFECTS,DRY,NOT APPLICABLE,,W,GRACE ST,2845,NO CONTROLS,NOT DIVIDED,CLEAR,,,,,,,2,1,"{""coordinates"": [-87.699968950395, 41.950209495104], ""type"": ""Point""}","[""FRONT-LEFT-CORNER""]","[""FORD"", ""TOYOTA""]","[""PARKED"", ""STRAIGHT AHEAD""]","[""BRONCO / BRONCO II"", ""SIENNA""]",[],"[""28""]","[""NOT APPLICABLE""]","[""NONE""]","[""NO INDICATION OF INJURY""]","[""O2154148""]"
STRAIGHT AND LEVEL,1834,2025-09-19T20:40:00.000,6,20,9,e937ad7075eb0992f853ee9e673a42cdec4d707f0796cf0b4efe3af6e9490c15cb0bdd5ad63e3fe9fe91e86c27853358ec5baad1573bf509c39d19b31b79035d,NO INJURY / DRIVE AWAY,"OVER $1,500",2025-09-20T12:30:00.000,NO CONTROLS,SIDESWIPE SAME DIRECTION,Y,0,0,2,0,0,0,0,41.895078838,DARKNESS,-87.6158466585,NO INDICATION OF INJURY,2,30,UNABLE TO DETERMINE,,UNKNOWN,DRY,UNABLE TO DETERMINE,,N,LAKE SHORE DR NB,700,NO CONTROLS,DIVIDED - W/MEDIAN BARRIER,CLEAR,,,,,,,2,2,"{""coordinates"": [-87.615846658479, 41.895078838031], ""type"": ""Point""}","[""SIDE-LEFT"", ""SIDE-RIGHT""]","[""CHRYSLER"", ""HYUNDAI""]","[""STRAIGHT AHEAD""]","[""ACCENT"", ""OTHER (EXPLAIN IN NARRATIVE)""]",[],"[""42"", ""54""]","[""DEPLOYMENT UNKNOWN"", ""DID NOT DEPLOY""]","[""NONE""]","[""NO INDICATION OF INJURY""]","[""O2156845"", ""O2156846""]"
STRAIGHT AND LEVEL,1221,2025-09-19T21:00:00.000,6,21,9,74482561eed8633844add8294b70d82e042f69aad66b37e7eb26c98cd29afcb77b30628ad638fc70860d0a9d5e133ac2cdc021afc69f883b3e957daf5ca75eb5,INJURY AND / OR TOW DUE TO CRASH,"OVER $1,500",2025-09-19T22:06:00.000,FUNCTIONING PROPERLY,TURNING,Y,0,0,2,0,0,0,0,41.8894640229,"DARKNESS, LIGHTED ROAD",-87.7016139093,NO INDICATION OF INJURY,2,30,IMPROPER TURNING/NO SIGNAL,NOT ON SCENE (DESK REPORT),NO DEFECTS,DRY,NOT APPLICABLE,,N,SACRAMENTO BLVD,440,TRAFFIC SIGNAL,NOT DIVIDED,CLEAR,,,,,,,2,2,"{""coordinates"": [-87.701613909316, 41.889464022911], ""type"": ""Point""}","[""FRONT-RIGHT-CORNER"", ""SIDE-LEFT-FRONT""]","[""MAZDA"", ""UNKNOWN""]","[""PASSING/OVERTAKING"", ""TURNING LEFT""]","[""CX-5"", ""OTHER (EXPLAIN IN NARRATIVE)""]","[""Y""]","[""23""]","[""DEPLOYMENT UNKNOWN"", ""NOT APPLICABLE""]","[""NONE""]","[""NO INDICATION OF INJURY""]","[""O2154153"", ""O2154154""]"
STRAIGHT AND LEVEL,1654,2025-09-19T21:20:00.000,6,21,9,7d76e4a74e49bae9c092061d023ae6c0f681ab1d3fa609394520b9a233e2a54dda94f3b18b37f7e0b5f38e0cd94615cddbb3825828c86c2cddedf805b369b625,NO INJURY / DRIVE AWAY,"OVER $1,500",2025-09-19T21:40:00.000,FUNCTIONING PROPERLY,TURNING,,0,0,2,0,0,0,0,41.9950812393,"DARKNESS, LIGHTED ROAD",-87.8843952457,NO INDICATION OF INJURY,2,45,UNABLE TO DETERMINE,ON SCENE,UNKNOWN,DRY,NOT APPLICABLE,,N,MANNHEIM RD,6401,TRAFFIC SIGNAL,CENTER TURN LANE,CLEAR,,Y,,,,,2,2,"{""coordinates"": [-87.884395245688, 41.995081239342], ""type"": ""Point""}","[""FRONT"", ""SIDE-LEFT-FRONT""]","[""NISSAN"", ""VOLVO""]","[""STRAIGHT AHEAD"", ""U-TURN""]","[""ROGUE"", ""TRUCK""]",[],"[""38"", ""39""]","[""NOT APPLICABLE""]","[""NONE""]","[""NO INDICATION OF INJURY""]","[""O2154520"", ""O2154521""]"
STRAIGHT AND LEVEL,331,2025-09-19T21:32:00.000,6,21,9,30b4dddfcc9d5a58e4c85012267420ee111e81799ea4b4642c173509933cd9a7511d588c2bac9007801fbff4f4a51096d0e5dd266515aff802c514724a65d571,NO INJURY / DRIVE AWAY,"OVER $1,500",2025-09-19T22:50:00.000,UNKNOWN,SIDESWIPE SAME DIRECTION,Y,0,0,2,0,0,0,0,41.7754200537,"DARKNESS, LIGHTED ROAD",-87.5758885326,NO INDICATION OF INJURY,2,30,UNABLE TO DETERMINE,NOT ON SCENE (DESK REPORT),UNKNOWN,DRY,UNABLE TO DETERMINE,,E,MARQUETTE DR,2015,UNKNOWN,NOT DIVIDED,CLEAR,,,,,,,2,2,"{""coordinates"": [-87.575888532605, 41.775420053705], ""type"": ""Point""}","[""FRONT-RIGHT-CORNER"", ""SIDE-LEFT""]","[""CHEVROLET"", ""FORD""]","[""STRAIGHT AHEAD""]","[""EXPLORER"", ""TAHOE""]",[],"[""22""]","[""DEPLOYMENT UNKNOWN"", ""DID NOT DEPLOY""]","[""NONE""]","[""NO INDICATION OF INJURY""]","[""O2154176"", ""O2154177""]"
STRAIGHT AND LEVEL,1833,2025-09-19T21:35:00.000,6,21,9,150d77abf55b475febb9dd6087a03106b22e07faf986c35c559ec72143281c7f4993fb0a9ad1249a5c5972a571b901607b14ecfd14b28c1a9fd4783983fe3d30,NO INJURY / DRIVE AWAY,"OVER $1,500",2025-09-19T22:01:00.000,FUNCTIONING PROPERLY,PARKED MOTOR VEHICLE,,0,0,1,0,0,0,0,41.8964220155,"DARKNESS, LIGHTED ROAD",-87.6280463636,NO INDICATION OF INJURY,2,30,IMPROPER OVERTAKING/PASSING,ON SCENE,NO DEFECTS,DRY,IMPROPER OVERTAKING/PASSING,,N,STATE ST,751,TRAFFIC SIGNAL,DIVIDED - W/MEDIAN (NOT RAISED),CLEAR,,,,,,,2,1,"{""coordinates"": [-87.628046363601, 41.89642201552], ""type"": ""Point""}","[""FRONT-LEFT-CORNER"", ""REAR-RIGHT-CORNER""]","[""LEXUS"", ""LINCOLN""]","[""PARKED"", ""PASSING/OVERTAKING""]","[""NAVIGATOR"", ""OTHER (EXPLAIN IN NARRATIVE)""]",[],"[""68""]","[""NOT APPLICABLE""]","[""NONE""]","[""NO INDICATION OF INJURY""]","[""O2154167""]"