alignment,beat_of_occurrence,crash_date,crash_day_of_week,crash_hour,crash_month,crash_record_id,crash_type,damage,date_police_notified,device_condition,first_crash_type,hit_and_run_i,injuries_fatal,injuries_incapacitating,injuries_no_indication,injuries_non_incapacitating,injuries_reported_not_evident,injuries_total,injuries_unknown,latitude,lighting_condition,longitude,most_severe_injury,num_units,posted_speed_limit,prim_contributory_cause,report_type,road_defect,roadway_surface_cond,sec_contributory_cause,statements_taken_i,street_direction,street_name,street_no,traffic_control_device,trafficway_type,weather_condition,crash_date_est_i,intersection_related_i,photos_taken_i,work_zone_i,dooring_i,private_property_i,veh_count,ppl_count,location_json,veh_first_contact_point_list_json,veh_make_list_json,veh_maneuver_list_json,veh_model_list_json,veh_towed_i_list_json,ppl_age_list_json,ppl_airbag_deployed_list_json,ppl_ejection_list_json,ppl_injury_classification_list_json,ppl_person_id_list_json
STRAIGHT AND LEVEL,211,2025-09-19T21:35:00.000,6,21,9,a31cf361b4c038cfe778e230e08b402b58643f31c4f3e377a394aa634f24d418c86f7f0c1686be0b7397508969986fd4359341ad3cbfe41a0af9ae0faf76e29e,NO INJURY / DRIVE AWAY,"$501 - $1,500",2025-09-19T22:30:00.000,NO CONTROLS,SIDESWIPE SAME DIRECTION,,0,0,2,0,0,0,0,41.8382270062,"DARKNESS, LIGHTED ROAD",-87.6301726407,NO INDICATION OF INJURY,2,30,FAILING TO YIELD RIGHT-OF-WAY,NOT ON SCENE (DESK REPORT),NO DEFECTS,DRY,IMPROPER LANE USAGE,,S,LA SALLE ST,3100,NO CONTROLS,ONE-WAY,CLEAR,N,,,,,,2,2,"{""coordinates"": [-87.630172640708, 41.838227006243], ""type"": ""Point""}","[""SIDE-LEFT"", ""SIDE-RIGHT""]","[""CADILLAC"", ""DODGE""]","[""STRAIGHT AHEAD""]","[""DTS"", ""RAM 1500 PU""]",[],"[""31"", ""60""]","[""NOT APPLICABLE""]","[""NONE""]","[""NO INDICATION OF INJURY""]","[""O2154163"", ""O2154164""]"
STRAIGHT AND LEVEL,911,2025-09-19T21:40:00.000,6,21,9,552638c8bde2a9d0ddcde0daaab12de0fb0bb12fd3c2976ab6bc6795878901b770155ea1949f576a5f72ef19efbd29052b6fcce63e1a1332457b75be581e17e7,NO INJURY / DRIVE AWAY,$500 OR LESS,2025-09-19T23:00:00.000,FUNCTIONING PROPERLY,REAR END,,0,0,2,0,0,0,0,41.8237584709,"DARKNESS, LIGHTED ROAD",-87.6887165612,NO INDICATION OF INJURY,2,30,FAILING TO REDUCE SPEED TO AVOID CRASH,NOT ON SCENE (DESK REPORT),NO DEFECTS,DRY,UNABLE TO DETERMINE,,S,ARCHER AVE,3840,TRAFFIC SIGNAL,DIVIDED - W/MEDIAN (NOT RAISED),CLEAR,,Y,,,,,2,2,"{""coordinates"": [-87.688716561156, 41.823758470906], ""type"": ""Point""}","[""FRONT"", ""REAR""]","[""HONDA"", ""JEEP""]","[""SLOW/STOP IN TRAFFIC"", ""STRAIGHT AHEAD""]","[""CIVIC"", ""GRAND CHEROKEE""]",[],"[""25"", ""32""]","[""DID NOT DEPLOY"", ""NOT APPLICABLE""]","[""NONE""]","[""NO INDICATION OF INJURY""]","[""O2154185"", ""O2154186""]"
STRAIGHT AND LEVEL,1613,2025-09-19T21:53:00.000,6,21,9,4c7aafade0942aed82511137c3516d5a1fb0670aa6d3fa4a643c4c8f107fe567edacab95a072d7168cb2a027d8ebec74e2a9c283dd090e0809fe01d9217a21a0,INJURY AND / OR TOW DUE TO CRASH,"OVER $1,500",2025-09-19T21:53:00.000,FUNCTIONING PROPERLY,TURNING,,0,0,0,1,1,2,0,41.9746479977,"DARKNESS, LIGHTED ROAD",-87.8071278904,NONINCAPACITATING INJURY,2,30,IMPROPER TURNING/NO SIGNAL,ON SCENE,NO DEFECTS,DRY,NOT APPLICABLE,,W,FOSTER AVE,7200,TRAFFIC SIGNAL,NOT DIVIDED,CLEAR,,Y,,,,,2,2,"{""coordinates"": [-87.807127890417, 41.974647997741], ""type"": ""Point""}","[""FRONT"", ""FRONT-RIGHT-CORNER""]","[""CHEVROLET"", ""HONDA""]","[""STRAIGHT AHEAD"", ""TURNING LEFT""]","[""CAMARO"", ""CR-V""]","[""Y""]","[""42"", ""69""]","[""DEPLOYED, FRONT""]","[""NONE""]","[""NONINCAPACITATING INJURY"", ""REPORTED, NOT EVIDENT""]","[""O2154174"", ""O2154175""]"
STRAIGHT AND LEVEL,332,2025-09-19T21:58:00.000,6,21,9,43070d2e7f03fe1988b39eabeedc446808a54ef9a5483574b0f765f6ffcb9827eac75a616ac66832db474a76eb501c397fb31c4a2eb98adbb7f78061d2e07929,INJURY AND / OR TOW DUE TO CRASH,"OVER $1,500",2025-09-19T22:00:00.000,NO CONTROLS,TURNING,N,0,0,2,0,0,0,0,41.7733409702,"DARKNESS, LIGHTED ROAD",-87.5769745558,NO INDICATION OF INJURY,2,30,IMPROPER TURNING/NO SIGNAL,ON SCENE,UNKNOWN,DRY,NOT APPLICABLE,,E,67TH ST,1949,NO CONTROLS,DIVIDED - W/MEDIAN (NOT RAISED),CLEAR,,,,,,,2,2,"{""coordinates"": [-87.576974555756, 41.77334097015], ""type"": ""Point""}","[""FRONT""]","[""BUICK"", ""DODGE""]","[""TURNING LEFT"", ""TURNING RIGHT""]","[""AVENGER"", ""OTHER (EXPLAIN IN NARRATIVE)""]","[""Y""]","[""26""]","[""DEPLOYMENT UNKNOWN"", ""DID NOT DEPLOY""]","[""NONE"", ""UNKNOWN""]","[""NO INDICATION OF INJURY""]","[""O2154159"", ""O2154160""]"
STRAIGHT AND LEVEL,1831,2025-09-19T22:00:00.000,6,22,9,4d980f9fcba92956967ea4b43ad9631d840db146dea17aab3909167c0c7e8f0d48ae485ddae5861b152ff980b299c5844196c50c92034c2c0d5d3327078af8df,NO INJURY / DRIVE AWAY,"OVER $1,500",2025-09-19T22:20:00.000,FUNCTIONING PROPERLY,SIDESWIPE SAME DIRECTION,,0,0,3,0,0,0,0,41.8965031108,"DARKNESS, LIGHTED ROAD",-87.6370235709,NO INDICATION OF INJURY,2,35,UNABLE TO DETERMINE,NOT ON SCENE (DESK REPORT),NO DEFECTS,DRY,NOT APPLICABLE,,N,ORLEANS ST,757,TRAFFIC SIGNAL,DIVIDED - W/MEDIAN (NOT RAISED),CLEAR,,,,,,,2,3,"{""coordinates"": [-87.637023570947, 41.896503110759], ""type"": ""Point""}","[""SIDE-RIGHT"", ""UNKNOWN""]","[""CHEVROLET"", ""VOLKSWAGEN""]","[""STRAIGHT AHEAD""]","[""EQUINOX"", ""OTHER (EXPLAIN IN NARRATIVE)""]",[],[],"[""DEPLOYMENT UNKNOWN"", ""NOT APPLICABLE""]","[""NONE""]","[""NO INDICATION OF INJURY""]","[""O2154157"", ""O2154158"", ""P475477""]"
STRAIGHT AND LEVEL,1932,2025-09-19T22:00:00.000,6,22,9,9b69aa35b49d5599b407e00e0dd9f392ebcaf84e9a3708b949a833484453e6c1bc263b3dfebcb0e17c68632c0b1bffa1d9c46d2f21eb179d15580fd9f84a004c,NO INJURY / DRIVE AWAY,$500 OR LESS,2025-09-20T08:35:00.000,NO CONTROLS,PARKED MOTOR VEHICLE,,0,0,1,0,0,0,0,41.9353154099,"DARKNESS, LIGHTED ROAD",-87.6637795875,NO INDICATION OF INJURY,2,30,IMPROPER BACKING,NOT ON SCENE (DESK REPORT),NO DEFECTS,DRY,NOT APPLICABLE,,W,OAKDALE AVE,1400,NO CONTROLS,NOT DIVIDED,CLEAR,Y,,,,,,2,1,"{""coordinates"": [-87.663779587473, 41.935315409896], ""type"": ""Point""}","[""FRONT"", ""REAR""]","[""HONDA"", ""UNKNOWN""]","[""BACKING"", ""PARKED""]","[""FIT"", ""OTHER (EXPLAIN IN NARRATIVE)""]",[],"[""70""]","[""DID NOT DEPLOY""]","[""NONE""]","[""NO INDICATION OF INJURY""]","[""O2154323""]"
STRAIGHT AND LEVEL,511,2025-09-19T22:04:00.000,6,22,9,4921916eb6d3add51dbe60180251228b3aaa04e41a096567f2fcaa85d85bb28cddd363b6d981a8e012a25e3795652988510c4e3ae0c48e39b30a562b8775f9d8,NO INJURY / DRIVE AWAY,"OVER $1,500",2025-09-19T22:04:00.000,FUNCTIONING PROPERLY,REAR END,,0,0,2,0,0,0,0,41.7215662926,DARKNESS,-87.6251695177,NO INDICATION OF INJURY,2,30,FAILING TO REDUCE SPEED TO AVOID CRASH,ON SCENE,NO DEFECTS,DRY,NOT APPLICABLE,,S,LAFAYETTE AVE,9500,STOP SIGN/FLASHER,DIVIDED - W/MEDIAN BARRIER,CLEAR,,,,,,,2,2,"{""coordinates"": [-87.625169517699, 41.721566292573], ""type"": ""Point""}","[""FRONT"", ""REAR""]","[""CHEVROLET"", ""MAZDA""]","[""STRAIGHT AHEAD""]","[""BOLT"", ""MAZDA6""]","[""N""]","[""38""]","[""NOT APPLICABLE""]","[""NONE""]","[""NO INDICATION OF INJURY""]","[""O2154169"", ""O2154170""]"
STRAIGHT AND LEVEL,915,2025-09-19T22:08:00.000,6,22,9,231e3a0ffdfb38aac1ca1067940938f34316f361a8562c8320eeef12a9401772160b0e34b94f100bf63b3447d5e2d7fdabf901d292264a603c74a49fc2f83746,NO INJURY / DRIVE AWAY,"OVER $1,500",2025-09-19T22:14:00.000,NO CONTROLS,REAR END,Y,0,0,2,0,0,0,0,41.8309111801,"DARKNESS, LIGHTED ROAD",-87.6423969827,NO INDICATION OF INJURY,2,30,FOLLOWING TOO CLOSELY,ON SCENE,NO DEFECTS,DRY,NOT APPLICABLE,,W,35TH ST,628,NO CONTROLS,NOT DIVIDED,CLOUDY/OVERCAST,Y,Y,,,,,2,2,"{""coordinates"": [-87.642396982719, 41.830911180131], ""type"": ""Point""}","[""FRONT"", ""REAR""]","[""JEEP"", ""NISSAN""]","[""STRAIGHT AHEAD""]","[""GRAND CHEROKEE"", ""MAXIMA""]",[],"[""38""]","[""DEPLOYMENT UNKNOWN"", ""NOT APPLICABLE""]","[""NONE""]","[""NO INDICATION OF INJURY""]","[""O2154161"", ""O2154162""]"
STRAIGHT AND LEVEL,133,2025-09-19T22:11:00.000,6,22,9,72c0ef14977c9b95daf80da2319b2a29e7602e4df9b66b58a2b870a2d2f0921155155bd4951d0dfeb6a652fd181cae0cfddc0a5a5945a793eab528c460466daf,NO INJURY / DRIVE AWAY,"OVER $1,500",2025-09-19T22:17:00.000,FUNCTIONING PROPERLY,TURNING,,0,0,2,0,0,0,0,41.8455203975,"DARKNESS, LIGHTED ROAD",-87.627106592,NO INDICATION OF INJURY,2,30,UNABLE TO DETERMINE,ON SCENE,NO DEFECTS,DRY,UNABLE TO DETERMINE,Y,S,STATE ST,2600,TRAFFIC SIGNAL,DIVIDED - W/MEDIAN (NOT RAISED),CLEAR,,Y,,,,,2,2,"{""coordinates"": [-87.627106591997, 41.845520397465], ""type"": ""Point""}","[""FRONT"", ""FRONT-RIGHT-CORNER""]","[""HONDA"", ""MERCEDES-BENZ""]","[""STRAIGHT AHEAD"", ""TURNING LEFT""]","[""CR-V"", ""GLS""]",[],"[""20"", ""63""]","[""DEPLOYED, COMBINATION""]","[""NONE""]","[""NO INDICATION OF INJURY""]","[""O2154180"", ""O2154181""]"
STRAIGHT AND LEVEL,1421,2025-09-19T22:26:00.000,6,22,9,4fcd1fda440bb98d097dbcf99eef661e7fcb2f5f02b399a2b0b01f40cc4c1bd8f9931cc576de256915eabc679db7067c590a73092f304507f0e16a988d487212,NO INJURY / DRIVE AWAY,"$501 - $1,500",2025-09-19T23:21:00.000,NO CONTROLS,SIDESWIPE SAME DIRECTION,Y,0,0,2,0,0,0,0,41.9124292858,"DARKNESS, LIGHTED ROAD",-87.6971962528,NO INDICATION OF INJURY,2,30,IMPROPER OVERTAKING/PASSING,NOT ON SCENE (DESK REPORT),NO DEFECTS,DRY,NOT APPLICABLE,,N,CALIFORNIA AVE,1704,NO CONTROLS,NOT DIVIDED,CLEAR,,,,,,,2,2,"{""coordinates"": [-87.697196252818, 41.912429285791], ""type"": ""Point""}","[""SIDE-LEFT-FRONT"", ""SIDE-RIGHT-FRONT""]","[""DODGE"", ""UNKNOWN""]","[""MERGING"", ""STRAIGHT AHEAD""]","[""OTHER (EXPLAIN IN NARRATIVE)"", ""RAM 1500 PU""]",[],"[""19""]","[""DEPLOYMENT UNKNOWN"", ""NOT APPLICABLE""]","[""NONE""]","[""NO INDICATION OF INJURY""]","[""O2154178"", ""O2154179""]"
STRAIGHT AND LEVEL,433,2025-09-19T22:30:00.000,6,22,9,55e9058a8a2c87e1080b43636c0a572ea513ad510260ae47e872bfa576b62e75bb68896615e885e428bd1dd1d09c02017e00f41d2a3664d4e70a20a745ab494f,NO INJURY / DRIVE AWAY,"OVER $1,500",2025-09-19T22:42:00.000,NO CONTROLS,PARKED MOTOR VEHICLE,Y,0,0,1,0,0,0,0,41.6884236349,"DARKNESS, LIGHTED ROAD",-87.537548042,NO INDICATION OF INJURY,3,30,UNABLE TO DETERMINE,ON SCENE,NO DEFECTS,DRY,NOT APPLICABLE,,S,AVENUE M,11355,NO CONTROLS,ONE-WAY,CLEAR,Y,,,,,,3,1,"{""coordinates"": [-87.537548042007, 41.688423634858], ""type"": ""Point""}","[""OTHER"", ""REAR-LEFT-CORNER"", ""UNKNOWN""]","[""JEEP"", ""NISSAN"", ""UNKNOWN""]","[""PARKED"", ""UNKNOWN/NA""]","[""ALTIMA"", ""OTHER (EXPLAIN IN NARRATIVE)"", ""PATRIOT""]",[],[],"[""DEPLOYMENT UNKNOWN""]","[""UNKNOWN""]","[""NO INDICATION OF INJURY""]","[""O2154195""]"
STRAIGHT AND LEVEL,1133,2025-09-19T22:44:00.000,6,22,9,e6c42a00661bd90c67b6e2731cd9db8886d6468e2238e28a19559f02f77cda8e2e98149be5211d339a9e93c8b103d418fbafd9d67bf64f2a7a65a874a44f0474,NO INJURY / DRIVE AWAY,"OVER $1,500",2025-09-19T23:22:00.000,NO CONTROLS,SIDESWIPE SAME DIRECTION,Y,0,0,2,0,0,0,0,41.8737367309,"DARKNESS, LIGHTED ROAD",-87.7109060035,NO INDICATION OF INJURY,2,30,IMPROPER LANE USAGE,NOT ON SCENE (DESK REPORT),NO DEFECTS,DRY,FOLLOWING TOO CLOSELY,,W,HARRISON ST,3400,NO CONTROLS,NOT DIVIDED,CLEAR,,,,,,,2,2,"{""coordinates"": [-87.710906003482, 41.873736730932], ""type"": ""Point""}","[""FRONT-LEFT-CORNER"", ""REAR-RIGHT-CORNER""]","[""FORD"", ""NISSAN""]","[""PASSING/OVERTAKING"", ""STRAIGHT AHEAD""]","[""ALTIMA"", ""FUSION""]",[],"[""66""]","[""DEPLOYMENT UNKNOWN"", ""NOT APPLICABLE""]","[""NONE""]","[""NO INDICATION OF INJURY""]","[""O2154187"", ""O2154188""]"
STRAIGHT AND LEVEL,1023,2025-09-19T22:45:00.000,6,22,9,0e4a12b606353efff3f84bf23d8229d09f182d7a46e47eee3daad6dcee9c844c00e38a17add0bbb3898079e87e6ffb0bd0b4ebada19dac8fa142a3546d559df9,NO INJURY / DRIVE AWAY,"$501 - $1,500",2025-09-19T23:40:00.000,NO CONTROLS,TURNING,,0,0,2,0,0,0,0,41.8537660863,"DARKNESS, LIGHTED ROAD",-87.6863586671,NO INDICATION OF INJURY,2,30,IMPROPER OVERTAKING/PASSING,NOT ON SCENE (DESK REPORT),NO DEFECTS,DRY,NOT APPLICABLE,,W,21ST ST,2415,NO CONTROLS,NOT DIVIDED,CLEAR,,,,,,,2,2,"{""coordinates"": [-87.686358667063, 41.853766086278], ""type"": ""Point""}","[""SIDE-LEFT-FRONT"", ""SIDE-RIGHT-FRONT""]","[""BMW"", ""UNKNOWN""]","[""STRAIGHT AHEAD"", ""TURNING LEFT""]","[""OTHER (EXPLAIN IN NARRATIVE)"", ""X3""]",[],"[""20""]","[""DEPLOYMENT UNKNOWN"", ""NOT APPLICABLE""]","[""NONE""]","[""NO INDICATION OF INJURY""]","[""O2154191"", ""O2154192""]"
STRAIGHT AND LEVEL,513,2025-09-19T22:54:00.000,6,22,9,e821790ad7fdb6a5e87c5adf1e27bbea9ed5a267589da9bd1af80741cdbf57bb466bb85ab09bdaae55a1d9adef525d05f9904ceccb30319871572b5e90aa1146,NO INJURY / DRIVE AWAY,"OVER $1,500",2025-09-19T23:38:00.000,OTHER,TURNING,,0,0,5,0,0,0,0,41.6927527107,"DARKNESS, LIGHTED ROAD",-87.5969887539,NO INDICATION OF INJURY,2,30,IMPROPER OVERTAKING/PASSING,ON SCENE,NO DEFECTS,DRY,IMPROPER OVERTAKING/PASSING,,S,DOTY AVE E,11100,TRAFFIC SIGNAL,NOT DIVIDED,CLEAR,,,,,,,2,5,"{""coordinates"": [-87.59698875385, 41.692752710685], ""type"": ""Point""}","[""SIDE-LEFT""]","[""CHRYSLER"", ""VOLKSWAGEN""]","[""STRAIGHT AHEAD"", ""TURNING RIGHT""]","[""ATLAS"", ""TOWN & COUNTRY""]",[],"[""52"", ""6"", ""65"", ""66"", ""7""]","[""NOT APPLICABLE""]","[""NONE"", ""UNKNOWN""]","[""NO INDICATION OF INJURY""]","[""O2154198"", ""O2154199"", ""P475479"", ""P475480"", ""P475481""]"
STRAIGHT AND LEVEL,623,2025-09-19T22:55:00.000,6,22,9,d15cf81ba55320894da5558313ee6de023a659a94fb8ecd6fd2714647e0d7f9925cdb86fb93f732c90c0d2bdcbc7bfccbefd1c61de45b0be3f2478497c1791cb,NO INJURY / DRIVE AWAY,"OVER $1,500",2025-09-19T22:55:00.000,FUNCTIONING PROPERLY,SIDESWIPE SAME DIRECTION,,0,0,3,0,0,0,0,41.7508303581,"DARKNESS, LIGHTED ROAD",-87.6251802018,NO INDICATION OF INJURY,2,30,DRIVING SKILLS/KNOWLEDGE/EXPERIENCE,ON SCENE,UNKNOWN,DRY,DRIVING SKILLS/KNOWLEDGE/EXPERIENCE,N,W,79TH ST,15,TRAFFIC SIGNAL,NOT DIVIDED,CLEAR,,,,,,,2,3,"{""coordinates"": [-87.625180201785, 41.750830358086], ""type"": ""Point""}","[""SIDE-LEFT-REAR"", ""SIDE-RIGHT-REAR""]","[""FORD"", ""NEW FLYER""]","[""OTHER"", ""PASSING/OVERTAKING""]","[""D40LF"", ""EXPLORER""]",[],"[""30"", ""35"", ""62""]","[""NOT APPLICABLE""]","[""NONE""]","[""NO INDICATION OF INJURY""]","[""O2154189"", ""O2154190"", ""P475478""]"
STRAIGHT ON GRADE,1932,2025-09-19T22:59:00.000,6,22,9,d1418357b463489ed580d8e8c152cd6a226bd4eccbfe4fc029837bf128181abf11f00df281df75d73d5509d662e98d74f67ab85074133552f7069af2dc826cc0,NO INJURY / DRIVE AWAY,$500 OR LESS,2025-09-20T00:23:00.000,OTHER,PARKED MOTOR VEHICLE,,0,0,1,0,0,0,0,41.9326540412,DUSK,-87.6593949162,NO INDICATION OF INJURY,2,30,DRIVING SKILLS/KNOWLEDGE/EXPERIENCE,NOT ON SCENE (DESK REPORT),UNKNOWN,DRY,NOT APPLICABLE,,W,DIVERSEY PKWY,1216,NO CONTROLS,NOT DIVIDED,CLEAR,,,,,,,2,1,"{""coordinates"": [-87.659394916166, 41.932654041195], ""type"": ""Point""}","[""FRONT-RIGHT-CORNER"", ""REAR""]","[""BUICK"", ""FORD""]","[""PARKED"", ""STRAIGHT AHEAD""]","[""FUSION"", ""VERANO""]",[],[],"[""DID NOT DEPLOY""]","[""UNKNOWN""]","[""NO INDICATION OF INJURY""]","[""O2154202""]"
STRAIGHT AND LEVEL,924,2025-09-19T23:11:00.000,6,23,9,136a80128e673afa1e99d090116ed1b35ad7b77611a39bef3d239582a0d2e5d47d94c333998cab7c8e9517d1bf9291acba3f6a0d3f176fbb5743c48b3e950280,INJURY AND / OR TOW DUE TO CRASH,$500 OR LESS,2025-09-20T01:46:00.000,FUNCTIONING PROPERLY,PEDALCYCLIST,Y,0,0,1,1,0,1,0,41.8103461274,"DARKNESS, LIGHTED ROAD",-87.6651655862,NONINCAPACITATING INJURY,2,30,FAILING TO YIELD RIGHT-OF-WAY,ON SCENE,NO DEFECTS,DRY,UNABLE TO DETERMINE,,S,ASHLAND AVE,4600,TRAFFIC SIGNAL,FOUR WAY,CLEAR,,Y,,,,,2,2,"{""coordinates"": [-87.665165586176, 41.810346127362], ""type"": ""Point""}","[""UNKNOWN""]","[""GENERAL MOTORS CORPORATION (GMC)""]","[""TURNING LEFT""]","[""TERRAIN""]",[],"[""16""]","[""NOT APPLICABLE""]","[""NONE""]","[""NO INDICATION OF INJURY"", ""NONINCAPACITATING INJURY""]","[""O2154232"", ""O2154233""]"
STRAIGHT AND LEVEL,122,2025-09-19T23:13:00.000,6,23,9,71628185e143d34a72f0fb774b780abdd7149d378835fa235d53c9d5753e53cd392568ec90b1c2c5a6f45f4f6cae89e3eb5cb85529ae3f5d236d0ef049856ed6,NO INJURY / DRIVE AWAY,"OVER $1,500",2025-09-20T00:40:00.000,NO CONTROLS,SIDESWIPE SAME DIRECTION,Y,0,0,2,0,0,0,0,41.8757001185,"DARKNESS, LIGHTED ROAD",-87.6336295055,NO INDICATION OF INJURY,2,30,IMPROPER LANE USAGE,NOT ON SCENE (DESK REPORT),NO DEFECTS,DRY,UNABLE TO DETERMINE,,W,IDA B WELLS DR,198,NO CONTROLS,NOT DIVIDED,CLEAR,,,,,,,2,2,"{""coordinates"": [-87.633629505483, 41.875700118504], ""type"": ""Point""}","[""SIDE-LEFT-REAR"", ""SIDE-RIGHT-REAR""]","[""FORD"", ""TOYOTA""]","[""CHANGING LANES"", ""STRAIGHT AHEAD""]","[""RANGER"", ""RAV4""]",[],"[""23""]","[""DEPLOYMENT UNKNOWN"", ""DID NOT DEPLOY""]","[""NONE""]","[""NO INDICATION OF INJURY""]","[""O2154207"", ""O2154208""]"
STRAIGHT AND LEVEL,523,2025-09-19T23:13:00.000,6,23,9,dc12c7e3970038ef49df367a0438d310e20bbb42b56a9ca3387fdefc886c2e47d00b79dd165e81542c0144cbe6aaeaedbb0904b31ff89e80aef1feca314c9ecd,NO INJURY / DRIVE AWAY,"OVER $1,500",2025-09-19T23:14:00.000,NO CONTROLS,REAR END,Y,0,0,2,0,0,0,0,41.6634482575,"DARKNESS, LIGHTED ROAD",-87.6300670397,NO INDICATION OF INJURY,2,35,UNABLE TO DETERMINE,ON SCENE,NO DEFECTS,DRY,NOT APPLICABLE,,W,127TH ST,314,NO CONTROLS,NOT DIVIDED,CLEAR,,,,,,,2,2,"{""coordinates"": [-87.630067039709, 41.663448257523], ""type"": ""Point""}","[""FRONT"", ""REAR""]","[""CHEVROLET"", ""UNKNOWN""]","[""STRAIGHT AHEAD""]","[""MOTORIZED"", ""OTHER (EXPLAIN IN NARRATIVE)""]",[],"[""22""]","[""DEPLOYMENT UNKNOWN"", ""DID NOT DEPLOY""]","[""NONE""]","[""NO INDICATION OF INJURY""]","[""O2154193"", ""O2154194""]"
STRAIGHT AND LEVEL,1811,2025-09-19T23:20:00.000,6,23,9,0038e3b82a3631bb5c2138674fc6f5c2665ded5a798ddad326527bd681e749adba5e108010bcae4697b9928066c6cca1ebfe4f42d7d08eed496c9b88ea1c0c9f,NO INJURY / DRIVE AWAY,"OVER $1,500",2025-09-20T10:25:00.000,NO CONTROLS,PARKED MOTOR VEHICLE,Y,0,0,1,0,0,0,0,41.9169915623,"DARKNESS, LIGHTED ROAD",-87.6555284016,NO INDICATION OF INJURY,2,20,NOT APPLICABLE,NOT ON SCENE (DESK REPORT),NO DEFECTS,DRY,NOT APPLICABLE,,N,SEMINARY AVE,1932,NO CONTROLS,NOT DIVIDED,CLEAR,,,,,,,2,1,"{""coordinates"": [-87.655528401601, 41.916991562281], ""type"": ""Point""}","[""TOTAL (ALL AREAS)"", ""UNKNOWN""]","[""CHEVROLET"", ""UNKNOWN""]","[""PARKED"", ""UNKNOWN/NA""]","[""MALIBU"", ""OTHER (EXPLAIN IN NARRATIVE)""]",[],[],"[""DEPLOYMENT UNKNOWN""]","[""UNKNOWN""]","[""NO INDICATION OF INJURY""]","[""O2154393""]"
STRAIGHT AND LEVEL,1212,2025-09-19T23:20:00.000,6,23,9,8634906d5d2e0555eace0078661c6b7faf718c1f80527e5742f2be88f74cefddabc3ce2353b2cdd47fccae84867496c7ea5d84cce1ed4de8f46c27c015359ffd,INJURY AND / OR TOW DUE TO CRASH,"OVER $1,500",2025-09-19T23:24:00.000,FUNCTIONING PROPERLY,TURNING,,0,0,2,6,0,6,0,41.8957869549,"DARKNESS, LIGHTED ROAD",-87.6869905861,NONINCAPACITATING INJURY,4,30,DISREGARDING TRAFFIC SIGNALS,ON SCENE,UNKNOWN,DRY,NOT APPLICABLE,,N,WESTERN AVE,800,TRAFFIC SIGNAL,DIVIDED - W/MEDIAN (NOT RAISED),CLEAR,,Y,,,,,4,8,"{""coordinates"": [-87.686990586112, 41.895786954854], ""type"": ""Point""}","[""FRONT"", ""SIDE-RIGHT""]","[""KIA"", ""NISSAN"", ""TOYOTA"", ""VESPA""]","[""SLOW/STOP IN TRAFFIC"", ""STRAIGHT AHEAD"", ""TURNING LEFT""]","[""GTS SERIES"", ""OTHER (EXPLAIN IN NARRATIVE)"", ""PRIUS"", ""ROGUE""]","[""Y""]","[""22"", ""24"", ""27"", ""30"", ""38"", ""44"", ""45"", ""59""]","[""DEPLOYED, COMBINATION"", ""NOT APPLICABLE""]","[""NONE""]","[""NO INDICATION OF INJURY"", ""NONINCAPACITATING INJURY""]","[""O2154211"", ""O2154212"", ""O2154213"", ""O2154214"", ""P475483"", ""P475487"", ""P475488"", ""P475489""]"
STRAIGHT AND LEVEL,133,2025-09-19T23:30:00.000,6,23,9,8f692b1a9bd229f17a36d4a4db99a026223c4c98e66e7027f8b100cfd4c71b3a78a3a5e5a3f638deddcceb889babe17e7db0d144fa3e10c4b589624e625a85c6,INJURY AND / OR TOW DUE TO CRASH,"OVER $1,500",2025-09-19T23:31:00.000,NO CONTROLS,FIXED OBJECT,,0,0,1,0,0,0,0,41.8453428673,"DARKNESS, LIGHTED ROAD",-87.6109980445,NO INDICATION OF INJURY,1,40,IMPROPER LANE USAGE,ON SCENE,NO DEFECTS,DRY,NOT APPLICABLE,,S,LAKE SHORE DR NB,2619,NO CONTROLS,DIVIDED - W/MEDIAN BARRIER,CLEAR,,,,,,,1,1,"{""coordinates"": [-87.610998044537, 41.845342867304], ""type"": ""Point""}","[""FRONT""]","[""HYUNDAI""]","[""STRAIGHT AHEAD""]","[""ELANTRA""]","[""Y""]","[""35""]","[""DEPLOYED, FRONT""]","[""NONE""]","[""NO INDICATION OF INJURY""]","[""O2154200""]"