alignment,beat_of_occurrence,crash_date,crash_day_of_week,crash_hour,crash_month,crash_record_id,crash_type,damage,date_police_notified,device_condition,first_crash_type,hit_and_run_i,injuries_fatal,injuries_incapacitating,injuries_no_indication,injuries_non_incapacitating,injuries_reported_not_evident,injuries_total,injuries_unknown,latitude,lighting_condition,longitude,most_severe_injury,num_units,posted_speed_limit,prim_contributory_cause,report_type,road_defect,roadway_surface_cond,sec_contributory_cause,statements_taken_i,street_direction,street_name,street_no,traffic_control_device,trafficway_type,weather_condition,crash_date_est_i,intersection_related_i,photos_taken_i,work_zone_i,dooring_i,private_property_i,veh_count,ppl_count,location_json,veh_first_contact_point_list_json,veh_make_list_json,veh_maneuver_list_json,veh_model_list_json,veh_towed_i_list_json,ppl_age_list_json,ppl_airbag_deployed_list_json,ppl_ejection_list_json,ppl_injury_classification_list_json,ppl_person_id_list_json
STRAIGHT AND LEVEL,1113,2025-09-19T23:30:00.000,6,23,9,da5cc3aabc4cfb78b8660be2057a60dc33b677bbb948c2251127889b97a53a177e7b9b30ca87d910c58550eefbda9fbfb9aca703a2f02606dd1058c9166876ac,INJURY AND / OR TOW DUE TO CRASH,"OVER $1,500",2025-09-20T09:00:00.000,FUNCTIONING PROPERLY,ANGLE,Y,0,0,2,0,0,0,0,41.8804603974,"DARKNESS, LIGHTED ROAD",-87.742974644,NO INDICATION OF INJURY,2,30,FAILING TO YIELD RIGHT-OF-WAY,ON SCENE,NO DEFECTS,DRY,DISREGARDING STOP SIGN,,S,KILPATRICK AVE,2,STOP SIGN/FLASHER,FOUR WAY,CLEAR,,Y,,,,,2,2,"{""coordinates"": [-87.742974644037, 41.8804603974], ""type"": ""Point""}","[""FRONT"", ""SIDE-RIGHT""]","[""BUICK"", ""HYUNDAI""]","[""STRAIGHT AHEAD""]","[""OTHER (EXPLAIN IN NARRATIVE)"", ""SANTA FE""]","[""Y""]","[""43""]","[""DEPLOYMENT UNKNOWN""]","[""NONE""]","[""NO INDICATION OF INJURY""]","[""O2154355"", ""O2154356""]"
STRAIGHT AND LEVEL,1433,2025-09-19T23:40:00.000,6,23,9,5bc8961992bffd79dfe49fa665af0967b1b33e36d3d46e45bc4dcfee56bd5edc4339496e66fc8d1f3f9111cf681706d821069287d573db0560526e61f4a3b712,NO INJURY / DRIVE AWAY,"OVER $1,500",2025-09-20T01:05:00.000,FUNCTIONING PROPERLY,REAR END,,0,0,3,0,0,0,0,41.9036178177,"DARKNESS, LIGHTED ROAD",-87.6574736354,NO INDICATION OF INJURY,2,35,UNABLE TO DETERMINE,NOT ON SCENE (DESK REPORT),NO DEFECTS,DRY,NOT APPLICABLE,,W,DIVISION ST,1200,TRAFFIC SIGNAL,FOUR WAY,CLEAR,,Y,,,,,2,3,"{""coordinates"": [-87.657473635421, 41.903617817686], ""type"": ""Point""}","[""REAR"", ""UNKNOWN""]","[""GENERAL MOTORS CORPORATION (GMC)"", ""NISSAN""]","[""SLOW/STOP IN TRAFFIC"", ""STRAIGHT AHEAD""]","[""ACADIA"", ""ROGUE""]",[],[],"[""DEPLOYMENT UNKNOWN"", ""NOT APPLICABLE""]","[""NONE""]","[""NO INDICATION OF INJURY""]","[""O2154218"", ""O2154219"", ""P475485""]"
STRAIGHT AND LEVEL,834,2025-09-19T23:42:00.000,6,23,9,b109f72b2b875ae44f5632b16f9c075731ded57e50503b2b6b12289966ce16a9f37990617ad2fd119a4e916a151f0a5a359e1fa90c6143f987ecd16c09472247,INJURY AND / OR TOW DUE TO CRASH,"$501 - $1,500",2025-09-19T23:46:00.000,NO CONTROLS,SIDESWIPE SAME DIRECTION,Y,0,0,2,1,0,1,0,41.7425656332,"DARKNESS, LIGHTED ROAD",-87.7047734247,NONINCAPACITATING INJURY,2,30,FAILING TO REDUCE SPEED TO AVOID CRASH,ON SCENE,NO DEFECTS,DRY,IMPROPER LANE USAGE,,W,83RD ST,3302,NO CONTROLS,NOT DIVIDED,CLEAR,,,,,,,2,3,"{""coordinates"": [-87.704773424661, 41.742565633151], ""type"": ""Point""}","[""FRONT-RIGHT-CORNER"", ""REAR-LEFT-CORNER""]","[""HONDA"", ""KIA""]","[""STRAIGHT AHEAD""]","[""CIVIC"", ""SORENTO""]",[],"[""42"", ""45""]","[""DEPLOYMENT UNKNOWN"", ""NOT APPLICABLE""]","[""NONE"", ""UNKNOWN""]","[""NO INDICATION OF INJURY"", ""NONINCAPACITATING INJURY""]","[""O2154205"", ""O2154206"", ""P475482""]"
STRAIGHT AND LEVEL,132,2025-09-19T23:45:00.000,6,23,9,555446eaebbd02c210dceb1bded9c0b16408e07c9d45cc242e0e96ffd114096ec279f0e55d75e34c75014bb5cba3e39d128649ae81336246e6c8ab1dfb68dc6f,INJURY AND / OR TOW DUE TO CRASH,"OVER $1,500",2025-09-20T00:55:00.000,NO CONTROLS,FIXED OBJECT,,0,0,1,0,0,0,0,41.8511074802,"DARKNESS, LIGHTED ROAD",-87.6128666325,NO INDICATION OF INJURY,1,30,UNABLE TO DETERMINE,ON SCENE,UNKNOWN,UNKNOWN,NOT APPLICABLE,,S,LAKE SHORE DR NB,2301,NO CONTROLS,DIVIDED - W/MEDIAN (NOT RAISED),CLEAR,N,,,,,Y,1,1,"{""coordinates"": [-87.612866632544, 41.85110748019], ""type"": ""Point""}","[""FRONT""]","[""NISSAN""]","[""UNKNOWN/NA""]","[""ALTIMA""]","[""Y""]",[],"[""DEPLOYMENT UNKNOWN""]","[""NONE""]","[""NO INDICATION OF INJURY""]","[""O2154231""]"
STRAIGHT AND LEVEL,132,2025-09-19T23:58:00.000,6,23,9,001e5dd42b3d8236fb3b07366a4a46351ea671ea83de90ec4a9ae718219c1ef0ffe431614ddaf2731162d5de9c717c9c78726bb4284ff0cc5169f2354bb8bf0c,INJURY AND / OR TOW DUE TO CRASH,"OVER $1,500",2025-09-20T13:00:00.000,NO CONTROLS,SIDESWIPE SAME DIRECTION,,0,0,1,1,0,1,0,41.852120514,DARKNESS,-87.6191458504,NONINCAPACITATING INJURY,2,30,IMPROPER OVERTAKING/PASSING,NOT ON SCENE (DESK REPORT),UNKNOWN,DRY,UNABLE TO DETERMINE,,S,DR MARTIN LUTHER KING JR DR,2230,NO CONTROLS,NOT DIVIDED,CLEAR,,,,,,,2,2,"{""coordinates"": [-87.619145850359, 41.852120513994], ""type"": ""Point""}","[""FRONT-RIGHT-CORNER"", ""SIDE-LEFT""]","[""NISSAN"", ""UNKNOWN""]","[""CHANGING LANES"", ""STRAIGHT AHEAD""]","[""ALTIMA"", ""OTHER (EXPLAIN IN NARRATIVE)""]","[""Y""]",[],"[""DEPLOYMENT UNKNOWN"", ""DID NOT DEPLOY""]","[""NONE""]","[""NO INDICATION OF INJURY"", ""NONINCAPACITATING INJURY""]","[""O2154452"", ""O2154453""]"
STRAIGHT AND LEVEL,814,2025-09-20T00:03:00.000,7,0,9,e248ec4673b109000e7d73cb81a2d7cebf23a6fa127f5d967eeb490a99c22e7c7b95d245d2ed085259546c9d376539b73eb41185b4c088ef473ca5a9bdbe1dbb,INJURY AND / OR TOW DUE TO CRASH,"OVER $1,500",2025-09-20T00:05:00.000,FUNCTIONING PROPERLY,HEAD ON,Y,0,0,8,0,0,0,0,41.8075303729,"DARKNESS, LIGHTED ROAD",-87.7432968212,NO INDICATION OF INJURY,5,30,FOLLOWING TOO CLOSELY,ON SCENE,NO DEFECTS,DRY,FAILING TO YIELD RIGHT-OF-WAY,,S,CICERO AVE,4700,TRAFFIC SIGNAL,DIVIDED - W/MEDIAN (NOT RAISED),CLEAR,,Y,,,,,5,8,"{""coordinates"": [-87.743296821242, 41.807530372894], ""type"": ""Point""}","[""FRONT-LEFT-CORNER"", ""REAR-LEFT-CORNER""]","[""CHEVROLET"", ""HONDA"", ""NISSAN"", ""TESLA"", ""UNKNOWN""]","[""STRAIGHT AHEAD""]","[""ALTIMA"", ""CR-V"", ""MODEL X"", ""OTHER (EXPLAIN IN NARRATIVE)"", ""SUBURBAN""]","[""Y""]","[""19"", ""20"", ""24"", ""45""]","[""DEPLOYMENT UNKNOWN"", ""DID NOT DEPLOY""]","[""NONE""]","[""NO INDICATION OF INJURY""]","[""O2154222"", ""O2154223"", ""O2154224"", ""O2154225"", ""O2154226"", ""P475490"", ""P475491"", ""P475492""]"
STRAIGHT AND LEVEL,2521,2025-09-20T00:10:00.000,7,0,9,193ae2302fbf349ac5b2143d2e1119a923be8ffed82127abeea94e51909bd75fbea40694ff00f35ba5e60d387b3739300e2ff4ec8e5be5d3eee28b4307114112,NO INJURY / DRIVE AWAY,"$501 - $1,500",2025-09-20T00:31:00.000,FUNCTIONING PROPERLY,TURNING,Y,0,0,3,0,0,0,0,41.9315756084,"DARKNESS, LIGHTED ROAD",-87.7467433011,NO INDICATION OF INJURY,2,30,DISREGARDING TRAFFIC SIGNALS,ON SCENE,NO DEFECTS,DRY,UNABLE TO DETERMINE,,N,CICERO AVE,2800,TRAFFIC SIGNAL,FOUR WAY,CLEAR,,Y,,,,,2,3,"{""coordinates"": [-87.746743301136, 41.931575608446], ""type"": ""Point""}","[""FRONT"", ""SIDE-LEFT-FRONT""]","[""BUICK"", ""HONDA""]","[""STRAIGHT AHEAD"", ""TURNING LEFT""]","[""CIVIC"", ""REGAL""]",[],"[""23"", ""26""]","[""DID NOT DEPLOY""]","[""NONE""]","[""NO INDICATION OF INJURY""]","[""O2154253"", ""O2154254"", ""P475495""]"
STRAIGHT AND LEVEL,1213,2025-09-20T00:15:00.000,7,0,9,b906f020a1b27c3509b72145a38e446b38a3ae8e2bfd5163e12bb660e546fca907fc74df97a730e30e382f151063b1a4fc02233b6248400d6d6d2abf671dd3b3,NO INJURY / DRIVE AWAY,"$501 - $1,500",2025-09-20T01:00:00.000,UNKNOWN,TURNING,Y,0,0,2,0,0,0,0,41.899714227,DUSK,-87.671209124,NO INDICATION OF INJURY,2,30,NOT APPLICABLE,NOT ON SCENE (DESK REPORT),UNKNOWN,DRY,UNABLE TO DETERMINE,,N,HERMITAGE AVE,1000,UNKNOWN,FOUR WAY,CLEAR,,Y,,,,,2,2,"{""coordinates"": [-87.67120912402, 41.899714226969], ""type"": ""Point""}","[""SIDE-LEFT-REAR"", ""UNKNOWN""]","[""ALFA ROMEO"", ""LEXUS""]","[""STRAIGHT AHEAD"", ""TURNING RIGHT""]","[""OTHER (EXPLAIN IN NARRATIVE)"", ""RX350""]",[],"[""31""]","[""DID NOT DEPLOY""]","[""NONE""]","[""NO INDICATION OF INJURY""]","[""O2154220"", ""O2154221""]"
STRAIGHT AND LEVEL,412,2025-09-20T00:18:00.000,7,0,9,ac39c1c0fcb91b5e5cadc093d31adb49faf9e8233ad23ef342ed980bdd9e2ae1cdafa1629a29e92c856ac47a957a778dfb191a174ebcdd528f82b5057ef14baf,INJURY AND / OR TOW DUE TO CRASH,"OVER $1,500",2025-09-20T00:45:00.000,NO CONTROLS,PARKED MOTOR VEHICLE,,0,0,1,0,0,0,0,41.7370743934,"DARKNESS, LIGHTED ROAD",-87.5821169885,NO INDICATION OF INJURY,2,30,UNABLE TO DETERMINE,ON SCENE,NO DEFECTS,DRY,NOT APPLICABLE,,E,87TH ST,1714,NO CONTROLS,NOT DIVIDED,CLEAR,,,,,,,2,1,"{""coordinates"": [-87.582116988528, 41.737074393364], ""type"": ""Point""}","[""FRONT-RIGHT-CORNER"", ""SIDE-LEFT-REAR""]","[""LAND ROVER"", ""TOYOTA""]","[""PARKED"", ""UNKNOWN/NA""]","[""CAMRY"", ""RANGE ROVER (EVOQUE / SPORT / VELAR)""]","[""Y""]","[""17""]","[""DEPLOYMENT UNKNOWN""]","[""UNKNOWN""]","[""NO INDICATION OF INJURY""]","[""O2154238""]"
STRAIGHT AND LEVEL,1925,2025-09-20T00:24:00.000,7,0,9,d459018c8b1039207eb61db6515b3854c489692b63b883f3bddef5795e6d4e9ce9de4ffae21863eccb2165ce95cff93a1ea2c45d7d549dd6b31d31368187624d,NO INJURY / DRIVE AWAY,"$501 - $1,500",2025-09-20T00:39:00.000,NO CONTROLS,PEDALCYCLIST,,0,0,2,0,0,0,0,41.9401016413,"DARKNESS, LIGHTED ROAD",-87.6484688648,NO INDICATION OF INJURY,2,30,DRIVING ON WRONG SIDE/WRONG WAY,ON SCENE,NO DEFECTS,DRY,DRIVING ON WRONG SIDE/WRONG WAY,,W,BELMONT AVE,740,NO CONTROLS,DIVIDED - W/MEDIAN (NOT RAISED),CLEAR,,,,,,,2,2,"{""coordinates"": [-87.648468864775, 41.940101641257], ""type"": ""Point""}","[""FRONT-RIGHT-CORNER""]","[""CHRYSLER""]","[""TURNING RIGHT""]","[""PACIFICA""]",[],"[""32"", ""68""]","[""DID NOT DEPLOY""]","[""NONE""]","[""NO INDICATION OF INJURY""]","[""O2154227"", ""O2154228""]"
STRAIGHT AND LEVEL,1214,2025-09-20T00:28:00.000,7,0,9,7d8d7b97c3c949ee464c0f8027b57d1a53359217fc4706e8282056e89040a6794055aa9e459134e90419dd615c0f49e1d7e84f0684c12609e640f9f67b9a6d88,NO INJURY / DRIVE AWAY,"OVER $1,500",2025-09-20T00:28:00.000,FUNCTIONING PROPERLY,ANGLE,Y,0,0,2,0,0,0,0,41.8865619418,"DARKNESS, LIGHTED ROAD",-87.6444173129,NO INDICATION OF INJURY,2,30,FAILING TO YIELD RIGHT-OF-WAY,ON SCENE,UNKNOWN,DRY,NOT APPLICABLE,Y,N,DESPLAINES ST,224,TRAFFIC SIGNAL,NOT DIVIDED,CLEAR,,,N,,,,2,2,"{""coordinates"": [-87.644417312884, 41.886561941792], ""type"": ""Point""}","[""FRONT"", ""FRONT-LEFT-CORNER""]","[""JEEP"", ""UNKNOWN""]","[""STRAIGHT AHEAD""]","[""OTHER (EXPLAIN IN NARRATIVE)"", ""WRANGLER""]",[],"[""37""]","[""DEPLOYMENT UNKNOWN"", ""DID NOT DEPLOY""]","[""NONE"", ""UNKNOWN""]","[""NO INDICATION OF INJURY""]","[""O2154235"", ""O2154236""]"
STRAIGHT AND LEVEL,834,2025-09-20T00:35:00.000,7,0,9,f3c18aa28fc517ff3b552df750830b45ed8d0d6b9355dcdeb9dc283f3b1d0db196b51818c0254a3791c743cf6d6263c88d57511b941ab8cab63afd929080bda3,INJURY AND / OR TOW DUE TO CRASH,"OVER $1,500",2025-09-20T00:37:00.000,FUNCTIONING PROPERLY,ANGLE,,0,1,2,0,0,1,0,41.7424299113,"DARKNESS, LIGHTED ROAD",-87.7130044383,INCAPACITATING INJURY,2,35,UNABLE TO DETERMINE,ON SCENE,NO DEFECTS,DRY,UNABLE TO DETERMINE,,W,83RD ST,3624,STOP SIGN/FLASHER,NOT DIVIDED,CLEAR,,Y,,,,,2,3,"{""coordinates"": [-87.713004438296, 41.742429911311], ""type"": ""Point""}","[""FRONT"", ""FRONT-LEFT-CORNER""]","[""FORD"", ""KIA""]","[""STRAIGHT AHEAD""]","[""EXPLORER"", ""RIO / K2""]","[""Y""]","[""13"", ""25"", ""42""]","[""DEPLOYED, COMBINATION"", ""DID NOT DEPLOY"", ""NOT APPLICABLE""]","[""NONE""]","[""INCAPACITATING INJURY"", ""NO INDICATION OF INJURY""]","[""O2154216"", ""O2154217"", ""P475484""]"
STRAIGHT AND LEVEL,2211,2025-09-20T00:36:00.000,7,0,9,25057c716fa21895af46ffc270ecd2789f4498264879c5ad6a4590d92d23aba0bfe6bf74416130a4e7780f216edb6ac61ce51f9868314f133fcde9c5459701c1,NO INJURY / DRIVE AWAY,"OVER $1,500",2025-09-20T09:30:00.000,NO CONTROLS,PARKED MOTOR VEHICLE,Y,0,0,1,0,0,0,0,41.6865995033,DARKNESS,-87.7072444817,NO INDICATION OF INJURY,3,25,NOT APPLICABLE,ON SCENE,UNKNOWN,DRY,NOT APPLICABLE,,W,114TH ST,3442,NO CONTROLS,NOT DIVIDED,CLEAR,N,,,,,,3,1,"{""coordinates"": [-87.707244481692, 41.686599503289], ""type"": ""Point""}","[""OTHER"", ""REAR"", ""UNKNOWN""]","[""GENERAL MOTORS CORPORATION (GMC)"", ""HONDA"", ""UNKNOWN""]","[""PARKED"", ""UNKNOWN/NA""]","[""ACADIA"", ""CR-V"", ""OTHER (EXPLAIN IN NARRATIVE)""]",[],[],"[""DEPLOYMENT UNKNOWN""]","[""UNKNOWN""]","[""NO INDICATION OF INJURY""]","[""O2154380""]"
STRAIGHT AND LEVEL,331,2025-09-20T00:42:00.000,7,0,9,b669462bd6780abdad68397667c19b4f64102906aff272e814e3d3ef967b4a10b7653c03f2bf9788244d9d5eb32fe0c7d2711d1797c726675603f9c3ffa9819d,INJURY AND / OR TOW DUE TO CRASH,"OVER $1,500",2025-09-20T00:42:00.000,NO CONTROLS,PARKED MOTOR VEHICLE,,0,0,0,1,0,1,0,41.7699448901,"DARKNESS, LIGHTED ROAD",-87.5733022981,NONINCAPACITATING INJURY,4,15,NOT APPLICABLE,ON SCENE,NO DEFECTS,DRY,NOT APPLICABLE,,E,69TH ST,2114,NO CONTROLS,ONE-WAY,CLEAR,Y,,,,,,4,1,"{""coordinates"": [-87.573302298067, 41.769944890068], ""type"": ""Point""}","[""FRONT"", ""REAR"", ""REAR-LEFT-CORNER"", ""SIDE-LEFT""]","[""FORD"", ""KIA"", ""TOYOTA""]","[""PARKED IN TRAFFIC LANE"", ""STRAIGHT AHEAD""]","[""EDGE"", ""NIRO"", ""OPTIMA / K5"", ""RAV4""]","[""Y""]","[""49""]","[""DEPLOYED, COMBINATION""]","[""NONE""]","[""NONINCAPACITATING INJURY""]","[""O2154270""]"
STRAIGHT AND LEVEL,813,2025-09-20T00:55:00.000,7,0,9,44d8ba50ab136244d7deea5cdee4bded261a61c69f4296299a0c1c58e78ccca03b05d68b4dece7d3828b1850763e90ae091accfcdd52532d7936a57acc04eb53,INJURY AND / OR TOW DUE TO CRASH,"OVER $1,500",2025-09-20T01:00:00.000,NO CONTROLS,PARKED MOTOR VEHICLE,,0,0,0,1,0,1,0,41.7930728684,DARKNESS,-87.727912168,NONINCAPACITATING INJURY,5,30,FAILING TO REDUCE SPEED TO AVOID CRASH,ON SCENE,NO DEFECTS,DRY,CELL PHONE USE OTHER THAN TEXTING,,S,KEELER AVE,5501,NO CONTROLS,ONE-WAY,CLEAR,,,,,,,5,1,"{""coordinates"": [-87.727912167965, 41.79307286836], ""type"": ""Point""}","[""FRONT-LEFT-CORNER"", ""OTHER"", ""REAR-RIGHT-CORNER"", ""SIDE-RIGHT""]","[""GENERAL MOTORS CORPORATION (GMC)"", ""JEEP"", ""NISSAN"", ""TOYOTA""]","[""PARKED"", ""STRAIGHT AHEAD""]","[""CAMRY"", ""CHEROKEE"", ""ENVOY"", ""GRAND CHEROKEE"", ""KICKS""]","[""Y""]","[""28""]","[""NOT APPLICABLE""]","[""NONE""]","[""NONINCAPACITATING INJURY""]","[""O2154276""]"
STRAIGHT AND LEVEL,1524,2025-09-20T01:00:00.000,7,1,9,68363281ed009bda4123521b6ce4d9569d89de457f5dac9e897953badc8cc7776f44dbb663564108e077e4d39cd1e33291908b533e25694463009fbcec253b9c,INJURY AND / OR TOW DUE TO CRASH,"OVER $1,500",2025-09-20T01:38:00.000,FUNCTIONING PROPERLY,FIXED OBJECT,N,0,0,1,0,0,0,0,41.8947483495,DARKNESS,-87.7650569613,NO INDICATION OF INJURY,1,35,UNABLE TO DETERMINE,ON SCENE,NO DEFECTS,DRY,UNABLE TO DETERMINE,,W,CHICAGO AVE,5535,TRAFFIC SIGNAL,DIVIDED - W/MEDIAN (NOT RAISED),CLEAR,Y,,,,,,1,1,"{""coordinates"": [-87.765056961292, 41.894748349499], ""type"": ""Point""}","[""FRONT""]","[""NISSAN""]","[""UNKNOWN/NA""]","[""ALTIMA""]","[""Y""]",[],"[""DEPLOYMENT UNKNOWN""]","[""NONE""]","[""NO INDICATION OF INJURY""]","[""O2154234""]"
STRAIGHT AND LEVEL,822,2025-09-20T01:00:00.000,7,1,9,72cab98be7a0bc8fd2878a44caa73db237b3c1915d8bf5e77cc27468d4aa3af92d82a8f97a216af4102a8497f479e9edd0bce2d92a52ea0034d49501f8a023aa,INJURY AND / OR TOW DUE TO CRASH,"OVER $1,500",2025-09-20T01:05:00.000,NO CONTROLS,OTHER OBJECT,,0,0,2,0,0,0,0,41.7991664566,"DARKNESS, LIGHTED ROAD",-87.7231861266,NO INDICATION OF INJURY,1,35,DRIVING SKILLS/KNOWLEDGE/EXPERIENCE,ON SCENE,NO DEFECTS,DRY,NOT APPLICABLE,,S,PULASKI RD,5145,NO CONTROLS,NOT DIVIDED,CLEAR,,,,,,,1,2,"{""coordinates"": [-87.723186126595, 41.7991664566], ""type"": ""Point""}","[""FRONT""]","[""HONDA""]","[""STRAIGHT AHEAD""]","[""CIVIC""]","[""Y""]","[""22"", ""23""]","[""DEPLOYED, FRONT"", ""NOT APPLICABLE""]","[""NONE""]","[""NO INDICATION OF INJURY""]","[""O2154215"", ""P475486""]"
STRAIGHT AND LEVEL,122,2025-09-20T01:00:00.000,7,1,9,be48ad6e286955c32c5bd21d4fa3520625039017790ac9d5af277761e77a74822729d0bc2cba57c03c6a9eb2272035df5b11e02db980a8a5c9e07f1735f3816c,INJURY AND / OR TOW DUE TO CRASH,"OVER $1,500",2025-09-20T01:22:00.000,UNKNOWN,FIXED OBJECT,,0,0,0,1,0,1,0,41.8763701904,UNKNOWN,-87.6362985373,NONINCAPACITATING INJURY,1,30,DRIVING SKILLS/KNOWLEDGE/EXPERIENCE,NOT ON SCENE (DESK REPORT),UNKNOWN,UNKNOWN,UNABLE TO DETERMINE,,S,LOWER WACKER DR,425,UNKNOWN,ONE-WAY,UNKNOWN,,,,,,,1,1,"{""coordinates"": [-87.636298537345, 41.876370190394], ""type"": ""Point""}","[""UNKNOWN""]","[""ACURA""]","[""STRAIGHT AHEAD""]","[""TLX""]",[],"[""21""]","[""DEPLOYED, SIDE""]","[""UNKNOWN""]","[""NONINCAPACITATING INJURY""]","[""O2154604""]"
STRAIGHT AND LEVEL,312,2025-09-20T01:05:00.000,7,1,9,58611df156f261acca8dbc3f4d52708c77ab3cd6e50b7dab40e087d4a2ec5cd7a32ff753e237ef477a6f38059539f0b17e825c95a3b098ad7e460dc8a7b04451,INJURY AND / OR TOW DUE TO CRASH,"OVER $1,500",2025-09-20T01:10:00.000,NO CONTROLS,SIDESWIPE OPPOSITE DIRECTION,Y,0,0,2,0,0,0,0,41.7730803104,"DARKNESS, LIGHTED ROAD",-87.6153926216,NO INDICATION OF INJURY,2,25,FOLLOWING TOO CLOSELY,ON SCENE,NO DEFECTS,DRY,NOT APPLICABLE,,E,MARQUETTE RD,400,NO CONTROLS,DIVIDED - W/MEDIAN (NOT RAISED),CLEAR,Y,N,,,,,2,2,"{""coordinates"": [-87.615392621573, 41.773080310407], ""type"": ""Point""}","[""SIDE-RIGHT"", ""UNKNOWN""]","[""CHEVROLET"", ""UNKNOWN""]","[""STRAIGHT AHEAD""]","[""CRUZE"", ""ULTRALIGHT""]","[""Y""]","[""45""]","[""DEPLOYMENT UNKNOWN"", ""DID NOT DEPLOY""]","[""NONE""]","[""NO INDICATION OF INJURY""]","[""O2154229"", ""O2154230""]"
STRAIGHT AND LEVEL,2423,2025-09-20T01:30:00.000,7,1,9,3f13e349f572068906474c98d88856f2daf6ac65c4a52830178ebccb7a113174672c048b41e5ef1fa239cea15d9ac7a764bd834e6d5bfc366ae737e8917054ea,INJURY AND / OR TOW DUE TO CRASH,"$501 - $1,500",2025-09-24T13:40:00.000,FUNCTIONING PROPERLY,PEDESTRIAN,Y,0,0,1,0,1,1,0,42.0139577767,"DARKNESS, LIGHTED ROAD",-87.6642432364,"REPORTED, NOT EVIDENT",2,30,FAILING TO YIELD RIGHT-OF-WAY,NOT ON SCENE (DESK REPORT),NO DEFECTS,DRY,NOT APPLICABLE,,N,SHERIDAN RD,7300,TRAFFIC SIGNAL,NOT DIVIDED,CLEAR,,Y,,,,,2,2,"{""coordinates"": [-87.664243236398, 42.013957776681], ""type"": ""Point""}","[""FRONT""]","[""UNKNOWN""]","[""STRAIGHT AHEAD""]","[""MOTORIZED""]",[],"[""65""]","[""DEPLOYMENT UNKNOWN""]","[""NONE""]","[""NO INDICATION OF INJURY"", ""REPORTED, NOT EVIDENT""]","[""O2157037"", ""O2157038""]"
STRAIGHT AND LEVEL,623,2025-09-20T01:30:00.000,7,1,9,5507b396bebd2c641d7886a963ba7006f706894cd76c9cdaa3f4b45afb317a420714e9d53b687a2b61673f22fa68d998ed5ec42491558c1d4f2fbe8d6766bb4a,INJURY AND / OR TOW DUE TO CRASH,"OVER $1,500",2025-09-20T01:35:00.000,UNKNOWN,ANGLE,,0,0,2,0,0,0,0,41.7564030926,"DARKNESS, LIGHTED ROAD",-87.6245765157,NO INDICATION OF INJURY,2,30,UNABLE TO DETERMINE,,UNKNOWN,DRY,NOT APPLICABLE,,S,STATE ST,7601,UNKNOWN,FOUR WAY,CLEAR,,,,,,,2,2,"{""coordinates"": [-87.624576515698, 41.756403092616], ""type"": ""Point""}","[""UNKNOWN""]","[""DODGE"", ""FORD""]","[""STRAIGHT AHEAD"", ""UNKNOWN/NA""]","[""CHARGER"", ""ESCAPE""]","[""Y""]","[""24""]","[""DEPLOYMENT UNKNOWN""]","[""NONE"", ""UNKNOWN""]","[""NO INDICATION OF INJURY""]","[""O2154602"", ""O2154603""]"
STRAIGHT AND LEVEL,1122,2025-09-20T01:43:00.000,7,1,9,24be80af8495c69dd8fd5b1e93b422a3d2ab4da34575aa63d7dc44c759002d2ec1ff38d335092ee25a90ec3cf8039d3e36ec830f851e11078bb685a1e28e0e06,INJURY AND / OR TOW DUE TO CRASH,"OVER $1,500",2025-09-20T01:44:00.000,OTHER,FIXED OBJECT,,0,0,1,0,0,0,0,41.8853988964,DARKNESS,-87.7224004638,NO INDICATION OF INJURY,1,25,DISTRACTION - FROM OUTSIDE VEHICLE,ON SCENE,UNKNOWN,UNKNOWN,NOT APPLICABLE,,W,LAKE ST,3836,OTHER,DIVIDED - W/MEDIAN (NOT RAISED),CLEAR,Y,,,,,,1,1,"{""coordinates"": [-87.722400463848, 41.885398896366], ""type"": ""Point""}","[""FRONT""]","[""DODGE""]","[""OTHER""]","[""CARAVAN""]","[""Y""]","[""52""]","[""DEPLOYMENT UNKNOWN""]","[""NONE""]","[""NO INDICATION OF INJURY""]","[""O2154237""]"
STRAIGHT AND LEVEL,2514,2025-09-20T01:49:00.000,7,1,9,7a6cdebb223f024ad8ffc1876427a5b846e28f2499b68b715ee96a76a09f0f2c7a22b4e40a380e4ad821833959dff7de10dd65d6742710fd85655d751849124e,INJURY AND / OR TOW DUE TO CRASH,"OVER $1,500",2025-09-20T01:50:00.000,FUNCTIONING PROPERLY,TURNING,,0,1,2,1,0,2,0,41.9350160299,"DARKNESS, LIGHTED ROAD",-87.766522647,INCAPACITATING INJURY,2,30,DISREGARDING TRAFFIC SIGNALS,ON SCENE,NO DEFECTS,DRY,NOT APPLICABLE,,N,CENTRAL AVE,3000,TRAFFIC SIGNAL,DIVIDED - W/MEDIAN (NOT RAISED),CLEAR,,Y,,,,,2,4,"{""coordinates"": [-87.766522646964, 41.935016029873], ""type"": ""Point""}","[""FRONT"", ""FRONT-LEFT-CORNER""]","[""DODGE"", ""FORD""]","[""STRAIGHT AHEAD"", ""TURNING LEFT""]","[""CHARGER"", ""MUSTANG""]","[""Y""]","[""19"", ""20""]","[""DEPLOYED, COMBINATION"", ""DID NOT DEPLOY""]","[""NONE""]","[""INCAPACITATING INJURY"", ""NO INDICATION OF INJURY"", ""NONINCAPACITATING INJURY""]","[""O2154245"", ""O2154246"", ""P475493"", ""P475494""]"