alignment,beat_of_occurrence,crash_date,crash_day_of_week,crash_hour,crash_month,crash_record_id,crash_type,damage,date_police_notified,device_condition,first_crash_type,hit_and_run_i,injuries_fatal,injuries_incapacitating,injuries_no_indication,injuries_non_incapacitating,injuries_reported_not_evident,injuries_total,injuries_unknown,latitude,lighting_condition,longitude,most_severe_injury,num_units,posted_speed_limit,prim_contributory_cause,report_type,road_defect,roadway_surface_cond,sec_contributory_cause,statements_taken_i,street_direction,street_name,street_no,traffic_control_device,trafficway_type,weather_condition,crash_date_est_i,intersection_related_i,photos_taken_i,work_zone_i,dooring_i,private_property_i,veh_count,ppl_count,location_json,veh_first_contact_point_list_json,veh_make_list_json,veh_maneuver_list_json,veh_model_list_json,veh_towed_i_list_json,ppl_age_list_json,ppl_airbag_deployed_list_json,ppl_ejection_list_json,ppl_injury_classification_list_json,ppl_person_id_list_json
STRAIGHT AND LEVEL,912,2025-09-20T01:50:00.000,7,1,9,04be9e3a3e8b9ce8b9b2d949d8db9def1978aad5a266fcbed3e91367ef219e01b41a9cd2402c93ed153baf908c000c137f846e8da02e88fc5c395e4b934ceb80,INJURY AND / OR TOW DUE TO CRASH,"$501 - $1,500",2025-09-20T18:34:00.000,NO CONTROLS,SIDESWIPE SAME DIRECTION,,0,0,6,0,0,0,0,41.8363940339,DUSK,-87.675288946,NO INDICATION OF INJURY,2,30,IMPROPER OVERTAKING/PASSING,NOT ON SCENE (DESK REPORT),NO DEFECTS,DRY,NOT APPLICABLE,,S,DAMEN AVE,3143,NO CONTROLS,NOT DIVIDED,CLEAR,,,,,,,2,6,"{""coordinates"": [-87.675288946, 41.836394033868], ""type"": ""Point""}","[""SIDE-LEFT"", ""SIDE-RIGHT""]","[""CHEVROLET"", ""JEEP""]","[""PASSING/OVERTAKING"", ""STRAIGHT AHEAD""]","[""GRAND CHEROKEE"", ""MALIBU""]","[""Y""]","[""22"", ""24""]","[""DID NOT DEPLOY""]","[""NONE""]","[""NO INDICATION OF INJURY""]","[""O2154657"", ""O2154658"", ""P475549"", ""P475550"", ""P475551"", ""P475552""]"
STRAIGHT AND LEVEL,112,2025-09-20T01:53:00.000,7,1,9,673faf1de9ab990a2aa25420d56946fa1dc15822b5a9f6c1f5bc425dbe4aa4584ef7f01a2646d73ece665f27d7cec529ceff1c0fa80834729e5944a793f3cc23,INJURY AND / OR TOW DUE TO CRASH,"OVER $1,500",2025-09-20T02:39:00.000,FUNCTIONING PROPERLY,ANGLE,,0,0,2,2,0,2,0,41.88318198,"DARKNESS, LIGHTED ROAD",-87.6307587298,NONINCAPACITATING INJURY,2,35,DISREGARDING TRAFFIC SIGNALS,ON SCENE,UNKNOWN,DRY,NOT APPLICABLE,,N,CLARK ST,99,TRAFFIC SIGNAL,T-INTERSECTION,CLEAR,,Y,,,,,2,4,"{""coordinates"": [-87.63075872977, 41.883181980027], ""type"": ""Point""}","[""FRONT""]","[""CHEVROLET"", ""HONDA""]","[""STRAIGHT AHEAD""]","[""CIVIC"", ""EQUINOX""]","[""Y""]","[""0"", ""31"", ""44""]","[""DEPLOYED, FRONT"", ""DEPLOYMENT UNKNOWN""]","[""NONE""]","[""NO INDICATION OF INJURY"", ""NONINCAPACITATING INJURY""]","[""O2154260"", ""O2154261"", ""P475497"", ""P475498""]"
STRAIGHT AND LEVEL,2411,2025-09-20T01:54:00.000,7,1,9,101c154b280aedd95332960e2c13dcf3dc4a42365b066140e6ef5ff30ef5adf360869be5bab71aa2a1d35c43c03cb8b65da5b41cb45d6ee7c3c0a4f324fbf49a,INJURY AND / OR TOW DUE TO CRASH,"OVER $1,500",2025-09-20T06:52:00.000,FUNCTIONING PROPERLY,PARKED MOTOR VEHICLE,Y,0,0,1,0,0,0,0,42.0159129553,"DARKNESS, LIGHTED ROAD",-87.6949923831,NO INDICATION OF INJURY,3,25,UNABLE TO DETERMINE,ON SCENE,NO DEFECTS,DRY,UNABLE TO DETERMINE,,W,JARVIS AVE,2600,STOP SIGN/FLASHER,NOT DIVIDED,CLEAR,,,,,,,3,1,"{""coordinates"": [-87.694992383056, 42.015912955277], ""type"": ""Point""}","[""FRONT-RIGHT-CORNER"", ""REAR"", ""REAR-LEFT-CORNER""]","[""HONDA"", ""MAZDA""]","[""PARKED"", ""UNKNOWN/NA""]","[""CR-V"", ""CX-9"", ""FIT""]","[""Y""]",[],"[""DEPLOYMENT UNKNOWN""]","[""UNKNOWN""]","[""NO INDICATION OF INJURY""]","[""O2154318""]"
STRAIGHT AND LEVEL,1832,2025-09-20T01:55:00.000,7,1,9,9ddb90eb0e8255c6784cc811a23f3db9d538d0f53c83917eb6d9a46ad491e090c7dc992dc6675bee8106201f37d97fe831141c1c91c666d95277aeaab7f86936,NO INJURY / DRIVE AWAY,"OVER $1,500",2025-09-20T13:25:00.000,UNKNOWN,SIDESWIPE SAME DIRECTION,N,0,0,2,0,0,0,0,41.8924452824,"DARKNESS, LIGHTED ROAD",-87.6327553744,NO INDICATION OF INJURY,2,30,UNABLE TO DETERMINE,NOT ON SCENE (DESK REPORT),NO DEFECTS,WET,UNABLE TO DETERMINE,,N,LA SALLE DR,600,UNKNOWN,DIVIDED - W/MEDIAN (NOT RAISED),RAIN,,,,,,,2,2,"{""coordinates"": [-87.632755374411, 41.892445282365], ""type"": ""Point""}","[""SIDE-RIGHT"", ""UNKNOWN""]","[""HONDA"", ""UNKNOWN""]","[""STRAIGHT AHEAD""]","[""CIVIC"", ""OTHER (EXPLAIN IN NARRATIVE)""]",[],"[""77""]","[""DEPLOYMENT UNKNOWN"", ""DID NOT DEPLOY""]","[""NONE""]","[""NO INDICATION OF INJURY""]","[""O2154466"", ""O2154467""]"
STRAIGHT AND LEVEL,1222,2025-09-20T01:55:00.000,7,1,9,b476c9bc04573f8fd51c89f22b34f34c97523058487162416b7eaaed852abca9d79801bfc723a2eb10a8ec81b11463646f07062915d20abd3d2e955df374ecb6,INJURY AND / OR TOW DUE TO CRASH,"OVER $1,500",2025-09-20T02:01:00.000,FUNCTIONING PROPERLY,REAR END,,1,0,0,1,0,2,0,41.8819202942,"DARKNESS, LIGHTED ROAD",-87.6921738425,FATAL,2,30,FAILING TO REDUCE SPEED TO AVOID CRASH,ON SCENE,NO DEFECTS,DRY,DISREGARDING STOP SIGN,,W,WARREN BLVD,2631,STOP SIGN/FLASHER,ONE-WAY,CLEAR,,N,,,,,2,2,"{""coordinates"": [-87.692173842453, 41.881920294172], ""type"": ""Point""}","[""FRONT"", ""REAR""]","[""DODGE"", ""HYUNDAI""]","[""SLOW/STOP IN TRAFFIC"", ""STRAIGHT AHEAD""]","[""DURANGO"", ""SONATA""]","[""Y""]","[""30"", ""42""]","[""DEPLOYED, COMBINATION""]","[""NONE""]","[""FATAL"", ""NONINCAPACITATING INJURY""]","[""O2154247"", ""O2154248""]"
STRAIGHT AND LEVEL,733,2025-09-20T02:02:00.000,7,2,9,6f1e22783757eeaa409b859e32fd012aaa873f947a1a96f8e8e78da2f9abdec712d3de7facccd4834f7f6ead1a7f4a7708844891bb91abe71f9eb7a2849fee0a,NO INJURY / DRIVE AWAY,"OVER $1,500",2025-09-20T02:50:00.000,UNKNOWN,ANGLE,Y,0,0,2,0,0,0,0,41.7687443409,"DARKNESS, LIGHTED ROAD",-87.6446513782,NO INDICATION OF INJURY,2,30,FAILING TO YIELD RIGHT-OF-WAY,NOT ON SCENE (DESK REPORT),UNKNOWN,UNKNOWN,FAILING TO YIELD RIGHT-OF-WAY,,S,HALSTED ST,6900,TRAFFIC SIGNAL,FOUR WAY,CLEAR,,Y,,,,,2,2,"{""coordinates"": [-87.644651378169, 41.768744340933], ""type"": ""Point""}","[""FRONT-LEFT-CORNER"", ""FRONT-RIGHT-CORNER""]","[""CHEVROLET"", ""KIA""]","[""STRAIGHT AHEAD""]","[""OTHER (EXPLAIN IN NARRATIVE)"", ""TRAVERSE""]",[],"[""46""]","[""DEPLOYMENT UNKNOWN"", ""NOT APPLICABLE""]","[""NONE""]","[""NO INDICATION OF INJURY""]","[""O2154243"", ""O2154244""]"
STRAIGHT AND LEVEL,2422,2025-09-20T02:12:00.000,7,2,9,6e01f9a196d538a9966e07b77571aa2c16ed0934d70d6af9894b2d9482201aecfe8ce96dc2ff81ebf51422c186362e480e3932ea45f0fa7542cbc57774186734,INJURY AND / OR TOW DUE TO CRASH,"OVER $1,500",2025-09-20T02:12:00.000,NO CONTROLS,FIXED OBJECT,,0,0,1,0,0,0,0,42.0226602681,"DARKNESS, LIGHTED ROAD",-87.6766472381,NO INDICATION OF INJURY,1,35,UNABLE TO DETERMINE,ON SCENE,NO DEFECTS,DRY,UNABLE TO DETERMINE,,W,JUNEWAY TER,1832,NO CONTROLS,NOT DIVIDED,CLEAR,,,,,,,1,1,"{""coordinates"": [-87.67664723812, 42.022660268078], ""type"": ""Point""}","[""FRONT""]","[""TOYOTA""]","[""TURNING LEFT""]","[""CAMRY""]","[""Y""]","[""51""]","[""DEPLOYED, COMBINATION""]","[""NONE""]","[""NO INDICATION OF INJURY""]","[""O2154242""]"
STRAIGHT AND LEVEL,2515,2025-09-20T02:30:00.000,7,2,9,3e2a19a9391287c0a42e1b0e0685fbd038b7255b0227a46573661dbaeae1c07fd09bd9557e6ad7c0d3d6a59b9d4bb6f96537e62ae00b3ae5580a44d9147835c5,INJURY AND / OR TOW DUE TO CRASH,"$501 - $1,500",2025-09-20T11:15:00.000,NO CONTROLS,PARKED MOTOR VEHICLE,Y,0,0,1,0,0,0,0,41.9258928802,"DARKNESS, LIGHTED ROAD",-87.7662048258,NO INDICATION OF INJURY,2,30,UNABLE TO DETERMINE,NOT ON SCENE (DESK REPORT),NO DEFECTS,DRY,UNABLE TO DETERMINE,,N,CENTRAL AVE,2500,NO CONTROLS,NOT DIVIDED,CLEAR,,,,,,,2,1,"{""coordinates"": [-87.766204825838, 41.925892880213], ""type"": ""Point""}","[""FRONT"", ""REAR""]","[""JEEP"", ""UNKNOWN""]","[""PARKED"", ""UNKNOWN/NA""]","[""CHEROKEE"", ""OTHER (EXPLAIN IN NARRATIVE)""]","[""Y""]",[],"[""DEPLOYMENT UNKNOWN""]","[""NONE""]","[""NO INDICATION OF INJURY""]","[""O2154415""]"
STRAIGHT AND LEVEL,215,2025-09-20T02:41:00.000,7,2,9,20391483e12aeb52a26a20fbac7909282173da88b9a06ea0497a726df52c82e95250be528d15acb628eb78abf1ca422d51185658e7eaafc7cd9e1f5960bfa86f,NO INJURY / DRIVE AWAY,"OVER $1,500",2025-09-20T03:06:00.000,NO CONTROLS,PARKED MOTOR VEHICLE,Y,0,0,1,0,0,0,0,41.8112317508,"DARKNESS, LIGHTED ROAD",-87.6214363327,NO INDICATION OF INJURY,2,30,UNABLE TO DETERMINE,ON SCENE,NO DEFECTS,DRY,UNABLE TO DETERMINE,,E,46TH ST,132,NO CONTROLS,NOT DIVIDED,CLEAR,,,,,,,2,1,"{""coordinates"": [-87.621436332721, 41.811231750827], ""type"": ""Point""}","[""FRONT-RIGHT-CORNER"", ""UNKNOWN""]","[""NISSAN"", ""UNKNOWN""]","[""PARKED"", ""UNKNOWN/NA""]","[""MOTORIZED"", ""ROGUE""]",[],[],"[""DEPLOYMENT UNKNOWN""]","[""NONE""]","[""NO INDICATION OF INJURY""]","[""O2154249""]"
STRAIGHT AND LEVEL,2411,2025-09-20T03:00:00.000,7,3,9,068236b495b1d2e260865fbadc00fee66726a53b8e0ed127642655260cb27759d68eaaccaaa5e6cf5274db7ac99b12eb3168be9df1d8e5c736f5171793848630,INJURY AND / OR TOW DUE TO CRASH,"OVER $1,500",2025-09-20T08:46:00.000,NO CONTROLS,FIXED OBJECT,Y,0,0,1,0,0,0,0,42.0103095549,"DARKNESS, LIGHTED ROAD",-87.6995977859,NO INDICATION OF INJURY,1,30,UNABLE TO DETERMINE,ON SCENE,"RUT, HOLES",DRY,NOT APPLICABLE,,N,CALIFORNIA AVE,7101,NO CONTROLS,DIVIDED - W/MEDIAN (NOT RAISED),CLEAR,,N,,,,,1,1,"{""coordinates"": [-87.699597785882, 42.010309554903], ""type"": ""Point""}","[""FRONT""]","[""HONDA""]","[""UNKNOWN/NA""]","[""FIT""]","[""Y""]",[],"[""DEPLOYED, FRONT""]","[""NONE""]","[""NO INDICATION OF INJURY""]","[""O2154417""]"
STRAIGHT AND LEVEL,332,2025-09-20T03:00:00.000,7,3,9,2a63396ad6a9f8184438826519a56319352b40c9ec47a563b25182117386ab18d1742f964107d81d1e17ea89b3c759c3f0a385eb64b81a8119200bbbaa3530c7,INJURY AND / OR TOW DUE TO CRASH,$500 OR LESS,2025-09-20T09:21:00.000,NO CONTROLS,OTHER OBJECT,Y,0,0,1,0,0,0,0,41.7728835824,DARKNESS,-87.5824880537,NO INDICATION OF INJURY,1,30,UNABLE TO DETERMINE,ON SCENE,OTHER,UNKNOWN,NOT APPLICABLE,,S,RIDGELAND AVE,6715,NO CONTROLS,ALLEY,CLEAR,,,,,,,1,1,"{""coordinates"": [-87.58248805369, 41.7728835824], ""type"": ""Point""}","[""FRONT-RIGHT-CORNER""]","[""JEEP""]","[""UNKNOWN/NA""]","[""CHEROKEE""]","[""Y""]",[],"[""DEPLOYMENT UNKNOWN""]","[""NONE""]","[""NO INDICATION OF INJURY""]","[""O2154565""]"
STRAIGHT AND LEVEL,1111,2025-09-20T03:00:00.000,7,3,9,74a0d9491c385b082a7ab4d57f8bf2b1dc1262a0c8d1cfd4f43b5179bf4ca1b989b8c5660a76777d30bbad5c62c25471d130cf9a3fe7074a717c8d8d94f594af,NO INJURY / DRIVE AWAY,"OVER $1,500",2025-09-20T11:15:00.000,NO CONTROLS,PARKED MOTOR VEHICLE,Y,0,0,1,0,0,0,0,41.9009902105,"DARKNESS, LIGHTED ROAD",-87.7264008187,NO INDICATION OF INJURY,2,30,UNABLE TO DETERMINE,NOT ON SCENE (DESK REPORT),NO DEFECTS,WET,NOT APPLICABLE,,N,PULASKI RD,1102,NO CONTROLS,NOT DIVIDED,RAIN,,,,,,,2,1,"{""coordinates"": [-87.726400818739, 41.900990210482], ""type"": ""Point""}","[""REAR"", ""UNKNOWN""]","[""DODGE"", ""UNKNOWN""]","[""PARKED"", ""UNKNOWN/NA""]","[""CHALLENGER"", ""ENGINE""]",[],[],"[""DEPLOYMENT UNKNOWN""]","[""NONE""]","[""NO INDICATION OF INJURY""]","[""O2154401""]"
STRAIGHT AND LEVEL,1925,2025-09-20T03:00:00.000,7,3,9,7f099d87e00ed4638e47d34cabe85159936a3722873af544eb7e966348afb4d9dd0f96071b2350290235fca176835be2e82caa220d8774a72565325477f7036e,NO INJURY / DRIVE AWAY,"OVER $1,500",2025-09-20T03:10:00.000,NO CONTROLS,PARKED MOTOR VEHICLE,Y,0,0,1,0,0,0,0,41.9401316375,"DARKNESS, LIGHTED ROAD",-87.6460285793,NO INDICATION OF INJURY,2,20,UNABLE TO DETERMINE,ON SCENE,NO DEFECTS,DRY,UNABLE TO DETERMINE,,W,BELMONT AVE,644,NO CONTROLS,NOT DIVIDED,CLEAR,,,,,,,2,1,"{""coordinates"": [-87.646028579267, 41.940131637509], ""type"": ""Point""}","[""FRONT-RIGHT-CORNER"", ""SIDE-LEFT""]","[""SUBARU"", ""UNKNOWN""]","[""PARKED"", ""STRAIGHT AHEAD""]","[""MOTORIZED"", ""OUTBACK""]",[],[],"[""DEPLOYMENT UNKNOWN""]","[""NONE""]","[""NO INDICATION OF INJURY""]","[""O2154251""]"
STRAIGHT AND LEVEL,623,2025-09-20T03:15:00.000,7,3,9,78617410184b3391c7fa184cae4a5b625441ff91e156cacfd0ff8b982d2e259e55e2807382b0028a73bf60314025441b61fbba5b5b50dc3cf217a7c90a9545c8,INJURY AND / OR TOW DUE TO CRASH,"OVER $1,500",2025-09-20T03:25:00.000,NO CONTROLS,PARKED MOTOR VEHICLE,,0,0,1,0,1,1,0,41.7564030926,"DARKNESS, LIGHTED ROAD",-87.6245765157,"REPORTED, NOT EVIDENT",2,0,IMPROPER BACKING,ON SCENE,UNKNOWN,WET,IMPROPER BACKING,,S,STATE ST,7601,NO CONTROLS,OTHER,RAIN,,,,,,,2,2,"{""coordinates"": [-87.624576515698, 41.756403092616], ""type"": ""Point""}","[""FRONT"", ""REAR""]","[""CHEVROLET"", ""ICL CARGO TRAILER""]","[""BACKING"", ""PARKED""]","[""ICL CARGO TRAILER"", ""TRAIL BLAZER""]",[],"[""35"", ""39""]","[""DID NOT DEPLOY""]","[""NONE""]","[""NO INDICATION OF INJURY"", ""REPORTED, NOT EVIDENT""]","[""O2154265"", ""P475496""]"
STRAIGHT AND LEVEL,234,2025-09-20T03:15:00.000,7,3,9,f4cd76a605d4cc9cd3b05c2af58af671dce2b335677817ee7d785ff315cf733ec760f3079999ea4af5e6f4573a1e370611733d051c78c88ab3bee818ab768719,NO INJURY / DRIVE AWAY,"OVER $1,500",2025-09-20T03:45:00.000,UNKNOWN,REAR TO SIDE,Y,0,0,2,0,0,0,0,41.8023797296,UNKNOWN,-87.5879794066,NO INDICATION OF INJURY,2,30,UNABLE TO DETERMINE,NOT ON SCENE (DESK REPORT),UNKNOWN,UNKNOWN,NOT APPLICABLE,,S,LAKE PARK AVE,5100,UNKNOWN,UNKNOWN,UNKNOWN,,,,,,,2,2,"{""coordinates"": [-87.587979406628, 41.802379729614], ""type"": ""Point""}","[""FRONT-LEFT-CORNER"", ""REAR-LEFT-CORNER""]","[""LINCOLN"", ""UNKNOWN""]","[""UNKNOWN/NA""]","[""ENGINE"", ""MKZ""]",[],"[""42""]","[""DEPLOYMENT UNKNOWN""]","[""UNKNOWN""]","[""NO INDICATION OF INJURY""]","[""O2154256"", ""O2154257""]"
STRAIGHT AND LEVEL,923,2025-09-20T03:20:00.000,7,3,9,8f4f3090a252ad86542c31dafd2a4774714d22770fc0d28eb4ef1748e50aa499e9eb136349e861cec4e062dad23e6ed3ad1f7a65a0bc4874405e9694b43327ec,NO INJURY / DRIVE AWAY,"OVER $1,500",2025-09-20T03:25:00.000,NO CONTROLS,TURNING,Y,0,0,2,0,0,0,0,41.7952959821,"DARKNESS, LIGHTED ROAD",-87.7034649215,NO INDICATION OF INJURY,2,30,FAILING TO REDUCE SPEED TO AVOID CRASH,ON SCENE,NO DEFECTS,DRY,FOLLOWING TOO CLOSELY,Y,S,KEDZIE AVE,5401,NO CONTROLS,NOT DIVIDED,CLEAR,,,,,,,2,2,"{""coordinates"": [-87.703464921522, 41.795295982115], ""type"": ""Point""}","[""FRONT"", ""REAR""]","[""HONDA"", ""UNKNOWN""]","[""STRAIGHT AHEAD"", ""TURNING LEFT""]","[""OTHER (EXPLAIN IN NARRATIVE)"", ""PILOT""]",[],"[""28""]","[""DEPLOYMENT UNKNOWN"", ""DID NOT DEPLOY""]","[""NONE"", ""UNKNOWN""]","[""NO INDICATION OF INJURY""]","[""O2154258"", ""O2154259""]"
STRAIGHT AND LEVEL,524,2025-09-20T03:30:00.000,7,3,9,6d55806d4b754c8c5c2b6aefb0c4c2700cbe2b45a114d3ae9349147c5b34146e1f1d6056a8d4f2c88e6ef15a2131be4f81fb2f78a7bfc052f19e646b1db839d1,INJURY AND / OR TOW DUE TO CRASH,"OVER $1,500",2025-09-20T14:45:00.000,FUNCTIONING PROPERLY,PARKED MOTOR VEHICLE,Y,0,0,1,0,0,0,0,41.6847765205,DARKNESS,-87.6581007189,NO INDICATION OF INJURY,2,30,IMPROPER OVERTAKING/PASSING,NOT ON SCENE (DESK REPORT),NO DEFECTS,DRY,NOT APPLICABLE,,S,BISHOP ST,11500,STOP SIGN/FLASHER,NOT DIVIDED,CLEAR,,,,,,,2,1,"{""coordinates"": [-87.658100718891, 41.684776520537], ""type"": ""Point""}","[""FRONT"", ""UNKNOWN""]","[""AUDI"", ""UNKNOWN""]","[""PARKED"", ""STRAIGHT AHEAD""]","[""OTHER (EXPLAIN IN NARRATIVE)"", ""Q7""]","[""Y""]",[],"[""NOT APPLICABLE""]","[""UNKNOWN""]","[""NO INDICATION OF INJURY""]","[""O2154506""]"
STRAIGHT AND LEVEL,1031,2025-09-20T03:33:00.000,7,3,9,1b6a5fef421722913debc097ba42f19b8d6bd0544374166484ef9021761f838cb89ae30ed84e2ff8a428d89eb7e658cf90925943193db13f1d3015a547a33135,INJURY AND / OR TOW DUE TO CRASH,"OVER $1,500",2025-09-20T03:34:00.000,FUNCTIONING PROPERLY,REAR END,,0,0,1,2,0,2,0,41.8287180645,"DARKNESS, LIGHTED ROAD",-87.7243206046,NONINCAPACITATING INJURY,3,30,FAILING TO REDUCE SPEED TO AVOID CRASH,ON SCENE,NO DEFECTS,WET,UNABLE TO DETERMINE,,S,PULASKI RD,3600,TRAFFIC SIGNAL,NOT DIVIDED,RAIN,,,,,,,3,3,"{""coordinates"": [-87.724320604623, 41.828718064452], ""type"": ""Point""}","[""FRONT"", ""REAR""]","[""CHEVROLET"", ""FREIGHTLINER CORPORATION""]","[""STRAIGHT AHEAD""]","[""FREIGHTLINER CORP."", ""MALIBU"", ""TRAVERSE""]","[""Y""]","[""23"", ""30"", ""38""]","[""DEPLOYED, COMBINATION"", ""DEPLOYED, FRONT"", ""DEPLOYMENT UNKNOWN""]","[""NONE""]","[""NO INDICATION OF INJURY"", ""NONINCAPACITATING INJURY""]","[""O2154262"", ""O2154263"", ""O2154264""]"
STRAIGHT AND LEVEL,332,2025-09-20T03:42:00.000,7,3,9,291221ec4ba5db2997717364a5588c0ee2c60c77db3b356473de210b4ea49ca7fab81becc6f674b46804fc4a6e9c6735a21acae4135c0ed163e34a3f7a867248,INJURY AND / OR TOW DUE TO CRASH,"OVER $1,500",2025-09-20T03:42:00.000,NO CONTROLS,FIXED OBJECT,,0,0,1,0,1,1,0,41.7726629333,"DARKNESS, LIGHTED ROAD",-87.5864428015,"REPORTED, NOT EVIDENT",1,30,UNABLE TO DETERMINE,,NO DEFECTS,WET,UNABLE TO DETERMINE,,S,STONY ISLAND AVE,6720,UNKNOWN,OTHER,RAIN,,,,,,,1,2,"{""coordinates"": [-87.586442801524, 41.772662933288], ""type"": ""Point""}","[""FRONT""]","[""MAZDA""]","[""STRAIGHT AHEAD""]","[""CX-30""]","[""Y""]","[""47""]","[""DEPLOYED, FRONT"", ""DEPLOYMENT UNKNOWN""]","[""NONE""]","[""NO INDICATION OF INJURY"", ""REPORTED, NOT EVIDENT""]","[""O2154826"", ""P475579""]"
STRAIGHT AND LEVEL,225,2025-09-20T04:00:00.000,7,4,9,652b636bad112b7843242f1a9dd8edc94c7d892d221d21e7beb659a56da97528cc8caf7319c62b4c1bc8deadb89e90b9179a68ccdb7c5eb221415725d4383fec,INJURY AND / OR TOW DUE TO CRASH,"OVER $1,500",2025-09-20T04:12:00.000,FUNCTIONING PROPERLY,TURNING,,0,0,2,0,2,2,0,41.7945705114,DARKNESS,-87.6303626345,"REPORTED, NOT EVIDENT",2,35,UNABLE TO DETERMINE,ON SCENE,NO DEFECTS,WET,UNABLE TO DETERMINE,,S,WENTWORTH AVE,5463,TRAFFIC SIGNAL,DIVIDED - W/MEDIAN (NOT RAISED),RAIN,,,,,,,2,4,"{""coordinates"": [-87.630362634526, 41.794570511442], ""type"": ""Point""}","[""FRONT"", ""FRONT-LEFT-CORNER""]","[""CHEVROLET"", ""NISSAN""]","[""STRAIGHT AHEAD"", ""TURNING RIGHT""]","[""ALTIMA"", ""SUBURBAN""]","[""Y""]","[""19"", ""25"", ""27"", ""36""]","[""DID NOT DEPLOY"", ""NOT APPLICABLE""]","[""NONE""]","[""NO INDICATION OF INJURY"", ""REPORTED, NOT EVIDENT""]","[""O2154282"", ""O2154283"", ""P475499"", ""P475500""]"
STRAIGHT AND LEVEL,414,2025-09-20T04:00:00.000,7,4,9,798a2f3242336b1387604946fac1ae98201c25371f9eeb798053bb007e5e37bedaca9dc0c88ac0b17d3a9c11db6b004b0128abdb6bdaa7b82e8ea402a222fbc2,NO INJURY / DRIVE AWAY,"OVER $1,500",2025-09-20T04:05:00.000,NO CONTROLS,REAR END,Y,0,0,2,0,0,0,0,41.7524849996,"DARKNESS, LIGHTED ROAD",-87.5761518197,NO INDICATION OF INJURY,2,30,FOLLOWING TOO CLOSELY,ON SCENE,NO DEFECTS,WET,NOT APPLICABLE,,S,JEFFERY BLVD,7830,NO CONTROLS,NOT DIVIDED,RAIN,,,,,,,2,2,"{""coordinates"": [-87.576151819675, 41.752484999643], ""type"": ""Point""}","[""FRONT"", ""REAR""]","[""CHEVROLET"", ""DODGE""]","[""OTHER"", ""STRAIGHT AHEAD""]","[""CARAVAN"", ""EQUINOX""]",[],"[""34""]","[""DEPLOYMENT UNKNOWN"", ""NOT APPLICABLE""]","[""NONE""]","[""NO INDICATION OF INJURY""]","[""O2154268"", ""O2154269""]"
STRAIGHT AND LEVEL,522,2025-09-20T04:00:00.000,7,4,9,b7e120f551ea90213cbaf154d928470ff1251ec23ab3b05d39d907fc95a10b3a9d90863340540c943887a35e3366527799e558d39bb4da0c95466b981f28c3db,INJURY AND / OR TOW DUE TO CRASH,"OVER $1,500",2025-09-20T07:35:00.000,NO CONTROLS,SIDESWIPE SAME DIRECTION,,0,0,1,1,0,1,0,41.6853253243,DAWN,-87.631758015,NONINCAPACITATING INJURY,3,30,FAILING TO REDUCE SPEED TO AVOID CRASH,ON SCENE,NO DEFECTS,WET,WEATHER,,W,115TH ST,342,NO CONTROLS,NOT DIVIDED,RAIN,,,,,,,3,2,"{""coordinates"": [-87.631758014962, 41.685325324316], ""type"": ""Point""}","[""FRONT"", ""SIDE-LEFT"", ""UNKNOWN""]","[""AUDI"", ""CHEVROLET"", ""TOYOTA""]","[""ENTERING TRAFFIC LANE FROM PARKING"", ""STRAIGHT AHEAD""]","[""COROLLA"", ""Q7"", ""TRAX""]",[],"[""35""]","[""DEPLOYED, FRONT""]","[""NONE""]","[""NO INDICATION OF INJURY"", ""NONINCAPACITATING INJURY""]","[""O2154360"", ""O2154361""]"
STRAIGHT AND LEVEL,1713,2025-09-20T04:10:00.000,7,4,9,24a29f52b26b8b0ae837bd36bdf85250ef032477b4639840041dd0c88cec6f00ebd3ad8d060a26d40dd4ebccdfac13299561d2540fc8e3d7dee48d5d3d86d4c1,INJURY AND / OR TOW DUE TO CRASH,"OVER $1,500",2025-09-20T04:20:00.000,FUNCTIONING PROPERLY,REAR END,,0,0,1,0,1,1,0,41.9699575396,"DARKNESS, LIGHTED ROAD",-87.7083728782,"REPORTED, NOT EVIDENT",2,30,FOLLOWING TOO CLOSELY,ON SCENE,NO DEFECTS,WET,WEATHER,,N,KEDZIE AVE,4851,TRAFFIC SIGNAL,NOT DIVIDED,RAIN,,,,,,,2,2,"{""coordinates"": [-87.708372878221, 41.969957539645], ""type"": ""Point""}","[""FRONT"", ""REAR""]","[""MERCEDES-BENZ"", ""TOYOTA""]","[""STRAIGHT AHEAD""]","[""CAMRY"", ""GLE""]","[""N"", ""Y""]","[""27"", ""28""]","[""DEPLOYED, FRONT"", ""DID NOT DEPLOY""]","[""NONE""]","[""NO INDICATION OF INJURY"", ""REPORTED, NOT EVIDENT""]","[""O2154274"", ""O2154275""]"
STRAIGHT AND LEVEL,411,2025-09-20T04:12:00.000,7,4,9,7d71465be0973f27274aabfd548cc88fa88714161e88b496884cb0cb4feb80688725d885ca163402e99a1c90d7a188240db3695573e14f2adeee508d1bf9e5ba,INJURY AND / OR TOW DUE TO CRASH,"OVER $1,500",2025-09-20T04:13:00.000,FUNCTIONING PROPERLY,PARKED MOTOR VEHICLE,,0,0,1,0,0,0,0,41.756868368,"DARKNESS, LIGHTED ROAD",-87.5846865381,NO INDICATION OF INJURY,3,30,WEATHER,ON SCENE,NO DEFECTS,WET,NOT APPLICABLE,,S,CORNELL AVE,7600,STOP SIGN/FLASHER,DIVIDED - W/MEDIAN (NOT RAISED),RAIN,,,,,,,3,1,"{""coordinates"": [-87.584686538118, 41.756868367996], ""type"": ""Point""}","[""FRONT"", ""OTHER""]","[""JEEP"", ""NISSAN"", ""TOYOTA""]","[""PARKED"", ""TURNING LEFT""]","[""CAMRY"", ""COMPASS"", ""STANZA""]","[""Y""]","[""27""]","[""DEPLOYED, COMBINATION""]","[""NONE""]","[""NO INDICATION OF INJURY""]","[""O2154286""]"