alignment,beat_of_occurrence,crash_date,crash_day_of_week,crash_hour,crash_month,crash_record_id,crash_type,damage,date_police_notified,device_condition,first_crash_type,hit_and_run_i,injuries_fatal,injuries_incapacitating,injuries_no_indication,injuries_non_incapacitating,injuries_reported_not_evident,injuries_total,injuries_unknown,latitude,lighting_condition,longitude,most_severe_injury,num_units,posted_speed_limit,prim_contributory_cause,report_type,road_defect,roadway_surface_cond,sec_contributory_cause,statements_taken_i,street_direction,street_name,street_no,traffic_control_device,trafficway_type,weather_condition,crash_date_est_i,intersection_related_i,photos_taken_i,work_zone_i,dooring_i,private_property_i,veh_count,ppl_count,location_json,veh_first_contact_point_list_json,veh_make_list_json,veh_maneuver_list_json,veh_model_list_json,veh_towed_i_list_json,ppl_age_list_json,ppl_airbag_deployed_list_json,ppl_ejection_list_json,ppl_injury_classification_list_json,ppl_person_id_list_json
STRAIGHT AND LEVEL,1013,2025-09-20T04:15:00.000,7,4,9,c16a74495cff5a39a9617a62770f139127792807b973afda2e560b1328e131857af30c137c0f366714f773d83899c56751d9fe63d473bdadd7772c7f0f3a7585,INJURY AND / OR TOW DUE TO CRASH,"OVER $1,500",2025-09-20T04:23:00.000,FUNCTIONING PROPERLY,ANGLE,,0,0,1,1,0,1,0,41.8515214423,DARKNESS,-87.7249047867,NONINCAPACITATING INJURY,2,30,DISREGARDING TRAFFIC SIGNALS,ON SCENE,OTHER,WET,NOT APPLICABLE,,S,PULASKI RD,2200,TRAFFIC SIGNAL,T-INTERSECTION,RAIN,,,,,,,2,2,"{""coordinates"": [-87.72490478675, 41.851521442331], ""type"": ""Point""}","[""SIDE-RIGHT"", ""UNKNOWN""]","[""TOYOTA"", ""UNKNOWN""]","[""STRAIGHT AHEAD""]","[""MOTORIZED"", ""RAV4""]",[],"[""64""]","[""DEPLOYED, SIDE"", ""DEPLOYMENT UNKNOWN""]","[""NONE"", ""UNKNOWN""]","[""NO INDICATION OF INJURY"", ""NONINCAPACITATING INJURY""]","[""O2154299"", ""O2154300""]"
STRAIGHT AND LEVEL,1122,2025-09-20T04:26:00.000,7,4,9,635d58f0210f8112f56963d22f2b11c04607ee2498b8e664b08551e0e37542c43c05957308381dcef2f18d2ce238de318793e38c07cda37722feffa60930b1a2,INJURY AND / OR TOW DUE TO CRASH,"OVER $1,500",2025-09-20T04:26:00.000,NO CONTROLS,SIDESWIPE OPPOSITE DIRECTION,Y,0,0,5,0,0,0,0,41.8772866866,"DARKNESS, LIGHTED ROAD",-87.7184384848,NO INDICATION OF INJURY,2,30,IMPROPER OVERTAKING/PASSING,ON SCENE,NO DEFECTS,WET,FAILING TO REDUCE SPEED TO AVOID CRASH,,W,JACKSON BLVD,3658,NO CONTROLS,NOT DIVIDED,RAIN,,,,,,,2,5,"{""coordinates"": [-87.718438484783, 41.877286686554], ""type"": ""Point""}","[""FRONT-LEFT-CORNER"", ""REAR-LEFT-CORNER""]","[""CADILLAC"", ""KIA""]","[""PASSING/OVERTAKING"", ""STRAIGHT AHEAD""]","[""ESCALADE"", ""FORTE""]","[""Y""]","[""34"", ""37""]","[""DEPLOYED, FRONT"", ""NOT APPLICABLE""]","[""NONE"", ""UNKNOWN""]","[""NO INDICATION OF INJURY""]","[""O2154289"", ""O2154290"", ""P475501"", ""P475502"", ""P475503""]"
STRAIGHT AND LEVEL,821,2025-09-20T04:30:00.000,7,4,9,4bdc51c6647d8c95759bc59ee8ceb2a746b62bea8d4b4f92ba684245debc5c69e41b46350e591fd2914e1c37a7f971bac2f97d0af13b92c6e4cf4602ecd0f4b3,INJURY AND / OR TOW DUE TO CRASH,"OVER $1,500",2025-09-20T04:31:00.000,NO CONTROLS,PARKED MOTOR VEHICLE,,0,0,1,0,0,0,0,41.8082146939,"DARKNESS, LIGHTED ROAD",-87.7051253407,NO INDICATION OF INJURY,3,30,PHYSICAL CONDITION OF DRIVER,ON SCENE,NO DEFECTS,WET,UNABLE TO DETERMINE,,W,47TH ST,3226,NO CONTROLS,DIVIDED - W/MEDIAN (NOT RAISED),RAIN,,,,,,,3,1,"{""coordinates"": [-87.705125340721, 41.808214693918], ""type"": ""Point""}","[""FRONT-LEFT-CORNER"", ""REAR"", ""REAR-RIGHT-CORNER""]","[""FORD"", ""HONDA"", ""NISSAN""]","[""PARKED"", ""STRAIGHT AHEAD""]","[""F150"", ""HR-V"", ""QUEST""]","[""Y""]","[""25""]","[""DEPLOYED, COMBINATION""]","[""NONE""]","[""NO INDICATION OF INJURY""]","[""O2154291""]"
STRAIGHT AND LEVEL,1814,2025-09-20T04:36:00.000,7,4,9,56452a0b59ae4c3d02962d4bdd19fd83accace6a0335db228e3ed796d356c0a52da548dce258dd84d8b1d3c3c67ad01f52c06c8ffd8e1e0f6767ac6b1013c1aa,INJURY AND / OR TOW DUE TO CRASH,"OVER $1,500",2025-09-20T04:36:00.000,FUNCTIONING PROPERLY,ANGLE,,0,0,2,0,0,0,0,41.9112496561,"DARKNESS, LIGHTED ROAD",-87.6333002484,NO INDICATION OF INJURY,2,30,FAILING TO YIELD RIGHT-OF-WAY,ON SCENE,NO DEFECTS,WET,NOT APPLICABLE,,N,LA SALLE DR,1600,TRAFFIC SIGNAL,FOUR WAY,RAIN,,Y,,,,,2,2,"{""coordinates"": [-87.633300248411, 41.911249656053], ""type"": ""Point""}","[""FRONT"", ""FRONT-LEFT-CORNER""]","[""FORD"", ""TOYOTA""]","[""STRAIGHT AHEAD""]","[""ESCAPE"", ""PRIUS""]","[""Y""]","[""30"", ""33""]","[""DID NOT DEPLOY""]","[""NONE""]","[""NO INDICATION OF INJURY""]","[""O2154284"", ""O2154285""]"
STRAIGHT AND LEVEL,2514,2025-09-20T04:40:00.000,7,4,9,9e19930eb7244b37b2382b8c2f9457c4e05d393e84b3c724cb34cbead0dd88fc48cab604c4ee236c7f618cc2a639458ff23c5d734af7b916a550674888cb0dce,INJURY AND / OR TOW DUE TO CRASH,"OVER $1,500",2025-09-20T07:04:00.000,NO CONTROLS,PARKED MOTOR VEHICLE,Y,0,0,1,0,0,0,0,41.9363585305,"DARKNESS, LIGHTED ROAD",-87.7567520048,NO INDICATION OF INJURY,5,30,DRIVING SKILLS/KNOWLEDGE/EXPERIENCE,ON SCENE,NO DEFECTS,WET,NOT APPLICABLE,,N,LARAMIE AVE,3042,NO CONTROLS,DIVIDED - W/MEDIAN (NOT RAISED),RAIN,,,,,,,5,1,"{""coordinates"": [-87.756752004784, 41.936358530466], ""type"": ""Point""}","[""FRONT-RIGHT-CORNER"", ""REAR"", ""REAR-RIGHT-CORNER"", ""SIDE-LEFT-FRONT""]","[""CHEVROLET"", ""FORD"", ""PONTIAC"", ""TOYOTA""]","[""PARKED"", ""STRAIGHT AHEAD""]","[""EQUINOX"", ""ESCAPE"", ""PRIUS"", ""VIBE""]","[""Y""]","[""36""]","[""DID NOT DEPLOY""]","[""NONE""]","[""NO INDICATION OF INJURY""]","[""O2154332""]"
STRAIGHT AND LEVEL,1723,2025-09-20T04:47:00.000,7,4,9,058f5c43578f3e64d64e31a9819baa574e63f9aef590061de944af57755b45a8fa7e1de8aa57be8cf5ff51b53719d524939c4dd6c98da55d1848d155f6a65aaa,INJURY AND / OR TOW DUE TO CRASH,"OVER $1,500",2025-09-20T05:05:00.000,FUNCTIONING PROPERLY,TURNING,Y,0,0,2,0,0,0,0,41.961238465,"DARKNESS, LIGHTED ROAD",-87.713199375,NO INDICATION OF INJURY,2,30,UNABLE TO DETERMINE,ON SCENE,NO DEFECTS,WET,NOT APPLICABLE,,W,MONTROSE AVE,3400,TRAFFIC SIGNAL,T-INTERSECTION,RAIN,,Y,,,,,2,2,"{""coordinates"": [-87.713199374979, 41.961238465013], ""type"": ""Point""}","[""FRONT-LEFT-CORNER"", ""UNKNOWN""]","[""HYUNDAI"", ""UNKNOWN""]","[""STRAIGHT AHEAD"", ""TURNING RIGHT""]","[""MOTORIZED"", ""TUCSON""]","[""Y""]","[""30""]","[""DEPLOYMENT UNKNOWN"", ""NOT APPLICABLE""]","[""NONE""]","[""NO INDICATION OF INJURY""]","[""O2154294"", ""O2154295""]"
STRAIGHT AND LEVEL,821,2025-09-20T05:00:00.000,7,5,9,25ded3395c4caa2f83f04ae4a5d16d68c6670f70d1b5cea59c20c1eddef2c3a2a266f2b40e41a9a6df5969df5daee7b8c04a3f5dcab0d3176964ea08db8e0b5f,NO INJURY / DRIVE AWAY,"OVER $1,500",2025-09-20T06:47:00.000,NO CONTROLS,REAR END,,0,0,2,0,0,0,0,41.8190522897,DAYLIGHT,-87.7238192216,NO INDICATION OF INJURY,2,30,UNABLE TO DETERMINE,NOT ON SCENE (DESK REPORT),NO DEFECTS,WET,UNABLE TO DETERMINE,,S,PULASKI RD,4001,NO CONTROLS,NOT DIVIDED,RAIN,,,,,,,2,2,"{""coordinates"": [-87.723819221579, 41.819052289717], ""type"": ""Point""}","[""FRONT"", ""REAR""]","[""HONDA"", ""TOYOTA""]","[""SLOW/STOP IN TRAFFIC"", ""STRAIGHT AHEAD""]","[""CIVIC"", ""HIGHLANDER""]",[],[],"[""DID NOT DEPLOY""]","[""NONE""]","[""NO INDICATION OF INJURY""]","[""O2154303"", ""O2154304""]"
STRAIGHT AND LEVEL,531,2025-09-20T05:00:00.000,7,5,9,3dffa48777e06e135849624229040005c72cf1c91d933930b846adeee17294fc1d6f5bf9fabb67c7ac4bda5a8d951df102ec0467cad8da043ebc1c793015b010,NO INJURY / DRIVE AWAY,"OVER $1,500",2025-09-22T12:35:00.000,NO CONTROLS,PARKED MOTOR VEHICLE,,0,0,1,0,0,0,0,41.690915524,DARKNESS,-87.6202272575,NO INDICATION OF INJURY,3,30,PHYSICAL CONDITION OF DRIVER,NOT ON SCENE (DESK REPORT),NO DEFECTS,WET,PHYSICAL CONDITION OF DRIVER,,E,112TH ST,118,NO CONTROLS,NOT DIVIDED,RAIN,,,,,,,3,1,"{""coordinates"": [-87.620227257461, 41.690915524021], ""type"": ""Point""}","[""FRONT"", ""REAR"", ""REAR-LEFT-CORNER""]","[""BMW"", ""CADILLAC"", ""INFINITI""]","[""PARKED"", ""STRAIGHT AHEAD""]","[""OTHER (EXPLAIN IN NARRATIVE)"", ""SRX"", ""X3""]",[],"[""42""]","[""DID NOT DEPLOY""]","[""NONE""]","[""NO INDICATION OF INJURY""]","[""O2155675""]"
STRAIGHT AND LEVEL,511,2025-09-20T05:00:00.000,7,5,9,4690e9db705eb5d5141a020d0c6e0b27dfe3bb4b7eb2b70dbc5256aa7ca21dbca3864cccccb723c2f58e60d645d1608e1f42742b93e2e922e03286c71abb52d8,INJURY AND / OR TOW DUE TO CRASH,"$501 - $1,500",2025-09-20T05:00:00.000,NO CONTROLS,PARKED MOTOR VEHICLE,,0,0,1,0,0,0,0,41.7215662926,DARKNESS,-87.6251695177,NO INDICATION OF INJURY,3,25,UNABLE TO DETERMINE,ON SCENE,NO DEFECTS,WET,NOT APPLICABLE,,S,LAFAYETTE AVE,9500,NO CONTROLS,NOT DIVIDED,RAIN,,,,,,,3,1,"{""coordinates"": [-87.625169517699, 41.721566292573], ""type"": ""Point""}","[""REAR-RIGHT-CORNER"", ""TOP""]","[""CHEVROLET"", ""JEEP"", ""SATURN""]","[""PARKED"", ""STRAIGHT AHEAD""]","[""JEEPSTER"", ""OTHER (EXPLAIN IN NARRATIVE)"", ""TRAX""]","[""Y""]","[""33""]","[""DEPLOYED, COMBINATION""]","[""NONE""]","[""NO INDICATION OF INJURY""]","[""O2154296""]"
STRAIGHT ON HILLCREST,814,2025-09-20T05:30:00.000,7,5,9,ed3d109109e9611469a7b4833fbacf06000f64648a727d2fa8ec6e90db24825e50e73d22cf8647d0fd9b3eb027581ed821f9a6a2ce084251eed8dd9c04088e04,NO INJURY / DRIVE AWAY,"OVER $1,500",2025-09-20T07:15:00.000,FUNCTIONING PROPERLY,REAR END,,0,0,2,0,0,0,0,41.8167293867,DUSK,-87.7435367125,NO INDICATION OF INJURY,2,30,"VISION OBSCURED (SIGNS, TREE LIMBS, BUILDINGS, ETC.)",NOT ON SCENE (DESK REPORT),UNKNOWN,WET,WEATHER,,S,CICERO AVE,4200,TRAFFIC SIGNAL,FOUR WAY,RAIN,,Y,,,,,2,2,"{""coordinates"": [-87.743536712476, 41.816729386747], ""type"": ""Point""}","[""FRONT"", ""REAR""]","[""MACK TRUCKS, INC."", ""TOYOTA""]","[""SLOW/STOP IN TRAFFIC"", ""STRAIGHT AHEAD""]","[""CAMRY"", ""MACK TRUCKS, INC.""]",[],"[""36"", ""61""]","[""DID NOT DEPLOY"", ""NOT APPLICABLE""]","[""NONE""]","[""NO INDICATION OF INJURY""]","[""O2154307"", ""O2154308""]"
STRAIGHT AND LEVEL,1611,2025-09-20T05:33:00.000,7,5,9,34729c1fd4e4787c373c6da977ccd82787f27e646a0293c215578c6fbe310a11a6ee360be74d2d8c157385148b31ccf1b2a9c5742f8f65b1152ca69e4463aacf,INJURY AND / OR TOW DUE TO CRASH,"OVER $1,500",2025-09-20T05:35:00.000,FUNCTIONING PROPERLY,TURNING,,0,0,1,0,1,1,0,41.9972461041,"DARKNESS, LIGHTED ROAD",-87.7874486366,"REPORTED, NOT EVIDENT",2,30,IMPROPER TURNING/NO SIGNAL,ON SCENE,NO DEFECTS,WET,WEATHER,,W,DEVON AVE,6355,STOP SIGN/FLASHER,NOT DIVIDED,RAIN,,Y,,,,,2,2,"{""coordinates"": [-87.787448636565, 41.997246104118], ""type"": ""Point""}","[""FRONT-LEFT-CORNER"", ""FRONT-RIGHT-CORNER""]","[""LINCOLN"", ""NISSAN""]","[""TURNING RIGHT""]","[""AVIATOR"", ""SENTRA""]","[""Y""]","[""25"", ""38""]","[""DEPLOYED, COMBINATION"", ""DID NOT DEPLOY""]","[""NONE""]","[""NO INDICATION OF INJURY"", ""REPORTED, NOT EVIDENT""]","[""O2154301"", ""O2154302""]"
STRAIGHT AND LEVEL,211,2025-09-20T06:01:00.000,7,6,9,3fcd83fd8582909ecd77807f579a274bdaa51d9ebb097ad9c9469c122a2119fa2fdf594d938d0468e70a3f5ec6d34faa11d27d12484ccb8c6de0c6f1cc165f19,NO INJURY / DRIVE AWAY,"OVER $1,500",2025-09-20T06:23:00.000,NO CONTROLS,SIDESWIPE SAME DIRECTION,Y,0,0,3,0,0,0,0,41.8383932992,UNKNOWN,-87.6087495204,NO INDICATION OF INJURY,2,30,IMPROPER LANE USAGE,ON SCENE,UNKNOWN,WET,NOT APPLICABLE,,S,LAKE SHORE DR SB,3100,NO CONTROLS,DIVIDED - W/MEDIAN BARRIER,RAIN,,,,,,,2,3,"{""coordinates"": [-87.608749520406, 41.838393299151], ""type"": ""Point""}","[""SIDE-LEFT"", ""SIDE-RIGHT""]","[""CHEVROLET"", ""TESLA""]","[""STRAIGHT AHEAD""]","[""EQUINOX"", ""OTHER (EXPLAIN IN NARRATIVE)""]",[],"[""49""]","[""DEPLOYMENT UNKNOWN"", ""NOT APPLICABLE""]","[""NONE""]","[""NO INDICATION OF INJURY""]","[""O2154313"", ""O2154314"", ""P475505""]"
STRAIGHT AND LEVEL,333,2025-09-20T06:19:00.000,7,6,9,e872c745123c3ccb2e85327ae500e3f6186e2c619c0e21401026206ca8c9205ae7094325b3599fd56ef1af09cc16bb0b6a666a49399d77d1f6079702bbea1dfd,NO INJURY / DRIVE AWAY,"OVER $1,500",2025-09-20T06:35:00.000,UNKNOWN,SIDESWIPE SAME DIRECTION,Y,0,0,2,0,0,0,0,41.7660277795,DAYLIGHT,-87.5764431228,NO INDICATION OF INJURY,2,30,NOT APPLICABLE,NOT ON SCENE (DESK REPORT),UNKNOWN,WET,NOT APPLICABLE,,S,JEFFERY BLVD,7100,UNKNOWN,NOT DIVIDED,RAIN,,,,,,,2,2,"{""coordinates"": [-87.576443122779, 41.766027779516], ""type"": ""Point""}","[""SIDE-RIGHT-REAR"", ""UNKNOWN""]","[""UNKNOWN"", ""VOLVO""]","[""STARTING IN TRAFFIC"", ""STRAIGHT AHEAD""]","[""260 SERIES"", ""OTHER (EXPLAIN IN NARRATIVE)""]",[],"[""54""]","[""DEPLOYMENT UNKNOWN"", ""DID NOT DEPLOY""]","[""NONE""]","[""NO INDICATION OF INJURY""]","[""O2154305"", ""O2154306""]"
STRAIGHT AND LEVEL,821,2025-09-20T06:21:00.000,7,6,9,c22564afab3802f6ae5370d538e1a6c06ebf33cd2bc2ccbe9a46c179e06e572b9a771e095ded83431983461da243eb01b445c04c5ff6a1b6a08c288eb5df3a49,INJURY AND / OR TOW DUE TO CRASH,"OVER $1,500",2025-09-20T07:40:00.000,NO CONTROLS,HEAD ON,,0,0,2,0,0,0,0,41.8171506357,DAYLIGHT,-87.7044755805,NO INDICATION OF INJURY,2,30,EQUIPMENT - VEHICLE CONDITION,ON SCENE,NO DEFECTS,WET,WEATHER,,S,KEDZIE AVE,4200,NO CONTROLS,NOT DIVIDED,CLOUDY/OVERCAST,,,,,,,2,2,"{""coordinates"": [-87.70447558046, 41.817150635743], ""type"": ""Point""}","[""FRONT-RIGHT-CORNER""]","[""CHEVROLET"", ""TOYOTA""]","[""STRAIGHT AHEAD""]","[""GR86"", ""TRAVERSE""]","[""N"", ""Y""]","[""18"", ""62""]","[""DEPLOYED, COMBINATION""]","[""NONE""]","[""NO INDICATION OF INJURY""]","[""O2154330"", ""O2154331""]"
"CURVE, LEVEL",1824,2025-09-20T06:35:00.000,7,6,9,0beae969f91d955040a048eec9ba02f8f33e094305748b62d759bfea775e925bfa5cef20fd98f1cadcc2c4961f65135d83b25ec5991ccd7a2695d43a33c31fe4,INJURY AND / OR TOW DUE TO CRASH,"$501 - $1,500",2025-09-20T07:00:00.000,NO CONTROLS,REAR END,,0,0,1,0,1,1,0,41.900752974,DAYLIGHT,-87.6242349998,"REPORTED, NOT EVIDENT",2,30,UNABLE TO DETERMINE,ON SCENE,UNKNOWN,WET,NOT APPLICABLE,,N,LAKE SHORE DR,1000,NO CONTROLS,DIVIDED - W/MEDIAN BARRIER,RAIN,,,,,,,2,2,"{""coordinates"": [-87.62423499978, 41.900752974042], ""type"": ""Point""}","[""FRONT"", ""FRONT-RIGHT-CORNER""]","[""NISSAN"", ""TOYOTA""]","[""NEGOTIATING A CURVE"", ""STRAIGHT AHEAD""]","[""COROLLA"", ""VERSA""]","[""Y""]","[""33"", ""36""]","[""DID NOT DEPLOY""]","[""NONE""]","[""NO INDICATION OF INJURY"", ""REPORTED, NOT EVIDENT""]","[""O2154348"", ""O2154349""]"
STRAIGHT AND LEVEL,331,2025-09-20T06:35:00.000,7,6,9,17ee62546488f914f4374d4eb9ff26ccbef43443b1feab53f7452ca1ba8cfa81001b348a31a7495ff2eb04833b9c2da7ebe69ca23d3c4d18baa2d589c68908e1,INJURY AND / OR TOW DUE TO CRASH,"OVER $1,500",2025-09-20T06:36:00.000,FUNCTIONING PROPERLY,OTHER OBJECT,Y,0,0,1,0,0,0,0,41.7915339165,DAYLIGHT,-87.5802087355,NO INDICATION OF INJURY,1,40,UNABLE TO DETERMINE,ON SCENE,NO DEFECTS,WET,UNABLE TO DETERMINE,,S,LAKE SHORE DR SB,5698,TRAFFIC SIGNAL,FOUR WAY,OTHER,,,,,,,1,1,"{""coordinates"": [-87.580208735455, 41.791533916538], ""type"": ""Point""}","[""FRONT-RIGHT-CORNER""]","[""CHRYSLER""]","[""UNKNOWN/NA""]","[""300""]","[""Y""]",[],"[""DEPLOYED, COMBINATION""]","[""NONE""]","[""NO INDICATION OF INJURY""]","[""O2154347""]"
STRAIGHT AND LEVEL,811,2025-09-20T06:40:00.000,7,6,9,b769e9633c536729842f9823e4604140a5e9ed844b12ea930b8790dd9c7246131fdbb16ca59557ce10a3eb7f0fd761bb2a6c176e54b7b667834c212914201533,NO INJURY / DRIVE AWAY,"OVER $1,500",2025-09-20T07:00:00.000,NO CONTROLS,REAR END,,0,0,2,0,0,0,0,41.7928227301,DAYLIGHT,-87.7635877506,NO INDICATION OF INJURY,2,30,FOLLOWING TOO CLOSELY,ON SCENE,NO DEFECTS,WET,FOLLOWING TOO CLOSELY,,W,55TH ST,5632,NO CONTROLS,DIVIDED - W/MEDIAN (NOT RAISED),CLEAR,,Y,,,,,2,2,"{""coordinates"": [-87.763587750611, 41.792822730075], ""type"": ""Point""}","[""FRONT"", ""REAR""]","[""HONDA"", ""NISSAN""]","[""STRAIGHT AHEAD""]","[""ALTIMA"", ""CR-V""]",[],"[""20"", ""51""]","[""DID NOT DEPLOY""]","[""NONE""]","[""NO INDICATION OF INJURY""]","[""O2154311"", ""O2154312""]"
STRAIGHT AND LEVEL,1411,2025-09-20T06:45:00.000,7,6,9,bd448e38b0cfd2bcb40b3f5c2e7fb7909e2020b5906e567ddbff641b7d9c6f6ff78f11cacef75653bd1127f3b2f53271a6e55cac2c88371f85f7c22a8394de57,NO INJURY / DRIVE AWAY,"OVER $1,500",2025-09-24T19:08:00.000,FUNCTIONING PROPERLY,REAR END,,0,0,3,0,0,0,0,41.9286697899,DAYLIGHT,-87.6879222355,NO INDICATION OF INJURY,2,30,FOLLOWING TOO CLOSELY,NOT ON SCENE (DESK REPORT),NO DEFECTS,WET,DRIVING SKILLS/KNOWLEDGE/EXPERIENCE,,N,WESTERN AVE,2600,TRAFFIC SIGNAL,NOT DIVIDED,CLEAR,,Y,,,,,2,3,"{""coordinates"": [-87.687922235539, 41.92866978991], ""type"": ""Point""}","[""FRONT"", ""REAR""]","[""JEEP"", ""TOYOTA""]","[""SLOW/STOP IN TRAFFIC"", ""STRAIGHT AHEAD""]","[""RAV4"", ""WRANGLER""]",[],"[""28"", ""42""]","[""DID NOT DEPLOY""]","[""NONE""]","[""NO INDICATION OF INJURY""]","[""O2157301"", ""O2157302"", ""P476081""]"
"CURVE, LEVEL",1824,2025-09-20T06:50:00.000,7,6,9,e31717a7dff4201a978b072ebd982b40e2c38bc947233583ab04a47c057fbcd0ebe88bc0e2a2fc7878675101687f0eb62e8cc332a3ba2ad8e7d3784ba633e834,INJURY AND / OR TOW DUE TO CRASH,"$501 - $1,500",2025-09-20T07:00:00.000,NO CONTROLS,SIDESWIPE SAME DIRECTION,Y,0,0,2,0,0,0,0,41.900752974,DAYLIGHT,-87.6242349998,NO INDICATION OF INJURY,2,30,IMPROPER OVERTAKING/PASSING,ON SCENE,UNKNOWN,WET,NOT APPLICABLE,,N,LAKE SHORE DR,1000,NO CONTROLS,DIVIDED - W/MEDIAN BARRIER,RAIN,,,,,,,2,2,"{""coordinates"": [-87.62423499978, 41.900752974042], ""type"": ""Point""}","[""FRONT-RIGHT-CORNER"", ""UNKNOWN""]","[""HONDA""]","[""CHANGING LANES"", ""NEGOTIATING A CURVE""]","[""CR-V"", ""ODYSSEY""]","[""Y""]","[""50""]","[""DEPLOYMENT UNKNOWN"", ""DID NOT DEPLOY""]","[""NONE""]","[""NO INDICATION OF INJURY""]","[""O2154371"", ""O2154372""]"
STRAIGHT AND LEVEL,1432,2025-09-20T07:15:00.000,7,7,9,343024186a7d7b1f9159aefbc29cbbf602413fec10a6bd1dfcaa5b74fed99c9d614f81f61e15289bec1beb41b14ead4bc6d8de8126b6593492a1a1e57a73f6e7,NO INJURY / DRIVE AWAY,"OVER $1,500",2025-09-22T08:05:00.000,FUNCTIONING PROPERLY,SIDESWIPE SAME DIRECTION,,0,0,2,0,0,0,0,41.925010656,DAYLIGHT,-87.6876177869,NO INDICATION OF INJURY,2,30,FAILING TO REDUCE SPEED TO AVOID CRASH,NOT ON SCENE (DESK REPORT),UNKNOWN,UNKNOWN,IMPROPER OVERTAKING/PASSING,,W,FULLERTON AVE,2358,TRAFFIC SIGNAL,FOUR WAY,UNKNOWN,,Y,,,,,2,2,"{""coordinates"": [-87.687617786941, 41.925010655979], ""type"": ""Point""}","[""REAR-LEFT-CORNER"", ""SIDE-RIGHT""]","[""JEEP"", ""TOYOTA""]","[""CHANGING LANES"", ""SLOW/STOP IN TRAFFIC""]","[""JEEP"", ""RAV4""]",[],"[""29"", ""30""]","[""NOT APPLICABLE""]","[""NONE""]","[""NO INDICATION OF INJURY""]","[""O2155495"", ""O2155496""]"
STRAIGHT AND LEVEL,1713,2025-09-20T07:30:00.000,7,7,9,8fff23ea787769ed7be8abb03f127a644c540186de080429b82fc53a3091bce719cb4a8937d750bc981b58680f8b4a294b8a20e0be341b19d1ed4f0d0ecdb93f,NO INJURY / DRIVE AWAY,"$501 - $1,500",2025-09-20T08:25:00.000,NO CONTROLS,PARKED MOTOR VEHICLE,Y,0,0,1,0,0,0,0,41.9701539337,DAYLIGHT,-87.7092628152,NO INDICATION OF INJURY,3,25,UNABLE TO DETERMINE,NOT ON SCENE (DESK REPORT),NO DEFECTS,DRY,UNABLE TO DETERMINE,,W,AINSLIE ST,3217,NO CONTROLS,ONE-WAY,CLEAR,Y,,,,,,3,1,"{""coordinates"": [-87.709262815235, 41.970153933727], ""type"": ""Point""}","[""SIDE-LEFT"", ""UNKNOWN""]","[""HONDA"", ""UNKNOWN""]","[""PARKED"", ""UNKNOWN/NA""]","[""CR-V"", ""OTHER (EXPLAIN IN NARRATIVE)""]",[],[],"[""DEPLOYMENT UNKNOWN""]","[""UNKNOWN""]","[""NO INDICATION OF INJURY""]","[""O2154327""]"
STRAIGHT AND LEVEL,1022,2025-09-20T07:30:00.000,7,7,9,bc82c3fd40a05dfe4071ff40ccb355f022d166dc2c1665ad28bb8991171dd220e9c911cab773bec6af91b5980e604946a4fa7e550500075a9f0c75d690bb4829,NO INJURY / DRIVE AWAY,"OVER $1,500",2025-09-22T17:10:00.000,NO CONTROLS,PARKED MOTOR VEHICLE,Y,0,0,1,0,0,0,0,41.8614210938,DAYLIGHT,-87.7049782985,NO INDICATION OF INJURY,2,30,UNABLE TO DETERMINE,NOT ON SCENE (DESK REPORT),NO DEFECTS,DRY,UNABLE TO DETERMINE,,W,15TH ST,3148,NO CONTROLS,NOT DIVIDED,CLEAR,,,,,,,2,1,"{""coordinates"": [-87.704978298518, 41.861421093784], ""type"": ""Point""}","[""FRONT-LEFT-CORNER"", ""UNKNOWN""]","[""HONDA"", ""UNKNOWN""]","[""PARKED"", ""UNKNOWN/NA""]","[""HR-V"", ""OTHER (EXPLAIN IN NARRATIVE)""]",[],[],"[""DEPLOYMENT UNKNOWN""]","[""NONE""]","[""NO INDICATION OF INJURY""]","[""O2155878""]"
"CURVE, LEVEL",1824,2025-09-20T07:39:00.000,7,7,9,410708f4d8cffc685d2911c48a7d383ad50e52b560ca26ad73e4edc190b005756412735e645118b729cdfd9c3c07fdd624000cfc1190202bceeeed639ae7a604,NO INJURY / DRIVE AWAY,"OVER $1,500",2025-09-20T07:45:00.000,NO CONTROLS,FIXED OBJECT,,0,0,2,0,0,0,0,41.9040692034,DAYLIGHT,-87.6248733259,NO INDICATION OF INJURY,1,35,WEATHER,ON SCENE,NO DEFECTS,WET,WEATHER,,N,LAKE SHORE DR,1201,NO CONTROLS,DIVIDED - W/MEDIAN BARRIER,CLEAR,,,,,,,1,2,"{""coordinates"": [-87.624873325877, 41.904069203407], ""type"": ""Point""}","[""FRONT-RIGHT-CORNER""]","[""HYUNDAI""]","[""STRAIGHT AHEAD""]","[""ACCENT""]",[],"[""45"", ""48""]","[""DEPLOYED, FRONT"", ""DID NOT DEPLOY""]","[""NONE""]","[""NO INDICATION OF INJURY""]","[""O2154357"", ""P475508""]"