alignment,beat_of_occurrence,crash_date,crash_day_of_week,crash_hour,crash_month,crash_record_id,crash_type,damage,date_police_notified,device_condition,first_crash_type,hit_and_run_i,injuries_fatal,injuries_incapacitating,injuries_no_indication,injuries_non_incapacitating,injuries_reported_not_evident,injuries_total,injuries_unknown,latitude,lighting_condition,longitude,most_severe_injury,num_units,posted_speed_limit,prim_contributory_cause,report_type,road_defect,roadway_surface_cond,sec_contributory_cause,statements_taken_i,street_direction,street_name,street_no,traffic_control_device,trafficway_type,weather_condition,crash_date_est_i,intersection_related_i,photos_taken_i,work_zone_i,dooring_i,private_property_i,veh_count,ppl_count,location_json,veh_first_contact_point_list_json,veh_make_list_json,veh_maneuver_list_json,veh_model_list_json,veh_towed_i_list_json,ppl_age_list_json,ppl_airbag_deployed_list_json,ppl_ejection_list_json,ppl_injury_classification_list_json,ppl_person_id_list_json
STRAIGHT AND LEVEL,1621,2025-09-20T07:45:00.000,7,7,9,c970bae5402bee8721214b3a5de00b719cab66ab98ae8b26c7c2905ea9152be2a6c86c5822c2b54ccc7ef9f9520833ec5596c19b762e6e1239b6f3b129e98f3b,NO INJURY / DRIVE AWAY,"OVER $1,500",2025-09-20T07:50:00.000,FUNCTIONING PROPERLY,SIDESWIPE SAME DIRECTION,,0,0,2,0,0,0,0,41.9974571264,DAYLIGHT,-87.7658207187,NO INDICATION OF INJURY,2,30,UNABLE TO DETERMINE,ON SCENE,NO DEFECTS,DRY,NOT APPLICABLE,,W,DEVON AVE,5500,TRAFFIC SIGNAL,FOUR WAY,CLEAR,,Y,,,,,2,2,"{""coordinates"": [-87.765820718749, 41.997457126378], ""type"": ""Point""}","[""FRONT-LEFT-CORNER"", ""REAR-RIGHT-CORNER""]","[""SATURN"", ""SUBARU""]","[""STRAIGHT AHEAD""]","[""OUTBACK"", ""VUE""]",[],"[""34"", ""57""]","[""NOT APPLICABLE""]","[""NONE""]","[""NO INDICATION OF INJURY""]","[""O2154343"", ""O2154344""]"
STRAIGHT AND LEVEL,1023,2025-09-20T08:00:00.000,7,8,9,805335bb8ed2161ee3018c150bd89f66338851101777147a56fe0c2f7d7440d55bea4d5dfa337a20804fba97e6c10bf9abf0a5242e3b5e1596d36dca6ee64eae,NO INJURY / DRIVE AWAY,"OVER $1,500",2025-09-20T08:10:00.000,NO CONTROLS,PARKED MOTOR VEHICLE,,0,0,1,0,0,0,0,41.8646467296,DAYLIGHT,-87.6860025122,NO INDICATION OF INJURY,2,15,DRIVING SKILLS/KNOWLEDGE/EXPERIENCE,ON SCENE,NO DEFECTS,WET,"OPERATING VEHICLE IN ERRATIC, RECKLESS, CARELESS, NEGLIGENT OR AGGRESSIVE MANNER",,W,OGDEN AVE,2401,NO CONTROLS,PARKING LOT,CLEAR,,,,,,Y,2,1,"{""coordinates"": [-87.686002512195, 41.864646729616], ""type"": ""Point""}","[""SIDE-RIGHT-FRONT"", ""SIDE-RIGHT-REAR""]","[""FORD"", ""KIA""]","[""LEAVING TRAFFIC LANE TO PARK"", ""PARKED""]","[""SPORTAGE"", ""TRANSIT""]",[],"[""29""]","[""DID NOT DEPLOY""]","[""NONE""]","[""NO INDICATION OF INJURY""]","[""O2154345""]"
STRAIGHT AND LEVEL,1125,2025-09-20T08:08:00.000,7,8,9,7e111e777f4a53057e3cf7c4b51190254871b59c4ca2a35aff8a45d6c55deae45de4e3f0f1e71e39c4cd851d45aaeb14dabfb249a2db17c2fd852e86cd9e6961,INJURY AND / OR TOW DUE TO CRASH,"OVER $1,500",2025-09-20T08:08:00.000,FUNCTIONING PROPERLY,OTHER OBJECT,Y,0,0,1,0,0,0,0,41.8770964027,UNKNOWN,-87.6938990626,NO INDICATION OF INJURY,1,25,UNABLE TO DETERMINE,ON SCENE,NO DEFECTS,DRY,UNABLE TO DETERMINE,,S,WASHTENAW AVE,310,STOP SIGN/FLASHER,NOT DIVIDED,UNKNOWN,Y,,,,,,1,1,"{""coordinates"": [-87.693899062559, 41.877096402729], ""type"": ""Point""}","[""FRONT""]","[""KIA""]","[""UNKNOWN/NA""]","[""OPTIMA / K5""]","[""Y""]",[],"[""DEPLOYMENT UNKNOWN""]","[""UNKNOWN""]","[""NO INDICATION OF INJURY""]","[""O2154424""]"
CURVE ON GRADE,1824,2025-09-20T08:15:00.000,7,8,9,893304da2e1c193bfca69f4df5ce070c4e62a80e363b390d72225e143a0f9a4eb045465fa81397fc5e2c8ebbcd46324dd17a5deeddabb23c68b04945d5e59c05,NO INJURY / DRIVE AWAY,"OVER $1,500",2025-09-20T08:20:00.000,NO CONTROLS,FIXED OBJECT,,0,0,1,0,0,0,0,41.9040692034,DARKNESS,-87.6248733259,NO INDICATION OF INJURY,1,35,WEATHER,ON SCENE,NO DEFECTS,WET,WEATHER,,N,LAKE SHORE DR,1201,NO CONTROLS,DIVIDED - W/MEDIAN BARRIER,CLEAR,,,,,,,1,1,"{""coordinates"": [-87.624873325877, 41.904069203407], ""type"": ""Point""}","[""FRONT-RIGHT-CORNER""]","[""HONDA""]","[""STRAIGHT AHEAD""]","[""ACCORD""]",[],"[""43""]","[""NOT APPLICABLE""]","[""NONE""]","[""NO INDICATION OF INJURY""]","[""O2154338""]"
STRAIGHT AND LEVEL,1824,2025-09-20T08:15:00.000,7,8,9,e0b1c11dacc48e7697246954fbdda44f6b1da8c9bac3b557ed5a12705d2fc39481e7121f6f5ad154def27bea95c945987dafe8d621ef2e024f3f8e5bf3c9de1c,NO INJURY / DRIVE AWAY,"OVER $1,500",2025-09-20T09:08:00.000,NO CONTROLS,SIDESWIPE SAME DIRECTION,,0,0,2,0,0,0,0,41.900752974,DAYLIGHT,-87.6242349998,NO INDICATION OF INJURY,2,30,UNABLE TO DETERMINE,NOT ON SCENE (DESK REPORT),NO DEFECTS,DRY,NOT APPLICABLE,,N,LAKE SHORE DR,1000,NO CONTROLS,NOT DIVIDED,CLEAR,,,,,,,2,2,"{""coordinates"": [-87.62423499978, 41.900752974042], ""type"": ""Point""}","[""FRONT-LEFT-CORNER"", ""FRONT-RIGHT-CORNER""]","[""CHEVROLET"", ""NISSAN""]","[""AVOIDING VEHICLES/OBJECTS"", ""CHANGING LANES""]","[""MALIBU"", ""SENTRA""]",[],"[""47"", ""60""]","[""DID NOT DEPLOY""]","[""NONE""]","[""NO INDICATION OF INJURY""]","[""O2154339"", ""O2154340""]"
STRAIGHT AND LEVEL,1833,2025-09-20T08:30:00.000,7,8,9,505a7e53805e24b56f63c649a2296584fbc2093d2c4a0a91cd6baa07c0e915314f969b7310e68b97b003257aeb196c211d64d420e826f2acda379eddf31e2c4f,INJURY AND / OR TOW DUE TO CRASH,"OVER $1,500",2025-09-21T14:15:00.000,NO CONTROLS,REAR END,Y,0,0,3,0,1,1,0,41.898341319,"DARKNESS, LIGHTED ROAD",-87.618057856,"REPORTED, NOT EVIDENT",2,25,UNABLE TO DETERMINE,NOT ON SCENE (DESK REPORT),UNKNOWN,UNKNOWN,NOT APPLICABLE,,N,LAKE SHORE DR SB,860,NO CONTROLS,DIVIDED - W/MEDIAN BARRIER,UNKNOWN,,,,,,,2,4,"{""coordinates"": [-87.618057855957, 41.898341319021], ""type"": ""Point""}","[""REAR"", ""UNKNOWN""]","[""NISSAN"", ""UNKNOWN""]","[""SLOW/STOP IN TRAFFIC"", ""STRAIGHT AHEAD""]","[""ALTIMA"", ""OTHER (EXPLAIN IN NARRATIVE)""]",[],"[""52""]","[""DEPLOYMENT UNKNOWN"", ""DID NOT DEPLOY""]","[""NONE"", ""UNKNOWN""]","[""NO INDICATION OF INJURY"", ""REPORTED, NOT EVIDENT""]","[""O2155168"", ""O2155169"", ""P475655"", ""P475656""]"
STRAIGHT ON GRADE,225,2025-09-20T08:35:00.000,7,8,9,af030ee3a0428f01d424d7eadee1d276144fa5519db89bd2739983b3cb7cc1973bd74381bf4c72d7e8f2136678726148d6403bbb8c924068dae2a27465f3a846,INJURY AND / OR TOW DUE TO CRASH,"OVER $1,500",2025-09-20T08:35:00.000,FUNCTIONING PROPERLY,ANGLE,,0,0,1,1,1,2,0,41.7942603437,DAYLIGHT,-87.6242244193,NONINCAPACITATING INJURY,2,30,DISREGARDING TRAFFIC SIGNALS,ON SCENE,UNKNOWN,DRY,DISREGARDING TRAFFIC SIGNALS,,S,WABASH AVE,5500,TRAFFIC SIGNAL,DIVIDED - W/MEDIAN BARRIER,CLEAR,,Y,,,,,2,3,"{""coordinates"": [-87.624224419257, 41.794260343739], ""type"": ""Point""}","[""FRONT"", ""TOTAL (ALL AREAS)""]","[""FORD"", ""TOYOTA""]","[""STRAIGHT AHEAD""]","[""ESCAPE"", ""HIGHLANDER""]","[""Y""]","[""27"", ""36"", ""54""]","[""DEPLOYED, COMBINATION"", ""DEPLOYED, FRONT""]","[""NONE""]","[""NO INDICATION OF INJURY"", ""NONINCAPACITATING INJURY"", ""REPORTED, NOT EVIDENT""]","[""O2154385"", ""O2154386"", ""P475509""]"
STRAIGHT AND LEVEL,1524,2025-09-20T08:41:00.000,7,8,9,d10e6407bfe35cd227076c646dbbb23dceea09a8eac90c473ca44634f5ba13b7c75b6500a507b14f9a36d5af6c499a0c5bdc0955cd5c3b3a6db3cde7b2b59bff,NO INJURY / DRIVE AWAY,"$501 - $1,500",2025-09-20T08:41:00.000,NO CONTROLS,PARKED MOTOR VEHICLE,,0,0,1,0,0,0,0,41.8950285471,DAYLIGHT,-87.7571243807,NO INDICATION OF INJURY,2,30,"VISION OBSCURED (SIGNS, TREE LIMBS, BUILDINGS, ETC.)",NOT ON SCENE (DESK REPORT),NO DEFECTS,WET,NOT APPLICABLE,,W,CHICAGO AVE,5236,NO CONTROLS,DIVIDED - W/MEDIAN BARRIER,CLEAR,,,,,,,2,1,"{""coordinates"": [-87.757124380669, 41.895028547118], ""type"": ""Point""}","[""REAR-LEFT-CORNER"", ""SIDE-RIGHT""]","[""FORD"", ""HINO""]","[""PARKED"", ""TURNING LEFT""]","[""EXPLORER"", ""HINO""]",[],"[""49""]","[""NOT APPLICABLE""]","[""NONE""]","[""NO INDICATION OF INJURY""]","[""O2154407""]"
STRAIGHT AND LEVEL,924,2025-09-20T08:49:00.000,7,8,9,12167bc4224ac45d82cf6abafe6cd3f50c7b21e16b9fd0429476f7eca7f36100947c7a9b4f1bc18e43dd8f689ecc93661d814345d99aeb878b00d4cffff600d4,INJURY AND / OR TOW DUE TO CRASH,"OVER $1,500",2025-09-20T08:49:00.000,FUNCTIONING PROPERLY,ANGLE,,0,0,2,1,1,2,0,41.8159388307,DAYLIGHT,-87.6554788685,NONINCAPACITATING INJURY,2,30,IMPROPER OVERTAKING/PASSING,ON SCENE,NO DEFECTS,DRY,FAILING TO REDUCE SPEED TO AVOID CRASH,,S,RACINE AVE,4300,TRAFFIC SIGNAL,FOUR WAY,CLEAR,,Y,,,,,2,4,"{""coordinates"": [-87.655478868506, 41.81593883068], ""type"": ""Point""}","[""FRONT"", ""SIDE-LEFT-REAR""]","[""HONDA"", ""TOYOTA""]","[""STRAIGHT AHEAD""]","[""CAMRY"", ""CR-V""]","[""Y""]","[""25"", ""27"", ""44"", ""69""]","[""DEPLOYED, COMBINATION"", ""DEPLOYED, FRONT""]","[""NONE""]","[""NO INDICATION OF INJURY"", ""NONINCAPACITATING INJURY"", ""REPORTED, NOT EVIDENT""]","[""O2154395"", ""O2154396"", ""P475513"", ""P475515""]"
STRAIGHT AND LEVEL,1935,2025-09-20T09:00:00.000,7,9,9,2b99f1d7307b67bb61afad17fc3d849f4c7abc2b87a6960d68007bc94b41017adb8de957a43380b147dbf537be98474a953c80e76b4e8c26189162d792c09418,NO INJURY / DRIVE AWAY,"OVER $1,500",2025-09-20T09:22:00.000,NO CONTROLS,REAR TO REAR,,0,0,2,0,0,0,0,41.929545167,DAYLIGHT,-87.6429731778,NO INDICATION OF INJURY,2,30,"VISION OBSCURED (SIGNS, TREE LIMBS, BUILDINGS, ETC.)",ON SCENE,NO DEFECTS,DRY,UNABLE TO DETERMINE,,N,CLARK ST,2598,NO CONTROLS,PARKING LOT,CLEAR,,,,,,,2,2,"{""coordinates"": [-87.642973177798, 41.929545166985], ""type"": ""Point""}","[""SIDE-LEFT-REAR""]","[""DODGE"", ""NISSAN""]","[""BACKING""]","[""JOURNEY"", ""MURANO""]",[],"[""43"", ""62""]","[""NOT APPLICABLE""]","[""NONE""]","[""NO INDICATION OF INJURY""]","[""O2154363"", ""O2154364""]"
STRAIGHT AND LEVEL,1621,2025-09-20T09:00:00.000,7,9,9,b0202072a35443e30fcdb97d7d5e7fa61b870ab9fd8a09f85878c029d5a7ac59fe902451e667488bd31652f60786712d187f354d6d085c5db309836a2af36cce,NO INJURY / DRIVE AWAY,$500 OR LESS,2025-09-20T09:00:00.000,NO CONTROLS,PARKED MOTOR VEHICLE,Y,0,0,1,0,0,0,0,41.9787102644,DAYLIGHT,-87.757153772,NO INDICATION OF INJURY,2,10,DRIVING SKILLS/KNOWLEDGE/EXPERIENCE,NOT ON SCENE (DESK REPORT),NO DEFECTS,WET,NOT APPLICABLE,,N,ELSTON AVE,5353,NO CONTROLS,PARKING LOT,CLEAR,,,,,,,2,1,"{""coordinates"": [-87.757153772042, 41.978710264377], ""type"": ""Point""}","[""REAR-RIGHT-CORNER"", ""UNKNOWN""]","[""FORD"", ""UNKNOWN""]","[""PARKED"", ""UNKNOWN/NA""]","[""ESCAPE"", ""OTHER (EXPLAIN IN NARRATIVE)""]",[],[],"[""DEPLOYMENT UNKNOWN""]","[""NONE""]","[""NO INDICATION OF INJURY""]","[""O2154388""]"
STRAIGHT AND LEVEL,2522,2025-09-20T09:00:00.000,7,9,9,df0c7aec9f092151418524fabfba270c441ca25fa2fecd1e83a192909a7e3f17368ef52bc6603c840b1eae05327116955791f8939939d5f347fcd6b12dda5955,NO INJURY / DRIVE AWAY,"OVER $1,500",2025-09-20T14:36:00.000,NO CONTROLS,PARKED MOTOR VEHICLE,Y,0,0,1,0,0,0,0,41.9170691133,UNKNOWN,-87.7438185051,NO INDICATION OF INJURY,2,30,UNABLE TO DETERMINE,NOT ON SCENE (DESK REPORT),NO DEFECTS,DRY,UNABLE TO DETERMINE,,W,ARMITAGE AVE,4700,NO CONTROLS,NOT DIVIDED,UNKNOWN,,,,,,,2,1,"{""coordinates"": [-87.743818505092, 41.917069113336], ""type"": ""Point""}","[""FRONT-LEFT-CORNER"", ""UNKNOWN""]","[""HYUNDAI"", ""UNKNOWN""]","[""PARKED"", ""UNKNOWN/NA""]","[""OTHER (EXPLAIN IN NARRATIVE)"", ""SONATA""]",[],[],"[""DEPLOYMENT UNKNOWN""]","[""UNKNOWN""]","[""NO INDICATION OF INJURY""]","[""O2154496""]"
STRAIGHT AND LEVEL,1712,2025-09-20T09:10:00.000,7,9,9,1b05bdc1a8ea8bab10095ab3a1c89d03b46ed7071293b26ad5ee8541ff1dd864ec1a05ab35524c9793ababf54e30d366f8f4362aeb334525720a784e818024f2,NO INJURY / DRIVE AWAY,"$501 - $1,500",2025-09-20T09:20:00.000,NO CONTROLS,PARKED MOTOR VEHICLE,,0,0,2,0,0,0,0,41.9719812207,DAYLIGHT,-87.7279868979,NO INDICATION OF INJURY,2,10,UNABLE TO DETERMINE,NOT ON SCENE (DESK REPORT),NO DEFECTS,DRY,UNABLE TO DETERMINE,,N,PULASKI RD,5001,NO CONTROLS,PARKING LOT,CLEAR,,,,,,,2,2,"{""coordinates"": [-87.727986897856, 41.97198122069], ""type"": ""Point""}","[""FRONT-RIGHT-CORNER""]","[""CHEVROLET"", ""TOYOTA""]","[""BACKING"", ""PARKED""]","[""COROLLA"", ""SILVERADO""]",[],[],"[""DEPLOYMENT UNKNOWN"", ""NOT APPLICABLE""]","[""NONE""]","[""NO INDICATION OF INJURY""]","[""O2154350"", ""P475507""]"
STRAIGHT AND LEVEL,822,2025-09-20T09:15:00.000,7,9,9,086016f01e9d416a9b640548af6efd98f403c66257bf28cd0953c1cad460de37f12616c0b85e16ffe9a351b9827ac22a519df4bb8a8cf86d98c277f5bb7babd5,NO INJURY / DRIVE AWAY,"$501 - $1,500",2025-09-20T09:55:00.000,NO CONTROLS,SIDESWIPE SAME DIRECTION,,0,0,2,0,0,0,0,41.7933811797,DAYLIGHT,-87.7050076416,NO INDICATION OF INJURY,2,30,UNABLE TO DETERMINE,NOT ON SCENE (DESK REPORT),NO DEFECTS,DRY,UNABLE TO DETERMINE,,W,55TH ST,3237,NO CONTROLS,DIVIDED - W/MEDIAN (NOT RAISED),CLEAR,,,,,,,2,2,"{""coordinates"": [-87.705007641611, 41.793381179736], ""type"": ""Point""}","[""FRONT-LEFT-CORNER"", ""FRONT-RIGHT-CORNER""]","[""HONDA"", ""NISSAN""]","[""ENTERING TRAFFIC LANE FROM PARKING"", ""STRAIGHT AHEAD""]","[""ACCORD"", ""SENTRA""]",[],"[""23"", ""45""]","[""NOT APPLICABLE""]","[""NONE""]","[""NO INDICATION OF INJURY""]","[""O2154367"", ""O2154368""]"
STRAIGHT AND LEVEL,1413,2025-09-20T09:15:00.000,7,9,9,4fe5b577843fea5bd237d08850efe186b0d16f07241bd2b159df8dd4573cf315edfdfdb3830e72c856a1c56c1a8f7fb3c8eaff6be3a6d94b1739cd4e1595aa28,NO INJURY / DRIVE AWAY,"OVER $1,500",2025-09-22T17:30:00.000,NO CONTROLS,PARKED MOTOR VEHICLE,Y,0,0,1,0,0,0,0,41.9211391685,UNKNOWN,-87.7096644676,NO INDICATION OF INJURY,2,30,UNABLE TO DETERMINE,NOT ON SCENE (DESK REPORT),UNKNOWN,UNKNOWN,UNABLE TO DETERMINE,,W,PALMER ST,3256,NO CONTROLS,NOT DIVIDED,UNKNOWN,Y,,,,,,2,1,"{""coordinates"": [-87.709664467589, 41.921139168485], ""type"": ""Point""}","[""SIDE-LEFT"", ""UNKNOWN""]","[""TOYOTA"", ""UNKNOWN""]","[""PARKED"", ""UNKNOWN/NA""]","[""OTHER (EXPLAIN IN NARRATIVE)"", ""PRIUS""]",[],[],"[""DEPLOYMENT UNKNOWN""]","[""NONE""]","[""NO INDICATION OF INJURY""]","[""O2155915""]"
STRAIGHT AND LEVEL,1131,2025-09-20T09:15:00.000,7,9,9,6308c36710369ca19e0cb9357a6596ae74ec43556bae1767e65ec2b85104e0ab030d330a997858ffca4b7d212f2620b2124556cff8302b881ff7fce36a4ff117,NO INJURY / DRIVE AWAY,"OVER $1,500",2025-09-20T10:00:00.000,FUNCTIONING PROPERLY,TURNING,,0,0,2,0,0,0,0,41.8712306388,DAYLIGHT,-87.744779014,NO INDICATION OF INJURY,2,20,UNABLE TO DETERMINE,,NO DEFECTS,DRY,UNABLE TO DETERMINE,,S,CICERO AVE,733,TRAFFIC SIGNAL,DIVIDED - W/MEDIAN (NOT RAISED),CLEAR,,,,,,,2,2,"{""coordinates"": [-87.744779014014, 41.871230638761], ""type"": ""Point""}","[""FRONT-RIGHT-CORNER"", ""REAR-RIGHT-CORNER""]","[""CHEVROLET"", ""MERCEDES-BENZ""]","[""STRAIGHT AHEAD"", ""TURNING LEFT""]","[""EQUINOX"", ""SPRINTER""]",[],"[""58""]","[""DEPLOYMENT UNKNOWN"", ""DID NOT DEPLOY""]","[""NONE""]","[""NO INDICATION OF INJURY""]","[""O2155637"", ""O2155638""]"
STRAIGHT AND LEVEL,1621,2025-09-20T09:15:00.000,7,9,9,97e57a3ef5a5d9eee9638540e22e9c200d4f00661b5f3561f4ba9fc43a057d38133258cbf1d6abf297cd394691f9c7ec1bc0beccd7dc04ebf04e0ea00490501d,NO INJURY / DRIVE AWAY,"OVER $1,500",2025-09-20T15:00:00.000,NO CONTROLS,PARKED MOTOR VEHICLE,Y,0,0,1,0,0,0,0,41.9787102644,DAYLIGHT,-87.757153772,NO INDICATION OF INJURY,2,15,UNABLE TO DETERMINE,NOT ON SCENE (DESK REPORT),NO DEFECTS,DRY,UNABLE TO DETERMINE,,N,ELSTON AVE,5353,NO CONTROLS,PARKING LOT,CLEAR,Y,,,,,,2,1,"{""coordinates"": [-87.757153772042, 41.978710264377], ""type"": ""Point""}","[""FRONT-LEFT-CORNER"", ""UNKNOWN""]","[""FORD"", ""UNKNOWN""]","[""PARKED"", ""UNKNOWN/NA""]","[""FOCUS"", ""OTHER (EXPLAIN IN NARRATIVE)""]",[],[],"[""DEPLOYMENT UNKNOWN""]","[""NONE""]","[""NO INDICATION OF INJURY""]","[""O2154534""]"
STRAIGHT AND LEVEL,321,2025-09-20T09:22:00.000,7,9,9,e631722302382a7e65725363c546a371d632df72b451aff361a37145bebb20d46bdbf6e51969730dcea9aaeb3e401d59a6b7a0283f9c0263a547fec7359c2a87,NO INJURY / DRIVE AWAY,"OVER $1,500",2025-09-20T09:28:00.000,NO CONTROLS,PARKED MOTOR VEHICLE,,0,0,1,0,0,0,0,41.7749412583,DAYLIGHT,-87.6120477963,NO INDICATION OF INJURY,2,30,UNABLE TO DETERMINE,ON SCENE,NO DEFECTS,DRY,UNABLE TO DETERMINE,N,S,RHODES AVE,6598,NO CONTROLS,FOUR WAY,CLEAR,,Y,,,,,2,1,"{""coordinates"": [-87.612047796271, 41.774941258338], ""type"": ""Point""}","[""FRONT-RIGHT-CORNER"", ""REAR-LEFT-CORNER""]","[""UNKNOWN"", ""VOLKSWAGEN""]","[""PARKED"", ""TURNING RIGHT""]","[""ATLAS"", ""OTHER (EXPLAIN IN NARRATIVE)""]",[],"[""29""]","[""NOT APPLICABLE""]","[""NONE""]","[""NO INDICATION OF INJURY""]","[""O2154383""]"
STRAIGHT AND LEVEL,815,2025-09-20T09:25:00.000,7,9,9,2d8b26c5bd155b1ca5739006b85a868ae89a3815a39ff2fa758ef41c3647a831453e3d65974714938482eac234001d18337fb446aaa0b2b9f1baab660f5f23b6,NO INJURY / DRIVE AWAY,"OVER $1,500",2025-09-20T09:58:00.000,NO CONTROLS,TURNING,,0,0,2,0,0,0,0,41.8004075978,DAYLIGHT,-87.7258855476,NO INDICATION OF INJURY,2,30,UNABLE TO DETERMINE,NOT ON SCENE (DESK REPORT),NO DEFECTS,DRY,UNABLE TO DETERMINE,,W,51ST ST,4101,NO CONTROLS,NOT DIVIDED,CLEAR,,,,,,,2,2,"{""coordinates"": [-87.725885547638, 41.800407597773], ""type"": ""Point""}","[""FRONT-LEFT-CORNER"", ""FRONT-RIGHT-CORNER""]","[""ACURA"", ""TOYOTA""]","[""STRAIGHT AHEAD"", ""TURNING RIGHT""]","[""RAV4"", ""TLX""]",[],[],"[""DID NOT DEPLOY""]","[""NONE""]","[""NO INDICATION OF INJURY""]","[""O2154365"", ""O2154366""]"
STRAIGHT AND LEVEL,114,2025-09-20T09:28:00.000,7,9,9,6f53694532626538b952df169e68884d84066432ec7d2e749d851f97abf5b5b6dc6babe0a9d0dbc7eb2358c7185d91813d8063b97e721abc4b6f5320061c9caf,INJURY AND / OR TOW DUE TO CRASH,"OVER $1,500",2025-09-20T09:42:00.000,FUNCTIONING PROPERLY,TURNING,,0,0,4,0,0,0,0,41.8783843055,DAYLIGHT,-87.6208316342,NO INDICATION OF INJURY,2,30,IMPROPER TURNING/NO SIGNAL,ON SCENE,NO DEFECTS,DRY,IMPROPER TURNING/NO SIGNAL,,S,COLUMBUS DR,298,TRAFFIC SIGNAL,DIVIDED - W/MEDIAN (NOT RAISED),CLEAR,,Y,,,,,2,4,"{""coordinates"": [-87.620831634157, 41.87838430551], ""type"": ""Point""}","[""FRONT-LEFT-CORNER"", ""FRONT-RIGHT-CORNER""]","[""AUDI"", ""HONDA""]","[""STRAIGHT AHEAD"", ""U-TURN""]","[""HR-V"", ""Q5""]","[""Y""]","[""1"", ""33"", ""34"", ""47""]","[""DEPLOYED, COMBINATION"", ""NOT APPLICABLE""]","[""NONE""]","[""NO INDICATION OF INJURY""]","[""O2154399"", ""O2154400"", ""P475512"", ""P475514""]"
STRAIGHT AND LEVEL,1524,2025-09-20T09:30:00.000,7,9,9,5896336d8f6aa75448054f3df99608af2f95e41b03232e295fdfa30dd0ed1c0da41feee84d741ef8412632861320b12d0034311442c3e89f8a164531a65f4c98,NO INJURY / DRIVE AWAY,"OVER $1,500",2025-09-20T10:15:00.000,NO CONTROLS,SIDESWIPE SAME DIRECTION,Y,0,0,2,0,0,0,0,41.8965654523,DAYLIGHT,-87.7653655667,NO INDICATION OF INJURY,2,20,IMPROPER OVERTAKING/PASSING,NOT ON SCENE (DESK REPORT),NO DEFECTS,DRY,UNABLE TO DETERMINE,,W,IOWA ST,5559,NO CONTROLS,ONE-WAY,CLEAR,,,,,,,2,2,"{""coordinates"": [-87.765365566661, 41.896565452257], ""type"": ""Point""}","[""FRONT"", ""FRONT-LEFT-CORNER""]","[""CHEVROLET"", ""TOYOTA""]","[""ENTERING TRAFFIC LANE FROM PARKING"", ""STRAIGHT AHEAD""]","[""OTHER (EXPLAIN IN NARRATIVE)""]",[],"[""61""]","[""DEPLOYMENT UNKNOWN""]","[""NONE""]","[""NO INDICATION OF INJURY""]","[""O2154389"", ""O2154390""]"
STRAIGHT AND LEVEL,915,2025-09-20T09:35:00.000,7,9,9,0910bc93f3402f183a48c61af6f70290dce1fec14470057ca7e20f0158604f83bb39b8acbac57eb5c9b7500f87cc692a680102dbb55ccfa7aff187aaf6d10103,NO INJURY / DRIVE AWAY,"OVER $1,500",2025-09-20T09:35:00.000,NO CONTROLS,ANGLE,,0,0,3,0,0,0,0,41.8235035927,DAYLIGHT,-87.6506663765,NO INDICATION OF INJURY,2,15,"VISION OBSCURED (SIGNS, TREE LIMBS, BUILDINGS, ETC.)",ON SCENE,NO DEFECTS,UNKNOWN,"VISION OBSCURED (SIGNS, TREE LIMBS, BUILDINGS, ETC.)",,W,PERSHING RD,970,NO CONTROLS,PARKING LOT,CLEAR,,,,,,Y,2,3,"{""coordinates"": [-87.650666376522, 41.823503592662], ""type"": ""Point""}","[""FRONT"", ""SIDE-LEFT""]","[""NISSAN"", ""VOLKSWAGEN""]","[""OTHER"", ""STRAIGHT AHEAD""]","[""ALTIMA"", ""ATLAS""]",[],"[""20"", ""35""]","[""DID NOT DEPLOY""]","[""NONE""]","[""NO INDICATION OF INJURY""]","[""O2154378"", ""O2154379"", ""P475510""]"
STRAIGHT AND LEVEL,123,2025-09-20T09:50:00.000,7,9,9,274a897b84eedf0bd9f9f6f9e7a56587d9e1f44fce85257b28198e75838513564a45d363c9076291a14c0717677726198019a07723e9afa8c64a24d62afe3585,NO INJURY / DRIVE AWAY,"OVER $1,500",2025-09-20T19:03:00.000,NO CONTROLS,REAR END,,0,0,2,0,0,0,0,41.8755010875,DAYLIGHT,-87.6306566361,NO INDICATION OF INJURY,2,30,UNABLE TO DETERMINE,NOT ON SCENE (DESK REPORT),NO DEFECTS,DRY,UNABLE TO DETERMINE,,W,IDA B WELLS DR,87,NO CONTROLS,NOT DIVIDED,CLEAR,,,,,,,2,2,"{""coordinates"": [-87.630656636144, 41.875501087479], ""type"": ""Point""}","[""FRONT"", ""UNKNOWN""]","[""ACURA"", ""VOLVO""]","[""CHANGING LANES"", ""STRAIGHT AHEAD""]","[""OTHER (EXPLAIN IN NARRATIVE)"", ""TLX""]",[],"[""19"", ""45""]","[""DID NOT DEPLOY""]","[""NONE""]","[""NO INDICATION OF INJURY""]","[""O2154669"", ""O2154670""]"