alignment,beat_of_occurrence,crash_date,crash_day_of_week,crash_hour,crash_month,crash_record_id,crash_type,damage,date_police_notified,device_condition,first_crash_type,hit_and_run_i,injuries_fatal,injuries_incapacitating,injuries_no_indication,injuries_non_incapacitating,injuries_reported_not_evident,injuries_total,injuries_unknown,latitude,lighting_condition,longitude,most_severe_injury,num_units,posted_speed_limit,prim_contributory_cause,report_type,road_defect,roadway_surface_cond,sec_contributory_cause,statements_taken_i,street_direction,street_name,street_no,traffic_control_device,trafficway_type,weather_condition,crash_date_est_i,intersection_related_i,photos_taken_i,work_zone_i,dooring_i,private_property_i,veh_count,ppl_count,location_json,veh_first_contact_point_list_json,veh_make_list_json,veh_maneuver_list_json,veh_model_list_json,veh_towed_i_list_json,ppl_age_list_json,ppl_airbag_deployed_list_json,ppl_ejection_list_json,ppl_injury_classification_list_json,ppl_person_id_list_json
STRAIGHT AND LEVEL,812,2025-09-20T10:00:00.000,7,10,9,0269b74caeb20c74bf96d8c17b31e1d83f4aae92b8ddd71de491378cf15a7aac3e0447d28fcb5444ceb7df97c9b8fac75b66d107e47e14f96c25769cfb5121a0,NO INJURY / DRIVE AWAY,"OVER $1,500",2025-09-20T11:49:00.000,UNKNOWN,TURNING,,0,0,2,0,0,0,0,41.7787991601,DAYLIGHT,-87.7777863375,NO INDICATION OF INJURY,2,30,UNABLE TO DETERMINE,,UNKNOWN,DRY,UNABLE TO DETERMINE,,S,MERRIMAC AVE,6224,UNKNOWN,UNKNOWN,CLEAR,,Y,,,,,2,2,"{""coordinates"": [-87.777786337548, 41.778799160148], ""type"": ""Point""}","[""FRONT-LEFT-CORNER"", ""REAR-LEFT-CORNER""]","[""HYUNDAI"", ""JEEP""]","[""TURNING LEFT"", ""UNKNOWN/NA""]","[""RENEGADE"", ""SANTA FE""]",[],"[""16"", ""25""]","[""NOT APPLICABLE""]","[""NONE""]","[""NO INDICATION OF INJURY""]","[""O2154454"", ""O2154455""]"
STRAIGHT AND LEVEL,411,2025-09-20T10:20:00.000,7,10,9,9111f24488d7cc2a2a80920d50ada9576381489c3f843a358cca85c367a45b21f39b67edea7ff2d5d385028201e779a293dfa64088aced301762bb977eead016,INJURY AND / OR TOW DUE TO CRASH,"$501 - $1,500",2025-09-20T22:55:00.000,FUNCTIONING PROPERLY,PEDESTRIAN,Y,0,1,2,0,0,1,0,41.7514606032,"DARKNESS, LIGHTED ROAD",-87.585971993,INCAPACITATING INJURY,2,30,"OPERATING VEHICLE IN ERRATIC, RECKLESS, CARELESS, NEGLIGENT OR AGGRESSIVE MANNER",ON SCENE,NO DEFECTS,WET,"OPERATING VEHICLE IN ERRATIC, RECKLESS, CARELESS, NEGLIGENT OR AGGRESSIVE MANNER",,S,STONY ISLAND AVE,7900,TRAFFIC SIGNAL,"FIVE POINT, OR MORE",CLEAR,Y,Y,,,,,2,3,"{""coordinates"": [-87.585971992965, 41.751460603167], ""type"": ""Point""}","[""FRONT""]","[""UNKNOWN""]","[""STRAIGHT AHEAD""]","[""OTHER (EXPLAIN IN NARRATIVE)""]",[],"[""18""]","[""DEPLOYMENT UNKNOWN"", ""NOT APPLICABLE""]","[""NONE""]","[""INCAPACITATING INJURY"", ""NO INDICATION OF INJURY""]","[""O2154816"", ""O2154817"", ""P475573""]"
STRAIGHT AND LEVEL,1631,2025-09-20T10:28:00.000,7,10,9,4aeaa5536fe07d37b5cff1124eec419f6e2be195a2a90ab479354eafa972b01e37904143851650fe7d2669334224a34228432b39fe150113a168467310982f26,NO INJURY / DRIVE AWAY,"$501 - $1,500",2025-09-20T10:37:00.000,FUNCTIONING PROPERLY,ANGLE,,0,0,3,0,0,0,0,41.95254355,DAYLIGHT,-87.8121574956,NO INDICATION OF INJURY,2,30,FAILING TO YIELD RIGHT-OF-WAY,ON SCENE,UNKNOWN,DRY,DRIVING SKILLS/KNOWLEDGE/EXPERIENCE,,W,IRVING PARK RD,7359,STOP SIGN/FLASHER,FOUR WAY,CLEAR,,Y,,,,,2,3,"{""coordinates"": [-87.812157495595, 41.952543550011], ""type"": ""Point""}","[""FRONT-RIGHT-CORNER"", ""REAR""]","[""NISSAN""]","[""SLOW/STOP IN TRAFFIC"", ""STRAIGHT AHEAD""]","[""ALTIMA"", ""SENTRA""]",[],"[""25"", ""30"", ""35""]","[""DID NOT DEPLOY""]","[""NONE""]","[""NO INDICATION OF INJURY""]","[""O2154403"", ""O2154404"", ""P475517""]"
STRAIGHT AND LEVEL,815,2025-09-20T10:30:00.000,7,10,9,2f301baf37fb4a199a3323e6599e19472cf915bdb77df07b0da180cfc5c021ea0f0aa5a84c6d8e60a7faef22c5a4ebb70e72527ea55805cf9b7a1802646b69f3,NO INJURY / DRIVE AWAY,"OVER $1,500",2025-09-20T10:30:00.000,NO CONTROLS,TURNING,,0,0,2,0,0,0,0,41.7995426274,DAYLIGHT,-87.7332893009,NO INDICATION OF INJURY,2,30,UNABLE TO DETERMINE,NOT ON SCENE (DESK REPORT),NO DEFECTS,DRY,UNABLE TO DETERMINE,,S,KOSTNER AVE,5130,NO CONTROLS,NOT DIVIDED,CLEAR,,,,,,,2,2,"{""coordinates"": [-87.733289300926, 41.799542627387], ""type"": ""Point""}","[""FRONT-LEFT-CORNER"", ""FRONT-RIGHT-CORNER""]","[""CHEVROLET"", ""NISSAN""]","[""STRAIGHT AHEAD"", ""TURNING RIGHT""]","[""CAMARO"", ""PATHFINDER""]",[],[],"[""DID NOT DEPLOY""]","[""NONE"", ""UNKNOWN""]","[""NO INDICATION OF INJURY""]","[""O2154411"", ""O2154412""]"
STRAIGHT AND LEVEL,913,2025-09-20T10:33:00.000,7,10,9,b004551a5bc14ae2674acc7e0c58265140074822a576a9d406dfecb51f6cbcbddc80e2030d2091fef090e5e4efd655e244c8495128838d4bfe06ad772fd9eae6,NO INJURY / DRIVE AWAY,$500 OR LESS,2025-09-20T13:40:00.000,NO CONTROLS,PARKED MOTOR VEHICLE,Y,0,0,2,0,0,0,0,41.8413773872,DAYLIGHT,-87.6587848021,NO INDICATION OF INJURY,2,30,UNABLE TO DETERMINE,NOT ON SCENE (DESK REPORT),NO DEFECTS,DRY,NOT APPLICABLE,,S,ARCHER AVE,2928,NO CONTROLS,NOT DIVIDED,CLEAR,,,,,,,2,2,"{""coordinates"": [-87.658784802083, 41.841377387172], ""type"": ""Point""}","[""OTHER""]","[""FORD"", ""UNKNOWN""]","[""OTHER"", ""PARKED""]","[""OTHER (EXPLAIN IN NARRATIVE)"", ""TRANSIT""]",[],"[""33""]","[""DEPLOYMENT UNKNOWN"", ""DID NOT DEPLOY""]","[""NONE""]","[""NO INDICATION OF INJURY""]","[""O2154482"", ""P475525""]"
STRAIGHT AND LEVEL,433,2025-09-20T10:35:00.000,7,10,9,330cfd680651793272bd988dd08ee711a790e2a3a41eb0f294106504e6f43a6a5741337707ea444a4a773635b9a60911f8a34ef87a77379973fe318210d58ed2,NO INJURY / DRIVE AWAY,"$501 - $1,500",2025-09-20T10:43:00.000,NO CONTROLS,SIDESWIPE SAME DIRECTION,,0,0,2,0,0,0,0,41.6505576154,DAYLIGHT,-87.5483973518,NO INDICATION OF INJURY,2,30,UNABLE TO DETERMINE,ON SCENE,NO DEFECTS,DRY,UNABLE TO DETERMINE,,S,BRAINARD AVE,13455,NO CONTROLS,DIVIDED - W/MEDIAN (NOT RAISED),CLEAR,,,,,,,2,2,"{""coordinates"": [-87.548397351797, 41.650557615403], ""type"": ""Point""}","[""FRONT-RIGHT-CORNER"", ""REAR-LEFT-CORNER""]","[""CHEVROLET"", ""NISSAN""]","[""STRAIGHT AHEAD""]","[""ALTIMA"", ""S10""]",[],"[""40"", ""71""]","[""DID NOT DEPLOY""]","[""NONE""]","[""NO INDICATION OF INJURY""]","[""O2154409"", ""O2154410""]"
STRAIGHT AND LEVEL,1013,2025-09-20T10:45:00.000,7,10,9,014610118409027a61b54efd0a635ba889d37e452b26e0f02aabc144f897987432811c2dfbe1b8c42f7fcf077246fe9ff9f6e4e15c499c8526cc10d43639d8a1,NO INJURY / DRIVE AWAY,"OVER $1,500",2025-09-20T11:22:00.000,NO CONTROLS,TURNING,Y,0,0,2,0,0,0,0,41.8511195666,DAYLIGHT,-87.7243009044,NO INDICATION OF INJURY,2,30,UNABLE TO DETERMINE,ON SCENE,NO DEFECTS,DRY,UNABLE TO DETERMINE,,W,OGDEN AVE,3953,NO CONTROLS,NOT DIVIDED,CLEAR,,,,,,Y,2,2,"{""coordinates"": [-87.724300904448, 41.851119566636], ""type"": ""Point""}","[""FRONT"", ""SIDE-RIGHT-FRONT""]","[""NISSAN"", ""SUBARU""]","[""STRAIGHT AHEAD"", ""TURNING LEFT""]","[""FORESTER"", ""OTHER (EXPLAIN IN NARRATIVE)""]",[],"[""27"", ""43""]","[""DEPLOYMENT UNKNOWN"", ""DID NOT DEPLOY""]","[""NONE""]","[""NO INDICATION OF INJURY""]","[""O2154425"", ""O2154426""]"
STRAIGHT AND LEVEL,432,2025-09-20T10:45:00.000,7,10,9,22ab624dfc59469bab81f6dd659a93d5e40316d427e5a7cf80db634b74c2b42eb85c0addff714c86962c806836b78d639362081d2060a83b134ca9582022299e,NO INJURY / DRIVE AWAY,"$501 - $1,500",2025-09-20T11:25:00.000,UNKNOWN,SIDESWIPE SAME DIRECTION,,0,0,2,0,0,0,0,41.702649053,UNKNOWN,-87.5424165979,NO INDICATION OF INJURY,2,35,UNABLE TO DETERMINE,NOT ON SCENE (DESK REPORT),UNKNOWN,UNKNOWN,NOT APPLICABLE,,E,106TH ST,3335,UNKNOWN,UNKNOWN,UNKNOWN,,,,,,,2,2,"{""coordinates"": [-87.542416597903, 41.702649053001], ""type"": ""Point""}","[""UNKNOWN""]","[""AUDI"", ""CHEVROLET""]","[""UNKNOWN/NA""]","[""A6"", ""TRAIL BLAZER""]",[],"[""64""]","[""DEPLOYMENT UNKNOWN""]","[""UNKNOWN""]","[""NO INDICATION OF INJURY""]","[""O2154413"", ""O2154414""]"
STRAIGHT AND LEVEL,2512,2025-09-20T11:00:00.000,7,11,9,139cc9b3eaeca8ca75f535d61830eb2807fd93259869227f6bd718f1176accb604f9318771870c924fdc82fbf5920d3a5f8b59d22e4cd6c9cbbd8aa2c6edc270,NO INJURY / DRIVE AWAY,$500 OR LESS,2025-09-20T12:00:00.000,NO CONTROLS,PARKED MOTOR VEHICLE,,0,0,3,0,0,0,0,41.9239022891,DAYLIGHT,-87.7779334965,NO INDICATION OF INJURY,2,30,IMPROPER BACKING,NOT ON SCENE (DESK REPORT),NO DEFECTS,DRY,NOT APPLICABLE,,W,FULLERTON AVE,6054,NO CONTROLS,NOT DIVIDED,CLEAR,,,,,,,2,3,"{""coordinates"": [-87.77793349649, 41.923902289129], ""type"": ""Point""}","[""REAR"", ""SIDE-LEFT""]","[""TOYOTA""]","[""BACKING"", ""PARKED""]","[""SEQUOIA"", ""TUNDRA""]",[],"[""18"", ""39""]","[""NOT APPLICABLE""]","[""NONE""]","[""NO INDICATION OF INJURY""]","[""O2154433"", ""P475519"", ""P475520""]"
STRAIGHT AND LEVEL,1932,2025-09-20T11:00:00.000,7,11,9,50dffbb0dc075cf4aeab0cd8daa52cb6d8f3aac10d1cd835a68f24a0c1523b30e38d4a58baf9cec26bc46bf4ec4c08a22216c20949b8f0478fd428c8d217a62d,NO INJURY / DRIVE AWAY,"$501 - $1,500",2025-09-23T17:00:00.000,NO CONTROLS,PARKED MOTOR VEHICLE,,0,0,3,0,0,0,0,41.9253028981,DAYLIGHT,-87.6650847859,NO INDICATION OF INJURY,2,30,IMPROPER BACKING,NOT ON SCENE (DESK REPORT),NO DEFECTS,DRY,UNABLE TO DETERMINE,,W,FULLERTON AVE,1444,NO CONTROLS,NOT DIVIDED,CLEAR,,,,,,,2,3,"{""coordinates"": [-87.665084785943, 41.92530289811], ""type"": ""Point""}","[""FRONT"", ""REAR""]","[""HONDA"", ""VOLVO""]","[""BACKING"", ""PARKED""]","[""CR-V"", ""S60""]",[],"[""13"", ""42"", ""53""]","[""NOT APPLICABLE""]","[""NONE""]","[""NO INDICATION OF INJURY""]","[""O2156581"", ""P475946"", ""P475947""]"
STRAIGHT AND LEVEL,233,2025-09-20T11:15:00.000,7,11,9,5853a69189caaa9f38a1cf37df760748737f56e80b6057763e11e30f10601f64fe1cd34b635778e6b5d04a55470f580b481ac3ffcb68c69aad60d754bd171d1d,INJURY AND / OR TOW DUE TO CRASH,"OVER $1,500",2025-09-21T11:20:00.000,NO CONTROLS,SIDESWIPE SAME DIRECTION,,0,0,3,0,0,0,0,41.7919261565,DAYLIGHT,-87.6063131686,NO INDICATION OF INJURY,2,30,FAILING TO YIELD RIGHT-OF-WAY,ON SCENE,NO DEFECTS,DRY,UNABLE TO DETERMINE,,S,COTTAGE GROVE AVE,5640,NO CONTROLS,DIVIDED - W/MEDIAN (NOT RAISED),CLEAR,,,,,,,2,3,"{""coordinates"": [-87.606313168633, 41.791926156501], ""type"": ""Point""}","[""FRONT-LEFT-CORNER"", ""SIDE-RIGHT-FRONT""]","[""HONDA"", ""KIA""]","[""ENTERING TRAFFIC LANE FROM PARKING"", ""STRAIGHT AHEAD""]","[""OTHER (EXPLAIN IN NARRATIVE)""]","[""Y""]","[""31"", ""51""]","[""DID NOT DEPLOY""]","[""NONE""]","[""NO INDICATION OF INJURY""]","[""O2155088"", ""O2155089"", ""P475638""]"
STRAIGHT AND LEVEL,1113,2025-09-20T11:15:00.000,7,11,9,92910e3f5fd20d159d203a1a03affb28d55026d449ece2b71a80041535ee5dd0b58e387a2a79c290f85cf2082e975ec6296fe771b3346af466a66a18e7227a84,NO INJURY / DRIVE AWAY,"OVER $1,500",2025-09-20T15:35:00.000,NO CONTROLS,PARKED MOTOR VEHICLE,Y,0,0,1,0,0,0,0,41.8770536197,UNKNOWN,-87.7372216966,NO INDICATION OF INJURY,2,30,UNABLE TO DETERMINE,NOT ON SCENE (DESK REPORT),UNKNOWN,UNKNOWN,UNABLE TO DETERMINE,,W,JACKSON BLVD,4446,NO CONTROLS,NOT DIVIDED,UNKNOWN,,,,,,,2,1,"{""coordinates"": [-87.737221696645, 41.87705361973], ""type"": ""Point""}","[""FRONT-LEFT-CORNER"", ""UNKNOWN""]","[""INFINITI"", ""UNKNOWN""]","[""PARKED"", ""UNKNOWN/NA""]","[""MOTORIZED"", ""QX60""]",[],[],"[""DEPLOYMENT UNKNOWN""]","[""NONE""]","[""NO INDICATION OF INJURY""]","[""O2154553""]"
STRAIGHT AND LEVEL,811,2025-09-20T11:30:00.000,7,11,9,94fd60070322e857aa5881365f1c2bbc7f18d91b25b0a4f4f8945449c1bab555db71d0c4f727e6d13e25258d02fef699151d93d77122f26d567348fdf2e7728c,NO INJURY / DRIVE AWAY,"OVER $1,500",2025-09-20T16:50:00.000,NO CONTROLS,PARKED MOTOR VEHICLE,Y,0,0,1,0,0,0,0,41.7919321154,UNKNOWN,-87.7779896159,NO INDICATION OF INJURY,2,30,"OPERATING VEHICLE IN ERRATIC, RECKLESS, CARELESS, NEGLIGENT OR AGGRESSIVE MANNER",NOT ON SCENE (DESK REPORT),NO DEFECTS,UNKNOWN,NOT APPLICABLE,,S,MERRIMAC AVE,5515,NO CONTROLS,ONE-WAY,CLEAR,Y,,,,,,2,1,"{""coordinates"": [-87.777989615919, 41.791932115428], ""type"": ""Point""}","[""SIDE-RIGHT"", ""UNKNOWN""]","[""ACURA"", ""UNKNOWN""]","[""PARKED"", ""UNKNOWN/NA""]","[""MOTORIZED"", ""RLX""]",[],[],"[""DEPLOYMENT UNKNOWN""]","[""NONE""]","[""NO INDICATION OF INJURY""]","[""O2154605""]"
STRAIGHT AND LEVEL,333,2025-09-20T11:40:00.000,7,11,9,ec4a8e4a50acf44a10e1ab55b37c29ac24f8b923c8b583ef6a210317eb9809bc610484bb5169ab03481b380f9e4af21dd746e32d7523bf7e82f1fa961e715db2,NO INJURY / DRIVE AWAY,"$501 - $1,500",2025-09-20T13:59:00.000,NO CONTROLS,REAR END,,0,0,2,0,0,0,0,41.7660355727,DAYLIGHT,-87.5715156531,NO INDICATION OF INJURY,2,30,UNABLE TO DETERMINE,NOT ON SCENE (DESK REPORT),NO DEFECTS,DRY,UNABLE TO DETERMINE,,S,PAXTON AVE,7100,NO CONTROLS,DIVIDED - W/MEDIAN BARRIER,CLEAR,,,,,,,2,2,"{""coordinates"": [-87.571515653135, 41.766035572702], ""type"": ""Point""}","[""FRONT"", ""REAR""]","[""HONDA"", ""JEEP""]","[""STRAIGHT AHEAD""]","[""COMPASS"", ""FIT""]",[],"[""24"", ""26""]","[""DEPLOYMENT UNKNOWN"", ""DID NOT DEPLOY""]","[""NONE""]","[""NO INDICATION OF INJURY""]","[""O2154484"", ""O2154485""]"
STRAIGHT AND LEVEL,2213,2025-09-20T11:42:00.000,7,11,9,f4247f411247b49947ede44ac15040bfd33bc0cc9c86f8f79acbc8d792ce7a451eba495c2e9314f4d2665f92c5c2acdcaf8e5f3eea974f6f22cd166301f3c6bb,NO INJURY / DRIVE AWAY,"OVER $1,500",2025-09-20T13:35:00.000,UNKNOWN,SIDESWIPE OPPOSITE DIRECTION,Y,0,0,3,0,0,0,0,41.7064862488,UNKNOWN,-87.6813103437,NO INDICATION OF INJURY,2,30,UNABLE TO DETERMINE,NOT ON SCENE (DESK REPORT),UNKNOWN,UNKNOWN,NOT APPLICABLE,,W,103RD ST,2352,UNKNOWN,DIVIDED - W/MEDIAN BARRIER,UNKNOWN,,,,,,,2,3,"{""coordinates"": [-87.681310343655, 41.706486248838], ""type"": ""Point""}","[""FRONT-LEFT-CORNER"", ""UNKNOWN""]","[""CHEVROLET"", ""CHRYSLER""]","[""SLOW/STOP IN TRAFFIC"", ""UNKNOWN/NA""]","[""200"", ""TRAX""]",[],"[""42""]","[""DEPLOYMENT UNKNOWN""]","[""UNKNOWN""]","[""NO INDICATION OF INJURY""]","[""O2154472"", ""O2154473"", ""P475523""]"
STRAIGHT AND LEVEL,323,2025-09-20T11:50:00.000,7,11,9,0377f8054b310c58d56e1350b23f6d1df0b6d245685278466172804171c6c4441b83dd7740788adfdcbdfc11cc78a95bd5342bfd4105c3defc7cbad9cbee7f90,INJURY AND / OR TOW DUE TO CRASH,"OVER $1,500",2025-09-20T12:30:00.000,UNKNOWN,PEDESTRIAN,Y,0,0,1,0,1,1,0,41.7621362769,DAYLIGHT,-87.6056334905,"REPORTED, NOT EVIDENT",2,30,UNABLE TO DETERMINE,ON SCENE,NO DEFECTS,DRY,UNABLE TO DETERMINE,,S,COTTAGE GROVE AVE,7300,TRAFFIC SIGNAL,FOUR WAY,CLEAR,,,,,,,2,2,"{""coordinates"": [-87.605633490465, 41.762136276864], ""type"": ""Point""}","[""UNKNOWN""]","[""UNKNOWN""]","[""UNKNOWN/NA""]","[""MOTORIZED""]",[],"[""35""]","[""DEPLOYMENT UNKNOWN""]","[""UNKNOWN""]","[""NO INDICATION OF INJURY"", ""REPORTED, NOT EVIDENT""]","[""O2154460"", ""O2154461""]"
STRAIGHT AND LEVEL,2012,2025-09-20T11:50:00.000,7,11,9,99d4a1210e20a550f8a596816bb2168856adc11460a84d920dd13f914c123720c7512415500ea4cb3002aab570c63d6c39fdd5a46e8f58414879953b130c1aad,NO INJURY / DRIVE AWAY,$500 OR LESS,2025-09-20T11:50:00.000,NO CONTROLS,REAR END,N,0,0,2,0,0,0,0,41.9901302642,DAYLIGHT,-87.670592054,NO INDICATION OF INJURY,2,30,DRIVING SKILLS/KNOWLEDGE/EXPERIENCE,NOT ON SCENE (DESK REPORT),UNKNOWN,UNKNOWN,UNABLE TO DETERMINE,,N,RIDGE AVE,5961,NO CONTROLS,NOT DIVIDED,CLEAR,,,,,,,2,2,"{""coordinates"": [-87.670592053975, 41.990130264225], ""type"": ""Point""}","[""FRONT"", ""REAR""]","[""TOYOTA"", ""VOLKSWAGEN""]","[""SLOW/STOP IN TRAFFIC"", ""STRAIGHT AHEAD""]","[""JETTA"", ""RAV4""]",[],"[""26"", ""38""]","[""NOT APPLICABLE""]","[""NONE""]","[""NO INDICATION OF INJURY""]","[""O2154420"", ""O2154421""]"
STRAIGHT AND LEVEL,132,2025-09-20T11:57:00.000,7,11,9,1c7cfb4da62e75722711878a0e60ae601ed6fa2d62cb0ee0f97edfc80f5df7ed7209fc011c895173a0ba6e45a5536977ad5257de78a0ed13e61b5e272e73bb51,NO INJURY / DRIVE AWAY,$500 OR LESS,2025-09-20T13:15:00.000,UNKNOWN,SIDESWIPE SAME DIRECTION,,0,0,2,0,0,0,0,41.8640356398,DAYLIGHT,-87.6192970692,NO INDICATION OF INJURY,2,30,UNABLE TO DETERMINE,,UNKNOWN,UNKNOWN,UNABLE TO DETERMINE,,S,LAKE SHORE DR SB,1400,UNKNOWN,PARKING LOT,CLEAR,,,,,,,2,2,"{""coordinates"": [-87.619297069192, 41.864035639814], ""type"": ""Point""}","[""FRONT-LEFT-CORNER"", ""SIDE-RIGHT-REAR""]","[""CHEVROLET"", ""HONDA""]","[""MERGING"", ""STRAIGHT AHEAD""]","[""BLAZER"", ""CIVIC""]",[],"[""30"", ""47""]","[""NOT APPLICABLE""]","[""NONE""]","[""NO INDICATION OF INJURY""]","[""O2156203"", ""O2156204""]"
STRAIGHT AND LEVEL,333,2025-09-20T11:58:00.000,7,11,9,60aa4d5bfe2f7528314761dca5f38c7a3131d41f21ad8949c54f4be6112d6e11eeefd17239784cda85895aae11e19b307cfc46805034b071a8ca8da5b8896bf5,NO INJURY / DRIVE AWAY,"OVER $1,500",2025-09-20T11:58:00.000,NO CONTROLS,PARKED MOTOR VEHICLE,,0,0,2,0,0,0,0,41.7624042739,DAYLIGHT,-87.5762803616,NO INDICATION OF INJURY,2,30,FAILING TO REDUCE SPEED TO AVOID CRASH,ON SCENE,NO DEFECTS,DRY,DRIVING SKILLS/KNOWLEDGE/EXPERIENCE,,E,73RD ST,1977,NO CONTROLS,NOT DIVIDED,CLEAR,,,,,,,2,2,"{""coordinates"": [-87.576280361623, 41.762404273918], ""type"": ""Point""}","[""FRONT"", ""SIDE-LEFT""]","[""CHEVROLET""]","[""PARKED"", ""STRAIGHT AHEAD""]","[""EQUINOX"", ""OTHER (EXPLAIN IN NARRATIVE)""]",[],"[""40"", ""58""]","[""NOT APPLICABLE""]","[""NONE""]","[""NO INDICATION OF INJURY""]","[""O2154448"", ""P475524""]"
STRAIGHT AND LEVEL,2432,2025-09-20T12:00:00.000,7,12,9,05abb7bffb0c366c164743fe1c28144c0ecb1c10050c9d746290853f6d67335597c5092acb38c0b34cc60e7f8b44e3bea1da3eef4c6040811dc8c2f6dcbc8a13,NO INJURY / DRIVE AWAY,"$501 - $1,500",2025-09-22T17:12:00.000,NO CONTROLS,PARKED MOTOR VEHICLE,Y,0,0,1,0,0,0,0,42.003604391,UNKNOWN,-87.6642347538,NO INDICATION OF INJURY,2,10,UNABLE TO DETERMINE,NOT ON SCENE (DESK REPORT),NO DEFECTS,DRY,NOT APPLICABLE,,W,NORTH SHORE AVE,1314,NO CONTROLS,PARKING LOT,UNKNOWN,Y,,,,,Y,2,1,"{""coordinates"": [-87.664234753812, 42.003604390999], ""type"": ""Point""}","[""FRONT-LEFT-CORNER"", ""SIDE-LEFT""]","[""AUDI"", ""UNKNOWN""]","[""PARKED"", ""UNKNOWN/NA""]","[""OTHER (EXPLAIN IN NARRATIVE)"", ""S5""]",[],[],"[""DEPLOYMENT UNKNOWN""]","[""NONE""]","[""NO INDICATION OF INJURY""]","[""O2155880""]"
STRAIGHT AND LEVEL,1934,2025-09-20T12:00:00.000,7,12,9,799d5026e18088b6291b55e39bb3d83aa937fc69c779aa04ed295d285c7ecafb54868c8dc0be53fbf3e5068342d8dd46c3c9b8e50b5f4b572c2cc9df82632bfc,NO INJURY / DRIVE AWAY,"OVER $1,500",2025-09-20T15:45:00.000,NO CONTROLS,PARKED MOTOR VEHICLE,,0,0,1,0,0,0,0,41.9386529995,DAYLIGHT,-87.6442051391,NO INDICATION OF INJURY,2,30,UNABLE TO DETERMINE,NOT ON SCENE (DESK REPORT),NO DEFECTS,DRY,UNABLE TO DETERMINE,,N,BROADWAY,3131,NO CONTROLS,NOT DIVIDED,CLEAR,,,,,,,2,1,"{""coordinates"": [-87.644205139066, 41.938652999479], ""type"": ""Point""}","[""SIDE-LEFT-REAR"", ""UNKNOWN""]","[""MAZDA"", ""SUBARU""]","[""PARKED"", ""UNKNOWN/NA""]","[""CROSSTREK"", ""OTHER (EXPLAIN IN NARRATIVE)""]",[],"[""23""]","[""DID NOT DEPLOY""]","[""NONE""]","[""NO INDICATION OF INJURY""]","[""O2154567""]"
STRAIGHT AND LEVEL,2232,2025-09-20T12:02:00.000,7,12,9,844571f8e04fbfb338b180d5463860118fb7289507bae702cd1586cbbc85609e45965ca161b7cbd7747bbf26507e24d1b077cdf16213c07f20b85f2a8f16f422,NO INJURY / DRIVE AWAY,"$501 - $1,500",2025-09-20T12:05:00.000,NO CONTROLS,ANGLE,,0,0,4,0,0,0,0,41.7088260376,DAYLIGHT,-87.643029096,NO INDICATION OF INJURY,2,30,DRIVING SKILLS/KNOWLEDGE/EXPERIENCE,ON SCENE,NO DEFECTS,DRY,DRIVING SKILLS/KNOWLEDGE/EXPERIENCE,,S,HALSTED ST,10194,NO CONTROLS,DIVIDED - W/MEDIAN BARRIER,CLOUDY/OVERCAST,,,,,,,2,4,"{""coordinates"": [-87.643029095994, 41.708826037572], ""type"": ""Point""}","[""FRONT-RIGHT-CORNER"", ""REAR-LEFT-CORNER""]","[""DODGE"", ""JEEP""]","[""AVOIDING VEHICLES/OBJECTS"", ""LEAVING TRAFFIC LANE TO PARK""]","[""COMPASS"", ""RAM 1500 PU""]",[],"[""1"", ""23"", ""24"", ""72""]","[""NOT APPLICABLE""]","[""NONE""]","[""NO INDICATION OF INJURY""]","[""O2154437"", ""O2154438"", ""P475521"", ""P475522""]"
STRAIGHT AND LEVEL,2024,2025-09-20T12:10:00.000,7,12,9,0cc2fb675dbbe6cc427ebb25e180701c54dd1173d0fd3a819ce54db6c287a9593382324bd13f27e391955ab889b6b92d4da87cde5a974a5b1328643ab5f3030b,INJURY AND / OR TOW DUE TO CRASH,$500 OR LESS,2025-09-20T12:16:00.000,NO CONTROLS,PEDESTRIAN,,0,0,1,1,0,1,0,41.9768524775,DAYLIGHT,-87.6486302266,NONINCAPACITATING INJURY,2,30,NOT APPLICABLE,ON SCENE,NO DEFECTS,DRY,NOT APPLICABLE,,N,SIMONDS DR,5131,NO CONTROLS,DIVIDED - W/MEDIAN (NOT RAISED),CLEAR,,,,,,,2,2,"{""coordinates"": [-87.648630226555, 41.976852477472], ""type"": ""Point""}","[""FRONT-RIGHT-CORNER""]","[""ACURA""]","[""STRAIGHT AHEAD""]","[""ADX""]",[],"[""3"", ""43""]","[""NOT APPLICABLE""]","[""NONE""]","[""NO INDICATION OF INJURY"", ""NONINCAPACITATING INJURY""]","[""O2154945"", ""O2154946""]"
STRAIGHT AND LEVEL,1834,2025-09-20T12:15:00.000,7,12,9,923ca0100c8ab94d5527f05a9d3a0fc0d7d897283bb81d45c6d97b300f1a4652e00a6cbf15cdbac0972643c5672423e65aa6bcc755d43f69be5b077430b4ef4e,NO INJURY / DRIVE AWAY,$500 OR LESS,2025-09-22T12:00:00.000,NO CONTROLS,SIDESWIPE SAME DIRECTION,Y,0,0,2,0,0,0,0,41.895296419,DAYLIGHT,-87.6154605904,NO INDICATION OF INJURY,2,30,IMPROPER LANE USAGE,NOT ON SCENE (DESK REPORT),NO DEFECTS,DRY,NOT APPLICABLE,,N,LAKE SHORE DR NB,705,NO CONTROLS,DIVIDED - W/MEDIAN BARRIER,CLEAR,,,,,,,2,2,"{""coordinates"": [-87.615460590353, 41.895296419008], ""type"": ""Point""}","[""SIDE-LEFT"", ""SIDE-RIGHT""]","[""KIA"", ""MITSUBISHI""]","[""STRAIGHT AHEAD""]","[""FORTE"", ""OTHER (EXPLAIN IN NARRATIVE)""]",[],"[""54""]","[""DEPLOYMENT UNKNOWN"", ""NOT APPLICABLE""]","[""NONE""]","[""NO INDICATION OF INJURY""]","[""O2156157"", ""O2156158""]"