alignment,beat_of_occurrence,crash_date,crash_day_of_week,crash_hour,crash_month,crash_record_id,crash_type,damage,date_police_notified,device_condition,first_crash_type,hit_and_run_i,injuries_fatal,injuries_incapacitating,injuries_no_indication,injuries_non_incapacitating,injuries_reported_not_evident,injuries_total,injuries_unknown,latitude,lighting_condition,longitude,most_severe_injury,num_units,posted_speed_limit,prim_contributory_cause,report_type,road_defect,roadway_surface_cond,sec_contributory_cause,statements_taken_i,street_direction,street_name,street_no,traffic_control_device,trafficway_type,weather_condition,crash_date_est_i,intersection_related_i,photos_taken_i,work_zone_i,dooring_i,private_property_i,veh_count,ppl_count,location_json,veh_first_contact_point_list_json,veh_make_list_json,veh_maneuver_list_json,veh_model_list_json,veh_towed_i_list_json,ppl_age_list_json,ppl_airbag_deployed_list_json,ppl_ejection_list_json,ppl_injury_classification_list_json,ppl_person_id_list_json
STRAIGHT AND LEVEL,324,2025-09-20T12:17:00.000,7,12,9,4e9b954cf29efc1899884233ef7e6e0ebc7129175360275d4604358867b6b84e0ee2f410b4da6adf178db1262f8a6a163a8497c3b97ee080ca802f9bac480fa7,NO INJURY / DRIVE AWAY,"OVER $1,500",2025-09-20T13:10:00.000,FUNCTIONING PROPERLY,SIDESWIPE SAME DIRECTION,,0,0,2,0,0,0,0,41.7588777413,DAYLIGHT,-87.5856824409,NO INDICATION OF INJURY,2,30,DRIVING SKILLS/KNOWLEDGE/EXPERIENCE,NOT ON SCENE (DESK REPORT),NO DEFECTS,DRY,NOT APPLICABLE,,E,75TH ST,1600,TRAFFIC SIGNAL,FOUR WAY,CLEAR,,Y,,,,,2,2,"{""coordinates"": [-87.585682440932, 41.758877741252], ""type"": ""Point""}","[""FRONT-LEFT-CORNER"", ""SIDE-RIGHT""]","[""LEXUS"", ""MITSUBISHI""]","[""CHANGING LANES"", ""STRAIGHT AHEAD""]","[""ES350"", ""OTHER (EXPLAIN IN NARRATIVE)""]",[],"[""24"", ""59""]","[""DID NOT DEPLOY""]","[""NONE""]","[""NO INDICATION OF INJURY""]","[""O2154456"", ""O2154457""]"
"CURVE, LEVEL",2433,2025-09-20T12:18:00.000,7,12,9,4ca58b984156f65a9ca878b1cc4a419bcc46ba90509dc534eacf331983cfdaa8947b6f63d075b2fef23cfa1249d782dd66cd875bc7087e0ddc60e8a3f7f7fb2d,NO INJURY / DRIVE AWAY,"OVER $1,500",2025-09-20T12:45:00.000,NO CONTROLS,REAR END,Y,0,0,2,0,0,0,0,41.9981190787,DAYLIGHT,-87.6569628463,NO INDICATION OF INJURY,2,30,FOLLOWING TOO CLOSELY,NOT ON SCENE (DESK REPORT),NO DEFECTS,DRY,NOT APPLICABLE,,W,SHERIDAN RD,1031,NO CONTROLS,NOT DIVIDED,CLEAR,,,,,,,2,2,"{""coordinates"": [-87.656962846314, 41.998119078739], ""type"": ""Point""}","[""FRONT"", ""REAR""]","[""TOYOTA"", ""VOLKSWAGEN""]","[""SLOW/STOP IN TRAFFIC"", ""STRAIGHT AHEAD""]","[""CAMRY"", ""OTHER (EXPLAIN IN NARRATIVE)""]",[],"[""28""]","[""DEPLOYMENT UNKNOWN"", ""DID NOT DEPLOY""]","[""NONE""]","[""NO INDICATION OF INJURY""]","[""O2154444"", ""O2154445""]"
STRAIGHT AND LEVEL,232,2025-09-20T12:19:00.000,7,12,9,9a4e7c0a13895cdf5c691d0b0525d84fb3580754625571ba410bda707fa0fb8796c9c47fbac85dbdc361c21f0fd91ff64470ac852d44607fef4f5c26649daae7,NO INJURY / DRIVE AWAY,"OVER $1,500",2025-09-20T16:10:00.000,FUNCTIONING PROPERLY,PARKED MOTOR VEHICLE,,0,0,1,0,0,0,0,41.7893730412,"DARKNESS, LIGHTED ROAD",-87.6210472781,NO INDICATION OF INJURY,2,30,UNABLE TO DETERMINE,NOT ON SCENE (DESK REPORT),NO DEFECTS,UNKNOWN,NOT APPLICABLE,,E,58TH ST,128,STOP SIGN/FLASHER,NOT DIVIDED,CLEAR,,,,,,,2,1,"{""coordinates"": [-87.62104727814, 41.789373041164], ""type"": ""Point""}","[""SIDE-LEFT-FRONT"", ""UNKNOWN""]","[""DODGE"", ""UNKNOWN""]","[""PARKED"", ""UNKNOWN/NA""]","[""DURANGO"", ""OTHER (EXPLAIN IN NARRATIVE)""]",[],[],"[""DEPLOYMENT UNKNOWN""]","[""UNKNOWN""]","[""NO INDICATION OF INJURY""]","[""O2154590""]"
STRAIGHT AND LEVEL,823,2025-09-20T12:20:00.000,7,12,9,ee684ea64a0d49c0fde6322701751d5530a7084d252fa96bcec4d7a30a56a7108176e2ba4b32b7898c4840266aeb7ee427c19b529b237b1eb550597729798e0d,INJURY AND / OR TOW DUE TO CRASH,"OVER $1,500",2025-09-20T15:07:00.000,NO CONTROLS,PARKED MOTOR VEHICLE,,0,0,1,0,0,0,0,41.7778186063,DAYLIGHT,-87.6947237984,NO INDICATION OF INJURY,2,20,UNABLE TO DETERMINE,NOT ON SCENE (DESK REPORT),NO DEFECTS,DRY,UNABLE TO DETERMINE,,S,MOZART ST,6342,NO CONTROLS,ONE-WAY,CLEAR,,,,,,,2,1,"{""coordinates"": [-87.694723798419, 41.777818606273], ""type"": ""Point""}","[""FRONT-RIGHT-CORNER"", ""OTHER""]","[""CHEVROLET"", ""FORD""]","[""PARKED"", ""STRAIGHT AHEAD""]","[""COBALT"", ""ESCAPE""]","[""Y""]","[""54""]","[""DEPLOYMENT UNKNOWN""]","[""NONE""]","[""NO INDICATION OF INJURY""]","[""O2154655""]"
STRAIGHT AND LEVEL,2422,2025-09-20T12:35:00.000,7,12,9,2ac7fb161807f588b2103b8525d2cfe5b808e82a62d23199f628503a934799152bfc2b3d70b8435e65c6d640b582c420d3916f36d53a07247068db16c0cd0c1b,NO INJURY / DRIVE AWAY,"OVER $1,500",2025-09-20T14:00:00.000,UNKNOWN,TURNING,,0,0,2,0,0,0,0,42.0193418587,UNKNOWN,-87.6662171736,NO INDICATION OF INJURY,2,30,FAILING TO YIELD RIGHT-OF-WAY,NOT ON SCENE (DESK REPORT),UNKNOWN,UNKNOWN,UNABLE TO DETERMINE,,N,SHERIDAN RD,7602,TRAFFIC SIGNAL,DIVIDED - W/MEDIAN (NOT RAISED),UNKNOWN,,Y,,,,,2,2,"{""coordinates"": [-87.666217173601, 42.019341858688], ""type"": ""Point""}","[""FRONT"", ""FRONT-RIGHT-CORNER""]","[""HONDA"", ""TESLA""]","[""STRAIGHT AHEAD"", ""TURNING LEFT""]","[""INSIGHT"", ""MODEL Y""]",[],"[""33"", ""34""]","[""DID NOT DEPLOY""]","[""NONE""]","[""NO INDICATION OF INJURY""]","[""O2154508"", ""O2154509""]"
STRAIGHT AND LEVEL,2511,2025-09-20T12:45:00.000,7,12,9,5791cd4805b5daa8915382019b8e316b3e5f3155c0d69440999fd343b43fc5f7656ed6f0ca411f59a1b09aa4b6669bb595ee307bd9ffe316dc41d7da173a8a8d,NO INJURY / DRIVE AWAY,"OVER $1,500",2025-09-20T14:10:00.000,NO CONTROLS,REAR TO SIDE,,0,0,2,0,0,0,0,41.937916217,DAYLIGHT,-87.8047736076,NO INDICATION OF INJURY,2,15,IMPROPER BACKING,NOT ON SCENE (DESK REPORT),NO DEFECTS,DRY,UNABLE TO DETERMINE,,W,BELMONT AVE,7117,NO CONTROLS,PARKING LOT,CLEAR,,,,,,,2,2,"{""coordinates"": [-87.804773607633, 41.937916217015], ""type"": ""Point""}","[""FRONT-RIGHT-CORNER"", ""REAR""]","[""KIA"", ""UNKNOWN""]","[""BACKING"", ""UNKNOWN/NA""]","[""OTHER (EXPLAIN IN NARRATIVE)"", ""SORENTO""]",[],"[""53""]","[""DEPLOYMENT UNKNOWN"", ""NOT APPLICABLE""]","[""NONE""]","[""NO INDICATION OF INJURY""]","[""O2154490"", ""O2154491""]"
STRAIGHT AND LEVEL,1832,2025-09-20T12:50:00.000,7,12,9,17b7fad9b6914d443a271271f79c45fd2f5edcc455d349e3a4bde6e2d2a0533e6d365a7b4d44cef71a9fb04726f7f23e60fa4685c0cad8f384ab5c90b3d78996,INJURY AND / OR TOW DUE TO CRASH,$500 OR LESS,2025-09-20T12:54:00.000,FUNCTIONING PROPERLY,PEDESTRIAN,,0,0,1,1,0,1,0,41.8931710772,DAYLIGHT,-87.6324898726,NONINCAPACITATING INJURY,2,35,FAILING TO YIELD RIGHT-OF-WAY,ON SCENE,NO DEFECTS,WET,FAILING TO YIELD RIGHT-OF-WAY,,N,LA SALLE DR,625,TRAFFIC SIGNAL,FOUR WAY,RAIN,,,,,,,2,2,"{""coordinates"": [-87.632489872566, 41.893171077236], ""type"": ""Point""}","[""SIDE-LEFT-FRONT""]","[""PONTIAC""]","[""TURNING LEFT""]","[""VIBE""]",[],"[""44"", ""54""]","[""NOT APPLICABLE""]","[""NONE""]","[""NO INDICATION OF INJURY"", ""NONINCAPACITATING INJURY""]","[""O2154476"", ""O2154477""]"
STRAIGHT AND LEVEL,1424,2025-09-20T12:58:00.000,7,12,9,bd7aebac44866123ceb72990bad5cfb49fea287c15431753025874042e2e324a83158f9a6ed214fbc9559f8981569aa6d89c3aec39d3ec93432d433d8097f8e6,NO INJURY / DRIVE AWAY,"OVER $1,500",2025-09-22T08:00:00.000,NO CONTROLS,PARKED MOTOR VEHICLE,Y,0,0,1,0,0,0,0,41.9103810872,DAYLIGHT,-87.6771761709,NO INDICATION OF INJURY,2,30,UNABLE TO DETERMINE,NOT ON SCENE (DESK REPORT),NO DEFECTS,DRY,NOT APPLICABLE,,W,NORTH AVE,1951,UNKNOWN,NOT DIVIDED,CLEAR,,,,,,,2,1,"{""coordinates"": [-87.677176170932, 41.910381087226], ""type"": ""Point""}","[""SIDE-LEFT"", ""SIDE-RIGHT""]","[""FORD"", ""JEEP""]","[""PARKED"", ""STRAIGHT AHEAD""]","[""OTHER (EXPLAIN IN NARRATIVE)"", ""WRANGLER""]",[],[],"[""DEPLOYMENT UNKNOWN""]","[""NONE""]","[""NO INDICATION OF INJURY""]","[""O2155507""]"
STRAIGHT AND LEVEL,821,2025-09-20T13:00:00.000,7,13,9,1f25a68a3b64104ab786fd71d65f6376273e4b8ce565d0f1de00f88cf3e5d38e80e33e7ff69b1e12c475d2cb5d2a630298782e6668b9bab88e83a22bdc088bf9,NO INJURY / DRIVE AWAY,"OVER $1,500",2025-09-20T13:10:00.000,NO CONTROLS,TURNING,,0,0,2,0,0,0,0,41.8207411733,DAYLIGHT,-87.7046155539,NO INDICATION OF INJURY,2,30,UNABLE TO DETERMINE,ON SCENE,UNKNOWN,WET,UNABLE TO DETERMINE,,S,KEDZIE AVE,4000,NO CONTROLS,NOT DIVIDED,RAIN,,,,,,,2,2,"{""coordinates"": [-87.704615553947, 41.820741173314], ""type"": ""Point""}","[""SIDE-LEFT"", ""SIDE-RIGHT""]","[""ACURA"", ""FORD""]","[""STRAIGHT AHEAD"", ""U-TURN""]","[""F350"", ""TLX""]",[],"[""44"", ""70""]","[""DID NOT DEPLOY""]","[""NONE""]","[""NO INDICATION OF INJURY""]","[""O2154488"", ""O2154489""]"
STRAIGHT AND LEVEL,1711,2025-09-20T13:00:00.000,7,13,9,2007ffea1bb6731bb0a25071ae4e7bb261550330ed2f6d1f88f6b8c779bf4f6543a84e8f1826520284207851c2d1e1f273fa1d44974dba4dd9a4ef95d72bcad7,NO INJURY / DRIVE AWAY,"OVER $1,500",2025-09-20T13:30:00.000,FUNCTIONING PROPERLY,SIDESWIPE SAME DIRECTION,,0,0,2,0,0,0,0,41.9883139184,DAYLIGHT,-87.7284283782,NO INDICATION OF INJURY,2,30,IMPROPER OVERTAKING/PASSING,NOT ON SCENE (DESK REPORT),NO DEFECTS,DRY,UNABLE TO DETERMINE,,N,PULASKI RD,5893,TRAFFIC SIGNAL,DIVIDED - W/MEDIAN (NOT RAISED),CLEAR,,,,,,,2,2,"{""coordinates"": [-87.728428378203, 41.98831391839], ""type"": ""Point""}","[""SIDE-LEFT-FRONT"", ""SIDE-RIGHT""]","[""SUBARU"", ""TOYOTA""]","[""CHANGING LANES"", ""STRAIGHT AHEAD""]","[""CAMRY"", ""CROSSTREK""]",[],"[""43"", ""67""]","[""NOT APPLICABLE""]","[""NONE""]","[""NO INDICATION OF INJURY""]","[""O2154470"", ""O2154471""]"
STRAIGHT AND LEVEL,1522,2025-09-20T13:00:00.000,7,13,9,70b55f5582fd6acb15c96de2ed20bc2ab174d1df72adae6c639a6974c450691b3bffa4f9cc0faccded637b9ef23d528b5ed290d0118f4a6e7a3a61e9887c93cb,NO INJURY / DRIVE AWAY,"OVER $1,500",2025-09-20T13:57:00.000,NO CONTROLS,PARKED MOTOR VEHICLE,Y,0,0,1,0,0,0,0,41.8815714514,DAYLIGHT,-87.7600163206,NO INDICATION OF INJURY,2,30,NOT APPLICABLE,NOT ON SCENE (DESK REPORT),UNKNOWN,WET,UNABLE TO DETERMINE,,N,LONG AVE,41,NO CONTROLS,ONE-WAY,CLEAR,,,,,,,2,1,"{""coordinates"": [-87.760016320602, 41.881571451367], ""type"": ""Point""}","[""SIDE-RIGHT"", ""UNKNOWN""]","[""DODGE"", ""UNKNOWN""]","[""PARKED"", ""UNKNOWN/NA""]","[""JOURNEY"", ""MOTORIZED""]",[],[],"[""DEPLOYMENT UNKNOWN""]","[""UNKNOWN""]","[""NO INDICATION OF INJURY""]","[""O2154486""]"
STRAIGHT AND LEVEL,812,2025-09-20T13:02:00.000,7,13,9,5cb18b7d36e576e5bf95c0a6262f18492b38577df0ebb68f9c05b6650506306d04528bd2a3636d0cc69c0fd008eda8291dc363fe24b9a6a3cdc3cca5bb322be9,NO INJURY / DRIVE AWAY,"OVER $1,500",2025-09-20T13:06:00.000,NO CONTROLS,PARKED MOTOR VEHICLE,,0,0,1,0,0,0,0,41.7832046307,DAYLIGHT,-87.7866005595,NO INDICATION OF INJURY,2,25,DRIVING SKILLS/KNOWLEDGE/EXPERIENCE,ON SCENE,NO DEFECTS,WET,UNABLE TO DETERMINE,,W,60TH ST,6604,NO CONTROLS,FOUR WAY,RAIN,,Y,,,,,2,1,"{""coordinates"": [-87.786600559521, 41.783204630721], ""type"": ""Point""}","[""REAR-LEFT-CORNER"", ""SIDE-LEFT""]","[""FORD""]","[""PARKED"", ""TURNING RIGHT""]","[""EDGE"", ""F350""]",[],"[""26""]","[""DID NOT DEPLOY""]","[""NONE""]","[""NO INDICATION OF INJURY""]","[""O2154480""]"
STRAIGHT AND LEVEL,2535,2025-09-20T13:05:00.000,7,13,9,7f35034731e3832c88721eb16f8dc7278b4575770691c76b0794efa4892bd9885637f611de3eba1e57a158e5f801a6fa9093611f082e73cc2ab597fa99903b9b,NO INJURY / DRIVE AWAY,"OVER $1,500",2025-09-20T15:20:00.000,FUNCTIONING PROPERLY,REAR END,Y,0,0,2,0,0,0,0,41.9107144764,DAYLIGHT,-87.7262104228,NO INDICATION OF INJURY,2,30,UNABLE TO DETERMINE,NOT ON SCENE (DESK REPORT),NO DEFECTS,DRY,UNABLE TO DETERMINE,,N,PULASKI RD,1627,TRAFFIC SIGNAL,NOT DIVIDED,CLEAR,,,,,,,2,2,"{""coordinates"": [-87.726210422815, 41.910714476418], ""type"": ""Point""}","[""REAR"", ""UNKNOWN""]","[""KIA"", ""UNKNOWN""]","[""STRAIGHT AHEAD""]","[""OTHER (EXPLAIN IN NARRATIVE)"", ""SELTOS""]",[],"[""52""]","[""DEPLOYMENT UNKNOWN"", ""NOT APPLICABLE""]","[""NONE""]","[""NO INDICATION OF INJURY""]","[""O2154539"", ""O2154540""]"
STRAIGHT AND LEVEL,2533,2025-09-20T13:08:00.000,7,13,9,a96eba321607fd33890e8dbfcf3c54760b824c3104014431c81596e4b8fd6aaf7c868fe219694288bb4d3485702d82b106cba33334cb601a11a6321455536ddf,NO INJURY / DRIVE AWAY,"OVER $1,500",2025-09-20T13:12:00.000,NO CONTROLS,ANGLE,,0,0,2,0,0,0,0,41.909764527,DAYLIGHT,-87.7433762957,NO INDICATION OF INJURY,2,10,UNABLE TO DETERMINE,ON SCENE,NO DEFECTS,WET,NOT APPLICABLE,,W,NORTH AVE,4650,NO CONTROLS,PARKING LOT,RAIN,,,,,,Y,2,2,"{""coordinates"": [-87.743376295706, 41.909764527033], ""type"": ""Point""}","[""FRONT"", ""REAR""]","[""TOYOTA""]","[""BACKING"", ""STRAIGHT AHEAD""]","[""CAMRY"", ""HIGHLANDER""]",[],"[""32"", ""38""]","[""DEPLOYMENT UNKNOWN"", ""DID NOT DEPLOY""]","[""NONE""]","[""NO INDICATION OF INJURY""]","[""O2154464"", ""O2154465""]"
STRAIGHT AND LEVEL,2512,2025-09-20T13:10:00.000,7,13,9,5053354e31aafd5bee6b98db085a20fda2a60484bdc84d8cb9a68a84e3e5907f7e86cea575e0e344906e378c5a62ff02a95e1a6b09c3e7ed7ceb2b92a03fa440,NO INJURY / DRIVE AWAY,"OVER $1,500",2025-09-20T15:05:00.000,NO CONTROLS,TURNING,,0,0,2,0,0,0,0,41.9240211796,DAYLIGHT,-87.8056244063,NO INDICATION OF INJURY,2,25,UNABLE TO DETERMINE,NOT ON SCENE (DESK REPORT),UNKNOWN,UNKNOWN,NOT APPLICABLE,,W,GRAND AVE,7180,NO CONTROLS,NOT DIVIDED,UNKNOWN,,,,,,,2,2,"{""coordinates"": [-87.805624406301, 41.92402117963], ""type"": ""Point""}","[""FRONT-LEFT-CORNER"", ""FRONT-RIGHT-CORNER""]","[""CHEVROLET"", ""JEEP""]","[""STRAIGHT AHEAD"", ""TURNING LEFT""]","[""AVALANCHE"", ""COMPASS""]",[],"[""39"", ""52""]","[""DID NOT DEPLOY""]","[""NONE""]","[""NO INDICATION OF INJURY""]","[""O2154530"", ""O2154531""]"
STRAIGHT ON GRADE,822,2025-09-20T13:15:00.000,7,13,9,dbcba5b9cf9d455c6983511d8488efb44a7bf877de489a431d58fdbfa9de79eee782408957a3366937d2158fed60166cb42d0de0c03dd2bbecbabad65cbca5e2,NO INJURY / DRIVE AWAY,"$501 - $1,500",2025-09-20T15:25:00.000,FUNCTIONING PROPERLY,REAR END,,0,0,5,0,0,0,0,41.7933650389,DAYLIGHT,-87.7195464006,NO INDICATION OF INJURY,3,20,FOLLOWING TOO CLOSELY,NOT ON SCENE (DESK REPORT),NO DEFECTS,DRY,FOLLOWING TOO CLOSELY,,W,55TH ST,3832,STOP SIGN/FLASHER,NOT DIVIDED,CLEAR,,Y,,,,,3,5,"{""coordinates"": [-87.71954640064, 41.793365038864], ""type"": ""Point""}","[""FRONT"", ""REAR""]","[""DODGE"", ""FORD"", ""JEEP""]","[""STRAIGHT AHEAD""]","[""JOURNEY"", ""LIBERTY"", ""RANGER""]",[],"[""37"", ""45"", ""73""]","[""NOT APPLICABLE""]","[""NONE""]","[""NO INDICATION OF INJURY""]","[""O2154536"", ""O2154537"", ""O2154538"", ""P475529"", ""P475530""]"
STRAIGHT AND LEVEL,2515,2025-09-20T13:20:00.000,7,13,9,581eaefd44cd9333a6b3f62dc33d36921b86f3a8e2b5dce9bcb2b8a9c532c25f7f1da3e432d6b36aa59f1a30e2b04d516d0e778dc5d018c1e5453cd74876dd25,NO INJURY / DRIVE AWAY,"OVER $1,500",2025-09-20T13:46:00.000,NO CONTROLS,REAR END,,0,0,2,0,0,0,0,41.9174589501,DAYLIGHT,-87.7593698488,NO INDICATION OF INJURY,2,30,UNABLE TO DETERMINE,NOT ON SCENE (DESK REPORT),UNKNOWN,WET,UNABLE TO DETERMINE,,W,GRAND AVE,5321,NO CONTROLS,DIVIDED - W/MEDIAN (NOT RAISED),CLEAR,,,Y,,,,2,2,"{""coordinates"": [-87.759369848829, 41.917458950143], ""type"": ""Point""}","[""FRONT"", ""REAR""]","[""FORD"", ""VOLKSWAGEN""]","[""SLOW/STOP IN TRAFFIC"", ""STRAIGHT AHEAD""]","[""F650"", ""OTHER (EXPLAIN IN NARRATIVE)""]",[],"[""31"", ""35""]","[""DEPLOYMENT UNKNOWN"", ""DID NOT DEPLOY""]","[""NONE""]","[""NO INDICATION OF INJURY""]","[""O2154545"", ""O2154546""]"
STRAIGHT AND LEVEL,313,2025-09-20T13:22:00.000,7,13,9,f5e5e30c788d87a68c5f0a255e0dede78c581fceb848fc6fdd87853db01a88e37dd0fe27baef65218b459fc17eb2c410bec8ff5b9e871029fcc98797935ec888,NO INJURY / DRIVE AWAY,$500 OR LESS,2025-09-20T13:52:00.000,FUNCTIONING PROPERLY,REAR END,Y,0,0,3,0,0,0,0,41.7803545149,DAYLIGHT,-87.6153139027,NO INDICATION OF INJURY,2,30,UNABLE TO DETERMINE,ON SCENE,NO DEFECTS,DRY,UNABLE TO DETERMINE,,E,63RD ST,406,TRAFFIC SIGNAL,NOT DIVIDED,CLEAR,,,,,,,2,3,"{""coordinates"": [-87.615313902694, 41.780354514943], ""type"": ""Point""}","[""FRONT"", ""REAR""]","[""FORD"", ""TOYOTA""]","[""SLOW/STOP IN TRAFFIC"", ""STRAIGHT AHEAD""]","[""OTHER (EXPLAIN IN NARRATIVE)"", ""VAN""]",[],"[""29"", ""42""]","[""DEPLOYMENT UNKNOWN"", ""DID NOT DEPLOY""]","[""NONE""]","[""NO INDICATION OF INJURY""]","[""O2154498"", ""O2154499"", ""P475528""]"
STRAIGHT AND LEVEL,234,2025-09-20T13:30:00.000,7,13,9,0b59918669ca62dd030b95fe9a46f63ffea5b0f8a6c2300d3242a9d1c8abec49c229eab0f8bf543baeea1c853994e7290ab979cf536f402ac22ce819bbd96fe0,NO INJURY / DRIVE AWAY,"$501 - $1,500",2025-09-20T16:30:00.000,NO CONTROLS,PARKED MOTOR VEHICLE,,0,0,2,0,0,0,0,41.7953009591,DAYLIGHT,-87.5881970893,NO INDICATION OF INJURY,2,15,UNABLE TO DETERMINE,NOT ON SCENE (DESK REPORT),NO DEFECTS,DRY,UNABLE TO DETERMINE,,E,55TH ST,1528,NO CONTROLS,PARKING LOT,CLEAR,,,,,,Y,2,2,"{""coordinates"": [-87.588197089281, 41.795300959087], ""type"": ""Point""}","[""FRONT-LEFT-CORNER"", ""REAR-RIGHT-CORNER""]","[""FORD"", ""HYUNDAI""]","[""PARKED"", ""UNKNOWN/NA""]","[""ESCAPE"", ""SANTA FE""]",[],"[""57"", ""70""]","[""DID NOT DEPLOY""]","[""NONE""]","[""NO INDICATION OF INJURY""]","[""O2154607"", ""P475540""]"
STRAIGHT AND LEVEL,624,2025-09-20T13:40:00.000,7,13,9,0962a4d70f0a46913e0ec5399da1a36195095cdd78d2a851f6b70775a37089c5f4ad2205acb4539d3557d3271d13870d65596d232458f5c136ff52bfc2aedfd2,NO INJURY / DRIVE AWAY,"OVER $1,500",2025-09-20T13:40:00.000,NO CONTROLS,PARKED MOTOR VEHICLE,,0,0,1,0,0,0,0,41.7529626232,DAYLIGHT,-87.6050979142,NO INDICATION OF INJURY,5,30,IMPROPER BACKING,ON SCENE,NO DEFECTS,DRY,UNABLE TO DETERMINE,,S,COTTAGE GROVE AVE,7803,NO CONTROLS,PARKING LOT,CLEAR,,,,,,,5,1,"{""coordinates"": [-87.605097914173, 41.752962623233], ""type"": ""Point""}","[""REAR"", ""SIDE-LEFT"", ""SIDE-RIGHT""]","[""CHRYSLER"", ""DODGE"", ""JEEP"", ""MAZDA"", ""NISSAN""]","[""BACKING"", ""PARKED""]","[""CX-9"", ""DURANGO"", ""RENEGADE"", ""SENTRA"", ""VOYAGER""]",[],"[""30""]","[""NOT APPLICABLE""]","[""NONE""]","[""NO INDICATION OF INJURY""]","[""O2154500""]"
STRAIGHT AND LEVEL,2534,2025-09-20T13:40:00.000,7,13,9,88fa3cd804a4974dc3d1c7246be18afc792896a8a1e0e3fae66c68edec75e662d3f5d58cdfdebe272e3a62abe5a60b4063acb0f91e6821a52ebf08c6ca53a1a4,NO INJURY / DRIVE AWAY,"OVER $1,500",2025-09-20T15:30:00.000,FUNCTIONING PROPERLY,REAR END,Y,0,0,2,0,0,0,0,41.9099284207,DAYLIGHT,-87.7313179391,NO INDICATION OF INJURY,2,30,UNABLE TO DETERMINE,NOT ON SCENE (DESK REPORT),NO DEFECTS,DRY,UNABLE TO DETERMINE,,W,NORTH AVE,4200,TRAFFIC SIGNAL,DIVIDED - W/MEDIAN (NOT RAISED),CLOUDY/OVERCAST,,,,,,,2,2,"{""coordinates"": [-87.731317939089, 41.909928420721], ""type"": ""Point""}","[""FRONT"", ""REAR""]","[""HONDA"", ""UNKNOWN""]","[""SLOW/STOP IN TRAFFIC"", ""STRAIGHT AHEAD""]","[""CIVIC"", ""MOTORIZED""]",[],"[""82""]","[""DID NOT DEPLOY""]","[""NONE""]","[""NO INDICATION OF INJURY""]","[""O2154549"", ""O2154550""]"
STRAIGHT AND LEVEL,1031,2025-09-20T13:40:00.000,7,13,9,febd95a15e52f42da11018a8400a4681bb8b338751ef452a9b0399d10405bf142d0f92df8474c7d7d3250c9b3e231a38e1eae97a909b5eb145b96bd06acacecb,INJURY AND / OR TOW DUE TO CRASH,"OVER $1,500",2025-09-20T13:41:00.000,NO CONTROLS,REAR END,,0,1,2,0,1,2,0,41.8413918132,DAYLIGHT,-87.7343499697,INCAPACITATING INJURY,3,30,FOLLOWING TOO CLOSELY,ON SCENE,NO DEFECTS,DRY,DRIVING SKILLS/KNOWLEDGE/EXPERIENCE,,S,KOSTNER AVE,2728,NO CONTROLS,NOT DIVIDED,CLEAR,,,,,,,3,4,"{""coordinates"": [-87.734349969707, 41.8413918132], ""type"": ""Point""}","[""FRONT"", ""REAR"", ""SIDE-LEFT-REAR""]","[""AUDI"", ""NISSAN"", ""TOYOTA""]","[""STRAIGHT AHEAD""]","[""HIGHLANDER"", ""KICKS"", ""Q3""]","[""Y""]","[""29"", ""30"", ""41"", ""61""]","[""DEPLOYED, FRONT"", ""NOT APPLICABLE""]","[""NONE""]","[""INCAPACITATING INJURY"", ""NO INDICATION OF INJURY"", ""REPORTED, NOT EVIDENT""]","[""O2154634"", ""O2154635"", ""O2154636"", ""P475548""]"
STRAIGHT AND LEVEL,2532,2025-09-20T13:41:00.000,7,13,9,43d58143761eb55c78b04aaf2e09d69769bc4272fcbd5a15a99bf925ad1eee6795daeb4996b330418c30bb6091b2aa0b465fd61d265c1435aaabec28995db188,NO INJURY / DRIVE AWAY,"$501 - $1,500",2025-09-20T16:20:00.000,FUNCTIONING PROPERLY,ANGLE,Y,0,0,2,0,0,0,0,41.9022927347,DAYLIGHT,-87.7559219562,NO INDICATION OF INJURY,2,30,UNABLE TO DETERMINE,NOT ON SCENE (DESK REPORT),UNKNOWN,DRY,NOT APPLICABLE,,N,LARAMIE AVE,1200,TRAFFIC SIGNAL,FOUR WAY,CLOUDY/OVERCAST,,Y,,,,,2,2,"{""coordinates"": [-87.755921956201, 41.902292734662], ""type"": ""Point""}","[""FRONT"", ""SIDE-RIGHT""]","[""FORD"", ""HYUNDAI""]","[""STRAIGHT AHEAD""]","[""EDGE"", ""SONATA""]",[],"[""50""]","[""DEPLOYMENT UNKNOWN"", ""DID NOT DEPLOY""]","[""NONE""]","[""NO INDICATION OF INJURY""]","[""O2154579"", ""O2154580""]"