alignment,beat_of_occurrence,crash_date,crash_day_of_week,crash_hour,crash_month,crash_record_id,crash_type,damage,date_police_notified,device_condition,first_crash_type,hit_and_run_i,injuries_fatal,injuries_incapacitating,injuries_no_indication,injuries_non_incapacitating,injuries_reported_not_evident,injuries_total,injuries_unknown,latitude,lighting_condition,longitude,most_severe_injury,num_units,posted_speed_limit,prim_contributory_cause,report_type,road_defect,roadway_surface_cond,sec_contributory_cause,statements_taken_i,street_direction,street_name,street_no,traffic_control_device,trafficway_type,weather_condition,crash_date_est_i,intersection_related_i,photos_taken_i,work_zone_i,dooring_i,private_property_i,veh_count,ppl_count,location_json,veh_first_contact_point_list_json,veh_make_list_json,veh_maneuver_list_json,veh_model_list_json,veh_towed_i_list_json,ppl_age_list_json,ppl_airbag_deployed_list_json,ppl_ejection_list_json,ppl_injury_classification_list_json,ppl_person_id_list_json
STRAIGHT AND LEVEL,231,2025-09-20T16:49:00.000,7,16,9,133e9318d9aa597b87d09ad8767aedf6c80914b34b06a79eddcc45830df5828982aeb152f746a0f78e6fea5fb3947a9d2b82c30152afdf8fc40f1a2056544cb8,INJURY AND / OR TOW DUE TO CRASH,"OVER $1,500",2025-09-20T16:49:00.000,FUNCTIONING PROPERLY,PARKED MOTOR VEHICLE,Y,0,0,1,0,0,0,0,41.7966905861,DAYLIGHT,-87.6194479354,NO INDICATION OF INJURY,3,30,FAILING TO REDUCE SPEED TO AVOID CRASH,ON SCENE,NO DEFECTS,WET,UNABLE TO DETERMINE,,E,54TH ST,230,STOP SIGN/FLASHER,NOT DIVIDED,RAIN,,,,,,,3,1,"{""coordinates"": [-87.61944793543, 41.796690586129], ""type"": ""Point""}","[""FRONT-RIGHT-CORNER"", ""REAR"", ""REAR-LEFT-CORNER""]","[""FORD"", ""NISSAN""]","[""PARKED"", ""STRAIGHT AHEAD""]","[""ALTIMA"", ""ECONOLINE E450""]","[""Y""]",[],"[""DEPLOYMENT UNKNOWN""]","[""NONE""]","[""NO INDICATION OF INJURY""]","[""O2154676""]"
STRAIGHT AND LEVEL,114,2025-09-20T16:50:00.000,7,16,9,316f26a960ad6aa033227a0d790e11859002bdb73032031fb147e304d03ad71602c5b945e4a772f77fbc2a06844035853a744b6cf18968d936cda763ae4df508,NO INJURY / DRIVE AWAY,"$501 - $1,500",2025-09-20T17:50:00.000,NO CONTROLS,SIDESWIPE SAME DIRECTION,,0,0,3,0,0,0,0,41.8769861574,DAYLIGHT,-87.62078897,NO INDICATION OF INJURY,2,30,UNABLE TO DETERMINE,NOT ON SCENE (DESK REPORT),NO DEFECTS,DRY,UNABLE TO DETERMINE,,S,COLUMBUS DR,400,NO CONTROLS,NOT DIVIDED,CLEAR,,,,,,,2,3,"{""coordinates"": [-87.620788969992, 41.876986157351], ""type"": ""Point""}","[""FRONT-LEFT-CORNER"", ""UNKNOWN""]","[""JEEP"", ""TOYOTA""]","[""CHANGING LANES"", ""STRAIGHT AHEAD""]","[""GRAND CHEROKEE"", ""RAV4""]",[],"[""57""]","[""DEPLOYMENT UNKNOWN"", ""NOT APPLICABLE""]","[""NONE""]","[""NO INDICATION OF INJURY""]","[""O2154627"", ""O2154628"", ""P475545""]"
STRAIGHT AND LEVEL,2523,2025-09-20T16:50:00.000,7,16,9,527fc29b83b109eb3e032d3ef0051929788962832627880861d040c1f85a4306d893e08f33432103d2e5a762f76f684d6c0b02bbb50aabfc243b435a19f59c48,NO INJURY / DRIVE AWAY,$500 OR LESS,2025-09-21T20:15:00.000,NO CONTROLS,PARKED MOTOR VEHICLE,,0,0,1,0,0,0,0,41.9372794077,DAYLIGHT,-87.7297428859,NO INDICATION OF INJURY,2,30,IMPROPER BACKING,NOT ON SCENE (DESK REPORT),NO DEFECTS,DRY,UNABLE TO DETERMINE,,N,KARLOV AVE,3100,NO CONTROLS,UNKNOWN,CLEAR,,,,,,,2,1,"{""coordinates"": [-87.729742885898, 41.937279407704], ""type"": ""Point""}","[""FRONT"", ""NONE""]","[""AUDI"", ""DODGE""]","[""BACKING"", ""PARKED""]","[""A8"", ""OTHER (EXPLAIN IN NARRATIVE)""]",[],"[""49""]","[""NOT APPLICABLE""]","[""NONE""]","[""NO INDICATION OF INJURY""]","[""O2155344""]"
STRAIGHT AND LEVEL,924,2025-09-20T17:00:00.000,7,17,9,45e58d1537932747eca6830ab1df9f37b3989aea896d61050764e08df4b3f906c4a696d7b8dae423cd915ea85213c833058d1670f9b671a7726e132b1b2edd2c,INJURY AND / OR TOW DUE TO CRASH,"OVER $1,500",2025-09-20T23:07:00.000,NO CONTROLS,PARKED MOTOR VEHICLE,Y,0,0,1,0,0,0,0,41.8102754412,"DARKNESS, LIGHTED ROAD",-87.669058788,NO INDICATION OF INJURY,2,30,UNABLE TO DETERMINE,ON SCENE,NO DEFECTS,WET,UNABLE TO DETERMINE,,W,46TH ST,1741,SCHOOL ZONE,NOT DIVIDED,CLOUDY/OVERCAST,Y,,,,,,2,1,"{""coordinates"": [-87.669058787974, 41.810275441207], ""type"": ""Point""}","[""SIDE-LEFT-REAR"", ""UNKNOWN""]","[""FORD"", ""UNKNOWN""]","[""PARKED"", ""UNKNOWN/NA""]","[""EXPLORER"", ""OTHER (EXPLAIN IN NARRATIVE)""]","[""Y""]",[],"[""DEPLOYMENT UNKNOWN""]","[""UNKNOWN""]","[""NO INDICATION OF INJURY""]","[""O2154899""]"
STRAIGHT AND LEVEL,1831,2025-09-20T17:00:00.000,7,17,9,4fcf70fbc53497b26471301f65ecb5408feef7e5d8f742b564456ae86ad93951e0d5004b6f47ac502f13aa500dfefeb79988ba73199d43fe3385cb1231c34d6c,NO INJURY / DRIVE AWAY,"$501 - $1,500",2025-09-20T23:04:00.000,NO CONTROLS,PARKED MOTOR VEHICLE,Y,0,0,1,0,0,0,0,41.8892152218,"DARKNESS, LIGHTED ROAD",-87.6338644008,NO INDICATION OF INJURY,2,15,UNABLE TO DETERMINE,NOT ON SCENE (DESK REPORT),NO DEFECTS,DRY,NOT APPLICABLE,,N,WELLS ST,401,NO CONTROLS,PARKING LOT,CLEAR,,,,,,Y,2,1,"{""coordinates"": [-87.633864400819, 41.889215221757], ""type"": ""Point""}","[""FRONT"", ""FRONT-RIGHT-CORNER""]","[""CHEVROLET"", ""HONDA""]","[""PARKED"", ""STRAIGHT AHEAD""]","[""CR-V"", ""UPLANDER""]",[],[],"[""DID NOT DEPLOY""]","[""NONE""]","[""NO INDICATION OF INJURY""]","[""O2154798""]"
STRAIGHT AND LEVEL,433,2025-09-20T17:03:00.000,7,17,9,b055add36c2d110d8d03b963282ebd31df3e37eec595e14e3126811302c6a1af668d332309230cd726d14aa9462bf515adfb58b7070549e4222cb61663dcdc56,NO INJURY / DRIVE AWAY,"OVER $1,500",2025-09-21T03:25:00.000,NO CONTROLS,REAR TO FRONT,,0,0,2,0,0,0,0,41.6661129912,DAYLIGHT,-87.5590030803,NO INDICATION OF INJURY,2,30,NOT APPLICABLE,ON SCENE,NO DEFECTS,DRY,NOT APPLICABLE,,S,TORRENCE AVE,12600,NO CONTROLS,PARKING LOT,CLEAR,,,,,,,2,2,"{""coordinates"": [-87.559003080261, 41.666112991211], ""type"": ""Point""}","[""FRONT-LEFT-CORNER"", ""REAR""]","[""BMW"", ""LINCOLN""]","[""BACKING"", ""SLOW/STOP IN TRAFFIC""]","[""750"", ""NAVIGATOR""]",[],"[""62"", ""65""]","[""DID NOT DEPLOY""]","[""NONE""]","[""NO INDICATION OF INJURY""]","[""O2154892"", ""O2154893""]"
STRAIGHT AND LEVEL,1733,2025-09-20T17:07:00.000,7,17,9,4571a7595aae8cf4654ebe356c5f62347c5d3c32e33e386f48d9d5fbddd441010df454443409b455307e4f716140c3f327b1d923d946808844fe5c5c21a6d86e,INJURY AND / OR TOW DUE TO CRASH,"OVER $1,500",2025-09-20T17:47:00.000,UNKNOWN,TURNING,,0,0,2,0,0,0,0,41.9427431254,DAWN,-87.698069507,NO INDICATION OF INJURY,2,20,FAILING TO YIELD RIGHT-OF-WAY,ON SCENE,UNKNOWN,WET,FAILING TO YIELD RIGHT-OF-WAY,,N,CALIFORNIA AVE,3398,OTHER,FOUR WAY,RAIN,,Y,,,,,2,2,"{""coordinates"": [-87.698069507028, 41.942743125404], ""type"": ""Point""}","[""FRONT"", ""SIDE-RIGHT""]","[""NISSAN"", ""VOLVO""]","[""STRAIGHT AHEAD"", ""TURNING LEFT""]","[""ALTIMA"", ""XC60""]","[""Y""]","[""23"", ""33""]","[""DEPLOYED, SIDE"", ""NOT APPLICABLE""]","[""UNKNOWN""]","[""NO INDICATION OF INJURY""]","[""O2154647"", ""O2154648""]"
STRAIGHT AND LEVEL,1421,2025-09-20T17:09:00.000,7,17,9,b2e5d50189f47f21b8b6ef37c1cbc7057fffa12af7638a4299bd1da8c912bd2543212b72addd3983da557825125badd65dbb5ef73083d991a855a8f0aa355d60,NO INJURY / DRIVE AWAY,"OVER $1,500",2025-09-21T18:20:00.000,FUNCTIONING PROPERLY,REAR END,,0,0,5,0,0,0,0,41.9102509232,DAYLIGHT,-87.7070236502,NO INDICATION OF INJURY,2,30,UNABLE TO DETERMINE,NOT ON SCENE (DESK REPORT),UNKNOWN,UNKNOWN,UNABLE TO DETERMINE,,N,KEDZIE AVE,1600,TRAFFIC SIGNAL,FOUR WAY,UNKNOWN,,Y,,,,,2,5,"{""coordinates"": [-87.707023650163, 41.910250923179], ""type"": ""Point""}","[""FRONT"", ""REAR""]","[""FORD"", ""HONDA""]","[""UNKNOWN/NA""]","[""ACCORD"", ""OTHER (EXPLAIN IN NARRATIVE)""]",[],"[""18"", ""23"", ""26""]","[""DEPLOYMENT UNKNOWN"", ""DID NOT DEPLOY""]","[""NONE""]","[""NO INDICATION OF INJURY""]","[""O2155301"", ""O2155302"", ""P475694"", ""P475695"", ""P475702""]"
STRAIGHT AND LEVEL,1831,2025-09-20T17:15:00.000,7,17,9,c5868851fc56a7d8b045470f4e1116d631d16c4208f99cda149659bd7193883c133d4372513f354572241f8c7a9c10e39da228e6edda85404f9385cdf6f11aaa,NO INJURY / DRIVE AWAY,"OVER $1,500",2025-09-20T19:00:00.000,UNKNOWN,REAR END,Y,0,0,2,0,0,0,0,41.8917424442,UNKNOWN,-87.6327324851,NO INDICATION OF INJURY,2,25,NOT APPLICABLE,NOT ON SCENE (DESK REPORT),UNKNOWN,UNKNOWN,NOT APPLICABLE,,N,LA SALLE DR,532,UNKNOWN,NOT DIVIDED,UNKNOWN,,,,,,,2,2,"{""coordinates"": [-87.632732485077, 41.89174244418], ""type"": ""Point""}","[""FRONT"", ""REAR""]","[""FORD"", ""LINCOLN""]","[""UNKNOWN/NA""]","[""AVIATOR"", ""ESCAPE""]",[],"[""68""]","[""DEPLOYMENT UNKNOWN"", ""NOT APPLICABLE""]","[""UNKNOWN""]","[""NO INDICATION OF INJURY""]","[""O2154667"", ""O2154668""]"
STRAIGHT AND LEVEL,332,2025-09-20T17:19:00.000,7,17,9,9b863f0857b8cdf49ed22bc9d1f88394107b6b17060980e6dfc02a07f3d65902bafcbfe2021a4d43dca54d7770e39ac8756c8778a96a62e0bd76a25b525f8c35,INJURY AND / OR TOW DUE TO CRASH,"OVER $1,500",2025-09-20T17:51:00.000,FUNCTIONING PROPERLY,SIDESWIPE SAME DIRECTION,,0,0,1,0,1,1,0,41.7732549134,DAYLIGHT,-87.5859502967,"REPORTED, NOT EVIDENT",2,30,UNABLE TO DETERMINE,ON SCENE,UNKNOWN,WET,UNABLE TO DETERMINE,,S,STONY ISLAND AVE,6701,TRAFFIC SIGNAL,TRAFFIC ROUTE,RAIN,,N,,,,,2,2,"{""coordinates"": [-87.585950296714, 41.773254913419], ""type"": ""Point""}","[""FRONT-LEFT-CORNER"", ""REAR-RIGHT-CORNER""]","[""LEXUS"", ""MAZDA""]","[""CHANGING LANES"", ""STRAIGHT AHEAD""]","[""CX-5"", ""ES330""]","[""Y""]","[""19"", ""45""]","[""DID NOT DEPLOY""]","[""NONE""]","[""NO INDICATION OF INJURY"", ""REPORTED, NOT EVIDENT""]","[""O2154674"", ""O2154675""]"
STRAIGHT AND LEVEL,834,2025-09-20T17:40:00.000,7,17,9,5767a9aa58fb85996511b100a98b2ad4717a7fa1fb10de9b165de413634de11f7306311f4a29c7b41641d53d1ada0e10c5e9f0837ba8de195dea7fc470b059d3,NO INJURY / DRIVE AWAY,"OVER $1,500",2025-09-20T19:21:00.000,NO CONTROLS,ANGLE,Y,0,0,2,0,0,0,0,41.748790364,DAYLIGHT,-87.7411793005,NO INDICATION OF INJURY,2,30,FAILING TO YIELD RIGHT-OF-WAY,NOT ON SCENE (DESK REPORT),NO DEFECTS,DRY,NOT APPLICABLE,,S,CICERO AVE,7915,NO CONTROLS,NOT DIVIDED,CLOUDY/OVERCAST,,,,,,,2,2,"{""coordinates"": [-87.741179300458, 41.748790363985], ""type"": ""Point""}","[""FRONT-LEFT-CORNER"", ""SIDE-RIGHT""]","[""JEEP"", ""TOYOTA""]","[""STRAIGHT AHEAD"", ""UNKNOWN/NA""]","[""PRIUS"", ""WRANGLER""]",[],"[""37""]","[""DEPLOYMENT UNKNOWN"", ""DID NOT DEPLOY""]","[""NONE""]","[""NO INDICATION OF INJURY""]","[""O2154691"", ""O2154692""]"
STRAIGHT AND LEVEL,323,2025-09-20T17:54:00.000,7,17,9,b7ef25f8efd06611f6c27a4514121d2f18627f2fc952de7f3a430fd752f81827281ea6c3b33ea773b4e2815576a37ecb0353e9b86133273c6045ac0ba9a405a8,INJURY AND / OR TOW DUE TO CRASH,"OVER $1,500",2025-09-20T18:20:00.000,NO CONTROLS,ANGLE,Y,0,0,1,1,0,1,0,41.7599457624,UNKNOWN,-87.6247113873,NONINCAPACITATING INJURY,2,10,UNABLE TO DETERMINE,ON SCENE,UNKNOWN,UNKNOWN,UNABLE TO DETERMINE,,E,74TH ST,1,NO CONTROLS,PARKING LOT,UNKNOWN,,,,,N,,2,2,"{""coordinates"": [-87.624711387324, 41.759945762434], ""type"": ""Point""}","[""UNKNOWN""]","[""UNKNOWN""]","[""STRAIGHT AHEAD"", ""UNKNOWN/NA""]","[""MOTORIZED"", ""OTHER (EXPLAIN IN NARRATIVE)""]",[],"[""24""]","[""DEPLOYMENT UNKNOWN"", ""NOT APPLICABLE""]","[""NONE""]","[""NO INDICATION OF INJURY"", ""NONINCAPACITATING INJURY""]","[""O2154678"", ""O2154679""]"
STRAIGHT AND LEVEL,2515,2025-09-20T18:00:00.000,7,18,9,19fb67ff8164ffb288fd1a987e8f61098396822bbf40bf5d3fbd302f8922ad51af38d2cbf2834f0a5fa39ad513d8f7f2ec9c2f94addbf3da4ff3a84167174275,NO INJURY / DRIVE AWAY,"$501 - $1,500",2025-09-21T08:30:00.000,NO CONTROLS,REAR END,,0,0,2,0,0,0,0,41.9194124626,DAYLIGHT,-87.7561600455,NO INDICATION OF INJURY,2,25,UNABLE TO DETERMINE,NOT ON SCENE (DESK REPORT),UNKNOWN,UNKNOWN,UNABLE TO DETERMINE,,N,LARAMIE AVE,2124,NO CONTROLS,NOT DIVIDED,CLEAR,,,,,,,2,2,"{""coordinates"": [-87.756160045522, 41.919412462559], ""type"": ""Point""}","[""FRONT"", ""REAR""]","[""HONDA"", ""TOYOTA""]","[""STRAIGHT AHEAD""]","[""COROLLA"", ""CR-V""]",[],"[""23"", ""41""]","[""NOT APPLICABLE""]","[""NONE""]","[""NO INDICATION OF INJURY""]","[""O2154963"", ""O2154964""]"
STRAIGHT AND LEVEL,2411,2025-09-20T18:00:00.000,7,18,9,38faf5d82af04339006e88096e93314908aa1f17e987831e00cbec9605ea2f0293f9e1ca3c93f88bec651ce8f712a4a5935f3330aad6aa0a9c5648b35d0d2d05,NO INJURY / DRIVE AWAY,"OVER $1,500",2025-09-20T18:40:00.000,UNKNOWN,SIDESWIPE SAME DIRECTION,,0,0,4,0,0,0,0,42.0120704208,UNKNOWN,-87.6948059235,NO INDICATION OF INJURY,2,30,FAILING TO YIELD RIGHT-OF-WAY,NOT ON SCENE (DESK REPORT),UNKNOWN,UNKNOWN,UNABLE TO DETERMINE,,W,TOUHY AVE,2555,UNKNOWN,DIVIDED - W/MEDIAN (NOT RAISED),UNKNOWN,,,,,,,2,4,"{""coordinates"": [-87.694805923462, 42.01207042083], ""type"": ""Point""}","[""FRONT-LEFT-CORNER"", ""FRONT-RIGHT-CORNER""]","[""KIA"", ""TOYOTA""]","[""STARTING IN TRAFFIC"", ""STRAIGHT AHEAD""]","[""PRIUS"", ""RIO / K2""]",[],"[""17"", ""29"", ""33"", ""54""]","[""DID NOT DEPLOY""]","[""NONE""]","[""NO INDICATION OF INJURY""]","[""O2154663"", ""O2154664"", ""P475555"", ""P475556""]"
STRAIGHT AND LEVEL,1014,2025-09-20T18:00:00.000,7,18,9,4957d1feb32b3385b4066a26844f090c8cd79f04f7446944fc135a40ea14e337e7af5524d65288f4a1f6bc97855314e8da28adf0ddbb442dc2382cc7400af2eb,NO INJURY / DRIVE AWAY,"OVER $1,500",2025-09-21T11:45:00.000,FUNCTIONING PROPERLY,REAR END,Y,0,0,4,0,0,0,0,41.8559094266,DAYLIGHT,-87.7164870505,NO INDICATION OF INJURY,2,30,FOLLOWING TOO CLOSELY,NOT ON SCENE (DESK REPORT),NO DEFECTS,DRY,NOT APPLICABLE,,S,MILLARD AVE,1840,TRAFFIC SIGNAL,NOT DIVIDED,CLEAR,,,,,,,2,4,"{""coordinates"": [-87.716487050531, 41.855909426569], ""type"": ""Point""}","[""FRONT"", ""REAR""]","[""NISSAN"", ""UNKNOWN""]","[""STRAIGHT AHEAD""]","[""ARMADA"", ""OTHER (EXPLAIN IN NARRATIVE)""]",[],"[""51""]","[""DEPLOYMENT UNKNOWN"", ""DID NOT DEPLOY""]","[""NONE"", ""UNKNOWN""]","[""NO INDICATION OF INJURY""]","[""O2155053"", ""O2155054"", ""P475631"", ""P475632""]"
STRAIGHT AND LEVEL,1932,2025-09-20T18:00:00.000,7,18,9,834e68a1bf3ab282ca69e304613bab5300418bd1220c7e024e273c21de4845d3debbcfd4ca98d2f933b890259b813e12db5124a0050519c0ad4011023b7a4425,INJURY AND / OR TOW DUE TO CRASH,"OVER $1,500",2025-09-20T19:20:00.000,FUNCTIONING PROPERLY,REAR END,,0,0,1,1,0,1,0,41.9257269082,DUSK,-87.6493680146,NONINCAPACITATING INJURY,2,30,WEATHER,NOT ON SCENE (DESK REPORT),NO DEFECTS,WET,DRIVING SKILLS/KNOWLEDGE/EXPERIENCE,,N,LINCOLN AVE,2414,TRAFFIC SIGNAL,DIVIDED - W/MEDIAN (NOT RAISED),RAIN,,,,,,,2,2,"{""coordinates"": [-87.649368014644, 41.92572690824], ""type"": ""Point""}","[""FRONT"", ""REAR""]","[""HONDA"", ""TOYOTA""]","[""STRAIGHT AHEAD""]","[""CAMRY"", ""ODYSSEY""]",[],"[""40"", ""63""]","[""NOT APPLICABLE""]","[""NONE""]","[""NO INDICATION OF INJURY"", ""NONINCAPACITATING INJURY""]","[""O2154689"", ""O2154690""]"
STRAIGHT AND LEVEL,912,2025-09-20T18:00:00.000,7,18,9,8d2d2ee99222aed02dc4077b0a14a6a430fc5b34bad49358ec3ff6b5d225b7bbc7e2d5a84dec463b77793991a83d31676bf1d1441bd297d49c559c676266397c,NO INJURY / DRIVE AWAY,"OVER $1,500",2025-09-21T11:29:00.000,NO CONTROLS,PARKED MOTOR VEHICLE,Y,0,0,1,0,0,0,0,41.8268387841,DAYLIGHT,-87.6764659915,NO INDICATION OF INJURY,2,30,UNABLE TO DETERMINE,NOT ON SCENE (DESK REPORT),NO DEFECTS,DRY,NOT APPLICABLE,,W,37TH ST,2032,NO CONTROLS,NOT DIVIDED,CLEAR,,,,,,,2,1,"{""coordinates"": [-87.676465991542, 41.826838784143], ""type"": ""Point""}","[""FRONT"", ""UNDER CARRIAGE""]","[""NISSAN"", ""UNKNOWN""]","[""PARKED"", ""STRAIGHT AHEAD""]","[""OTHER (EXPLAIN IN NARRATIVE)"", ""SE""]",[],[],"[""DEPLOYMENT UNKNOWN""]","[""NONE""]","[""NO INDICATION OF INJURY""]","[""O2155047""]"
STRAIGHT AND LEVEL,1834,2025-09-20T18:00:00.000,7,18,9,8f87431ec2b110b692b86a6ee279a77969223aee3cc62c5a676c8e1c09b5cee90d5eb28037d7dc81c2b1433d4d56560d101d20386f268c413012f4b604d680f6,INJURY AND / OR TOW DUE TO CRASH,"OVER $1,500",2025-09-22T07:45:00.000,NO CONTROLS,REAR END,,0,0,1,0,3,3,0,41.8897710995,DAYLIGHT,-87.6205175841,"REPORTED, NOT EVIDENT",2,30,FAILING TO REDUCE SPEED TO AVOID CRASH,NOT ON SCENE (DESK REPORT),UNKNOWN,UNKNOWN,UNABLE TO DETERMINE,,N,COLUMBUS DR,438,NO CONTROLS,DIVIDED - W/MEDIAN (NOT RAISED),CLEAR,,,,,,,2,4,"{""coordinates"": [-87.620517584053, 41.889771099533], ""type"": ""Point""}","[""FRONT-LEFT-CORNER"", ""REAR-RIGHT-CORNER""]","[""HONDA"", ""TOYOTA""]","[""SLOW/STOP IN TRAFFIC""]","[""HR-V"", ""RAV4""]",[],"[""28"", ""52""]","[""NOT APPLICABLE""]","[""NONE""]","[""NO INDICATION OF INJURY"", ""REPORTED, NOT EVIDENT""]","[""O2155497"", ""O2155498"", ""P475763"", ""P475765""]"
STRAIGHT AND LEVEL,114,2025-09-20T18:00:00.000,7,18,9,a5de1ea696911e48fe9b4299cfa9ee347766b35d91deeec18b3f05bad3c82885363e70da56c3034ae075a6edb8a42fe3d952e28b574e622007f9773d9a7b551f,NO INJURY / DRIVE AWAY,"OVER $1,500",2025-09-22T09:00:00.000,UNKNOWN,TURNING,,0,0,2,0,0,0,0,41.8869761446,UNKNOWN,-87.6205545707,NO INDICATION OF INJURY,2,30,FOLLOWING TOO CLOSELY,NOT ON SCENE (DESK REPORT),UNKNOWN,UNKNOWN,FOLLOWING TOO CLOSELY,,N,COLUMBUS DR,301,TRAFFIC SIGNAL,FOUR WAY,UNKNOWN,,Y,,,,,2,2,"{""coordinates"": [-87.620554570711, 41.886976144557], ""type"": ""Point""}","[""FRONT-LEFT-CORNER"", ""REAR-RIGHT-CORNER""]","[""HONDA"", ""TOYOTA""]","[""SLOW/STOP IN TRAFFIC"", ""TURNING RIGHT""]","[""HR-V"", ""RAV4""]",[],"[""28"", ""52""]","[""NOT APPLICABLE""]","[""NONE""]","[""NO INDICATION OF INJURY""]","[""O2155550"", ""O2155551""]"
STRAIGHT AND LEVEL,1523,2025-09-20T18:00:00.000,7,18,9,aa2845cb728a2fb345d6b8dc6a10c907fe3d2cf61c7efb2dcf4776c149b2d882bbd542ab2b1c3fe0352319bcc8ae72fe735be747a77e37f248a04bb4bfd552ed,INJURY AND / OR TOW DUE TO CRASH,"OVER $1,500",2025-09-21T20:32:00.000,FUNCTIONING PROPERLY,ANGLE,Y,0,0,1,0,2,2,0,41.8823981051,DAYLIGHT,-87.761540817,"REPORTED, NOT EVIDENT",2,30,UNABLE TO DETERMINE,NOT ON SCENE (DESK REPORT),NO DEFECTS,DRY,UNABLE TO DETERMINE,,W,WASHINGTON BLVD,5432,STOP SIGN/FLASHER,FOUR WAY,CLEAR,,,,,,,2,3,"{""coordinates"": [-87.761540816972, 41.882398105064], ""type"": ""Point""}","[""FRONT"", ""SIDE-LEFT""]","[""JAGUAR"", ""UNKNOWN""]","[""STRAIGHT AHEAD""]","[""MOTORIZED"", ""XJ""]",[],"[""37""]","[""DEPLOYED, FRONT"", ""DEPLOYMENT UNKNOWN""]","[""NONE""]","[""NO INDICATION OF INJURY"", ""REPORTED, NOT EVIDENT""]","[""O2155392"", ""O2155393"", ""P475715""]"
STRAIGHT AND LEVEL,2431,2025-09-20T18:15:00.000,7,18,9,d62d0e38a0cf045bda39616c5cb0ac9ed5d0ac9f23fee63d36ded1e032466b2d895ea4a8f82fe855f5b77b980c1e182953b64898a5a6c3045ef7e19a3d8f3e71,NO INJURY / DRIVE AWAY,"$501 - $1,500",2025-09-20T18:40:00.000,UNKNOWN,TURNING,,0,0,3,0,0,0,0,42.0087861963,UNKNOWN,-87.6677468704,NO INDICATION OF INJURY,2,30,UNABLE TO DETERMINE,NOT ON SCENE (DESK REPORT),UNKNOWN,UNKNOWN,NOT APPLICABLE,,N,GREENVIEW AVE,6971,UNKNOWN,FOUR WAY,UNKNOWN,,Y,,,,,2,3,"{""coordinates"": [-87.667746870442, 42.008786196325], ""type"": ""Point""}","[""FRONT-LEFT-CORNER"", ""SIDE-LEFT""]","[""NISSAN"", ""TOYOTA""]","[""STRAIGHT AHEAD"", ""TURNING RIGHT""]","[""PRIUS"", ""VERSA""]",[],"[""52"", ""58""]","[""DEPLOYMENT UNKNOWN""]","[""NONE""]","[""NO INDICATION OF INJURY""]","[""O2154672"", ""O2154673"", ""P475558""]"
STRAIGHT AND LEVEL,822,2025-09-20T18:18:00.000,7,18,9,2f12c6704957d7534ac1d88be2e52155fa310c1b6d1e22940cf8dd1a7b6c43e57e0220ac171be04e2305fba17c3d86ef14d87141deeaf7c065087d7703671ece,INJURY AND / OR TOW DUE TO CRASH,"OVER $1,500",2025-09-20T18:20:00.000,NO CONTROLS,ANGLE,,0,0,1,0,1,1,0,41.78552669,DUSK,-87.7157351758,"REPORTED, NOT EVIDENT",2,20,FAILING TO YIELD RIGHT-OF-WAY,ON SCENE,NO DEFECTS,WET,NOT APPLICABLE,,S,LAWNDALE AVE,5914,NO CONTROLS,NOT DIVIDED,RAIN,,,,,,,2,2,"{""coordinates"": [-87.715735175789, 41.785526689994], ""type"": ""Point""}","[""FRONT-LEFT-CORNER"", ""FRONT-RIGHT-CORNER""]","[""CADILLAC"", ""NISSAN""]","[""STRAIGHT AHEAD""]","[""CTS"", ""VERSA""]",[],"[""22"", ""30""]","[""DID NOT DEPLOY""]","[""NONE""]","[""NO INDICATION OF INJURY"", ""REPORTED, NOT EVIDENT""]","[""O2154707"", ""O2154708""]"
STRAIGHT AND LEVEL,624,2025-09-20T18:20:00.000,7,18,9,0d5ad0afc119062e7378928280e2caceea27363779bc56513ea6759b58bb7623556cf414d6e811290a3b332ad5018f6b3de846a98adcaf7d8c6e6b86e835e546,NO INJURY / DRIVE AWAY,"OVER $1,500",2025-09-20T19:10:00.000,NO CONTROLS,REAR END,,0,0,2,0,0,0,0,41.7586090061,DAWN,-87.5957213605,NO INDICATION OF INJURY,2,35,NOT APPLICABLE,NOT ON SCENE (DESK REPORT),NO DEFECTS,WET,NOT APPLICABLE,,S,SOUTH CHICAGO AVE,7500,TRAFFIC SIGNAL,FOUR WAY,OTHER,,Y,,,,,2,2,"{""coordinates"": [-87.595721360538, 41.758609006103], ""type"": ""Point""}","[""FRONT"", ""REAR""]","[""CADILLAC"", ""NISSAN""]","[""OTHER"", ""UNKNOWN/NA""]","[""KICKS"", ""OTHER (EXPLAIN IN NARRATIVE)""]",[],"[""24"", ""71""]","[""NOT APPLICABLE""]","[""NONE"", ""UNKNOWN""]","[""NO INDICATION OF INJURY""]","[""O2154680"", ""O2154681""]"