alignment,beat_of_occurrence,crash_date,crash_day_of_week,crash_hour,crash_month,crash_record_id,crash_type,damage,date_police_notified,device_condition,first_crash_type,hit_and_run_i,injuries_fatal,injuries_incapacitating,injuries_no_indication,injuries_non_incapacitating,injuries_reported_not_evident,injuries_total,injuries_unknown,latitude,lighting_condition,longitude,most_severe_injury,num_units,posted_speed_limit,prim_contributory_cause,report_type,road_defect,roadway_surface_cond,sec_contributory_cause,statements_taken_i,street_direction,street_name,street_no,traffic_control_device,trafficway_type,weather_condition,crash_date_est_i,intersection_related_i,photos_taken_i,work_zone_i,dooring_i,private_property_i,veh_count,ppl_count,location_json,veh_first_contact_point_list_json,veh_make_list_json,veh_maneuver_list_json,veh_model_list_json,veh_towed_i_list_json,ppl_age_list_json,ppl_airbag_deployed_list_json,ppl_ejection_list_json,ppl_injury_classification_list_json,ppl_person_id_list_json
STRAIGHT AND LEVEL,821,2025-09-20T18:28:00.000,7,18,9,58a6eb2c21ab7e5b7bee7a308775d65951d66489fe94bf1e6f342ef11baa27721c36c303b3d733ff4ffc50e6d339990c3d76a9d991c8712c69287aaebd1bb71b,INJURY AND / OR TOW DUE TO CRASH,"OVER $1,500",2025-09-20T18:34:00.000,FUNCTIONING PROPERLY,TURNING,Y,0,0,1,0,1,1,0,41.8138421438,DUSK,-87.7043483367,"REPORTED, NOT EVIDENT",2,35,FAILING TO YIELD RIGHT-OF-WAY,ON SCENE,NO DEFECTS,WET,NOT APPLICABLE,,S,KEDZIE AVE,4356,TRAFFIC SIGNAL,Y-INTERSECTION,RAIN,,,,,,,2,2,"{""coordinates"": [-87.704348336673, 41.813842143846], ""type"": ""Point""}","[""FRONT"", ""SIDE-LEFT-REAR""]","[""FORD"", ""UNKNOWN""]","[""TURNING LEFT""]","[""MUSTANG"", ""OTHER (EXPLAIN IN NARRATIVE)""]",[],"[""36""]","[""DEPLOYMENT UNKNOWN"", ""DID NOT DEPLOY""]","[""NONE""]","[""NO INDICATION OF INJURY"", ""REPORTED, NOT EVIDENT""]","[""O2154723"", ""O2154724""]"
STRAIGHT AND LEVEL,1222,2025-09-20T18:30:00.000,7,18,9,e1b0a50c83149ff6d54eabdf2ba6525431081db540ec74b2c627fedcb8cec3fdf06e09c387bce5462c466bf2a0203d62f00ebb2eaedb22fc490ff2449f3d9756,NO INJURY / DRIVE AWAY,"OVER $1,500",2025-09-21T19:00:00.000,FUNCTIONING PROPERLY,REAR END,,0,0,4,0,0,0,0,41.8833658108,DAYLIGHT,-87.7011199788,NO INDICATION OF INJURY,2,30,UNABLE TO DETERMINE,NOT ON SCENE (DESK REPORT),UNKNOWN,UNKNOWN,NOT APPLICABLE,,N,SACRAMENTO BLVD,115,TRAFFIC SIGNAL,NOT DIVIDED,CLEAR,,,,,,,2,4,"{""coordinates"": [-87.701119978843, 41.883365810766], ""type"": ""Point""}","[""FRONT"", ""REAR""]","[""DODGE"", ""HONDA""]","[""STRAIGHT AHEAD""]","[""CHARGER"", ""ODYSSEY""]",[],"[""32"", ""38""]","[""NOT APPLICABLE""]","[""NONE""]","[""NO INDICATION OF INJURY""]","[""O2155315"", ""O2155316"", ""P475691"", ""P475693""]"
STRAIGHT AND LEVEL,1022,2025-09-20T18:38:00.000,7,18,9,2b72456d45ca053be41296418c5cbf47b511db5169be92df68960cb9640778edeba31e74cb1121ed3f9c9b97bff0c32589d356cc6746e964cd6a90bf011f8072,NO INJURY / DRIVE AWAY,"OVER $1,500",2025-09-20T19:10:00.000,NO CONTROLS,REAR END,,0,0,2,0,0,0,0,41.8585785727,DAYLIGHT,-87.7055907242,NO INDICATION OF INJURY,2,30,UNABLE TO DETERMINE,NOT ON SCENE (DESK REPORT),NO DEFECTS,DRY,UNABLE TO DETERMINE,,S,KEDZIE AVE,1616,NO CONTROLS,NOT DIVIDED,CLEAR,,,,,,,2,2,"{""coordinates"": [-87.705590724221, 41.858578572746], ""type"": ""Point""}","[""FRONT"", ""REAR""]","[""TESLA"", ""TOYOTA""]","[""STRAIGHT AHEAD""]","[""COROLLA"", ""MODEL Y""]",[],"[""26"", ""28""]","[""DID NOT DEPLOY""]","[""NONE""]","[""NO INDICATION OF INJURY""]","[""O2154682"", ""O2154683""]"
STRAIGHT AND LEVEL,1832,2025-09-20T18:45:00.000,7,18,9,80d678b3eb52905135e3d8e11d12d33342b237891efcd4f034fef1b9c6b3243543127c4c16640880c3b7a27388c86ac94b94c9437ca17724d18c708b4df53cbc,NO INJURY / DRIVE AWAY,"OVER $1,500",2025-09-22T11:00:00.000,FUNCTIONING PROPERLY,REAR END,,0,0,3,0,0,0,0,41.8971049342,DAYLIGHT,-87.632571719,NO INDICATION OF INJURY,2,30,UNABLE TO DETERMINE,NOT ON SCENE (DESK REPORT),NO DEFECTS,DRY,NOT APPLICABLE,,N,LA SALLE DR,815,TRAFFIC SIGNAL,NOT DIVIDED,CLEAR,,,,,,,2,3,"{""coordinates"": [-87.632571719008, 41.897104934162], ""type"": ""Point""}","[""FRONT"", ""REAR""]","[""GENERAL MOTORS CORPORATION (GMC)"", ""HONDA""]","[""SLOW/STOP IN TRAFFIC"", ""STRAIGHT AHEAD""]","[""ACCORD"", ""YUKON""]",[],[],"[""DID NOT DEPLOY""]","[""NONE""]","[""NO INDICATION OF INJURY""]","[""O2155609"", ""O2155610"", ""P475787""]"
STRAIGHT AND LEVEL,1934,2025-09-20T18:50:00.000,7,18,9,1100ed7352df913eaddb982a548fe41c7d9b0906ee9eb72a7a0372074d7fe36137d8215585f7fe90b2da7c15242f91af72ac789fa2b6359cc756266a9e973ac2,NO INJURY / DRIVE AWAY,"OVER $1,500",2025-09-20T18:52:00.000,NO CONTROLS,ANGLE,,0,0,3,0,0,0,0,41.9360802897,"DARKNESS, LIGHTED ROAD",-87.6441166627,NO INDICATION OF INJURY,3,30,UNABLE TO DETERMINE,ON SCENE,UNKNOWN,WET,NOT APPLICABLE,Y,N,BROADWAY,2939,NO CONTROLS,DIVIDED - W/MEDIAN (NOT RAISED),RAIN,,,,,,,3,3,"{""coordinates"": [-87.644116662735, 41.936080289719], ""type"": ""Point""}","[""FRONT"", ""FRONT-LEFT-CORNER"", ""SIDE-LEFT-REAR""]","[""HYUNDAI"", ""NISSAN"", ""NOVA BUS""]","[""BACKING"", ""STRAIGHT AHEAD""]","[""RTS"", ""TUCSON"", ""VERSA""]",[],"[""22"", ""32"", ""51""]","[""NOT APPLICABLE""]","[""NONE""]","[""NO INDICATION OF INJURY""]","[""O2154702"", ""O2154703"", ""O2154704""]"
STRAIGHT AND LEVEL,112,2025-09-20T19:00:00.000,7,19,9,13ca91bed8cdd7e2535e638bafc2eb6e3c88aa5b584df21eabafaa8e7609a7e4c6bfcc400d804ab7297e113a058eb14eca4f72455cfe7792d34bb87a8c9f7823,NO INJURY / DRIVE AWAY,"OVER $1,500",2025-09-21T18:00:00.000,FUNCTIONING PROPERLY,SIDESWIPE SAME DIRECTION,,0,0,3,0,0,0,0,41.8820439803,DAYLIGHT,-87.6245110366,NO INDICATION OF INJURY,2,25,UNABLE TO DETERMINE,NOT ON SCENE (DESK REPORT),NO DEFECTS,DRY,UNABLE TO DETERMINE,,S,MICHIGAN AVE,2,STOP SIGN/FLASHER,DIVIDED - W/MEDIAN (NOT RAISED),CLEAR,,Y,,,,,2,3,"{""coordinates"": [-87.624511036615, 41.88204398026], ""type"": ""Point""}","[""REAR-LEFT-CORNER"", ""SIDE-LEFT-REAR""]","[""GENERAL MOTORS CORPORATION (GMC)"", ""TOYOTA""]","[""STRAIGHT AHEAD""]","[""CAMRY"", ""YUKON""]",[],"[""18"", ""20"", ""30""]","[""DID NOT DEPLOY"", ""NOT APPLICABLE""]","[""NONE""]","[""NO INDICATION OF INJURY""]","[""O2155288"", ""O2155289"", ""P475698""]"
STRAIGHT AND LEVEL,1231,2025-09-20T19:00:00.000,7,19,9,81d231d6d83c46a20d8bfda16816cc52705917b0a71c3008bc4cc217d5b5f2afe4b7be8ed311258ff93b9119b64fc643e515c5023b558344337f9a561396d69c,NO INJURY / DRIVE AWAY,"OVER $1,500",2025-09-21T11:25:00.000,NO CONTROLS,PARKED MOTOR VEHICLE,Y,0,0,1,0,0,0,0,41.8702091464,DAYLIGHT,-87.6630325991,NO INDICATION OF INJURY,2,30,IMPROPER BACKING,NOT ON SCENE (DESK REPORT),NO DEFECTS,DRY,IMPROPER BACKING,,S,BISHOP ST,908,NO CONTROLS,DIVIDED - W/MEDIAN BARRIER,CLEAR,,,,,,,2,1,"{""coordinates"": [-87.66303259912, 41.870209146402], ""type"": ""Point""}","[""FRONT-LEFT-CORNER"", ""REAR""]","[""TOYOTA"", ""UNKNOWN""]","[""BACKING"", ""PARKED""]","[""OTHER (EXPLAIN IN NARRATIVE)"", ""RAV4""]",[],[],"[""DEPLOYMENT UNKNOWN""]","[""UNKNOWN""]","[""NO INDICATION OF INJURY""]","[""O2155049""]"
STRAIGHT AND LEVEL,631,2025-09-20T19:00:00.000,7,19,9,d5a77f058c4d14cbd459892b8a562bb3970af67432c87dce790e8ff08a9bea70fcd611fe8378b0e0fa77f49f48aa946b589dee11c120a995547567ab1496c472,NO INJURY / DRIVE AWAY,"OVER $1,500",2025-09-21T19:48:00.000,NO CONTROLS,REAR END,,0,0,2,0,0,0,0,41.7438929587,"DARKNESS, LIGHTED ROAD",-87.6149039828,NO INDICATION OF INJURY,2,30,"OPERATING VEHICLE IN ERRATIC, RECKLESS, CARELESS, NEGLIGENT OR AGGRESSIVE MANNER",NOT ON SCENE (DESK REPORT),UNKNOWN,DRY,UNABLE TO DETERMINE,,S,DR MARTIN LUTHER KING JR DR,8258,NO CONTROLS,PARKING LOT,CLEAR,,,,,,,2,2,"{""coordinates"": [-87.614903982803, 41.743892958693], ""type"": ""Point""}","[""FRONT"", ""REAR""]","[""KIA""]","[""STRAIGHT AHEAD""]","[""OPTIMA / K5"", ""OTHER (EXPLAIN IN NARRATIVE)""]",[],"[""48""]","[""DID NOT DEPLOY""]","[""NONE""]","[""NO INDICATION OF INJURY""]","[""O2155342"", ""O2155343""]"
STRAIGHT AND LEVEL,1925,2025-09-20T19:00:00.000,7,19,9,f032926a07e44f6077c7c710f6b5d2eb3cfc9df5e63b6c836e2e15df9d03e3ca2da6ded4bd90c0e16400b203a4e04acf88bb2cf5156f3b7c3a50097ffd71016b,INJURY AND / OR TOW DUE TO CRASH,"OVER $1,500",2025-09-20T19:25:00.000,FUNCTIONING PROPERLY,PEDESTRIAN,Y,0,0,1,1,1,2,0,41.9436609963,DARKNESS,-87.645183607,NONINCAPACITATING INJURY,3,30,FAILING TO YIELD RIGHT-OF-WAY,ON SCENE,NO DEFECTS,WET,FAILING TO YIELD RIGHT-OF-WAY,,N,BROADWAY,3406,TRAFFIC SIGNAL,NOT DIVIDED,RAIN,,,,,,,3,3,"{""coordinates"": [-87.64518360704, 41.94366099625], ""type"": ""Point""}","[""FRONT""]","[""UNKNOWN""]","[""TURNING LEFT""]","[""OTHER (EXPLAIN IN NARRATIVE)""]",[],"[""20"", ""29""]","[""DEPLOYMENT UNKNOWN""]","[""NONE""]","[""NO INDICATION OF INJURY"", ""NONINCAPACITATING INJURY"", ""REPORTED, NOT EVIDENT""]","[""O2154705"", ""O2154706"", ""O2154709""]"
STRAIGHT AND LEVEL,1214,2025-09-20T19:05:00.000,7,19,9,8e8b05ef662e352be15a9140f46f51eeacdbc9111a176730548fed68673fe60d4f2c27bc2fa68b5a9b73653ea4d98a6af92c3226244e169dd03c0bbca5e0c2cd,NO INJURY / DRIVE AWAY,"$501 - $1,500",2025-09-22T18:00:00.000,NO CONTROLS,SIDESWIPE SAME DIRECTION,,0,0,2,0,0,0,0,41.8868893057,DAWN,-87.6488227918,NO INDICATION OF INJURY,2,30,UNABLE TO DETERMINE,NOT ON SCENE (DESK REPORT),UNKNOWN,UNKNOWN,NOT APPLICABLE,,N,GREEN ST,302,NO CONTROLS,NOT DIVIDED,CLEAR,,,,,,,2,2,"{""coordinates"": [-87.648822791828, 41.886889305659], ""type"": ""Point""}","[""FRONT-LEFT-CORNER"", ""REAR-RIGHT-CORNER""]","[""GENESIS"", ""HYUNDAI""]","[""OTHER"", ""STRAIGHT AHEAD""]","[""G70"", ""TUCSON""]",[],"[""35"", ""36""]","[""NOT APPLICABLE""]","[""NONE""]","[""NO INDICATION OF INJURY""]","[""O2155953"", ""O2155954""]"
STRAIGHT AND LEVEL,1413,2025-09-20T19:08:00.000,7,19,9,3054a1a918acf924eeb7b7e0c55f892d78a050360140e6d97bec95cb1a176037d83a505d4ff44726d53225c60aeac9c85f595247e861fcc007f6fe5befa1a21f,INJURY AND / OR TOW DUE TO CRASH,"OVER $1,500",2025-09-20T19:28:00.000,NO CONTROLS,PARKED MOTOR VEHICLE,,0,0,1,0,0,0,0,41.9222567949,DARKNESS,-87.712177968,NO INDICATION OF INJURY,3,25,CELL PHONE USE OTHER THAN TEXTING,ON SCENE,NO DEFECTS,WET,UNABLE TO DETERMINE,,N,KIMBALL AVE,2240,NO CONTROLS,NOT DIVIDED,RAIN,,,,,,,3,1,"{""coordinates"": [-87.712177968047, 41.922256794889], ""type"": ""Point""}","[""REAR-LEFT-CORNER"", ""SIDE-RIGHT""]","[""HONDA"", ""NISSAN""]","[""PARKED"", ""STRAIGHT AHEAD""]","[""ACCORD"", ""CR-V"", ""ROGUE""]","[""Y""]","[""23""]","[""DEPLOYED, FRONT""]","[""NONE""]","[""NO INDICATION OF INJURY""]","[""O2154710""]"
STRAIGHT AND LEVEL,2413,2025-09-20T19:08:00.000,7,19,9,af8b03ffc9e9d65bc2e42444f905c8784ba16ad463d5cd5c0751ee22f0e55f22eb1e1142b2fcb06b2b6388acf93c92d10e5d43e3ff2d1e9c5f1ac4c693c82bc1,INJURY AND / OR TOW DUE TO CRASH,"OVER $1,500",2025-09-20T19:08:00.000,NO CONTROLS,FIXED OBJECT,,0,0,0,1,0,1,0,41.9910867839,"DARKNESS, LIGHTED ROAD",-87.6895447967,NONINCAPACITATING INJURY,1,30,UNABLE TO DETERMINE,ON SCENE,NO DEFECTS,WET,UNABLE TO DETERMINE,,N,WESTERN AVE,6019,NO CONTROLS,NOT DIVIDED,RAIN,,,,,,,1,1,"{""coordinates"": [-87.689544796683, 41.991086783896], ""type"": ""Point""}","[""FRONT""]","[""TOYOTA""]","[""UNKNOWN/NA""]","[""COROLLA""]","[""Y""]","[""49""]","[""DEPLOYED, FRONT""]","[""NONE""]","[""NONINCAPACITATING INJURY""]","[""O2154701""]"
STRAIGHT AND LEVEL,2211,2025-09-20T19:15:00.000,7,19,9,e7ca5b35fb5d699d0bc601370974dd1492957c0a2e096792afee17509a28b1468bca39c3330fc33054ac079d2aac23eccb9af0a8c8c2b8d21d635998bd47e26c,NO INJURY / DRIVE AWAY,"$501 - $1,500",2025-09-20T19:20:00.000,NO CONTROLS,REAR END,,0,0,3,0,0,0,0,41.705388019,DUSK,-87.7207520227,NO INDICATION OF INJURY,3,30,UNABLE TO DETERMINE,NOT ON SCENE (DESK REPORT),UNKNOWN,DRY,NOT APPLICABLE,,S,PULASKI RD,10315,NO CONTROLS,NOT DIVIDED,CLEAR,,,,,,,3,3,"{""coordinates"": [-87.720752022742, 41.70538801903], ""type"": ""Point""}","[""REAR"", ""UNKNOWN""]","[""HYUNDAI"", ""TESLA""]","[""STRAIGHT AHEAD""]","[""ACCENT"", ""MODEL Y"", ""SANTA FE""]",[],"[""21"", ""32"", ""40""]","[""NOT APPLICABLE""]","[""NONE""]","[""NO INDICATION OF INJURY""]","[""O2154686"", ""O2154687"", ""O2154697""]"
STRAIGHT AND LEVEL,1235,2025-09-20T19:16:00.000,7,19,9,cc939a433d3a8de9ed75f74ced531abf4de4d5bace00a89749b86de8dd917ae279d006bf8b503f37c7a63ea6eb6cd15e86a1f61b9d3e0640d5b976b1745bdf99,NO INJURY / DRIVE AWAY,"$501 - $1,500",2025-09-20T20:01:00.000,NO CONTROLS,PARKED MOTOR VEHICLE,,0,0,2,0,0,0,0,41.8589867821,"DARKNESS, LIGHTED ROAD",-87.6552222925,NO INDICATION OF INJURY,2,30,DRIVING SKILLS/KNOWLEDGE/EXPERIENCE,ON SCENE,NO DEFECTS,DRY,UNABLE TO DETERMINE,,W,17TH ST,1146,NO CONTROLS,NOT DIVIDED,CLOUDY/OVERCAST,,,,,,,2,2,"{""coordinates"": [-87.655222292488, 41.8589867821], ""type"": ""Point""}","[""SIDE-LEFT"", ""SIDE-RIGHT""]","[""HONDA"", ""TOYOTA""]","[""OTHER"", ""PARKED""]","[""CR-V"", ""PRIUS""]",[],"[""21"", ""25""]","[""DID NOT DEPLOY""]","[""NONE""]","[""NO INDICATION OF INJURY""]","[""O2154743"", ""P475561""]"
STRAIGHT ON GRADE,835,2025-09-20T19:25:00.000,7,19,9,268988b56fe92aa6348e642d77fe0505c75c7a0c0237907b7e81dccdb9c9ee8f005490a5000f2d12822cf26fedb32c9f14ec7f06238ce99b59f6196bfeedc20f,INJURY AND / OR TOW DUE TO CRASH,"OVER $1,500",2025-09-20T19:27:00.000,FUNCTIONING PROPERLY,TURNING,,0,0,1,3,0,3,0,41.7356353288,DARKNESS,-87.6826503426,NONINCAPACITATING INJURY,2,30,UNABLE TO DETERMINE,ON SCENE,NO DEFECTS,WET,UNABLE TO DETERMINE,,W,87TH ST,2400,TRAFFIC SIGNAL,FOUR WAY,RAIN,,Y,,,,,2,4,"{""coordinates"": [-87.682650342555, 41.735635328819], ""type"": ""Point""}","[""FRONT"", ""FRONT-LEFT-CORNER""]","[""MAZDA"", ""NISSAN""]","[""STRAIGHT AHEAD"", ""TURNING LEFT""]","[""ALTIMA"", ""OTHER (EXPLAIN IN NARRATIVE)""]","[""Y""]","[""12"", ""17"", ""46"", ""54""]","[""DEPLOYED, COMBINATION"", ""DEPLOYED, FRONT""]","[""NONE""]","[""NO INDICATION OF INJURY"", ""NONINCAPACITATING INJURY""]","[""O2154721"", ""O2154722"", ""P475559"", ""P475560""]"
STRAIGHT AND LEVEL,1224,2025-09-20T19:30:00.000,7,19,9,4eeaa5d5b00c47bfd8eb28ce066e998416dc810f7915f64602cd1e26d6ccc5c080733bbfaa3d337d99802ad0752e2510629fe4cfd6dcd923a55c6be35f78239e,NO INJURY / DRIVE AWAY,"$501 - $1,500",2025-09-20T21:15:00.000,FUNCTIONING PROPERLY,SIDESWIPE SAME DIRECTION,,0,0,2,0,0,0,0,41.8832555248,"DARKNESS, LIGHTED ROAD",-87.6474360801,NO INDICATION OF INJURY,2,30,DISTRACTION - FROM INSIDE VEHICLE,NOT ON SCENE (DESK REPORT),NO DEFECTS,DRY,DISTRACTION - FROM INSIDE VEHICLE,,W,WASHINGTON BLVD,800,TRAFFIC SIGNAL,T-INTERSECTION,CLEAR,,Y,,,,,2,2,"{""coordinates"": [-87.647436080135, 41.883255524791], ""type"": ""Point""}","[""FRONT-LEFT-CORNER"", ""SIDE-RIGHT-FRONT""]","[""FORD"", ""TOYOTA""]","[""CHANGING LANES"", ""STRAIGHT AHEAD""]","[""CAMRY"", ""OTHER (EXPLAIN IN NARRATIVE)""]",[],[],"[""NOT APPLICABLE""]","[""NONE""]","[""NO INDICATION OF INJURY""]","[""O2154737"", ""O2154738""]"
STRAIGHT AND LEVEL,2031,2025-09-20T19:30:00.000,7,19,9,ca080f4ea134e50eda4500555dd0a774b57296b8a2aabe2ffd5e4ff15456e1f3380e0cd572769e84ef36d4e42d5da261d6b3d1dd77462566f7615cfb113f5f55,NO INJURY / DRIVE AWAY,"OVER $1,500",2025-09-22T18:15:00.000,FUNCTIONING PROPERLY,REAR END,,0,0,2,0,0,0,0,41.9751116311,UNKNOWN,-87.6990442785,NO INDICATION OF INJURY,2,30,UNABLE TO DETERMINE,NOT ON SCENE (DESK REPORT),OTHER,UNKNOWN,NOT APPLICABLE,,N,CALIFORNIA AVE,5136,PEDESTRIAN CROSSING SIGN,NOT DIVIDED,UNKNOWN,,,,,,,2,2,"{""coordinates"": [-87.699044278531, 41.975111631062], ""type"": ""Point""}","[""FRONT"", ""REAR""]","[""NISSAN"", ""VOLKSWAGEN""]","[""STRAIGHT AHEAD""]","[""ALTIMA"", ""ATLAS""]",[],"[""30"", ""51""]","[""DID NOT DEPLOY""]","[""NONE""]","[""NO INDICATION OF INJURY""]","[""O2155957"", ""O2155958""]"
STRAIGHT AND LEVEL,834,2025-09-20T19:35:00.000,7,19,9,2d5cff82ba3d5821736c64687e8de70776de559a5911ef8d53810180d199c80435c2726fde7e4bc83346a923059d5cc94844e47047a52073259aa2c16abb1efa,NO INJURY / DRIVE AWAY,"$501 - $1,500",2025-09-22T19:50:00.000,FUNCTIONING PROPERLY,ANGLE,,0,0,2,0,0,0,0,41.7483930398,"DARKNESS, LIGHTED ROAD",-87.7411611101,NO INDICATION OF INJURY,2,35,IMPROPER LANE USAGE,NOT ON SCENE (DESK REPORT),NO DEFECTS,DRY,NOT APPLICABLE,,S,CICERO AVE,7935,TRAFFIC SIGNAL,NOT DIVIDED,CLEAR,,Y,,,,,2,2,"{""coordinates"": [-87.741161110101, 41.748393039802], ""type"": ""Point""}","[""FRONT-RIGHT-CORNER"", ""SIDE-LEFT""]","[""NISSAN"", ""TOYOTA""]","[""ENTERING TRAFFIC LANE FROM PARKING"", ""SLOW/STOP IN TRAFFIC""]","[""CAMRY"", ""ROGUE""]",[],[],"[""NOT APPLICABLE""]","[""NONE""]","[""NO INDICATION OF INJURY""]","[""O2156036"", ""O2156037""]"
STRAIGHT AND LEVEL,834,2025-09-20T19:35:00.000,7,19,9,b66c2093c85ebd73b1bc246ff87daaea85a1f94571a75692f9dcb32cc91415d38296bdb5eae8fef924d98b8a22d735cf65f68d3f708350132be601e2e156adcb,NO INJURY / DRIVE AWAY,"OVER $1,500",2025-09-20T21:07:00.000,FUNCTIONING PROPERLY,ANGLE,,0,0,2,0,0,0,0,41.7489865729,"DARKNESS, LIGHTED ROAD",-87.7411968744,NO INDICATION OF INJURY,2,35,FAILING TO YIELD RIGHT-OF-WAY,NOT ON SCENE (DESK REPORT),NO DEFECTS,DRY,DRIVING SKILLS/KNOWLEDGE/EXPERIENCE,,S,CICERO AVE,7905,TRAFFIC SIGNAL,CENTER TURN LANE,CLEAR,,,,,,,2,2,"{""coordinates"": [-87.741196874415, 41.748986572901], ""type"": ""Point""}","[""FRONT-RIGHT-CORNER"", ""REAR-LEFT-CORNER""]","[""NISSAN"", ""TOYOTA""]","[""OTHER"", ""STRAIGHT AHEAD""]","[""CAMRY"", ""ROGUE""]",[],"[""32"", ""36""]","[""DID NOT DEPLOY""]","[""NONE""]","[""NO INDICATION OF INJURY""]","[""O2154763"", ""O2154764""]"
"CURVE, LEVEL",1833,2025-09-20T19:38:00.000,7,19,9,1066e6b98e570b433acc4e57b1bd730fe0748cc1b2c8e49a7a2d02fe27f40b07d7d04147433e032a7ea3f9c0dd75b3c1bab799e20685c69e9679f485ead1d157,INJURY AND / OR TOW DUE TO CRASH,"OVER $1,500",2025-09-20T19:38:00.000,NO CONTROLS,SIDESWIPE SAME DIRECTION,,0,0,2,0,0,0,0,41.9008138998,"DARKNESS, LIGHTED ROAD",-87.6210527638,NO INDICATION OF INJURY,2,40,WEATHER,ON SCENE,NO DEFECTS,WET,WEATHER,,E,LAKE SHORE DR,219,NO CONTROLS,OTHER,RAIN,,,,,,,2,2,"{""coordinates"": [-87.621052763766, 41.900813899792], ""type"": ""Point""}","[""FRONT""]","[""FORD"", ""HONDA""]","[""SKIDDING/CONTROL LOSS"", ""STRAIGHT AHEAD""]","[""CIVIC"", ""F150""]","[""Y""]","[""51"", ""55""]","[""DEPLOYED, COMBINATION"", ""DID NOT DEPLOY""]","[""NONE""]","[""NO INDICATION OF INJURY""]","[""O2154717"", ""O2154718""]"
STRAIGHT AND LEVEL,834,2025-09-20T19:45:00.000,7,19,9,99d9b7c0162b7d8cf984d596c10e4a37e98e853082929d08079967937cc7bb07c6fbd88210c9be806d4e3bda0c2d54e244291b889d581af3a9f5500f5d23f9be,NO INJURY / DRIVE AWAY,"OVER $1,500",2025-09-20T19:45:00.000,NO CONTROLS,PARKED MOTOR VEHICLE,,0,0,1,0,0,0,0,41.7389714648,"DARKNESS, LIGHTED ROAD",-87.7217212775,NO INDICATION OF INJURY,2,30,NOT APPLICABLE,NOT ON SCENE (DESK REPORT),NO DEFECTS,DRY,NOT APPLICABLE,,S,PULASKI RD,8444,NO CONTROLS,PARKING LOT,CLOUDY/OVERCAST,,,,,,,2,1,"{""coordinates"": [-87.721721277473, 41.738971464848], ""type"": ""Point""}","[""REAR""]","[""HONDA"", ""NISSAN""]","[""BACKING"", ""PARKED""]","[""PATHFINDER"", ""PILOT""]",[],"[""41""]","[""DEPLOYMENT UNKNOWN""]","[""NONE""]","[""NO INDICATION OF INJURY""]","[""O2154698""]"
STRAIGHT AND LEVEL,914,2025-09-20T19:47:00.000,7,19,9,e0e2d7b3a36d4f0e5786f9c00b8c41a90b25f832d67242c670866078be055507a77d270009c90d794e4dc0fb08ee022e58c8b377d412664a6a39ddc0ee3baaba,NO INJURY / DRIVE AWAY,"OVER $1,500",2025-09-22T17:17:00.000,FUNCTIONING PROPERLY,REAR END,,0,0,5,0,0,0,0,41.8576430378,"DARKNESS, LIGHTED ROAD",-87.6318500315,NO INDICATION OF INJURY,2,30,FAILING TO REDUCE SPEED TO AVOID CRASH,NOT ON SCENE (DESK REPORT),NO DEFECTS,WET,NOT APPLICABLE,,W,18TH ST,159,TRAFFIC SIGNAL,NOT DIVIDED,FREEZING RAIN/DRIZZLE,,,,,,,2,5,"{""coordinates"": [-87.63185003155, 41.857643037815], ""type"": ""Point""}","[""FRONT"", ""REAR""]","[""KIA"", ""NISSAN""]","[""STRAIGHT AHEAD""]","[""ALTIMA"", ""OPTIMA / K5""]",[],"[""34""]","[""NOT APPLICABLE""]","[""NONE"", ""UNKNOWN""]","[""NO INDICATION OF INJURY""]","[""O2155882"", ""O2155883"", ""P475822"", ""P475827"", ""P475833""]"
STRAIGHT AND LEVEL,1831,2025-09-20T20:00:00.000,7,20,9,04808a1aef44c7d0033a49049a5dbdb1d7330bb1ca3f0e24f8bb93e4b3fa281494a8fb2ac6e9d5d44651bdd180e4d7af2f567c5736f2f1db1a30bdc6cff3e349,NO INJURY / DRIVE AWAY,"$501 - $1,500",2025-09-20T21:00:00.000,FUNCTIONING PROPERLY,SIDESWIPE SAME DIRECTION,,0,0,2,0,0,0,0,41.8907148691,"DARKNESS, LIGHTED ROAD",-87.6310292514,NO INDICATION OF INJURY,2,30,UNABLE TO DETERMINE,NOT ON SCENE (DESK REPORT),NO DEFECTS,DRY,UNABLE TO DETERMINE,,W,ILLINOIS ST,99,TRAFFIC SIGNAL,ONE-WAY,CLEAR,,,,,,,2,2,"{""coordinates"": [-87.631029251419, 41.89071486914], ""type"": ""Point""}","[""FRONT-LEFT-CORNER"", ""FRONT-RIGHT-CORNER""]","[""FORD""]","[""CHANGING LANES"", ""STARTING IN TRAFFIC""]","[""EDGE"", ""FUSION""]",[],[],"[""DEPLOYMENT UNKNOWN"", ""NOT APPLICABLE""]","[""NONE""]","[""NO INDICATION OF INJURY""]","[""O2154729"", ""O2154730""]"
STRAIGHT AND LEVEL,1225,2025-09-20T20:00:00.000,7,20,9,84145ed252ec6c596c5cee337cf57e1500e207fdd7ea81cf39f11a7055e052a148d1a67289e084d0b4384d5ddd27094e61286f2f0a1e488fc5e99961fdf734ac,NO INJURY / DRIVE AWAY,"OVER $1,500",2025-09-22T16:45:00.000,NO CONTROLS,PARKED MOTOR VEHICLE,Y,0,0,1,0,0,0,0,41.8745973438,UNKNOWN,-87.6763255803,NO INDICATION OF INJURY,2,10,UNABLE TO DETERMINE,NOT ON SCENE (DESK REPORT),UNKNOWN,UNKNOWN,UNABLE TO DETERMINE,,S,DAMEN AVE,513,NO CONTROLS,PARKING LOT,OTHER,,,,,,Y,2,1,"{""coordinates"": [-87.676325580292, 41.874597343757], ""type"": ""Point""}","[""FRONT-RIGHT-CORNER"", ""UNKNOWN""]","[""GENERAL MOTORS CORPORATION (GMC)"", ""UNKNOWN""]","[""PARKED"", ""UNKNOWN/NA""]","[""OTHER (EXPLAIN IN NARRATIVE)"", ""TERRAIN""]",[],[],"[""DEPLOYMENT UNKNOWN""]","[""NONE""]","[""NO INDICATION OF INJURY""]","[""O2155853""]"