alignment,beat_of_occurrence,crash_date,crash_day_of_week,crash_hour,crash_month,crash_record_id,crash_type,damage,date_police_notified,device_condition,first_crash_type,hit_and_run_i,injuries_fatal,injuries_incapacitating,injuries_no_indication,injuries_non_incapacitating,injuries_reported_not_evident,injuries_total,injuries_unknown,latitude,lighting_condition,longitude,most_severe_injury,num_units,posted_speed_limit,prim_contributory_cause,report_type,road_defect,roadway_surface_cond,sec_contributory_cause,statements_taken_i,street_direction,street_name,street_no,traffic_control_device,trafficway_type,weather_condition,crash_date_est_i,intersection_related_i,photos_taken_i,work_zone_i,dooring_i,private_property_i,veh_count,ppl_count,location_json,veh_first_contact_point_list_json,veh_make_list_json,veh_maneuver_list_json,veh_model_list_json,veh_towed_i_list_json,ppl_age_list_json,ppl_airbag_deployed_list_json,ppl_ejection_list_json,ppl_injury_classification_list_json,ppl_person_id_list_json
STRAIGHT AND LEVEL,2422,2025-09-20T20:00:00.000,7,20,9,b191bbee435592ea47cf442a81094ffea593f42c518631cd03ea9b092ad7733dc6c712c178eb82d2aa7c9d084b7619c7e23ab812271e9306a5f4f4b0053d5af2,NO INJURY / DRIVE AWAY,"$501 - $1,500",2025-09-22T12:00:00.000,NO CONTROLS,PARKED MOTOR VEHICLE,Y,0,0,1,0,0,0,0,42.0192885501,DAYLIGHT,-87.6750585094,NO INDICATION OF INJURY,2,30,UNABLE TO DETERMINE,NOT ON SCENE (DESK REPORT),NO DEFECTS,DRY,UNABLE TO DETERMINE,,W,HOWARD ST,1763,NO CONTROLS,PARKING LOT,CLEAR,,,,,,,2,1,"{""coordinates"": [-87.675058509388, 42.019288550088], ""type"": ""Point""}","[""SIDE-LEFT"", ""SIDE-RIGHT""]","[""DODGE"", ""UNKNOWN""]","[""PARKED"", ""UNKNOWN/NA""]","[""CARAVAN"", ""MOTORIZED""]",[],[],"[""DEPLOYMENT UNKNOWN""]","[""NONE""]","[""NO INDICATION OF INJURY""]","[""O2156173""]"
STRAIGHT AND LEVEL,1834,2025-09-20T20:00:00.000,7,20,9,cdadaf61d5b8a1b8f93d140e9a6b5009d34a702fe65f3346b6cd674a27ecad47f6266068c8f673c45956b2921b257ef12160d3ae63a2fbbb2fd0acecb65cff4c,NO INJURY / DRIVE AWAY,"OVER $1,500",2025-09-20T20:30:00.000,UNKNOWN,SIDESWIPE SAME DIRECTION,,0,0,2,0,0,0,0,41.8914048807,"DARKNESS, LIGHTED ROAD",-87.6200812297,NO INDICATION OF INJURY,2,30,UNABLE TO DETERMINE,NOT ON SCENE (DESK REPORT),UNKNOWN,UNKNOWN,UNABLE TO DETERMINE,,N,COLUMBUS DR,511,UNKNOWN,NOT DIVIDED,RAIN,,,,,,,2,2,"{""coordinates"": [-87.620081229738, 41.891404880694], ""type"": ""Point""}","[""FRONT-LEFT-CORNER"", ""FRONT-RIGHT-CORNER""]","[""CHEVROLET"", ""HONDA""]","[""CHANGING LANES"", ""STRAIGHT AHEAD""]","[""CR-V"", ""CRUZE""]",[],"[""18"", ""29""]","[""DEPLOYMENT UNKNOWN""]","[""UNKNOWN""]","[""NO INDICATION OF INJURY""]","[""O2154715"", ""O2154716""]"
STRAIGHT AND LEVEL,512,2025-09-20T20:01:00.000,7,20,9,d95266fe58a3a3a84b40b1ed8ceb9c959742f8ea3ae6da50970b0d79e821bec34d3a49b96b23933d3bf449d7dc78768265b705b77932f6ef5f44c74fcb0c2810,INJURY AND / OR TOW DUE TO CRASH,"OVER $1,500",2025-09-20T20:01:00.000,UNKNOWN,PEDESTRIAN,Y,0,0,1,1,0,1,0,41.7072900641,UNKNOWN,-87.6081774651,NONINCAPACITATING INJURY,2,25,UNABLE TO DETERMINE,ON SCENE,UNKNOWN,UNKNOWN,UNABLE TO DETERMINE,,E,103RD ST,619,UNKNOWN,NOT DIVIDED,UNKNOWN,,,,,,,2,2,"{""coordinates"": [-87.608177465094, 41.707290064119], ""type"": ""Point""}","[""UNKNOWN""]","[""UNKNOWN""]","[""UNKNOWN/NA""]","[""OTHER (EXPLAIN IN NARRATIVE)""]",[],"[""28""]","[""DEPLOYMENT UNKNOWN""]","[""UNKNOWN""]","[""NO INDICATION OF INJURY"", ""NONINCAPACITATING INJURY""]","[""O2154731"", ""O2154732""]"
STRAIGHT AND LEVEL,2515,2025-09-20T20:15:00.000,7,20,9,fa64ae524074b3cdc58730f2e036b18a4481b5a86c557e495d16d17b68a4053f267466e73c7eda669308cb62028d41f34924f3d7e75cff1a568195fab42959ea,NO INJURY / DRIVE AWAY,"OVER $1,500",2025-09-20T20:26:00.000,NO CONTROLS,TURNING,,0,0,2,0,0,0,0,41.9240335497,"DARKNESS, LIGHTED ROAD",-87.7697014301,NO INDICATION OF INJURY,2,30,FAILING TO YIELD RIGHT-OF-WAY,NOT ON SCENE (DESK REPORT),NO DEFECTS,WET,UNABLE TO DETERMINE,,W,FULLERTON AVE,5730,NO CONTROLS,NOT DIVIDED,RAIN,,,,,,,2,2,"{""coordinates"": [-87.769701430094, 41.924033549733], ""type"": ""Point""}","[""FRONT-LEFT-CORNER"", ""FRONT-RIGHT-CORNER""]","[""HYUNDAI"", ""TOYOTA""]","[""STRAIGHT AHEAD"", ""TURNING LEFT""]","[""OTHER (EXPLAIN IN NARRATIVE)"", ""PRIUS""]",[],"[""35"", ""44""]","[""NOT APPLICABLE""]","[""NONE""]","[""NO INDICATION OF INJURY""]","[""O2154727"", ""O2154728""]"
STRAIGHT AND LEVEL,1424,2025-09-20T20:20:00.000,7,20,9,4553a3434293799695023d17460543661edc39913137e03b32e42b6bceeddea880fa9c856af329bbd7df140868ba046bfd70e595091526c7fc95dbdc5ff3db9f,NO INJURY / DRIVE AWAY,"OVER $1,500",2025-09-20T21:15:00.000,NO CONTROLS,SIDESWIPE OPPOSITE DIRECTION,,0,0,2,0,0,0,0,41.9033382119,"DARKNESS, LIGHTED ROAD",-87.6749636291,NO INDICATION OF INJURY,2,30,IMPROPER BACKING,NOT ON SCENE (DESK REPORT),NO DEFECTS,DRY,UNABLE TO DETERMINE,,W,DIVISION ST,1902,NO CONTROLS,DIVIDED - W/MEDIAN (NOT RAISED),CLEAR,,,,,,,2,2,"{""coordinates"": [-87.674963629094, 41.903338211907], ""type"": ""Point""}","[""FRONT-LEFT-CORNER"", ""FRONT-RIGHT-CORNER""]","[""JEEP"", ""TOYOTA""]","[""BACKING"", ""STRAIGHT AHEAD""]","[""CAMRY"", ""WRANGLER""]",[],"[""26"", ""33""]","[""DID NOT DEPLOY"", ""NOT APPLICABLE""]","[""NONE""]","[""NO INDICATION OF INJURY""]","[""O2154739"", ""O2154740""]"
STRAIGHT AND LEVEL,2522,2025-09-20T20:25:00.000,7,20,9,82551e5f4083bcb0bccc3bd78d2ebfbbdba541fca1d9b49cc99d13d49af217ac0379fac66fde8fa263080ac6c788bf4c5abd57da58e02c475c8b00d2ca88d9cb,NO INJURY / DRIVE AWAY,"OVER $1,500",2025-09-21T10:45:00.000,NO CONTROLS,SIDESWIPE SAME DIRECTION,,0,0,2,0,0,0,0,41.9169831126,"DARKNESS, LIGHTED ROAD",-87.7459665849,NO INDICATION OF INJURY,2,30,FAILING TO YIELD RIGHT-OF-WAY,NOT ON SCENE (DESK REPORT),NO DEFECTS,DRY,NOT APPLICABLE,,N,CICERO AVE,2001,NO CONTROLS,NOT DIVIDED,CLEAR,,,,,,,2,2,"{""coordinates"": [-87.745966584887, 41.916983112634], ""type"": ""Point""}","[""SIDE-LEFT"", ""SIDE-RIGHT-REAR""]","[""CHEVROLET"", ""HYUNDAI""]","[""MERGING"", ""STRAIGHT AHEAD""]","[""ELANTRA"", ""SILVERADO""]",[],"[""37"", ""40""]","[""NOT APPLICABLE""]","[""NONE""]","[""NO INDICATION OF INJURY""]","[""O2155030"", ""O2155031""]"
STRAIGHT AND LEVEL,1621,2025-09-20T20:25:00.000,7,20,9,d5404ba05e7105d28e3dc4f7797a3ede2620ea0efa001eaf8137b75f2ce4d6cf51fc54a38f7459bdcf1aee6cd341e5605f8c90323bfa3458d3d117bc8bbadd48,INJURY AND / OR TOW DUE TO CRASH,"OVER $1,500",2025-09-20T20:28:00.000,FUNCTIONING PROPERLY,TURNING,,0,0,2,0,0,0,0,41.996214506,"DARKNESS, LIGHTED ROAD",-87.7640993024,NO INDICATION OF INJURY,2,30,FAILING TO YIELD RIGHT-OF-WAY,ON SCENE,UNKNOWN,WET,IMPROPER TURNING/NO SIGNAL,,N,CALDWELL AVE,6321,TRAFFIC SIGNAL,DIVIDED - W/MEDIAN (NOT RAISED),RAIN,,Y,,,,,2,2,"{""coordinates"": [-87.764099302403, 41.996214505963], ""type"": ""Point""}","[""FRONT"", ""FRONT-LEFT-CORNER""]","[""LEXUS"", ""MITSUBISHI""]","[""STRAIGHT AHEAD"", ""TURNING LEFT""]","[""NX"", ""OTHER (EXPLAIN IN NARRATIVE)""]","[""Y""]","[""48"", ""79""]","[""DEPLOYED, COMBINATION"", ""DID NOT DEPLOY""]","[""NONE""]","[""NO INDICATION OF INJURY""]","[""O2154733"", ""O2154734""]"
STRAIGHT AND LEVEL,723,2025-09-20T20:30:00.000,7,20,9,2e24695713ac04ce0797c990b51ad9fb37381069e8e00bc6ec6a1daa4edf6f9aea4d8bb039cbb855f7bbc1909b1e544ae6487564d36abf93f022d6b8cef65ce4,NO INJURY / DRIVE AWAY,"$501 - $1,500",2025-09-20T21:15:00.000,NO CONTROLS,PARKED MOTOR VEHICLE,Y,0,0,1,0,0,0,0,41.7767878853,"DARKNESS, LIGHTED ROAD",-87.6469936307,NO INDICATION OF INJURY,2,30,FAILING TO YIELD RIGHT-OF-WAY,NOT ON SCENE (DESK REPORT),UNKNOWN,WET,UNABLE TO DETERMINE,,S,PEORIA ST,6437,NO CONTROLS,ONE-WAY,RAIN,,,,,,,2,1,"{""coordinates"": [-87.646993630744, 41.776787885306], ""type"": ""Point""}","[""REAR-LEFT-CORNER"", ""UNKNOWN""]","[""CHEVROLET""]","[""PARKED"", ""STRAIGHT AHEAD""]","[""MALIBU"", ""TRAX""]",[],[],"[""DEPLOYMENT UNKNOWN""]","[""NONE""]","[""NO INDICATION OF INJURY""]","[""O2154757""]"
STRAIGHT AND LEVEL,1824,2025-09-20T20:30:00.000,7,20,9,4ecbb5b8a096f4097fb6c266384d9bb5d406c05bb3300f43c7774716d6c49a2f732dc64dd25aeb8048c01c8673c367c76960b3a7740ddc2fcc7ce9d88ddf6c5f,NO INJURY / DRIVE AWAY,"OVER $1,500",2025-09-22T10:20:00.000,NO CONTROLS,SIDESWIPE SAME DIRECTION,Y,0,0,4,0,0,0,0,41.9009589191,"DARKNESS, LIGHTED ROAD",-87.6199281737,NO INDICATION OF INJURY,3,40,UNABLE TO DETERMINE,NOT ON SCENE (DESK REPORT),NO DEFECTS,WET,FAILING TO REDUCE SPEED TO AVOID CRASH,,N,LAKE SHORE DR NB,1000,NO CONTROLS,DIVIDED - W/MEDIAN BARRIER,CLEAR,,,,,,,3,4,"{""coordinates"": [-87.619928173678, 41.900958919109], ""type"": ""Point""}","[""FRONT-LEFT-CORNER"", ""FRONT-RIGHT-CORNER""]","[""HONDA"", ""TOYOTA"", ""VOLKSWAGEN""]","[""SKIDDING/CONTROL LOSS"", ""STRAIGHT AHEAD""]","[""CR-V"", ""PASSAT"", ""PRIUS""]",[],"[""39""]","[""DEPLOYMENT UNKNOWN"", ""DID NOT DEPLOY""]","[""NONE"", ""UNKNOWN""]","[""NO INDICATION OF INJURY""]","[""O2155580"", ""O2155581"", ""O2155582"", ""P475783""]"
STRAIGHT AND LEVEL,1653,2025-09-20T20:40:00.000,7,20,9,2d8a02d06c80834c0a167b651482466d229f3f90c8a6cf520f3e41475a88a8f9e3d8cab61a6254648bfb92bdf0fb42d803cb4d9d05f5a24b6c97ab9ac05eb5e0,NO INJURY / DRIVE AWAY,"OVER $1,500",2025-09-20T21:15:00.000,NO CONTROLS,SIDESWIPE SAME DIRECTION,,0,0,2,0,0,0,0,,"DARKNESS, LIGHTED ROAD",,NO INDICATION OF INJURY,2,30,UNABLE TO DETERMINE,NOT ON SCENE (DESK REPORT),UNKNOWN,DRY,NOT APPLICABLE,,W,TERMINAL ST,3,NO CONTROLS,ONE-WAY,CLEAR,,,,,,,2,2,,"[""FRONT-LEFT-CORNER"", ""FRONT-RIGHT-CORNER""]","[""AUDI"", ""FORD""]","[""STRAIGHT AHEAD""]","[""EXPEDITION"", ""Q7""]",[],"[""19"", ""49""]","[""DID NOT DEPLOY"", ""NOT APPLICABLE""]","[""NONE""]","[""NO INDICATION OF INJURY""]","[""O2154766"", ""O2154767""]"
STRAIGHT AND LEVEL,2234,2025-09-20T20:40:00.000,7,20,9,d5421b9fcd3d4948f5ef88173808b8e5bd242ce1294b731d0b79e407a8660a7d959540c939934c2e0b7f80072e044cbda758638a690316d5554b73cccac34f00,NO INJURY / DRIVE AWAY,"OVER $1,500",2025-09-20T20:42:00.000,NO CONTROLS,REAR END,,0,0,2,0,0,0,0,41.6776306491,DARKNESS,-87.6624507112,NO INDICATION OF INJURY,2,30,EQUIPMENT - VEHICLE CONDITION,ON SCENE,NO DEFECTS,WET,NOT APPLICABLE,,W,119TH ST,1630,NO CONTROLS,NOT DIVIDED,RAIN,,,,,,,2,2,"{""coordinates"": [-87.662450711185, 41.677630649115], ""type"": ""Point""}","[""FRONT-RIGHT-CORNER"", ""REAR-LEFT-CORNER""]","[""ACURA"", ""NOVA BUS""]","[""STRAIGHT AHEAD""]","[""CL"", ""LFS""]",[],"[""21"", ""52""]","[""DEPLOYED, FRONT"", ""NOT APPLICABLE""]","[""NONE""]","[""NO INDICATION OF INJURY""]","[""O2154735"", ""O2154736""]"
STRAIGHT AND LEVEL,911,2025-09-20T20:41:00.000,7,20,9,ac6e691ee78b39a7b5ae6107ad2a1d15edb5b9836e079fdae3a506e976c43e0587939f13400f9d3a544487783042287cfb54b69f6f2164b02dd6fdc58da2b2e2,INJURY AND / OR TOW DUE TO CRASH,"OVER $1,500",2025-09-20T21:45:00.000,NO CONTROLS,PARKED MOTOR VEHICLE,,0,0,1,0,0,0,0,41.828881765,"DARKNESS, LIGHTED ROAD",-87.6949308939,NO INDICATION OF INJURY,3,30,WEATHER,NOT ON SCENE (DESK REPORT),NO DEFECTS,WET,UNABLE TO DETERMINE,,S,CALIFORNIA AVE,3540,NO CONTROLS,NOT DIVIDED,RAIN,,,,,,,3,1,"{""coordinates"": [-87.694930893869, 41.828881765018], ""type"": ""Point""}","[""FRONT-RIGHT-CORNER"", ""SIDE-LEFT""]","[""TOYOTA"", ""VOLKSWAGEN""]","[""PARKED"", ""STRAIGHT AHEAD""]","[""CAMRY"", ""COROLLA"", ""GOLF""]","[""Y""]","[""67""]","[""DID NOT DEPLOY""]","[""NONE""]","[""NO INDICATION OF INJURY""]","[""O2154751""]"
STRAIGHT AND LEVEL,2533,2025-09-20T20:50:00.000,7,20,9,c09f1d572239d22f451c7a8bf039f401477763b57b385ca5bd95305450db0f57297ec721dcffb8048b07e04dfded3b8d708570e88d716a089d176f141d5b5575,NO INJURY / DRIVE AWAY,"OVER $1,500",2025-09-20T21:25:00.000,NO CONTROLS,HEAD ON,Y,0,0,2,0,0,0,0,41.9168314692,"DARKNESS, LIGHTED ROAD",-87.745312908,NO INDICATION OF INJURY,2,30,DRIVING ON WRONG SIDE/WRONG WAY,NOT ON SCENE (DESK REPORT),UNKNOWN,DRY,IMPROPER OVERTAKING/PASSING,,W,ARMITAGE AVE,4741,NO CONTROLS,NOT DIVIDED,CLEAR,,,,,,,2,2,"{""coordinates"": [-87.745312907971, 41.916831469166], ""type"": ""Point""}","[""FRONT""]","[""BMW"", ""FORD""]","[""DRIVING WRONG WAY"", ""SLOW/STOP IN TRAFFIC""]","[""MUSTANG"", ""OTHER (EXPLAIN IN NARRATIVE)""]",[],"[""67""]","[""DEPLOYMENT UNKNOWN"", ""NOT APPLICABLE""]","[""NONE""]","[""NO INDICATION OF INJURY""]","[""O2154745"", ""O2154746""]"
STRAIGHT AND LEVEL,1224,2025-09-20T21:00:00.000,7,21,9,0738d035559951577c7c2304de74733bdb0638580cc79cb76d7fd1c98c30af3da2b46ccb5584b634de8fc7556f8123627483d3dd6e6253ea86b963e416e51edb,NO INJURY / DRIVE AWAY,"$501 - $1,500",2025-09-20T22:00:00.000,NO CONTROLS,PARKED MOTOR VEHICLE,,0,0,2,0,0,0,0,41.8818631747,"DARKNESS, LIGHTED ROAD",-87.6489431523,NO INDICATION OF INJURY,2,30,UNABLE TO DETERMINE,NOT ON SCENE (DESK REPORT),UNKNOWN,DRY,UNABLE TO DETERMINE,,W,MADISON ST,840,NO CONTROLS,DIVIDED - W/MEDIAN (NOT RAISED),CLEAR,,,,,,,2,2,"{""coordinates"": [-87.648943152265, 41.88186317466], ""type"": ""Point""}","[""FRONT"", ""REAR""]","[""KIA"", ""LEXUS""]","[""PARKED"", ""STRAIGHT AHEAD""]","[""OPTIMA / K5"", ""RX350""]",[],"[""26"", ""65""]","[""DID NOT DEPLOY"", ""NOT APPLICABLE""]","[""NONE""]","[""NO INDICATION OF INJURY""]","[""O2154755"", ""P475566""]"
STRAIGHT AND LEVEL,914,2025-09-20T21:10:00.000,7,21,9,480f122e9a8c074502b75e433a776dd6958faaef9f6e5a33d15ca2cd1e468abfd37254befd67cb030b2220dccaf5b93e9078cb526f7b8a97c15b5eab68f3191f,NO INJURY / DRIVE AWAY,"OVER $1,500",2025-09-20T22:30:00.000,FUNCTIONING PROPERLY,TURNING,,0,0,2,0,0,0,0,41.8527370879,"DARKNESS, LIGHTED ROAD",-87.6323696142,NO INDICATION OF INJURY,2,30,DISREGARDING TRAFFIC SIGNALS,NOT ON SCENE (DESK REPORT),NO DEFECTS,DRY,FAILING TO REDUCE SPEED TO AVOID CRASH,,W,CERMAK RD,207,TRAFFIC SIGNAL,FOUR WAY,CLEAR,,Y,,,,,2,2,"{""coordinates"": [-87.632369614237, 41.852737087893], ""type"": ""Point""}","[""FRONT-RIGHT-CORNER"", ""SIDE-RIGHT""]","[""HONDA"", ""KIA""]","[""STRAIGHT AHEAD"", ""TURNING LEFT""]","[""ACCORD"", ""TELLURIDE""]",[],"[""19"", ""38""]","[""DID NOT DEPLOY"", ""NOT APPLICABLE""]","[""NONE""]","[""NO INDICATION OF INJURY""]","[""O2154772"", ""O2154773""]"
STRAIGHT AND LEVEL,932,2025-09-20T21:10:00.000,7,21,9,8b89b1d1eb7c0a6c6bc5661872de25c5d1d1c74df2e0fb20e75337f520870b1297e85da6ec1f7fa14fdc913d2c67267bad77c5d02139640f06c5efa2e15afe51,INJURY AND / OR TOW DUE TO CRASH,"OVER $1,500",2025-09-20T21:20:00.000,FUNCTIONING PROPERLY,ANGLE,Y,0,0,2,0,0,0,0,41.7940133348,DARKNESS,-87.6741591019,NO INDICATION OF INJURY,2,30,IMPROPER OVERTAKING/PASSING,ON SCENE,NO DEFECTS,WET,NOT APPLICABLE,,S,DAMEN AVE,5463,TRAFFIC SIGNAL,T-INTERSECTION,RAIN,,,,,,,2,2,"{""coordinates"": [-87.674159101906, 41.794013334818], ""type"": ""Point""}","[""FRONT""]","[""KIA"", ""UNKNOWN""]","[""PASSING/OVERTAKING"", ""STRAIGHT AHEAD""]","[""OTHER (EXPLAIN IN NARRATIVE)"", ""SOUL""]","[""Y""]","[""24""]","[""NOT APPLICABLE""]","[""NONE"", ""UNKNOWN""]","[""NO INDICATION OF INJURY""]","[""O2154741"", ""O2154742""]"
STRAIGHT AND LEVEL,715,2025-09-20T21:14:00.000,7,21,9,49d453f9846039e3c854e115b92906bb104123f583bc5bf02826b07b59800afee05a4dbbd9c735d770428e71d9151cf45aa9a2f8a079c8900eafcc9aa175cce0,INJURY AND / OR TOW DUE TO CRASH,"OVER $1,500",2025-09-20T21:21:00.000,FUNCTIONING PROPERLY,ANGLE,Y,0,0,1,1,0,1,0,41.7886579718,DARKNESS,-87.6740062187,NONINCAPACITATING INJURY,4,30,FAILING TO YIELD RIGHT-OF-WAY,ON SCENE,NO DEFECTS,WET,UNABLE TO DETERMINE,,S,DAMEN AVE,5755,STOP SIGN/FLASHER,FOUR WAY,CLEAR,,,,,,,4,2,"{""coordinates"": [-87.674006218682, 41.788657971808], ""type"": ""Point""}","[""FRONT"", ""FRONT-LEFT-CORNER"", ""REAR-LEFT-CORNER""]","[""CHEVROLET"", ""KIA"", ""OLDSMOBILE"", ""UNKNOWN""]","[""PARKED"", ""STRAIGHT AHEAD"", ""UNKNOWN/NA""]","[""ASTRO"", ""BRAVADA"", ""FORTE"", ""MOTORIZED""]",[],"[""59""]","[""DEPLOYMENT UNKNOWN"", ""DID NOT DEPLOY""]","[""NONE""]","[""NO INDICATION OF INJURY"", ""NONINCAPACITATING INJURY""]","[""O2154759"", ""O2154760""]"
STRAIGHT AND LEVEL,623,2025-09-20T21:28:00.000,7,21,9,bb462ef85f4952b67222a89281f1a4d6c6fa2cf99151c735919fabff61eecc899661d8ad48c97c839bcc4ccbdf0304bc6805aa35be5b0cc1f2a580ecfcb6e88c,NO INJURY / DRIVE AWAY,"OVER $1,500",2025-09-20T21:28:00.000,FUNCTIONING PROPERLY,HEAD ON,Y,0,0,2,0,0,0,0,41.7562857008,DARKNESS,-87.6324066628,NO INDICATION OF INJURY,2,30,FAILING TO YIELD RIGHT-OF-WAY,ON SCENE,NO DEFECTS,WET,NOT APPLICABLE,,S,VINCENNES AVE,7600,TRAFFIC SIGNAL,FOUR WAY,RAIN,,,,,,,2,2,"{""coordinates"": [-87.632406662789, 41.756285700818], ""type"": ""Point""}","[""FRONT""]","[""CHEVROLET"", ""NISSAN""]","[""STRAIGHT AHEAD""]","[""ALTIMA"", ""SILVERADO""]",[],"[""56""]","[""DEPLOYMENT UNKNOWN"", ""NOT APPLICABLE""]","[""NONE"", ""UNKNOWN""]","[""NO INDICATION OF INJURY""]","[""O2154753"", ""O2154754""]"
STRAIGHT AND LEVEL,323,2025-09-20T21:28:00.000,7,21,9,c94b8177030fd90513c1d3dd0351ecc9482ba389666d612066569388b654407a59f14e01637f135c53480c9926eab4945f7b99f4f273ef9bb90af5fd117ff53b,NO INJURY / DRIVE AWAY,"OVER $1,500",2025-09-20T21:40:00.000,UNKNOWN,TURNING,,0,0,3,0,0,0,0,41.7658003513,"DARKNESS, LIGHTED ROAD",-87.605729127,NO INDICATION OF INJURY,2,30,IMPROPER TURNING/NO SIGNAL,NOT ON SCENE (DESK REPORT),UNKNOWN,UNKNOWN,UNABLE TO DETERMINE,,S,COTTAGE GROVE AVE,7100,TRAFFIC SIGNAL,"FIVE POINT, OR MORE",UNKNOWN,,Y,,,,,2,3,"{""coordinates"": [-87.60572912699, 41.765800351319], ""type"": ""Point""}","[""FRONT-LEFT-CORNER"", ""SIDE-RIGHT-FRONT""]","[""DODGE"", ""VOLKSWAGEN""]","[""TURNING LEFT""]","[""GTI"", ""JOURNEY""]",[],"[""28"", ""43"", ""66""]","[""DEPLOYED, COMBINATION"", ""DEPLOYMENT UNKNOWN"", ""DID NOT DEPLOY""]","[""NONE"", ""UNKNOWN""]","[""NO INDICATION OF INJURY""]","[""O2154749"", ""O2154750"", ""P475562""]"
STRAIGHT AND LEVEL,1832,2025-09-20T21:30:00.000,7,21,9,40a90636cd431a1f05608ce1bf12ef07458d7fdfa4a9cc11145460c37194b2b80bb164635b1165fd3c8ffbca9235b9bfc528c5fc443f6c7c942513911d36c5d9,NO INJURY / DRIVE AWAY,"OVER $1,500",2025-09-21T12:05:00.000,NO CONTROLS,PARKED MOTOR VEHICLE,Y,0,0,1,0,0,0,0,41.8955683487,"DARKNESS, LIGHTED ROAD",-87.6282518615,NO INDICATION OF INJURY,2,10,UNABLE TO DETERMINE,NOT ON SCENE (DESK REPORT),NO DEFECTS,DRY,UNABLE TO DETERMINE,,W,SUPERIOR ST,1,NO CONTROLS,PARKING LOT,CLEAR,,,,,,Y,2,1,"{""coordinates"": [-87.628251861473, 41.895568348703], ""type"": ""Point""}","[""REAR-RIGHT-CORNER"", ""UNKNOWN""]","[""AUDI"", ""UNKNOWN""]","[""PARKED"", ""UNKNOWN/NA""]","[""A3"", ""OTHER (EXPLAIN IN NARRATIVE)""]",[],[],"[""DEPLOYMENT UNKNOWN""]","[""NONE""]","[""NO INDICATION OF INJURY""]","[""O2155065""]"
STRAIGHT AND LEVEL,414,2025-09-20T21:34:00.000,7,21,9,faedca844e6f91921e6e9d333626fcab71bbdbf29838803dac2d53eb332b1b5aabad869bef2d3c7ef6479459927962fde71e215a394e94176404d666c42851e0,NO INJURY / DRIVE AWAY,$500 OR LESS,2025-09-20T21:34:00.000,NO CONTROLS,SIDESWIPE SAME DIRECTION,,0,0,2,0,0,0,0,41.7514422069,"DARKNESS, LIGHTED ROAD",-87.5818232159,NO INDICATION OF INJURY,2,30,UNABLE TO DETERMINE,ON SCENE,UNKNOWN,DRY,UNABLE TO DETERMINE,,S,RIDGELAND AVE,7900,NO CONTROLS,NOT DIVIDED,RAIN,,,,,,,2,2,"{""coordinates"": [-87.581823215883, 41.751442206869], ""type"": ""Point""}","[""FRONT-LEFT-CORNER"", ""REAR-LEFT-CORNER""]","[""LEXUS"", ""NEW FLYER""]","[""ENTERING TRAFFIC LANE FROM PARKING"", ""STRAIGHT AHEAD""]","[""OTHER (EXPLAIN IN NARRATIVE)""]",[],[],"[""DEPLOYMENT UNKNOWN"", ""NOT APPLICABLE""]","[""NONE"", ""UNKNOWN""]","[""NO INDICATION OF INJURY""]","[""O2154768"", ""O2154769""]"
STRAIGHT AND LEVEL,1413,2025-09-20T21:46:00.000,7,21,9,8d35b4a009fe017241d9101da2720c2fa1127fc6b1bb427b7a2b75329772d0641db51656cb87953d3fd3cb4614a565f55eb5c8a9da5abc6e6bfceaf00b91e52a,INJURY AND / OR TOW DUE TO CRASH,"OVER $1,500",2025-09-20T21:59:00.000,NO CONTROLS,HEAD ON,,0,0,2,0,0,0,0,41.9174958374,"DARKNESS, LIGHTED ROAD",-87.7081851231,NO INDICATION OF INJURY,2,30,UNDER THE INFLUENCE OF ALCOHOL/DRUGS (USE WHEN ARREST IS EFFECTED),,NO DEFECTS,DRY,FAILING TO REDUCE SPEED TO AVOID CRASH,,W,ARMITAGE AVE,3228,NO CONTROLS,NOT DIVIDED,CLEAR,,,,,,,2,2,"{""coordinates"": [-87.708185123144, 41.917495837364], ""type"": ""Point""}","[""FRONT-LEFT-CORNER""]","[""HYUNDAI"", ""TOYOTA""]","[""STRAIGHT AHEAD""]","[""COROLLA"", ""SONATA""]","[""Y""]","[""29"", ""37""]","[""DID NOT DEPLOY"", ""NOT APPLICABLE""]","[""NONE""]","[""NO INDICATION OF INJURY""]","[""O2155756"", ""O2155757""]"
STRAIGHT AND LEVEL,914,2025-09-20T21:48:00.000,7,21,9,4201b1fb5df24e6d70203d3c0559eba70ef7bef0dfd8997029af1a275b573ef0aac1ec74e9b3d9f0bcba71f7fe6cb276c9db554aaf96cd2978fc8f787b7bf64f,NO INJURY / DRIVE AWAY,"OVER $1,500",2025-09-20T22:30:00.000,FUNCTIONING PROPERLY,ANGLE,,0,0,3,0,0,0,0,41.8382990401,"DARKNESS, LIGHTED ROAD",-87.6352600804,NO INDICATION OF INJURY,2,30,FAILING TO YIELD RIGHT-OF-WAY,NOT ON SCENE (DESK REPORT),NO DEFECTS,WET,UNABLE TO DETERMINE,,W,31ST ST,332,STOP SIGN/FLASHER,FOUR WAY,CLEAR,,Y,,,,,2,3,"{""coordinates"": [-87.63526008043, 41.838299040082], ""type"": ""Point""}","[""FRONT-LEFT-CORNER"", ""FRONT-RIGHT-CORNER""]","[""FORD"", ""TESLA""]","[""STRAIGHT AHEAD""]","[""FUSION"", ""MODEL 3""]",[],"[""25"", ""44""]","[""NOT APPLICABLE""]","[""NONE""]","[""NO INDICATION OF INJURY""]","[""O2154776"", ""O2154777"", ""P475568""]"