alignment,beat_of_occurrence,crash_date,crash_day_of_week,crash_hour,crash_month,crash_record_id,crash_type,damage,date_police_notified,device_condition,first_crash_type,hit_and_run_i,injuries_fatal,injuries_incapacitating,injuries_no_indication,injuries_non_incapacitating,injuries_reported_not_evident,injuries_total,injuries_unknown,latitude,lighting_condition,longitude,most_severe_injury,num_units,posted_speed_limit,prim_contributory_cause,report_type,road_defect,roadway_surface_cond,sec_contributory_cause,statements_taken_i,street_direction,street_name,street_no,traffic_control_device,trafficway_type,weather_condition,crash_date_est_i,intersection_related_i,photos_taken_i,work_zone_i,dooring_i,private_property_i,veh_count,ppl_count,location_json,veh_first_contact_point_list_json,veh_make_list_json,veh_maneuver_list_json,veh_model_list_json,veh_towed_i_list_json,ppl_age_list_json,ppl_airbag_deployed_list_json,ppl_ejection_list_json,ppl_injury_classification_list_json,ppl_person_id_list_json
STRAIGHT AND LEVEL,1112,2025-09-21T01:16:00.000,1,1,9,36176244207341f5a13d6a4ec13e71ccf8a8d342cce8fe9fb0e6a5d8ef027f751cb452154df213ba456bb9b61a7dba0c580495ee6474242a0d84c261fb9a1edb,INJURY AND / OR TOW DUE TO CRASH,"OVER $1,500",2025-09-21T01:20:00.000,FUNCTIONING PROPERLY,ANGLE,,0,0,3,0,0,0,0,41.9026072813,"DARKNESS, LIGHTED ROAD",-87.72091259,NO INDICATION OF INJURY,2,35,DISREGARDING TRAFFIC SIGNALS,ON SCENE,NO DEFECTS,DRY,NOT APPLICABLE,,W,DIVISION ST,3749,TRAFFIC SIGNAL,FOUR WAY,CLEAR,,Y,,,,,2,3,"{""coordinates"": [-87.720912590023, 41.90260728126], ""type"": ""Point""}","[""FRONT"", ""SIDE-LEFT-REAR""]","[""JEEP""]","[""STRAIGHT AHEAD""]","[""GRAND CHEROKEE""]","[""Y""]","[""31"", ""37"", ""44""]","[""DEPLOYMENT UNKNOWN""]","[""NONE""]","[""NO INDICATION OF INJURY""]","[""O2154854"", ""O2154855"", ""P475591""]"
STRAIGHT AND LEVEL,1633,2025-09-21T01:19:00.000,1,1,9,9ddf1cee578639739f197dfc1e5c49b11c46393e30677a7e0b26054f58616815ed414b096e720638b826279cf67d2fba82be2cc74c39b7a1f2a680953ca7e13d,INJURY AND / OR TOW DUE TO CRASH,"OVER $1,500",2025-09-21T01:19:00.000,NO CONTROLS,PARKED MOTOR VEHICLE,,0,0,0,1,0,1,0,41.9531176828,"DARKNESS, LIGHTED ROAD",-87.7634968202,NONINCAPACITATING INJURY,3,30,"DISTRACTION - OTHER ELECTRONIC DEVICE (NAVIGATION DEVICE, DVD PLAYER, ETC.)",ON SCENE,NO DEFECTS,WET,"DISTRACTION - OTHER ELECTRONIC DEVICE (NAVIGATION DEVICE, DVD PLAYER, ETC.)",,W,IRVING PARK RD,5435,NO CONTROLS,NOT DIVIDED,CLEAR,,,,,,,3,1,"{""coordinates"": [-87.763496820185, 41.953117682809], ""type"": ""Point""}","[""FRONT-RIGHT-CORNER"", ""REAR-LEFT-CORNER""]","[""DODGE"", ""TOYOTA""]","[""PARKED"", ""STRAIGHT AHEAD""]","[""GRAND CARAVAN"", ""PRIUS"", ""RAV4""]","[""Y""]","[""21""]","[""DID NOT DEPLOY""]","[""NONE""]","[""NONINCAPACITATING INJURY""]","[""O2154851""]"
STRAIGHT AND LEVEL,914,2025-09-21T01:24:00.000,1,1,9,2d3a8687a459d5bdaec72f72ff44487c64987e72cdc86d03c43bbc6f419a3ffa91d3daf15403b71d368147e330f4e9015343cb37885c0876b9a87e414ef62d1b,NO INJURY / DRIVE AWAY,"OVER $1,500",2025-09-21T01:25:00.000,NO CONTROLS,PARKED MOTOR VEHICLE,,0,0,2,0,0,0,0,41.8492672107,"DARKNESS, LIGHTED ROAD",-87.6317873531,NO INDICATION OF INJURY,2,15,NOT APPLICABLE,ON SCENE,NO DEFECTS,DRY,NOT APPLICABLE,,S,WENTWORTH AVE,2357,NO CONTROLS,PARKING LOT,CLEAR,,,,,,,2,2,"{""coordinates"": [-87.631787353134, 41.849267210651], ""type"": ""Point""}","[""FRONT-LEFT-CORNER"", ""SIDE-RIGHT-REAR""]","[""KIA"", ""VOLKSWAGEN""]","[""OTHER"", ""PARKED""]","[""GTI"", ""TELLURIDE""]",[],"[""17"", ""49""]","[""NOT APPLICABLE""]","[""NONE""]","[""NO INDICATION OF INJURY""]","[""O2154857"", ""P475592""]"
STRAIGHT AND LEVEL,1823,2025-09-21T01:30:00.000,1,1,9,3a022d1558eebcdee7ebfec61ee3672d66cca9d3f9a3fc21f287e90672ddf6aa678dda67c8e140d021525f3d47dc2f96c8d7aab6c15c1c5d0c0a9d888685e866,NO INJURY / DRIVE AWAY,"$501 - $1,500",2025-09-21T01:37:00.000,FUNCTIONING PROPERLY,REAR END,Y,0,0,2,0,0,0,0,41.903656038,"DARKNESS, LIGHTED ROAD",-87.6400225038,NO INDICATION OF INJURY,2,30,UNABLE TO DETERMINE,ON SCENE,UNKNOWN,DRY,NOT APPLICABLE,,W,DIVISION ST,443,TRAFFIC SIGNAL,FOUR WAY,CLEAR,,,,,,,2,2,"{""coordinates"": [-87.640022503836, 41.903656037982], ""type"": ""Point""}","[""FRONT"", ""REAR""]","[""TOYOTA"", ""UNKNOWN""]","[""SLOW/STOP IN TRAFFIC"", ""STRAIGHT AHEAD""]","[""MOTORIZED"", ""PRIUS""]",[],"[""48""]","[""DEPLOYMENT UNKNOWN"", ""DID NOT DEPLOY""]","[""NONE""]","[""NO INDICATION OF INJURY""]","[""O2154841"", ""O2154842""]"
STRAIGHT AND LEVEL,122,2025-09-21T01:30:00.000,1,1,9,4af718fbf74b0a43dc246572770d0b94933c827b9cecae2658a0d133aefd51163faf9c1d7500c7cee3360c069936ba3ed5a5418bf8a036b3fce8f262dfe079ba,NO INJURY / DRIVE AWAY,"OVER $1,500",2025-09-22T18:19:00.000,UNKNOWN,REAR END,Y,0,0,2,0,0,0,0,41.884067765,UNKNOWN,-87.632281664,NO INDICATION OF INJURY,2,25,NOT APPLICABLE,NOT ON SCENE (DESK REPORT),UNKNOWN,UNKNOWN,NOT APPLICABLE,,N,LA SALLE ST,133,UNKNOWN,NOT DIVIDED,UNKNOWN,,,,,,,2,2,"{""coordinates"": [-87.63228166405, 41.884067765036], ""type"": ""Point""}","[""FRONT"", ""REAR""]","[""BMW"", ""PORSCHE""]","[""UNKNOWN/NA""]","[""5 SERIES"", ""MACAN""]",[],"[""27""]","[""DEPLOYMENT UNKNOWN"", ""NOT APPLICABLE""]","[""NONE""]","[""NO INDICATION OF INJURY""]","[""O2155971"", ""O2155972""]"
STRAIGHT AND LEVEL,411,2025-09-21T01:35:00.000,1,1,9,b1775215dda2f05790da4879bf46578176783f53f5656c3e4f468edaecb7149116acd1e68010bd3e3edd4a10f3b6e807be582bf0d0277eeffa3ba7d6468ab48d,INJURY AND / OR TOW DUE TO CRASH,"OVER $1,500",2025-09-22T14:30:00.000,FUNCTIONING PROPERLY,ANGLE,,0,0,1,1,0,1,0,41.7586582177,"DARKNESS, LIGHTED ROAD",-87.5856793843,NONINCAPACITATING INJURY,2,30,DISREGARDING TRAFFIC SIGNALS,NOT ON SCENE (DESK REPORT),NO DEFECTS,DRY,FAILING TO REDUCE SPEED TO AVOID CRASH,,E,75TH ST,1601,TRAFFIC SIGNAL,DIVIDED - W/MEDIAN BARRIER,CLEAR,,,,,,,2,2,"{""coordinates"": [-87.585679384328, 41.758658217701], ""type"": ""Point""}","[""FRONT-LEFT-CORNER"", ""FRONT-RIGHT-CORNER""]","[""HONDA"", ""JEEP""]","[""STRAIGHT AHEAD""]","[""CIVIC"", ""LAREDO""]",[],"[""61""]","[""DEPLOYMENT UNKNOWN"", ""NOT APPLICABLE""]","[""NONE""]","[""NO INDICATION OF INJURY"", ""NONINCAPACITATING INJURY""]","[""O2155770"", ""O2155771""]"
STRAIGHT AND LEVEL,1414,2025-09-21T01:38:00.000,1,1,9,a62438853d479d5848b7417e567753391f7639aaeb42bbe08241b39ae413fc776bdbe3def1b34039a70b08b21712b01b7538163b68c4f1ddfde30840f2bffc2c,NO INJURY / DRIVE AWAY,"$501 - $1,500",2025-09-21T01:38:00.000,FUNCTIONING PROPERLY,REAR END,,0,0,2,0,0,0,0,41.9258834432,DAWN,-87.7019774764,NO INDICATION OF INJURY,2,30,FAILING TO REDUCE SPEED TO AVOID CRASH,ON SCENE,NO DEFECTS,WET,NOT APPLICABLE,,N,MILWAUKEE AVE,2453,TRAFFIC SIGNAL,NOT DIVIDED,RAIN,,,,,,,2,2,"{""coordinates"": [-87.701977476394, 41.925883443191], ""type"": ""Point""}","[""FRONT"", ""REAR""]","[""MAZDA"", ""TOYOTA""]","[""SLOW/STOP IN TRAFFIC"", ""STRAIGHT AHEAD""]","[""626"", ""TACOMA""]",[],"[""34"", ""37""]","[""NOT APPLICABLE""]","[""NONE""]","[""NO INDICATION OF INJURY""]","[""O2154849"", ""O2154850""]"
STRAIGHT AND LEVEL,2212,2025-09-21T02:00:00.000,1,2,9,955b01c536fcc850c16ab4ea5be11f34a5a8da6a9660a788b51e54543aca6877e6eda3a98fe9f183671aa69c7bd29eb2dbdacd17ca01e29b5b6fce5c4380b8fa,NO INJURY / DRIVE AWAY,"OVER $1,500",2025-09-21T15:43:00.000,NO CONTROLS,SIDESWIPE SAME DIRECTION,Y,0,0,2,0,0,0,0,41.6788439529,"DARKNESS, LIGHTED ROAD",-87.6808968259,NO INDICATION OF INJURY,2,30,UNABLE TO DETERMINE,NOT ON SCENE (DESK REPORT),UNKNOWN,DRY,NOT APPLICABLE,,S,WESTERN AVE,11800,NO CONTROLS,NOT DIVIDED,CLEAR,,,,,,,2,2,"{""coordinates"": [-87.680896825911, 41.678843952905], ""type"": ""Point""}","[""REAR"", ""SIDE-RIGHT""]","[""CHEVROLET"", ""HONDA""]","[""STRAIGHT AHEAD""]","[""CR-V"", ""OTHER (EXPLAIN IN NARRATIVE)""]",[],[],"[""DEPLOYMENT UNKNOWN"", ""DID NOT DEPLOY""]","[""NONE""]","[""NO INDICATION OF INJURY""]","[""O2155184"", ""O2155185""]"
STRAIGHT AND LEVEL,1812,2025-09-21T02:00:00.000,1,2,9,aabc4a438cc1c4b49193b41f23de4ecd8e7221caa726a39241c99b93c3cd9e9e4bf4b31b2f54998a736696639e6105e4a2104ec5d03377f5a576da022476a74c,NO INJURY / DRIVE AWAY,"$501 - $1,500",2025-09-21T03:50:00.000,FUNCTIONING PROPERLY,REAR END,,0,0,2,0,0,0,0,41.9216104783,"DARKNESS, LIGHTED ROAD",-87.648773916,NO INDICATION OF INJURY,2,30,UNABLE TO DETERMINE,NOT ON SCENE (DESK REPORT),NO DEFECTS,WET,UNABLE TO DETERMINE,,N,HALSTED ST,2154,TRAFFIC SIGNAL,NOT DIVIDED,CLEAR,,Y,,,,,2,2,"{""coordinates"": [-87.648773915976, 41.921610478287], ""type"": ""Point""}","[""FRONT"", ""REAR""]","[""LEXUS"", ""TOYOTA""]","[""SLOW/STOP IN TRAFFIC""]","[""300"", ""AVALON""]",[],"[""26"", ""72""]","[""DID NOT DEPLOY""]","[""NONE""]","[""NO INDICATION OF INJURY""]","[""O2154880"", ""O2154881""]"
STRAIGHT AND LEVEL,1031,2025-09-21T02:00:00.000,1,2,9,ce66f749815ef4a59c749bf86a1e1828f578f1e254c4fb215a2ea27df858bcca35221d951324c2a65d0aa27b3f69cfba3b4cb7035df47b6fceb2d5b5ec316734,NO INJURY / DRIVE AWAY,"OVER $1,500",2025-09-21T12:46:00.000,NO CONTROLS,PARKED MOTOR VEHICLE,N,0,0,1,0,0,0,0,41.8428409041,DARKNESS,-87.7207007718,NO INDICATION OF INJURY,2,25,UNABLE TO DETERMINE,ON SCENE,NO DEFECTS,DRY,UNABLE TO DETERMINE,,S,AVERS AVE,2649,NO CONTROLS,ONE-WAY,CLEAR,Y,,,,,,2,1,"{""coordinates"": [-87.720700771782, 41.842840904076], ""type"": ""Point""}","[""FRONT-RIGHT-CORNER"", ""SIDE-LEFT""]","[""CHEVROLET"", ""FORD""]","[""PARKED"", ""UNKNOWN/NA""]","[""FOCUS"", ""SILVERADO""]",[],[],"[""DEPLOYMENT UNKNOWN""]","[""NONE""]","[""NO INDICATION OF INJURY""]","[""O2155204""]"
STRAIGHT AND LEVEL,323,2025-09-21T02:20:00.000,1,2,9,fee6ac3ca34649e7a7dddff474484b8a9e5a0245812833141787613ff5da611e06d7b99159bdca7c750c2734ad678de6b2180141b89910b15ae0c031c31cf09e,NO INJURY / DRIVE AWAY,"OVER $1,500",2025-09-21T11:30:00.000,NO CONTROLS,TURNING,,0,0,2,0,0,0,0,41.7583793278,DARKNESS,-87.6227656677,NO INDICATION OF INJURY,2,25,UNABLE TO DETERMINE,NOT ON SCENE (DESK REPORT),NO DEFECTS,DRY,UNABLE TO DETERMINE,,E,75TH ST,50,STOP SIGN/FLASHER,NOT DIVIDED,CLEAR,,Y,,,,,2,2,"{""coordinates"": [-87.622765667652, 41.758379327761], ""type"": ""Point""}","[""FRONT-LEFT-CORNER""]","[""HYUNDAI"", ""INFINITI""]","[""STRAIGHT AHEAD"", ""TURNING LEFT""]","[""ELANTRA"", ""EX37""]",[],[],"[""DEPLOYMENT UNKNOWN"", ""DID NOT DEPLOY""]","[""NONE""]","[""NO INDICATION OF INJURY""]","[""O2155061"", ""O2155062""]"
STRAIGHT AND LEVEL,1834,2025-09-21T02:21:00.000,1,2,9,07248eff26815648ab791cf2f0f7601844c39575ed4bf8c9b9c58c09c679ea507a9a1586ad201f6341ae4f9b153d8483c7a9106e360e0d18142135a03b81cabb,NO INJURY / DRIVE AWAY,"$501 - $1,500",2025-09-21T03:14:00.000,FUNCTIONING PROPERLY,SIDESWIPE SAME DIRECTION,,0,0,2,0,0,0,0,41.8923834166,"DARKNESS, LIGHTED ROAD",-87.6268047866,NO INDICATION OF INJURY,2,30,FAILING TO YIELD RIGHT-OF-WAY,NOT ON SCENE (DESK REPORT),NO DEFECTS,DRY,FAILING TO YIELD RIGHT-OF-WAY,,E,OHIO ST,31,TRAFFIC SIGNAL,ONE-WAY,CLEAR,,,,,,,2,2,"{""coordinates"": [-87.626804786562, 41.892383416639], ""type"": ""Point""}","[""FRONT-LEFT-CORNER"", ""SIDE-RIGHT""]","[""HONDA"", ""TOYOTA""]","[""STARTING IN TRAFFIC"", ""STRAIGHT AHEAD""]","[""HR-V"", ""VENZA""]",[],[],"[""DID NOT DEPLOY"", ""NOT APPLICABLE""]","[""NONE""]","[""NO INDICATION OF INJURY""]","[""O2154868"", ""O2154869""]"
STRAIGHT AND LEVEL,522,2025-09-21T02:22:00.000,1,2,9,39532540e563bfcd93d163d7f2b57cd12d4cc73e2906624e67df0db68d24fbe4bbc406cabee109a68cb2e27c167badbfe10fb15c9746c8fe71adfa510158ae56,INJURY AND / OR TOW DUE TO CRASH,"OVER $1,500",2025-09-21T02:22:00.000,UNKNOWN,PARKED MOTOR VEHICLE,,0,0,0,2,0,2,0,41.6923803305,"DARKNESS, LIGHTED ROAD",-87.6311014356,NONINCAPACITATING INJURY,2,30,UNABLE TO DETERMINE,ON SCENE,UNKNOWN,DRY,UNABLE TO DETERMINE,,W,111TH ST,319,UNKNOWN,NOT DIVIDED,CLEAR,,,,,,,2,2,"{""coordinates"": [-87.631101435565, 41.692380330527], ""type"": ""Point""}","[""FRONT"", ""REAR-LEFT-CORNER""]","[""CHEVROLET"", ""TOYOTA""]","[""PARKED"", ""STRAIGHT AHEAD""]","[""COROLLA"", ""MALIBU""]","[""Y""]","[""28"", ""31""]","[""DID NOT DEPLOY"", ""NOT APPLICABLE""]","[""NONE""]","[""NONINCAPACITATING INJURY""]","[""O2154875"", ""P475601""]"
STRAIGHT AND LEVEL,522,2025-09-21T02:28:00.000,1,2,9,6b4a42d541accda9ac8367cddc1f2fc3e41767fe71b3b9120e8b4c5c94f8fedb8546f66c1c29795107ec70ba6638cfb07eeb0adc980a5610502911c926347218,INJURY AND / OR TOW DUE TO CRASH,"OVER $1,500",2025-09-21T02:28:00.000,NO CONTROLS,PARKED MOTOR VEHICLE,,0,0,1,0,0,0,0,41.6828143143,"DARKNESS, LIGHTED ROAD",-87.6277583957,NO INDICATION OF INJURY,3,30,DISTRACTION - FROM INSIDE VEHICLE,ON SCENE,NO DEFECTS,DRY,DISTRACTION - FROM INSIDE VEHICLE,,S,WENTWORTH AVE,11620,NO CONTROLS,NOT DIVIDED,CLEAR,,,,,,,3,1,"{""coordinates"": [-87.627758395674, 41.682814314323], ""type"": ""Point""}","[""FRONT"", ""REAR"", ""REAR-LEFT-CORNER""]","[""KIA"", ""NISSAN""]","[""PARKED"", ""STRAIGHT AHEAD""]","[""PATHFINDER"", ""SELTOS"", ""VERSA""]","[""Y""]","[""40""]","[""DEPLOYED, FRONT""]","[""NONE""]","[""NO INDICATION OF INJURY""]","[""O2154909""]"
STRAIGHT AND LEVEL,2234,2025-09-21T02:30:00.000,1,2,9,17b5c42377172641b70785bec0448bf446a365c563054cf5dfb9bececbd6dc28a8c9b49adc5513581e8ab5d27c0c7633b5205e6ffe9f51aa7e40f78e29c3be78,INJURY AND / OR TOW DUE TO CRASH,"OVER $1,500",2025-09-21T02:44:00.000,FUNCTIONING PROPERLY,ANGLE,,0,0,2,1,0,1,0,41.6920731982,"DARKNESS, LIGHTED ROAD",-87.661003058,NONINCAPACITATING INJURY,2,30,UNABLE TO DETERMINE,ON SCENE,NO DEFECTS,DRY,UNABLE TO DETERMINE,,S,MARSHFIELD AVE,11100,TRAFFIC SIGNAL,T-INTERSECTION,CLEAR,,,,,,,2,3,"{""coordinates"": [-87.661003057986, 41.692073198171], ""type"": ""Point""}","[""FRONT-LEFT-CORNER"", ""FRONT-RIGHT-CORNER""]","[""CHEVROLET""]","[""STRAIGHT AHEAD""]","[""CAMARO"", ""TRAX""]","[""N""]","[""40"", ""44"", ""45""]","[""DEPLOYED, COMBINATION""]","[""NONE""]","[""NO INDICATION OF INJURY"", ""NONINCAPACITATING INJURY""]","[""O2154870"", ""O2154871"", ""P475600""]"
STRAIGHT AND LEVEL,212,2025-09-21T02:30:00.000,1,2,9,28d333b055bbee686fcf2e7ca0788adfc90e879c1ac4317b6293f6801c0c5a7705907fae69d504baf1714867342ea549811bd221eb8e48594c365a567ee87e30,NO INJURY / DRIVE AWAY,"$501 - $1,500",2025-09-21T02:49:00.000,NO CONTROLS,SIDESWIPE SAME DIRECTION,Y,0,0,2,0,0,0,0,41.8311117688,"DARKNESS, LIGHTED ROAD",-87.6062745353,NO INDICATION OF INJURY,2,45,IMPROPER OVERTAKING/PASSING,NOT ON SCENE (DESK REPORT),NO DEFECTS,DRY,NOT APPLICABLE,,S,LAKE SHORE DR NB,3500,NO CONTROLS,OTHER,CLEAR,,,,,,,2,2,"{""coordinates"": [-87.606274535319, 41.831111768829], ""type"": ""Point""}","[""SIDE-LEFT"", ""SIDE-RIGHT""]","[""MAZDA"", ""UNKNOWN""]","[""STRAIGHT AHEAD""]","[""CX-5"", ""OTHER (EXPLAIN IN NARRATIVE)""]",[],"[""19""]","[""DEPLOYMENT UNKNOWN"", ""DID NOT DEPLOY""]","[""NONE""]","[""NO INDICATION OF INJURY""]","[""O2154877"", ""O2154878""]"
STRAIGHT AND LEVEL,834,2025-09-21T02:47:00.000,1,2,9,5aa21cc378bd784713e6039e03c1efcdeaa0616d5045fb3f6d4bdaabc15ffcf3673e803004d841133e3dc41d507a7318c87e0e1a2060c28dc607b27d83b7aa3a,INJURY AND / OR TOW DUE TO CRASH,"$501 - $1,500",2025-09-21T02:57:00.000,NO CONTROLS,FIXED OBJECT,,0,0,1,0,0,0,0,41.7474139234,"DARKNESS, LIGHTED ROAD",-87.7338878805,NO INDICATION OF INJURY,1,30,UNDER THE INFLUENCE OF ALCOHOL/DRUGS (USE WHEN ARREST IS EFFECTED),ON SCENE,NO DEFECTS,DRY,UNDER THE INFLUENCE OF ALCOHOL/DRUGS (USE WHEN ARREST IS EFFECTED),,S,KILBOURN AVE,7963,NO CONTROLS,OTHER,CLEAR,,,,,,Y,1,1,"{""coordinates"": [-87.733887880516, 41.74741392342], ""type"": ""Point""}","[""FRONT""]","[""CHRYSLER""]","[""UNKNOWN/NA""]","[""300""]","[""Y""]","[""20""]","[""NOT APPLICABLE""]","[""NONE""]","[""NO INDICATION OF INJURY""]","[""O2154903""]"
STRAIGHT AND LEVEL,114,2025-09-21T03:00:00.000,1,3,9,47d29c3edbf55385c551aa1d905f47f76ab778e5bfa743f9a19d7f8c4aac2d960e931eb8a9b05049419a0a8261a9b82a95f177ce957a940c978ab46a11b58f03,NO INJURY / DRIVE AWAY,"$501 - $1,500",2025-09-24T15:15:00.000,NO CONTROLS,PARKED MOTOR VEHICLE,Y,0,0,1,0,0,0,0,41.8794917607,"DARKNESS, LIGHTED ROAD",-87.6242043888,NO INDICATION OF INJURY,2,30,UNABLE TO DETERMINE,NOT ON SCENE (DESK REPORT),UNKNOWN,UNKNOWN,NOT APPLICABLE,,S,MICHIGAN AVE,201,NO CONTROLS,UNKNOWN,CLEAR,,,,,,,2,1,"{""coordinates"": [-87.624204388826, 41.87949176069], ""type"": ""Point""}","[""FRONT"", ""UNKNOWN""]","[""HYUNDAI"", ""UNKNOWN""]","[""PARKED"", ""UNKNOWN/NA""]","[""OTHER (EXPLAIN IN NARRATIVE)""]",[],[],"[""DEPLOYMENT UNKNOWN""]","[""NONE""]","[""NO INDICATION OF INJURY""]","[""O2157155""]"
STRAIGHT AND LEVEL,122,2025-09-21T03:04:00.000,1,3,9,3f63e3d18de33cbcc8ab0f93383bf9b3b8e292d9a13b3e36f21d363f9e6dd8d3ff78b4ef58e6be3c15e70aa856a5372850b22ffc8696a30f84183cebc42a8205,NO INJURY / DRIVE AWAY,"OVER $1,500",2025-09-21T03:04:00.000,FUNCTIONING PROPERLY,ANGLE,,0,0,2,0,0,0,0,41.8794175161,"DARKNESS, LIGHTED ROAD",-87.6365578636,NO INDICATION OF INJURY,2,30,UNDER THE INFLUENCE OF ALCOHOL/DRUGS (USE WHEN ARREST IS EFFECTED),ON SCENE,NO DEFECTS,WET,DRIVING ON WRONG SIDE/WRONG WAY,,S,WACKER DR,151,TRAFFIC SIGNAL,DIVIDED - W/MEDIAN BARRIER,CLEAR,Y,,,,,,2,2,"{""coordinates"": [-87.636557863568, 41.879417516097], ""type"": ""Point""}","[""FRONT-LEFT-CORNER""]","[""LEXUS"", ""TOYOTA""]","[""STRAIGHT AHEAD""]","[""ES"", ""PRIUS""]","[""N""]","[""0"", ""57""]","[""DEPLOYMENT UNKNOWN"", ""NOT APPLICABLE""]","[""NONE""]","[""NO INDICATION OF INJURY""]","[""O2154925"", ""O2154926""]"
STRAIGHT AND LEVEL,2533,2025-09-21T03:05:00.000,1,3,9,57fa9ea91602ffa38810ef53e01def5c368c42fc708d13d4658e9acce1c2b6824c9f6cd7dcb79060964267348032baeb2f4b4459a129700160c8aa3d7b783fec,INJURY AND / OR TOW DUE TO CRASH,"OVER $1,500",2025-09-21T03:10:00.000,NO CONTROLS,HEAD ON,Y,0,0,1,1,0,1,0,41.9120465334,"DARKNESS, LIGHTED ROAD",-87.7494056619,NONINCAPACITATING INJURY,2,25,UNABLE TO DETERMINE,ON SCENE,NO DEFECTS,DRY,UNABLE TO DETERMINE,,N,LAMON AVE,1720,NO CONTROLS,NOT DIVIDED,CLEAR,,,,,,,2,2,"{""coordinates"": [-87.749405661898, 41.912046533389], ""type"": ""Point""}","[""FRONT""]","[""HYUNDAI"", ""UNKNOWN""]","[""STRAIGHT AHEAD"", ""UNKNOWN/NA""]","[""GENESIS"", ""MOTORIZED""]","[""Y""]","[""25""]","[""DEPLOYED, COMBINATION"", ""DEPLOYMENT UNKNOWN""]","[""NONE"", ""UNKNOWN""]","[""NO INDICATION OF INJURY"", ""NONINCAPACITATING INJURY""]","[""O2154873"", ""O2154874""]"
STRAIGHT AND LEVEL,522,2025-09-21T03:17:00.000,1,3,9,6b6fd107a416adf08b3fb0c31fd682c0b3ad5b2bccacd28c2cc25bdae0a3292e81db2002bdf8f801035c4c34fe054e87d10ec5539e68beff6f366d86238046c1,INJURY AND / OR TOW DUE TO CRASH,"OVER $1,500",2025-09-21T03:54:00.000,FUNCTIONING PROPERLY,ANGLE,Y,0,0,1,1,1,2,0,41.6851692166,"DARKNESS, LIGHTED ROAD",-87.6278337937,NONINCAPACITATING INJURY,2,30,DISREGARDING TRAFFIC SIGNALS,ON SCENE,NO DEFECTS,DRY,NOT APPLICABLE,,S,WENTWORTH AVE,11500,TRAFFIC SIGNAL,NOT DIVIDED,CLEAR,,,,,,,2,3,"{""coordinates"": [-87.627833793667, 41.68516921663], ""type"": ""Point""}","[""FRONT""]","[""FORD"", ""PONTIAC""]","[""STRAIGHT AHEAD""]","[""EXPLORER"", ""GRAND AM""]","[""Y""]","[""36"", ""41""]","[""DEPLOYED, COMBINATION"", ""DEPLOYMENT UNKNOWN""]","[""NONE""]","[""NO INDICATION OF INJURY"", ""NONINCAPACITATING INJURY"", ""REPORTED, NOT EVIDENT""]","[""O2154896"", ""O2154897"", ""P475604""]"
STRAIGHT AND LEVEL,1225,2025-09-21T03:20:00.000,1,3,9,5610133436c4326a5e984e8ac42d7e92b5767ffe7ddb84fe58203235acc4ce00c9915f452cecd8e31f6abbce8df0681bbb168e0c5f91b902208b2a4f28faddb3,INJURY AND / OR TOW DUE TO CRASH,"OVER $1,500",2025-09-21T03:23:00.000,FUNCTIONING PROPERLY,ANGLE,,0,0,2,2,0,2,0,41.8775905328,"DARKNESS, LIGHTED ROAD",-87.6765991166,NONINCAPACITATING INJURY,2,30,FAILING TO YIELD RIGHT-OF-WAY,ON SCENE,NO DEFECTS,DRY,DISREGARDING TRAFFIC SIGNALS,,W,JACKSON BLVD,2000,TRAFFIC SIGNAL,FOUR WAY,CLEAR,,Y,,,,,2,4,"{""coordinates"": [-87.676599116599, 41.877590532768], ""type"": ""Point""}","[""FRONT"", ""FRONT-RIGHT-CORNER""]","[""DODGE"", ""FORD""]","[""STRAIGHT AHEAD""]","[""F450"", ""JOURNEY""]",[],"[""30"", ""46"", ""47"", ""55""]","[""DEPLOYMENT UNKNOWN"", ""DID NOT DEPLOY""]","[""NONE""]","[""NO INDICATION OF INJURY"", ""NONINCAPACITATING INJURY""]","[""O2154894"", ""O2154895"", ""P475603"", ""P475605""]"
STRAIGHT AND LEVEL,1632,2025-09-21T03:35:00.000,1,3,9,5406c303900f758b7c7d93a55ebe59cbdcc57cd1c5c059cababd5c7415dd51c64ea136a6d2ac9fd18a40d5cb06b10b5bf65208e2b5201df123c77920d317f51d,INJURY AND / OR TOW DUE TO CRASH,"OVER $1,500",2025-09-21T03:37:00.000,NO CONTROLS,PARKED MOTOR VEHICLE,,0,0,0,0,1,1,0,41.9511435935,"DARKNESS, LIGHTED ROAD",-87.796063105,"REPORTED, NOT EVIDENT",2,30,PHYSICAL CONDITION OF DRIVER,ON SCENE,NO DEFECTS,WET,NOT APPLICABLE,,N,OAK PARK AVE,3907,NO CONTROLS,NOT DIVIDED,CLEAR,,,,,,,2,1,"{""coordinates"": [-87.796063105026, 41.951143593533], ""type"": ""Point""}","[""FRONT-RIGHT-CORNER"", ""REAR-LEFT-CORNER""]","[""NISSAN"", ""TESLA""]","[""PARKED"", ""STRAIGHT AHEAD""]","[""MODEL X"", ""VERSA""]","[""Y""]","[""36""]","[""DID NOT DEPLOY""]","[""NONE""]","[""REPORTED, NOT EVIDENT""]","[""O2154884""]"
STRAIGHT AND LEVEL,1831,2025-09-21T03:45:00.000,1,3,9,98b30930360de5ecf0b93085a4ee26f3ab94025b7da03f4edf71336599bf98fd609ae17cca41015b73840fef794bce4630072ba0b07cfdbfc061aebe525cd859,NO INJURY / DRIVE AWAY,$500 OR LESS,2025-09-21T04:08:00.000,NO CONTROLS,SIDESWIPE SAME DIRECTION,,0,0,2,0,0,0,0,41.8937827774,"DARKNESS, LIGHTED ROAD",-87.6357793414,NO INDICATION OF INJURY,2,30,DISTRACTION - FROM INSIDE VEHICLE,NOT ON SCENE (DESK REPORT),NO DEFECTS,DRY,DISTRACTION - FROM INSIDE VEHICLE,,N,FRANKLIN ST,646,NO CONTROLS,NOT DIVIDED,CLEAR,,,,,,,2,2,"{""coordinates"": [-87.635779341382, 41.893782777377], ""type"": ""Point""}","[""SIDE-LEFT"", ""SIDE-RIGHT""]","[""LINCOLN"", ""NISSAN""]","[""OTHER""]","[""AVIATOR"", ""ROGUE""]",[],[],"[""DID NOT DEPLOY"", ""NOT APPLICABLE""]","[""NONE""]","[""NO INDICATION OF INJURY""]","[""O2154882"", ""O2154883""]"