alignment,beat_of_occurrence,crash_date,crash_day_of_week,crash_hour,crash_month,crash_record_id,crash_type,damage,date_police_notified,device_condition,first_crash_type,hit_and_run_i,injuries_fatal,injuries_incapacitating,injuries_no_indication,injuries_non_incapacitating,injuries_reported_not_evident,injuries_total,injuries_unknown,latitude,lighting_condition,longitude,most_severe_injury,num_units,posted_speed_limit,prim_contributory_cause,report_type,road_defect,roadway_surface_cond,sec_contributory_cause,statements_taken_i,street_direction,street_name,street_no,traffic_control_device,trafficway_type,weather_condition,crash_date_est_i,intersection_related_i,photos_taken_i,work_zone_i,dooring_i,private_property_i,veh_count,ppl_count,location_json,veh_first_contact_point_list_json,veh_make_list_json,veh_maneuver_list_json,veh_model_list_json,veh_towed_i_list_json,ppl_age_list_json,ppl_airbag_deployed_list_json,ppl_ejection_list_json,ppl_injury_classification_list_json,ppl_person_id_list_json
STRAIGHT AND LEVEL,2411,2025-09-21T03:57:00.000,1,3,9,5cad6f2cb2b888041794e50254c1044d637e4b94f56527af46b93fa10430784124b7eb0d515d0733bd15ab9a72c402c1aeae44c8e4d5298e3c8fe7fbd444d6f3,INJURY AND / OR TOW DUE TO CRASH,"OVER $1,500",2025-09-21T04:20:00.000,NO CONTROLS,PARKED MOTOR VEHICLE,,0,0,1,0,0,0,0,42.0056145366,"DARKNESS, LIGHTED ROAD",-87.7091715264,NO INDICATION OF INJURY,3,25,UNABLE TO DETERMINE,ON SCENE,NO DEFECTS,WET,UNABLE TO DETERMINE,,N,KEDZIE AVE,6833,NO CONTROLS,NOT DIVIDED,CLEAR,,,,,,,3,1,"{""coordinates"": [-87.709171526438, 42.005614536586], ""type"": ""Point""}","[""FRONT-RIGHT-CORNER"", ""REAR"", ""REAR-LEFT-CORNER""]","[""HONDA"", ""LEXUS"", ""TOYOTA""]","[""PARKED"", ""STRAIGHT AHEAD""]","[""ACCORD"", ""RAV4"", ""RX350""]","[""Y""]","[""47""]","[""DID NOT DEPLOY""]","[""NONE""]","[""NO INDICATION OF INJURY""]","[""O2154904""]"
STRAIGHT AND LEVEL,1722,2025-09-21T04:00:00.000,1,4,9,14d0ea23fdd15ed7a19930340bd76b2ed796beef2e12f813008c9bd60a5d8b76922123a5fdfb75747f1f0e3a748f49e71bb2c2617af4ef801fcd2b6e6cf0d34d,NO INJURY / DRIVE AWAY,"OVER $1,500",2025-09-21T12:40:00.000,NO CONTROLS,PARKED MOTOR VEHICLE,Y,0,0,1,0,0,0,0,41.9577722934,UNKNOWN,-87.7278834195,NO INDICATION OF INJURY,2,30,IMPROPER OVERTAKING/PASSING,NOT ON SCENE (DESK REPORT),NO DEFECTS,DRY,UNABLE TO DETERMINE,,N,PULASKI RD,4214,NO CONTROLS,DIVIDED - W/MEDIAN (NOT RAISED),CLEAR,,,,,,,2,1,"{""coordinates"": [-87.727883419518, 41.957772293415], ""type"": ""Point""}","[""SIDE-LEFT"", ""SIDE-RIGHT""]","[""UNKNOWN"", ""VOLKSWAGEN""]","[""PARKED"", ""UNKNOWN/NA""]","[""ATLAS"", ""OTHER (EXPLAIN IN NARRATIVE)""]",[],[],"[""DEPLOYMENT UNKNOWN""]","[""NONE""]","[""NO INDICATION OF INJURY""]","[""O2155082""]"
STRAIGHT AND LEVEL,614,2025-09-21T04:05:00.000,1,4,9,6bf263b53f78e1a8eefe0ffaf537fe055aba3bb81d5a7417954d68f14e7fab97525665525e6a21f438c97f11840fdefc7738ae7dc8be4b4eba9a0ea162aaa324,NO INJURY / DRIVE AWAY,"OVER $1,500",2025-09-21T04:35:00.000,NO CONTROLS,PARKED MOTOR VEHICLE,Y,0,0,1,0,0,0,0,41.7393572582,"DARKNESS, LIGHTED ROAD",-87.6620851694,NO INDICATION OF INJURY,2,30,UNABLE TO DETERMINE,NOT ON SCENE (DESK REPORT),UNKNOWN,DRY,UNABLE TO DETERMINE,,S,JUSTINE ST,8500,NO CONTROLS,ONE-WAY,CLEAR,,,,,,,2,1,"{""coordinates"": [-87.662085169446, 41.739357258189], ""type"": ""Point""}","[""SIDE-LEFT"", ""SIDE-RIGHT""]","[""DODGE"", ""FORD""]","[""PARKED"", ""UNKNOWN/NA""]","[""JOURNEY"", ""MUSTANG""]",[],[],"[""DEPLOYMENT UNKNOWN""]","[""NONE""]","[""NO INDICATION OF INJURY""]","[""O2154886""]"
STRAIGHT AND LEVEL,2213,2025-09-21T04:12:00.000,1,4,9,885432df00f99e989a8cc01512694348fb23f36bb688c0f62d7ea9cc030873d252104d78e9a168ecbdabc8fa0725333c09e274159a4cd20a8e194785a171df8a,INJURY AND / OR TOW DUE TO CRASH,"OVER $1,500",2025-09-21T04:14:00.000,NO CONTROLS,FIXED OBJECT,,0,0,1,0,0,0,0,41.706853083,"DARKNESS, LIGHTED ROAD",-87.6588740632,NO INDICATION OF INJURY,1,30,PHYSICAL CONDITION OF DRIVER,ON SCENE,NO DEFECTS,DRY,UNABLE TO DETERMINE,,W,103RD ST,1440,NO CONTROLS,NOT DIVIDED,CLEAR,,,,,,,1,1,"{""coordinates"": [-87.658874063172, 41.706853083008], ""type"": ""Point""}","[""FRONT-RIGHT-CORNER""]","[""NISSAN""]","[""STRAIGHT AHEAD""]","[""KICKS""]","[""Y""]","[""45""]","[""DEPLOYED, FRONT""]","[""NONE""]","[""NO INDICATION OF INJURY""]","[""O2154898""]"
STRAIGHT AND LEVEL,1113,2025-09-21T04:20:00.000,1,4,9,7db6d021a3e04a73d9977978ff5aaf9e3a3bd6a9bfa6622d0e063ae55ffbe0db67e72b25174cd9b2e62893e1a52329d17dd8d8f16d9ef4a2adebe217092edd68,INJURY AND / OR TOW DUE TO CRASH,"OVER $1,500",2025-09-21T13:54:00.000,FUNCTIONING PROPERLY,HEAD ON,Y,0,0,4,0,0,0,0,41.8854516289,DARKNESS,-87.7403985043,NO INDICATION OF INJURY,2,30,UNABLE TO DETERMINE,NOT ON SCENE (DESK REPORT),UNKNOWN,UNKNOWN,UNABLE TO DETERMINE,,N,KENTON AVE,300,STOP SIGN/FLASHER,FOUR WAY,UNKNOWN,,Y,,,,,2,4,"{""coordinates"": [-87.740398504269, 41.885451628909], ""type"": ""Point""}","[""FRONT""]","[""UNKNOWN"", ""VOLKSWAGEN""]","[""UNKNOWN/NA""]","[""OTHER (EXPLAIN IN NARRATIVE)""]","[""Y""]","[""31""]","[""DEPLOYMENT UNKNOWN"", ""DID NOT DEPLOY""]","[""NONE""]","[""NO INDICATION OF INJURY""]","[""O2155137"", ""O2155138"", ""P475657"", ""P475658""]"
STRAIGHT AND LEVEL,1834,2025-09-21T04:20:00.000,1,4,9,c13c40fb94c84d37c841f1b7e6302f300ab35a42cc7e4211f49d9baad5c99d9a6af6871593a0d3af1f9ec5080aeb6079231e97775a07b779ba0221f3ae6c723d,NO INJURY / DRIVE AWAY,"OVER $1,500",2025-09-21T05:10:00.000,NO CONTROLS,SIDESWIPE SAME DIRECTION,,0,0,3,0,0,0,0,41.8927155909,DARKNESS,-87.6240443336,NO INDICATION OF INJURY,2,30,FAILING TO REDUCE SPEED TO AVOID CRASH,NOT ON SCENE (DESK REPORT),UNKNOWN,WET,IMPROPER LANE USAGE,,N,MICHIGAN AVE,605,NO CONTROLS,DIVIDED - W/MEDIAN BARRIER,CLEAR,,,,,,,2,3,"{""coordinates"": [-87.624044333609, 41.892715590941], ""type"": ""Point""}","[""FRONT-RIGHT-CORNER"", ""SIDE-LEFT""]","[""FORD"", ""TOYOTA""]","[""STRAIGHT AHEAD""]","[""BRONCO / BRONCO II"", ""HIGHLANDER""]",[],"[""32"", ""55"", ""65""]","[""DID NOT DEPLOY""]","[""NONE""]","[""NO INDICATION OF INJURY""]","[""O2154901"", ""O2154902"", ""P475611""]"
STRAIGHT AND LEVEL,833,2025-09-21T04:24:00.000,1,4,9,5699bcd0cd114e790ba3249d740c2bafbaff1af65602f6009af3419b3acd4153c344b568e16944d15e3695f5e884985dea988d10abeb525c05427e2219635ad3,INJURY AND / OR TOW DUE TO CRASH,"OVER $1,500",2025-09-21T04:24:00.000,NO CONTROLS,PARKED MOTOR VEHICLE,,0,0,2,0,0,0,0,41.7698295432,"DARKNESS, LIGHTED ROAD",-87.7226809851,NO INDICATION OF INJURY,2,30,EQUIPMENT - VEHICLE CONDITION,ON SCENE,NO DEFECTS,DRY,NOT APPLICABLE,,S,PULASKI RD,6750,NO CONTROLS,NOT DIVIDED,CLEAR,,,,,,,2,2,"{""coordinates"": [-87.722680985078, 41.769829543233], ""type"": ""Point""}","[""FRONT-RIGHT-CORNER"", ""REAR-LEFT-CORNER""]","[""CITY DUMPER TRAILER"", ""NISSAN""]","[""PARKED"", ""STRAIGHT AHEAD""]","[""CITY DUMPER TRAILER"", ""ROGUE""]","[""Y""]","[""27"", ""29""]","[""DEPLOYED, COMBINATION""]","[""NONE""]","[""NO INDICATION OF INJURY""]","[""O2154907"", ""P475607""]"
STRAIGHT AND LEVEL,813,2025-09-21T04:30:00.000,1,4,9,82a7a0b8b80282bdb021deed817eb0d024c31846c54efb4eea42588a1fe8ac70a3c2bc15e6c1e4210039e43c47f8271729629615ea38ac9a003ab626c5c6e994,INJURY AND / OR TOW DUE TO CRASH,"OVER $1,500",2025-09-21T04:34:00.000,NO CONTROLS,TURNING,,0,2,0,2,0,4,0,41.7786229531,DARKNESS,-87.7352122874,INCAPACITATING INJURY,3,30,FAILING TO YIELD RIGHT-OF-WAY,ON SCENE,NO DEFECTS,WET,NOT APPLICABLE,,W,63RD ST,4504,NO CONTROLS,NOT DIVIDED,CLEAR,,,,,,,3,4,"{""coordinates"": [-87.735212287366, 41.778622953072], ""type"": ""Point""}","[""FRONT"", ""OTHER""]","[""NISSAN"", ""TESLA""]","[""PARKED"", ""STRAIGHT AHEAD"", ""TURNING LEFT""]","[""ALTIMA"", ""MODEL X"", ""ROGUE""]","[""Y""]","[""18"", ""25"", ""32"", ""43""]","[""DEPLOYED, COMBINATION"", ""DEPLOYED, SIDE""]","[""NONE""]","[""INCAPACITATING INJURY"", ""NONINCAPACITATING INJURY""]","[""O2154914"", ""O2154915"", ""P475609"", ""P475610""]"
STRAIGHT AND LEVEL,323,2025-09-21T04:40:00.000,1,4,9,927f7529c83a1ac144497f39efbcf336eaafc4346d769c09d314e1e22a62a7ec395ac94c029f2d51f78c7fe84a0bf3d79e4f393e3c6ddea44da42acb916cf705,NO INJURY / DRIVE AWAY,"OVER $1,500",2025-09-21T04:46:00.000,FUNCTIONING PROPERLY,TURNING,Y,0,0,3,0,0,0,0,41.7654513146,"DARKNESS, LIGHTED ROAD",-87.6151113491,NO INDICATION OF INJURY,2,30,UNABLE TO DETERMINE,,NO DEFECTS,UNKNOWN,NOT APPLICABLE,,S,DR MARTIN LUTHER KING JR DR,7107,TRAFFIC SIGNAL,FOUR WAY,CLEAR,,Y,,,,,2,3,"{""coordinates"": [-87.61511134908, 41.765451314585], ""type"": ""Point""}","[""FRONT-LEFT-CORNER"", ""FRONT-RIGHT-CORNER""]","[""HYUNDAI""]","[""PASSING/OVERTAKING"", ""TURNING RIGHT""]","[""ELANTRA"", ""SONATA""]",[],"[""39"", ""41""]","[""DEPLOYMENT UNKNOWN"", ""DID NOT DEPLOY""]","[""NONE""]","[""NO INDICATION OF INJURY""]","[""O2155090"", ""O2155091"", ""P475636""]"
STRAIGHT AND LEVEL,1731,2025-09-21T04:45:00.000,1,4,9,9484e12a4b02d2436742795b1878646db259ec572e28e27fdcf263aa5b56baa2d7cc50c5b47b928b4345304e11915977e8654133a42c31afbabc4d007807d820,INJURY AND / OR TOW DUE TO CRASH,"OVER $1,500",2025-09-21T18:20:00.000,NO CONTROLS,PARKED MOTOR VEHICLE,Y,0,0,1,0,0,0,0,41.9390373979,"DARKNESS, LIGHTED ROAD",-87.7395610769,NO INDICATION OF INJURY,2,30,IMPROPER LANE USAGE,NOT ON SCENE (DESK REPORT),NO DEFECTS,DRY,NOT APPLICABLE,,W,BELMONT AVE,4500,NO CONTROLS,DIVIDED - W/MEDIAN (NOT RAISED),CLEAR,,,,,,,2,1,"{""coordinates"": [-87.739561076866, 41.939037397917], ""type"": ""Point""}","[""REAR"", ""UNKNOWN""]","[""HONDA"", ""SUBARU""]","[""PARKED"", ""STRAIGHT AHEAD""]","[""CIVIC"", ""OTHER (EXPLAIN IN NARRATIVE)""]","[""Y""]",[],"[""DEPLOYMENT UNKNOWN""]","[""NONE""]","[""NO INDICATION OF INJURY""]","[""O2155292""]"
STRAIGHT AND LEVEL,814,2025-09-21T04:50:00.000,1,4,9,26a2534d460f4f8da32bcaed0d5deb0b6ac4b8faaf9f683f80861600699f6c1e3dbf2df5a3188a038347b6ae9082a06bb01edf72614f344d1c94b64a968b9f0b,INJURY AND / OR TOW DUE TO CRASH,"OVER $1,500",2025-09-21T05:00:00.000,UNKNOWN,FIXED OBJECT,,0,1,0,0,0,1,0,41.7966757919,"DARKNESS, LIGHTED ROAD",-87.7622830005,INCAPACITATING INJURY,1,30,UNABLE TO DETERMINE,ON SCENE,NO DEFECTS,DRY,UNABLE TO DETERMINE,,S,CENTRAL AVE,5259,UNKNOWN,CENTER TURN LANE,CLEAR,,,,,,,1,1,"{""coordinates"": [-87.762283000475, 41.796675791949], ""type"": ""Point""}","[""REAR""]","[""TESLA""]","[""STRAIGHT AHEAD""]","[""MODEL 3""]","[""Y""]","[""25""]","[""DEPLOYMENT UNKNOWN""]","[""NONE""]","[""INCAPACITATING INJURY""]","[""O2154919""]"
STRAIGHT AND LEVEL,2531,2025-09-21T05:12:00.000,1,5,9,4da93a4f8bae31fe01bf274cb3a606fbe62561cc73b254a554076212de6e17b414235291b09521d73e3ea03334497ae03ebf9be3ad9c6657b51ba33ad8a55461,INJURY AND / OR TOW DUE TO CRASH,"OVER $1,500",2025-09-21T05:29:00.000,NO CONTROLS,PARKED MOTOR VEHICLE,,0,0,1,1,0,1,0,41.9093903894,"DARKNESS, LIGHTED ROAD",-87.773378177,NONINCAPACITATING INJURY,2,30,UNABLE TO DETERMINE,,NO DEFECTS,DRY,NOT APPLICABLE,,W,NORTH AVE,5914,NO CONTROLS,DIVIDED - W/MEDIAN (NOT RAISED),CLEAR,,,,,,,2,2,"{""coordinates"": [-87.773378176978, 41.909390389387], ""type"": ""Point""}","[""FRONT-RIGHT-CORNER"", ""REAR-LEFT-CORNER""]","[""GENERAL MOTORS CORPORATION (GMC)"", ""HYUNDAI""]","[""PARKED"", ""UNKNOWN/NA""]","[""ACADIA"", ""TUCSON""]","[""Y""]","[""29""]","[""DEPLOYED, FRONT""]","[""NONE""]","[""NO INDICATION OF INJURY"", ""NONINCAPACITATING INJURY""]","[""O2156585"", ""P475944""]"
STRAIGHT AND LEVEL,1934,2025-09-21T05:15:00.000,1,5,9,cf65c4f11c3f0da3fa7c550a023dfffd2ffe6e2ff332129808dacf29ddd01eb83a6a7b622ce30afec3699f92ecc08b2347ed0a4ed83dbcd002f0f1fdb4401515,NO INJURY / DRIVE AWAY,"OVER $1,500",2025-09-21T06:00:00.000,NO CONTROLS,HEAD ON,Y,0,0,2,0,0,0,0,41.9356742273,"DARKNESS, LIGHTED ROAD",-87.6454961138,NO INDICATION OF INJURY,4,30,DRIVING ON WRONG SIDE/WRONG WAY,NOT ON SCENE (DESK REPORT),NO DEFECTS,WET,"OPERATING VEHICLE IN ERRATIC, RECKLESS, CARELESS, NEGLIGENT OR AGGRESSIVE MANNER",,W,OAKDALE AVE,630,NO CONTROLS,ONE-WAY,RAIN,,,,,,,4,2,"{""coordinates"": [-87.645496113751, 41.935674227283], ""type"": ""Point""}","[""FRONT-LEFT-CORNER"", ""UNKNOWN""]","[""FORD"", ""SUBARU"", ""UNKNOWN""]","[""PARKED"", ""STRAIGHT AHEAD""]","[""EXPLORER"", ""IMPREZA"", ""OTHER (EXPLAIN IN NARRATIVE)""]",[],"[""50""]","[""DEPLOYMENT UNKNOWN"", ""DID NOT DEPLOY""]","[""NONE""]","[""NO INDICATION OF INJURY""]","[""O2154930"", ""O2154931""]"
STRAIGHT AND LEVEL,1831,2025-09-21T05:20:00.000,1,5,9,b51ea79228a5e91a4a3538badcbfad46adab98dceac811532efce90c8aa5ce9ad84bc9945d8dea75710bd6840a1c97f7b095349245736f33c008cd5109a0075f,NO INJURY / DRIVE AWAY,"$501 - $1,500",2025-09-21T13:40:00.000,NO CONTROLS,ANGLE,Y,0,0,2,0,0,0,0,41.894066648,DUSK,-87.6365931854,NO INDICATION OF INJURY,2,35,UNABLE TO DETERMINE,NOT ON SCENE (DESK REPORT),NO DEFECTS,DRY,NOT APPLICABLE,,W,ERIE ST,320,UNKNOWN,NOT DIVIDED,CLEAR,,,,,,,2,2,"{""coordinates"": [-87.636593185403, 41.894066647976], ""type"": ""Point""}","[""FRONT-LEFT-CORNER"", ""FRONT-RIGHT-CORNER""]","[""MITSUBISHI"", ""UNKNOWN""]","[""STRAIGHT AHEAD""]","[""OTHER (EXPLAIN IN NARRATIVE)"", ""OUTLANDER""]",[],[],"[""DEPLOYMENT UNKNOWN"", ""NOT APPLICABLE""]","[""NONE""]","[""NO INDICATION OF INJURY""]","[""O2155107"", ""O2155108""]"
STRAIGHT AND LEVEL,332,2025-09-21T05:23:00.000,1,5,9,0faacc651d895861601fd9c97e51ea99c52ab914d4be3764398a0eb4f7f951ee4200df73850e3632a69237d50c7e257d1d1507c38b862173719b8820fe7a5145,INJURY AND / OR TOW DUE TO CRASH,"OVER $1,500",2025-09-21T05:26:00.000,NO CONTROLS,PARKED MOTOR VEHICLE,,0,0,1,0,0,0,0,41.7668137779,"DARKNESS, LIGHTED ROAD",-87.57646401,NO INDICATION OF INJURY,2,30,FAILING TO REDUCE SPEED TO AVOID CRASH,ON SCENE,UNKNOWN,WET,DISTRACTION - FROM INSIDE VEHICLE,,S,JEFFERY BLVD,7040,NO CONTROLS,NOT DIVIDED,OTHER,,,,,,,2,1,"{""coordinates"": [-87.576464010035, 41.766813777882], ""type"": ""Point""}","[""FRONT-RIGHT-CORNER"", ""REAR""]","[""AUDI"", ""VOLKSWAGEN""]","[""PARKED IN TRAFFIC LANE"", ""STRAIGHT AHEAD""]","[""PASSAT"", ""Q5""]","[""N"", ""Y""]","[""27""]","[""DEPLOYED, FRONT""]","[""NONE""]","[""NO INDICATION OF INJURY""]","[""O2154943""]"
STRAIGHT AND LEVEL,2535,2025-09-21T05:30:00.000,1,5,9,094f32b1f6b2ff5f6709f2a0491f1c2481b1ce0fe1b43b97f666cf0317d3bb3c27c342eaddb14448c0c936e5269ab44e0e21cc278da94c0c218ad82be9612501,INJURY AND / OR TOW DUE TO CRASH,$500 OR LESS,2025-09-24T22:50:00.000,NO CONTROLS,PEDESTRIAN,Y,0,0,1,0,2,2,0,41.9171388511,"DARKNESS, LIGHTED ROAD",-87.7195924632,"REPORTED, NOT EVIDENT",3,30,IMPROPER OVERTAKING/PASSING,NOT ON SCENE (DESK REPORT),NO DEFECTS,DRY,NOT APPLICABLE,,W,ARMITAGE AVE,3709,NO CONTROLS,DIVIDED - W/MEDIAN (NOT RAISED),CLEAR,,,,,,,3,3,"{""coordinates"": [-87.719592463157, 41.917138851059], ""type"": ""Point""}","[""UNKNOWN""]","[""UNKNOWN""]","[""PASSING/OVERTAKING""]","[""OTHER (EXPLAIN IN NARRATIVE)""]",[],"[""44""]","[""DEPLOYMENT UNKNOWN""]","[""NONE""]","[""NO INDICATION OF INJURY"", ""REPORTED, NOT EVIDENT""]","[""O2157411"", ""O2157412"", ""O2157413""]"
STRAIGHT AND LEVEL,1923,2025-09-21T05:55:00.000,1,5,9,788046e046869fb22cf72633de5c322d674f354ced847b595851e931a8e749d84030d0856503670e676de5ca2ea092f70abb3e3c7210472c53bea2888c5e4a64,INJURY AND / OR TOW DUE TO CRASH,"OVER $1,500",2025-09-21T06:00:00.000,NO CONTROLS,PARKED MOTOR VEHICLE,Y,0,0,1,0,0,0,0,41.9509737395,"DARKNESS, LIGHTED ROAD",-87.6570106776,NO INDICATION OF INJURY,3,25,UNABLE TO DETERMINE,NOT ON SCENE (DESK REPORT),NO DEFECTS,WET,NOT APPLICABLE,,W,GRACE ST,1101,NO CONTROLS,NOT DIVIDED,RAIN,,,,,,,3,1,"{""coordinates"": [-87.65701067765, 41.95097373947], ""type"": ""Point""}","[""FRONT-RIGHT-CORNER"", ""SIDE-LEFT-REAR"", ""SIDE-RIGHT-REAR""]","[""JEEP"", ""KIA"", ""SUBARU""]","[""PARKED"", ""STRAIGHT AHEAD""]","[""CHEROKEE"", ""FORTE"", ""IMPREZA""]","[""Y""]",[],"[""DEPLOYED, FRONT""]","[""NONE""]","[""NO INDICATION OF INJURY""]","[""O2154927""]"
STRAIGHT AND LEVEL,533,2025-09-21T06:00:00.000,1,6,9,a63c8c0013b98265bc1f0e8fe4305a9e8a00e52cb869a377b52a02ddb2b31a9b0c0469eb3cb76a305a67407d617a49232e0c669e16d7cdf2300be43331293ab4,INJURY AND / OR TOW DUE TO CRASH,"OVER $1,500",2025-09-21T07:12:00.000,FUNCTIONING PROPERLY,PARKED MOTOR VEHICLE,,0,0,1,0,0,0,0,,"DARKNESS, LIGHTED ROAD",,NO INDICATION OF INJURY,4,30,UNABLE TO DETERMINE,ON SCENE,NO DEFECTS,WET,UNABLE TO DETERMINE,,S,ELLIS AVE,13318,TRAFFIC SIGNAL,NOT DIVIDED,RAIN,,,,,,,4,1,,"[""FRONT-RIGHT-CORNER"", ""REAR"", ""REAR-LEFT-CORNER""]","[""AUDI"", ""CHEVROLET"", ""JEEP""]","[""PARKED"", ""STRAIGHT AHEAD""]","[""A7"", ""COMPASS"", ""IMPALA"", ""MALIBU""]","[""Y""]","[""43""]","[""DID NOT DEPLOY""]","[""NONE""]","[""NO INDICATION OF INJURY""]","[""O2154953""]"
STRAIGHT AND LEVEL,2522,2025-09-21T06:00:00.000,1,6,9,c355559f9d0981a80ca59653748045137882596c142939f043c8f4a4d324b51ef89dda1b3916a54be32762c12690b1f18c5248175fcb4eca1920f85defe3f128,NO INJURY / DRIVE AWAY,"OVER $1,500",2025-09-22T16:15:00.000,NO CONTROLS,PARKED MOTOR VEHICLE,Y,0,0,1,0,0,0,0,41.9209017606,DAWN,-87.7387520791,NO INDICATION OF INJURY,2,25,UNABLE TO DETERMINE,NOT ON SCENE (DESK REPORT),UNKNOWN,UNKNOWN,UNABLE TO DETERMINE,,N,KILBOURN AVE,2207,NO CONTROLS,ONE-WAY,CLEAR,Y,,,,,,2,1,"{""coordinates"": [-87.73875207909, 41.920901760552], ""type"": ""Point""}","[""UNKNOWN""]","[""MITSUBISHI"", ""UNKNOWN""]","[""PARKED"", ""UNKNOWN/NA""]","[""LANCER"", ""MOTORIZED""]",[],[],"[""DEPLOYMENT UNKNOWN""]","[""NONE""]","[""NO INDICATION OF INJURY""]","[""O2155829""]"
STRAIGHT AND LEVEL,1513,2025-09-21T06:00:00.000,1,6,9,e5644ec47e8c85f520eaf1180367313ddce8dd2d55843ef1b1d603478f7a25b152d8a82a9747a84f8c82458ffa4c91b239c98698e9dac22b1e88279ba15c5a61,INJURY AND / OR TOW DUE TO CRASH,"OVER $1,500",2025-09-21T06:12:00.000,FUNCTIONING PROPERLY,PEDESTRIAN,,0,0,1,1,0,1,0,41.8819946121,DAWN,-87.7746465579,NONINCAPACITATING INJURY,2,30,UNABLE TO DETERMINE,ON SCENE,NO DEFECTS,WET,UNABLE TO DETERMINE,Y,W,WASHINGTON BLVD,5999,TRAFFIC SIGNAL,FOUR WAY,CLEAR,,Y,,,,,2,2,"{""coordinates"": [-87.774646557926, 41.881994612141], ""type"": ""Point""}","[""NONE""]","[""CHEVROLET""]","[""TURNING LEFT""]","[""TRAX""]",[],"[""32"", ""55""]","[""DID NOT DEPLOY""]","[""NONE""]","[""NO INDICATION OF INJURY"", ""NONINCAPACITATING INJURY""]","[""O2154937"", ""O2154938""]"
STRAIGHT AND LEVEL,1412,2025-09-21T06:15:00.000,1,6,9,451b87dc51aaae5a54f5ae4062a5829110a4a10bf665ff26330e54be3904e0ef96c7f002d5c5f6b3439aecd00f7ea7491b45284751cd5ba0aede15fc9c298546,NO INJURY / DRIVE AWAY,"OVER $1,500",2025-09-21T06:24:00.000,NO CONTROLS,REAR END,Y,0,0,2,0,0,0,0,41.9321395417,DAYLIGHT,-87.7074869119,NO INDICATION OF INJURY,2,30,DISREGARDING STOP SIGN,ON SCENE,UNKNOWN,WET,UNABLE TO DETERMINE,,W,DIVERSEY AVE,3200,NO CONTROLS,NOT DIVIDED,RAIN,,,,,,,2,2,"{""coordinates"": [-87.707486911862, 41.932139541722], ""type"": ""Point""}","[""FRONT"", ""REAR""]","[""ACURA"", ""UNKNOWN""]","[""STRAIGHT AHEAD""]","[""OTHER (EXPLAIN IN NARRATIVE)"", ""TLX""]",[],"[""76""]","[""DEPLOYMENT UNKNOWN"", ""DID NOT DEPLOY""]","[""NONE""]","[""NO INDICATION OF INJURY""]","[""O2154948"", ""O2154949""]"
"CURVE, LEVEL",1833,2025-09-21T06:30:00.000,1,6,9,b8bbd272b919e878212d015bfa944439636fca872239e573c31b2a8229c3f298fd296fb9de302833e91f077d9a830786bd0f759ab705c945ecc4c0c02774bd09,NO INJURY / DRIVE AWAY,"OVER $1,500",2025-09-21T06:31:00.000,NO CONTROLS,FIXED OBJECT,,0,0,1,0,0,0,0,41.8993222788,DAYLIGHT,-87.6187384331,NO INDICATION OF INJURY,1,40,WEATHER,ON SCENE,NO DEFECTS,WET,UNABLE TO DETERMINE,,N,LAKE SHORE DR SB,900,NO CONTROLS,DIVIDED - W/MEDIAN BARRIER,RAIN,,,,,,,1,1,"{""coordinates"": [-87.618738433114, 41.899322278833], ""type"": ""Point""}","[""FRONT""]","[""JEEP""]","[""SKIDDING/CONTROL LOSS""]","[""LIBERTY""]",[],"[""43""]","[""DEPLOYED, FRONT""]","[""NONE""]","[""NO INDICATION OF INJURY""]","[""O2154967""]"
STRAIGHT AND LEVEL,1834,2025-09-21T06:55:00.000,1,6,9,d2934f44cb83b8df297773712371d339e1bdb02a1dd3b80428409cb682687a0b6348b737d20b0988b4347ace8a6b67856fa7dc965fa733e647a29c13a740ff22,INJURY AND / OR TOW DUE TO CRASH,"OVER $1,500",2025-09-21T06:59:00.000,NO CONTROLS,FIXED OBJECT,,0,0,0,1,0,1,0,41.895078838,DAWN,-87.6158466585,NONINCAPACITATING INJURY,1,45,UNABLE TO DETERMINE,ON SCENE,UNKNOWN,WET,NOT APPLICABLE,,N,LAKE SHORE DR NB,700,NO CONTROLS,DIVIDED - W/MEDIAN BARRIER,RAIN,,,,,,,1,1,"{""coordinates"": [-87.615846658479, 41.895078838031], ""type"": ""Point""}","[""FRONT""]","[""NISSAN""]","[""STRAIGHT AHEAD""]","[""VERSA""]",[],"[""21""]","[""DEPLOYED, COMBINATION""]","[""NONE""]","[""NONINCAPACITATING INJURY""]","[""O2154950""]"