alignment,beat_of_occurrence,crash_date,crash_day_of_week,crash_hour,crash_month,crash_record_id,crash_type,damage,date_police_notified,device_condition,first_crash_type,hit_and_run_i,injuries_fatal,injuries_incapacitating,injuries_no_indication,injuries_non_incapacitating,injuries_reported_not_evident,injuries_total,injuries_unknown,latitude,lighting_condition,longitude,most_severe_injury,num_units,posted_speed_limit,prim_contributory_cause,report_type,road_defect,roadway_surface_cond,sec_contributory_cause,statements_taken_i,street_direction,street_name,street_no,traffic_control_device,trafficway_type,weather_condition,crash_date_est_i,intersection_related_i,photos_taken_i,work_zone_i,dooring_i,private_property_i,veh_count,ppl_count,location_json,veh_first_contact_point_list_json,veh_make_list_json,veh_maneuver_list_json,veh_model_list_json,veh_towed_i_list_json,ppl_age_list_json,ppl_airbag_deployed_list_json,ppl_ejection_list_json,ppl_injury_classification_list_json,ppl_person_id_list_json
STRAIGHT AND LEVEL,413,2025-09-21T07:00:00.000,1,7,9,adc0e1354a81260c7735c1afb6ef54b1cbe441b38c0bd5c5d22a4ba04b9693f3beb77389a60a4518da5625b9652462fd10aea9bf38f75aec0064141255fc22ab,NO INJURY / DRIVE AWAY,"$501 - $1,500",2025-09-21T10:15:00.000,UNKNOWN,PARKED MOTOR VEHICLE,,0,0,1,0,0,0,0,41.7311889504,UNKNOWN,-87.5729972017,NO INDICATION OF INJURY,2,20,UNABLE TO DETERMINE,NOT ON SCENE (DESK REPORT),UNKNOWN,UNKNOWN,NOT APPLICABLE,,S,CLYDE AVE,9013,UNKNOWN,UNKNOWN,UNKNOWN,,,,,,,2,1,"{""coordinates"": [-87.572997201725, 41.731188950359], ""type"": ""Point""}","[""UNKNOWN""]","[""CHEVROLET"", ""UNKNOWN""]","[""PARKED"", ""UNKNOWN/NA""]","[""MOTORIZED"", ""TRAIL BLAZER""]",[],[],"[""DEPLOYMENT UNKNOWN""]","[""UNKNOWN""]","[""NO INDICATION OF INJURY""]","[""O2155018""]"
STRAIGHT AND LEVEL,1512,2025-09-21T07:05:00.000,1,7,9,5774be9846661c8a5768cdb96ebbe94fcd92103ed06806972c893737bdab68507eb20aaa3296df1bf5072a7e80471772ff080e53248fe155d478aec1a1e63b01,INJURY AND / OR TOW DUE TO CRASH,"OVER $1,500",2025-09-21T07:07:00.000,FUNCTIONING PROPERLY,ANGLE,,0,0,2,0,0,0,0,41.8879161716,DAYLIGHT,-87.7677862619,NO INDICATION OF INJURY,2,30,FAILING TO YIELD RIGHT-OF-WAY,ON SCENE,NO DEFECTS,WET,FAILING TO YIELD RIGHT-OF-WAY,N,W,LAKE ST,5700,STOP SIGN/FLASHER,FOUR WAY,CLOUDY/OVERCAST,,Y,,,,,2,2,"{""coordinates"": [-87.76778626188, 41.887916171634], ""type"": ""Point""}","[""FRONT-RIGHT-CORNER"", ""SIDE-LEFT-FRONT""]","[""FORD"", ""TOYOTA""]","[""STRAIGHT AHEAD""]","[""EXPLORER"", ""SIENNA""]","[""Y""]","[""27"", ""45""]","[""DEPLOYED, COMBINATION"", ""NOT APPLICABLE""]","[""NONE""]","[""NO INDICATION OF INJURY""]","[""O2154951"", ""O2154952""]"
STRAIGHT AND LEVEL,1432,2025-09-21T07:30:00.000,1,7,9,95d611bd6bc72949fcc7067568743e548f0bc8c1900d2ffdc93405a0a51d7c6db831061b9eedb49e4bfa495343ad455c97541ec7ac2c145837b6eb2a5be9e2c6,NO INJURY / DRIVE AWAY,"OVER $1,500",2025-09-21T08:30:00.000,NO CONTROLS,PARKED MOTOR VEHICLE,,0,0,1,0,0,0,0,41.9214057453,DAYLIGHT,-87.6706888925,NO INDICATION OF INJURY,2,30,UNABLE TO DETERMINE,NOT ON SCENE (DESK REPORT),NO DEFECTS,DRY,NOT APPLICABLE,,W,WEBSTER AVE,1701,NO CONTROLS,NOT DIVIDED,CLEAR,,,,,,,2,1,"{""coordinates"": [-87.670688892482, 41.921405745346], ""type"": ""Point""}","[""FRONT-LEFT-CORNER"", ""UNKNOWN""]","[""FREIGHTLINER CORPORATION"", ""JEEP""]","[""PARKED"", ""STRAIGHT AHEAD""]","[""FREIGHTLINER CORP."", ""WRANGLER""]",[],[],"[""DEPLOYMENT UNKNOWN""]","[""NONE""]","[""NO INDICATION OF INJURY""]","[""O2154959""]"
STRAIGHT AND LEVEL,1824,2025-09-21T07:31:00.000,1,7,9,8be9afe64f06a36f276e5bd85ca701ed45b08938665f800736287c439cfd09c63092b443a32801aba66f73dd48696ea7d70df0b5767c24d428515a2333b6c1b5,INJURY AND / OR TOW DUE TO CRASH,"OVER $1,500",2025-09-21T07:31:00.000,NO CONTROLS,FIXED OBJECT,,0,0,1,0,0,0,0,41.9009589191,DAYLIGHT,-87.6199281737,NO INDICATION OF INJURY,2,55,WEATHER,ON SCENE,NO DEFECTS,WET,WEATHER,,N,LAKE SHORE DR SB,1000,NO CONTROLS,DIVIDED - W/MEDIAN BARRIER,CLEAR,,,,,,,2,1,"{""coordinates"": [-87.619928173678, 41.900958919109], ""type"": ""Point""}","[""SIDE-LEFT"", ""UNKNOWN""]","[""HONDA"", ""UNKNOWN""]","[""PARKED"", ""STRAIGHT AHEAD""]","[""ACCORD"", ""OTHER (EXPLAIN IN NARRATIVE)""]","[""Y""]","[""23""]","[""DEPLOYED, SIDE""]","[""NONE""]","[""NO INDICATION OF INJURY""]","[""O2154965""]"
STRAIGHT AND LEVEL,1924,2025-09-21T07:45:00.000,1,7,9,85d0ba279d8a542988f1e988e4ebb3953551c077b9540537f90b066df6df6ff026d498c3ad14bb4f83e49e819e87ba253c1a417ecfdbbb1914e6a301fa32cf21,INJURY AND / OR TOW DUE TO CRASH,"OVER $1,500",2025-09-21T08:10:00.000,NO CONTROLS,REAR TO SIDE,,0,0,4,0,0,0,0,41.9443240238,DAYLIGHT,-87.6571670536,NO INDICATION OF INJURY,2,30,FAILING TO YIELD RIGHT-OF-WAY,ON SCENE,UNKNOWN,WET,IMPROPER BACKING,,W,NEWPORT AVE,1111,NO CONTROLS,ONE-WAY,RAIN,,,,,,,2,4,"{""coordinates"": [-87.657167053632, 41.944324023798], ""type"": ""Point""}","[""FRONT-RIGHT-CORNER"", ""REAR""]","[""TOYOTA"", ""VOLKSWAGEN""]","[""BACKING"", ""STRAIGHT AHEAD""]","[""ATLAS"", ""VENZA""]","[""Y""]","[""36"", ""38"", ""43""]","[""DID NOT DEPLOY"", ""NOT APPLICABLE""]","[""NONE""]","[""NO INDICATION OF INJURY""]","[""O2154968"", ""O2154969"", ""P475617"", ""P475618""]"
STRAIGHT AND LEVEL,912,2025-09-21T07:50:00.000,1,7,9,d34180caef0165fe009944901a9a85b71912209bf07e94538b5e0ba3d2076235fb05a299c9e4b187b9ce375f8ff793671f9d91d5d648ae39e8e40fbbe1f14be1,NO INJURY / DRIVE AWAY,"OVER $1,500",2025-09-21T08:10:00.000,FUNCTIONING PROPERLY,REAR END,,0,0,2,0,0,0,0,41.8373702568,DAYLIGHT,-87.6751019202,NO INDICATION OF INJURY,2,30,DRIVING SKILLS/KNOWLEDGE/EXPERIENCE,ON SCENE,NO DEFECTS,WET,WEATHER,,W,STEVENSON EXPY OB,1952,TRAFFIC SIGNAL,NOT DIVIDED,RAIN,,,,,,,2,2,"{""coordinates"": [-87.675101920179, 41.837370256762], ""type"": ""Point""}","[""FRONT-LEFT-CORNER"", ""REAR-RIGHT-CORNER""]","[""INFINITI"", ""JEEP""]","[""CHANGING LANES"", ""STRAIGHT AHEAD""]","[""G35"", ""GRAND CHEROKEE""]",[],"[""25"", ""39""]","[""DID NOT DEPLOY""]","[""NONE""]","[""NO INDICATION OF INJURY""]","[""O2154970"", ""O2154971""]"
STRAIGHT AND LEVEL,822,2025-09-21T07:58:00.000,1,7,9,d33a1be4f76de80c9c99a58397238e78d073628f8a7d7b2f95feb3e035f4d65bb0a35dac90480733cd7afca4ca89dc19c39504cd80957e7b1a473222de40aecb,INJURY AND / OR TOW DUE TO CRASH,"OVER $1,500",2025-09-21T08:00:00.000,FUNCTIONING PROPERLY,HEAD ON,,0,0,0,0,2,2,0,41.7860486166,DAYLIGHT,-87.7228424157,"REPORTED, NOT EVIDENT",2,30,DRIVING ON WRONG SIDE/WRONG WAY,ON SCENE,NO DEFECTS,WET,FAILING TO REDUCE SPEED TO AVOID CRASH,,W,59TH ST,3998,TRAFFIC SIGNAL,NOT DIVIDED,RAIN,,Y,,,,,2,2,"{""coordinates"": [-87.722842415722, 41.786048616649], ""type"": ""Point""}","[""FRONT""]","[""NISSAN"", ""TOYOTA""]","[""STRAIGHT AHEAD""]","[""ALTIMA"", ""CAMRY""]","[""Y""]","[""16"", ""65""]","[""DEPLOYED, COMBINATION""]","[""NONE""]","[""REPORTED, NOT EVIDENT""]","[""O2154990"", ""O2154991""]"
STRAIGHT AND LEVEL,1824,2025-09-21T08:05:00.000,1,8,9,faac6efd251c00fa4911ce3c71b4ce0c83191326675703743f2d1dd0866fda8cd8f7079c9d4be6cb1f0e7c5ddda5fa23820d8ffb0516fc975d6eb7184f472361,INJURY AND / OR TOW DUE TO CRASH,"OVER $1,500",2025-09-21T08:16:00.000,FUNCTIONING PROPERLY,FIXED OBJECT,,0,0,0,0,1,1,0,41.9011654159,DAYLIGHT,-87.6195823059,"REPORTED, NOT EVIDENT",1,40,WEATHER,ON SCENE,UNKNOWN,WET,DRIVING SKILLS/KNOWLEDGE/EXPERIENCE,,N,LAKE SHORE DR NB,1001,FLASHING CONTROL SIGNAL,DIVIDED - W/MEDIAN BARRIER,CLOUDY/OVERCAST,,,,,,,1,1,"{""coordinates"": [-87.619582305888, 41.901165415908], ""type"": ""Point""}","[""FRONT-RIGHT-CORNER""]","[""HYUNDAI""]","[""STRAIGHT AHEAD""]","[""ACCENT""]","[""Y""]","[""20""]","[""NOT APPLICABLE""]","[""NONE""]","[""REPORTED, NOT EVIDENT""]","[""O2155004""]"
STRAIGHT AND LEVEL,1824,2025-09-21T08:14:00.000,1,8,9,3917b6a633d4ab3e732e10a93d0ff879489000f4f2b19dc7ce59ca366858f8170d7bf99645df00767f33b86d4e3622753ce16f50df15a2c3d466b81066d1a7ef,INJURY AND / OR TOW DUE TO CRASH,"OVER $1,500",2025-09-21T08:16:00.000,FUNCTIONING PROPERLY,REAR TO REAR,,0,0,0,0,1,1,0,41.9009076709,DAYLIGHT,-87.6240265013,"REPORTED, NOT EVIDENT",2,40,WEATHER,ON SCENE,NO DEFECTS,WET,NOT APPLICABLE,,N,LAKE SHORE DR,1001,FLASHING CONTROL SIGNAL,DIVIDED - W/MEDIAN BARRIER,CLOUDY/OVERCAST,,,,,,,2,1,"{""coordinates"": [-87.624026501262, 41.900907670855], ""type"": ""Point""}","[""REAR""]","[""HYUNDAI""]","[""DISABLED"", ""SKIDDING/CONTROL LOSS""]","[""ACCENT""]",[],"[""51""]","[""NOT APPLICABLE""]","[""NONE""]","[""REPORTED, NOT EVIDENT""]","[""O2155038""]"
STRAIGHT AND LEVEL,1833,2025-09-21T08:20:00.000,1,8,9,300a5b2b9cd9d6e9d18cc5b71f0aab1abe636ede17863ef7e252474a476b79826b5d1e681318969c5b1ad0363ed7d6931b390e08c7a76e77be7b45585d070e0d,INJURY AND / OR TOW DUE TO CRASH,$500 OR LESS,2025-09-21T08:30:00.000,FUNCTIONING PROPERLY,PEDESTRIAN,,0,0,1,1,0,1,0,41.8967201137,DAYLIGHT,-87.6175675066,NONINCAPACITATING INJURY,2,25,FAILING TO YIELD RIGHT-OF-WAY,NOT ON SCENE (DESK REPORT),NO DEFECTS,WET,FAILING TO YIELD RIGHT-OF-WAY,,E,CHICAGO AVE,375,TRAFFIC SIGNAL,DIVIDED - W/MEDIAN BARRIER,RAIN,,Y,,,,,2,2,"{""coordinates"": [-87.617567506554, 41.896720113748], ""type"": ""Point""}","[""FRONT-LEFT-CORNER""]","[""NISSAN""]","[""TURNING LEFT""]","[""VERSA""]",[],"[""19""]","[""NOT APPLICABLE""]","[""NONE""]","[""NO INDICATION OF INJURY"", ""NONINCAPACITATING INJURY""]","[""O2155006"", ""O2155007""]"
STRAIGHT AND LEVEL,323,2025-09-21T08:27:00.000,1,8,9,450ac739f0e6adec32c7421176f2a5d4ddfc90d39b7f65a8415721d65c777736d7e3d1e00c95f7d9cdf095fd44f4f3bbbb9d8ab967476870194369de56e2ad5e,INJURY AND / OR TOW DUE TO CRASH,"OVER $1,500",2025-09-21T08:30:00.000,UNKNOWN,FIXED OBJECT,,0,0,1,0,0,0,0,41.7583251423,DAYLIGHT,-87.6240455636,NO INDICATION OF INJURY,1,35,"EVASIVE ACTION DUE TO ANIMAL, OBJECT, NONMOTORIST",ON SCENE,UNKNOWN,WET,NOT APPLICABLE,,E,75TH ST,16,TRAFFIC SIGNAL,FOUR WAY,RAIN,,Y,,,,,1,1,"{""coordinates"": [-87.62404556363, 41.758325142286], ""type"": ""Point""}","[""FRONT-RIGHT-CORNER""]","[""ACURA""]","[""STRAIGHT AHEAD""]","[""RLX""]","[""Y""]","[""53""]","[""NOT APPLICABLE""]","[""NONE""]","[""NO INDICATION OF INJURY""]","[""O2154975""]"
STRAIGHT AND LEVEL,822,2025-09-21T08:30:00.000,1,8,9,0dc1264bc280567621f65b25a311b8a3fc1655957f9f509bf5c4c7a24924d3a2436faba65301caaa99fbf0c4c004bbc7b19145dd63312f81e981f239bf97e319,INJURY AND / OR TOW DUE TO CRASH,"OVER $1,500",2025-09-21T08:35:00.000,NO CONTROLS,SIDESWIPE OPPOSITE DIRECTION,,0,0,2,0,0,0,0,41.7861004217,DAYLIGHT,-87.719627003,NO INDICATION OF INJURY,3,30,UNABLE TO DETERMINE,ON SCENE,UNKNOWN,WET,UNABLE TO DETERMINE,,W,59TH ST,3838,NO CONTROLS,NOT DIVIDED,RAIN,,,,,,,3,2,"{""coordinates"": [-87.719627002971, 41.78610042175], ""type"": ""Point""}","[""FRONT-LEFT-CORNER"", ""REAR-LEFT-CORNER""]","[""CHEVROLET"", ""FORD""]","[""PARKED"", ""STRAIGHT AHEAD""]","[""EQUINOX"", ""MUSTANG"", ""SILVERADO""]","[""Y""]","[""33"", ""38""]","[""DEPLOYED, COMBINATION"", ""DEPLOYED, FRONT""]","[""NONE""]","[""NO INDICATION OF INJURY""]","[""O2154978"", ""O2154979""]"
STRAIGHT AND LEVEL,1211,2025-09-21T08:40:00.000,1,8,9,10c107a802f9c22e6d9e71a717b91e49f7715a65e178a08ce10f3707b2282e4c9cbc842398384654166eb4a2b4d6a22f8e31a7c11a60d068aba13a6f3592d6ea,INJURY AND / OR TOW DUE TO CRASH,"OVER $1,500",2025-09-21T08:50:00.000,FUNCTIONING PROPERLY,ANGLE,,0,0,2,0,0,0,0,41.8966610612,DAYLIGHT,-87.7021775244,NO INDICATION OF INJURY,2,30,FAILING TO YIELD RIGHT-OF-WAY,NOT ON SCENE (DESK REPORT),NO DEFECTS,DRY,FAILING TO YIELD RIGHT-OF-WAY,,W,GRAND AVE,3000,TRAFFIC SIGNAL,FOUR WAY,CLEAR,,Y,,,,,2,2,"{""coordinates"": [-87.702177524363, 41.896661061228], ""type"": ""Point""}","[""FRONT"", ""SIDE-RIGHT""]","[""JEEP"", ""NISSAN""]","[""STRAIGHT AHEAD""]","[""CHEROKEE"", ""SENTRA""]","[""Y""]","[""28"", ""38""]","[""DEPLOYED, FRONT"", ""DEPLOYED, SIDE""]","[""NONE""]","[""NO INDICATION OF INJURY""]","[""O2155627"", ""O2155628""]"
STRAIGHT AND LEVEL,1512,2025-09-21T08:40:00.000,1,8,9,87266b2be6d9742d715a2d6d86c94efd9a80cb46b475beeb01f317c82c3f1ae6028db3c2216cf0619516863cdab4ffe2d42b759844e627638cf32ea1f5ef1aba,INJURY AND / OR TOW DUE TO CRASH,"$501 - $1,500",2025-09-21T08:40:00.000,NO CONTROLS,SIDESWIPE OPPOSITE DIRECTION,Y,0,0,1,2,1,3,0,41.8822239804,DAYLIGHT,-87.7741368335,NONINCAPACITATING INJURY,2,30,UNABLE TO DETERMINE,ON SCENE,NO DEFECTS,WET,UNABLE TO DETERMINE,,W,WASHINGTON BLVD,5956,NO CONTROLS,DIVIDED - W/MEDIAN (NOT RAISED),CLOUDY/OVERCAST,,,,,,,2,4,"{""coordinates"": [-87.774136833509, 41.882223980378], ""type"": ""Point""}","[""FRONT-LEFT-CORNER"", ""SIDE-LEFT-REAR""]","[""TOYOTA""]","[""STRAIGHT AHEAD"", ""UNKNOWN/NA""]","[""COROLLA"", ""OTHER (EXPLAIN IN NARRATIVE)""]",[],"[""32"", ""40"", ""50""]","[""DEPLOYMENT UNKNOWN"", ""DID NOT DEPLOY""]","[""UNKNOWN""]","[""NO INDICATION OF INJURY"", ""NONINCAPACITATING INJURY"", ""REPORTED, NOT EVIDENT""]","[""O2154995"", ""O2154996"", ""P475620"", ""P475621""]"
STRAIGHT AND LEVEL,2521,2025-09-21T08:45:00.000,1,8,9,34ef53c2e17a8fbd6e3eacd6e2277c1a1e0902a7d13ab361461e00ab11c281d196dc318b324ca28ddd2ae8dded629221cfc756d6ea773a1a6eee858262e20e09,NO INJURY / DRIVE AWAY,"OVER $1,500",2025-09-22T13:10:00.000,NO CONTROLS,PARKED MOTOR VEHICLE,Y,0,0,1,0,0,0,0,41.9334788916,DAYLIGHT,-87.7457906796,NO INDICATION OF INJURY,2,25,UNABLE TO DETERMINE,NOT ON SCENE (DESK REPORT),NO DEFECTS,DRY,UNABLE TO DETERMINE,,W,GEORGE ST,4738,NO CONTROLS,ONE-WAY,CLEAR,,,,,,,2,1,"{""coordinates"": [-87.745790679555, 41.933478891608], ""type"": ""Point""}","[""SIDE-LEFT"", ""UNKNOWN""]","[""LEXUS"", ""UNKNOWN""]","[""PARKED"", ""UNKNOWN/NA""]","[""OTHER (EXPLAIN IN NARRATIVE)"", ""RX330""]",[],[],"[""DEPLOYMENT UNKNOWN""]","[""NONE""]","[""NO INDICATION OF INJURY""]","[""O2155692""]"
STRAIGHT AND LEVEL,323,2025-09-21T08:45:00.000,1,8,9,5bc3fcd0a3a2929a90daf2d35a9e7237b1bbac28b52d73163a96892c6b8b46d1e0adf35a23f1a45f55097fb740f5815af9b2e8bec91c78f48fcbbf7ca8ed64ce,INJURY AND / OR TOW DUE TO CRASH,"OVER $1,500",2025-09-21T08:45:00.000,UNKNOWN,REAR END,,0,0,3,1,0,1,0,41.7651226813,DAYLIGHT,-87.6247511349,NONINCAPACITATING INJURY,3,30,FAILING TO REDUCE SPEED TO AVOID CRASH,ON SCENE,UNKNOWN,WET,NOT APPLICABLE,,S,STATE ST,7111,UNKNOWN,ONE-WAY,RAIN,,,,,,,3,4,"{""coordinates"": [-87.624751134863, 41.765122681305], ""type"": ""Point""}","[""FRONT"", ""REAR""]","[""GENESIS"", ""HONDA"", ""KIA""]","[""STRAIGHT AHEAD""]","[""ACCORD"", ""G80"", ""SORENTO""]",[],"[""37"", ""42"", ""71"", ""85""]","[""DEPLOYED, FRONT"", ""DID NOT DEPLOY""]","[""NONE""]","[""NO INDICATION OF INJURY"", ""NONINCAPACITATING INJURY""]","[""O2155044"", ""O2155045"", ""O2155046"", ""P475630""]"
STRAIGHT AND LEVEL,733,2025-09-21T08:45:00.000,1,8,9,8d2ae83cc05452858757ed3d13f75bb68fd2ea93d19ff484660bc035015fd8230429cc1045b1675246c482b6ebc2313ac63acb5d307833aba925d5aaea1ede6b,INJURY AND / OR TOW DUE TO CRASH,"OVER $1,500",2025-09-21T09:00:00.000,NO CONTROLS,PARKED MOTOR VEHICLE,Y,0,0,1,0,0,0,0,41.7631676144,DAYLIGHT,-87.6527067693,NO INDICATION OF INJURY,3,30,UNABLE TO DETERMINE,ON SCENE,NO DEFECTS,WET,UNABLE TO DETERMINE,,S,MAY ST,7201,NO CONTROLS,ONE-WAY,CLEAR,,,,,,,3,1,"{""coordinates"": [-87.652706769297, 41.763167614426], ""type"": ""Point""}","[""FRONT-LEFT-CORNER"", ""REAR"", ""SIDE-RIGHT""]","[""CHEVROLET"", ""FORD"", ""UNKNOWN""]","[""PARKED"", ""TURNING LEFT""]","[""EQUINOX"", ""ESCAPE"", ""OTHER (EXPLAIN IN NARRATIVE)""]","[""Y""]",[],"[""DEPLOYMENT UNKNOWN""]","[""NONE""]","[""NO INDICATION OF INJURY""]","[""O2154987""]"
STRAIGHT AND LEVEL,1833,2025-09-21T08:51:00.000,1,8,9,0a46dd6334646da3411b22081df6ccf5430d988cf973524650a782fe8773ea817cd8c087ac239e3020bbcc293c29e448b11c167380141562b5d0a6af47a35254,NO INJURY / DRIVE AWAY,"$501 - $1,500",2025-09-21T08:51:00.000,OTHER,REAR END,,0,0,2,0,0,0,0,41.8968049724,DAYLIGHT,-87.6170274232,NO INDICATION OF INJURY,2,30,FOLLOWING TOO CLOSELY,ON SCENE,UNKNOWN,WET,FAILING TO REDUCE SPEED TO AVOID CRASH,,N,LAKE SHORE DR NB,800,OTHER,DIVIDED - W/MEDIAN BARRIER,RAIN,,Y,,,,,2,2,"{""coordinates"": [-87.617027423234, 41.896804972416], ""type"": ""Point""}","[""FRONT"", ""REAR""]","[""HONDA"", ""VOLKSWAGEN""]","[""STRAIGHT AHEAD""]","[""ATLAS"", ""CIVIC""]",[],"[""29"", ""70""]","[""NOT APPLICABLE""]","[""NONE""]","[""NO INDICATION OF INJURY""]","[""O2154986"", ""O2154994""]"
STRAIGHT AND LEVEL,333,2025-09-21T08:52:00.000,1,8,9,fbe5cf7493b76bf4dd4b5e5927991db7ac3f14c137ef652284101f398b1ddacaf0e58c94cb32f291c3fd140416d6d495e98ad1806cd813865aa87dbe39054c3a,INJURY AND / OR TOW DUE TO CRASH,$500 OR LESS,2025-09-21T08:53:00.000,NO CONTROLS,REAR END,,0,0,2,1,0,1,0,41.7659442532,DAYLIGHT,-87.5781080382,NONINCAPACITATING INJURY,2,30,FOLLOWING TOO CLOSELY,ON SCENE,NO DEFECTS,WET,UNABLE TO DETERMINE,Y,E,71ST ST,1907,NO CONTROLS,DIVIDED - W/MEDIAN BARRIER,RAIN,,,,,,,2,3,"{""coordinates"": [-87.578108038234, 41.765944253177], ""type"": ""Point""}","[""FRONT"", ""REAR""]","[""DODGE"", ""TOYOTA""]","[""PASSING/OVERTAKING"", ""STRAIGHT AHEAD""]","[""CAMRY"", ""JOURNEY""]",[],"[""2"", ""25"", ""31""]","[""DID NOT DEPLOY""]","[""NONE""]","[""NO INDICATION OF INJURY"", ""NONINCAPACITATING INJURY""]","[""O2155002"", ""O2155003"", ""P475622""]"
STRAIGHT AND LEVEL,2023,2025-09-21T08:53:00.000,1,8,9,18999259e0a84f3d2fd5bf1ac5fc2768a687c0e5899210426fd856f7e1cf168ec65e48e3dd10ac8cffa09aa34176ecef277e51389dcde3dbccfaea85f2544f89,INJURY AND / OR TOW DUE TO CRASH,"OVER $1,500",2025-09-21T09:02:00.000,UNKNOWN,FIXED OBJECT,,0,0,1,0,0,0,0,41.9767789528,DAYLIGHT,-87.6501635453,NO INDICATION OF INJURY,1,25,DRIVING SKILLS/KNOWLEDGE/EXPERIENCE,ON SCENE,UNKNOWN,WET,DRIVING SKILLS/KNOWLEDGE/EXPERIENCE,,N,LAKE SHORE DR NB,5201,UNKNOWN,RAMP,CLEAR,,,,,,,1,1,"{""coordinates"": [-87.650163545346, 41.976778952794], ""type"": ""Point""}","[""FRONT""]","[""NISSAN""]","[""STRAIGHT AHEAD""]","[""ROGUE""]","[""Y""]","[""42""]","[""DEPLOYED, COMBINATION""]","[""NONE""]","[""NO INDICATION OF INJURY""]","[""O2154999""]"
STRAIGHT AND LEVEL,822,2025-09-21T09:00:00.000,1,9,9,bbf9e117832c40cb7a1baa8777f640eb21e59cf0e052fb9b86429a56e8300fcf91fa853232f2904e72b3164a07085863e3163cd5dea5c0eda678a55324ae9f76,INJURY AND / OR TOW DUE TO CRASH,"OVER $1,500",2025-09-21T09:08:00.000,FUNCTIONING PROPERLY,REAR END,,0,0,3,0,1,1,0,41.7935198626,DAYLIGHT,-87.7105512524,"REPORTED, NOT EVIDENT",3,30,FOLLOWING TOO CLOSELY,NOT ON SCENE (DESK REPORT),NO DEFECTS,WET,UNABLE TO DETERMINE,,W,55TH ST,3450,TRAFFIC SIGNAL,NOT DIVIDED,CLEAR,,,,,,,3,4,"{""coordinates"": [-87.710551252421, 41.793519862622], ""type"": ""Point""}","[""FRONT"", ""REAR""]","[""JEEP"", ""NISSAN""]","[""SLOW/STOP IN TRAFFIC"", ""STRAIGHT AHEAD""]","[""FRONTIER"", ""GRAND CHEROKEE"", ""SENTRA""]",[],"[""41"", ""52"", ""62""]","[""DID NOT DEPLOY""]","[""NONE""]","[""NO INDICATION OF INJURY"", ""REPORTED, NOT EVIDENT""]","[""O2154972"", ""O2154973"", ""O2154974"", ""P475619""]"
STRAIGHT AND LEVEL,1113,2025-09-21T09:00:00.000,1,9,9,c9ffd294aefd21875b3733197ad6e3ec8b770b09b68122e0a33f9d23cfa6389d7e28fa25e674285851ea9fd6ce8c2c1f3653fc23aef6e87e7450dc6760ff8b6c,NO INJURY / DRIVE AWAY,"OVER $1,500",2025-09-21T12:06:00.000,UNKNOWN,PARKED MOTOR VEHICLE,Y,0,0,1,0,0,0,0,41.8769903549,UNKNOWN,-87.7423839842,NO INDICATION OF INJURY,2,20,UNABLE TO DETERMINE,NOT ON SCENE (DESK REPORT),NO DEFECTS,DRY,UNABLE TO DETERMINE,,W,JACKSON BLVD,4652,UNKNOWN,NOT DIVIDED,CLEAR,,,,,,,2,1,"{""coordinates"": [-87.742383984172, 41.87699035491], ""type"": ""Point""}","[""REAR-LEFT-CORNER"", ""UNKNOWN""]","[""CHEVROLET"", ""UNKNOWN""]","[""PARKED"", ""UNKNOWN/NA""]","[""CRUZE"", ""MOTORIZED""]",[],[],"[""DEPLOYMENT UNKNOWN""]","[""UNKNOWN""]","[""NO INDICATION OF INJURY""]","[""O2155059""]"
STRAIGHT AND LEVEL,324,2025-09-21T09:05:00.000,1,9,9,82a15addc22962475de26dac5de797c9a5194216e33f73d5816d6363b334ecfeb00d1e86dc73e38494d479f01355721f0a4738f1c1e46de8235ea8e2e9bfc41e,INJURY AND / OR TOW DUE TO CRASH,"OVER $1,500",2025-09-21T10:00:00.000,NO CONTROLS,PARKED MOTOR VEHICLE,,0,0,2,0,0,0,0,41.7610997207,DAYLIGHT,-87.5897939971,NO INDICATION OF INJURY,3,25,UNABLE TO DETERMINE,ON SCENE,UNKNOWN,WET,NOT APPLICABLE,,S,DANTE AVE,7342,NO CONTROLS,ONE-WAY,CLEAR,,,,,,,3,2,"{""coordinates"": [-87.5897939971, 41.761099720687], ""type"": ""Point""}","[""FRONT"", ""REAR-RIGHT-CORNER""]","[""CHEVROLET"", ""JEEP""]","[""PARKED"", ""UNKNOWN/NA""]","[""EQUINOX"", ""JEEP""]","[""Y""]","[""21""]","[""NOT APPLICABLE""]","[""NONE""]","[""NO INDICATION OF INJURY""]","[""O2155125"", ""O2155782""]"
STRAIGHT AND LEVEL,1632,2025-09-21T09:10:00.000,1,9,9,11caa9470d049824a4a942f7c52935047819161a774950ffc89dd92e90ef9d296d161de5a405d75f0d635aeabc4ff3a5e51f30d25b35120d34e274c45f13cb49,INJURY AND / OR TOW DUE TO CRASH,"OVER $1,500",2025-09-21T09:12:00.000,FUNCTIONING PROPERLY,TURNING,,0,0,0,3,0,3,0,41.952852245,DAYLIGHT,-87.7963341442,NONINCAPACITATING INJURY,2,35,DISREGARDING TRAFFIC SIGNALS,ON SCENE,NO DEFECTS,DRY,NOT APPLICABLE,,W,IRVING PARK RD,6800,TRAFFIC SIGNAL,DIVIDED - W/MEDIAN (NOT RAISED),CLEAR,,Y,,,,,2,3,"{""coordinates"": [-87.796334144192, 41.952852245038], ""type"": ""Point""}","[""FRONT"", ""FRONT-RIGHT-CORNER""]","[""ACURA"", ""FORD""]","[""STRAIGHT AHEAD"", ""TURNING LEFT""]","[""FOCUS"", ""ZDX""]","[""Y""]","[""37"", ""57""]","[""DEPLOYED, COMBINATION"", ""DEPLOYED, SIDE""]","[""NONE""]","[""NONINCAPACITATING INJURY""]","[""O2155026"", ""O2155027"", ""P475629""]"