alignment,beat_of_occurrence,crash_date,crash_day_of_week,crash_hour,crash_month,crash_record_id,crash_type,damage,date_police_notified,device_condition,first_crash_type,hit_and_run_i,injuries_fatal,injuries_incapacitating,injuries_no_indication,injuries_non_incapacitating,injuries_reported_not_evident,injuries_total,injuries_unknown,latitude,lighting_condition,longitude,most_severe_injury,num_units,posted_speed_limit,prim_contributory_cause,report_type,road_defect,roadway_surface_cond,sec_contributory_cause,statements_taken_i,street_direction,street_name,street_no,traffic_control_device,trafficway_type,weather_condition,crash_date_est_i,intersection_related_i,photos_taken_i,work_zone_i,dooring_i,private_property_i,veh_count,ppl_count,location_json,veh_first_contact_point_list_json,veh_make_list_json,veh_maneuver_list_json,veh_model_list_json,veh_towed_i_list_json,ppl_age_list_json,ppl_airbag_deployed_list_json,ppl_ejection_list_json,ppl_injury_classification_list_json,ppl_person_id_list_json
STRAIGHT AND LEVEL,923,2025-09-21T09:30:00.000,1,9,9,2c6f650086c6f5ca8b849ffb547c117b6e3d7c4e36b6f9faad39eda6cc43bddd9a2983e1cb83faa47f298d6aa681fd1e6050b0d6b4b3dbbdd9e31d4e805c2a1e,NO INJURY / DRIVE AWAY,"$501 - $1,500",2025-09-21T09:35:00.000,FUNCTIONING PROPERLY,REAR END,Y,0,0,2,0,0,0,0,41.801234297,DAYLIGHT,-87.6843737344,NO INDICATION OF INJURY,2,30,UNABLE TO DETERMINE,ON SCENE,NO DEFECTS,DRY,NOT APPLICABLE,,S,WESTERN AVE,5058,TRAFFIC SIGNAL,CENTER TURN LANE,CLEAR,,N,,,,,2,2,"{""coordinates"": [-87.68437373438, 41.801234297006], ""type"": ""Point""}","[""FRONT"", ""REAR""]","[""NISSAN"", ""TESLA""]","[""STRAIGHT AHEAD""]","[""MODEL Y"", ""MURANO""]",[],"[""40""]","[""DEPLOYMENT UNKNOWN"", ""DID NOT DEPLOY""]","[""NONE""]","[""NO INDICATION OF INJURY""]","[""O2155010"", ""O2155011""]"
STRAIGHT AND LEVEL,735,2025-09-21T09:30:00.000,1,9,9,91f307c76c8eaed8a9ee085e60881f75b873ee21e8d95251ffc5b50558d2c81f0856000c10cd384f4c49ce968364acc5307ab82263d2fe4bcce2d0fea4be5571,NO INJURY / DRIVE AWAY,"OVER $1,500",2025-09-21T09:31:00.000,NO CONTROLS,PARKED MOTOR VEHICLE,N,0,0,1,0,0,0,0,41.7677082511,DAYLIGHT,-87.6652541934,NO INDICATION OF INJURY,2,30,UNABLE TO DETERMINE,ON SCENE,NO DEFECTS,WET,NOT APPLICABLE,,S,MARSHFIELD AVE,6926,NO CONTROLS,NOT DIVIDED,CLEAR,,,,,,,2,1,"{""coordinates"": [-87.66525419344, 41.767708251133], ""type"": ""Point""}","[""FRONT""]","[""KIA"", ""UNKNOWN""]","[""DRIVING WRONG WAY"", ""PARKED""]","[""ENCLOSED BODY"", ""FORTE""]",[],[],"[""DID NOT DEPLOY""]","[""NONE""]","[""NO INDICATION OF INJURY""]","[""O2155016""]"
STRAIGHT AND LEVEL,1512,2025-09-21T09:42:00.000,1,9,9,48598993b642504973ac0fefa26640a644f15e8bd628615b15f56c566132cd05b78390e82c02f36811913a70b6b1a309f4b8fb50d21e623ce10b4fdd5e91f0d5,INJURY AND / OR TOW DUE TO CRASH,"OVER $1,500",2025-09-21T10:00:00.000,NO CONTROLS,ANGLE,Y,0,0,0,1,1,2,0,41.8899485102,DAYLIGHT,-87.7698180275,NONINCAPACITATING INJURY,2,30,UNABLE TO DETERMINE,,NO DEFECTS,WET,NOT APPLICABLE,,N,MENARD AVE,527,STOP SIGN/FLASHER,T-INTERSECTION,CLEAR,,Y,,,,,2,2,"{""coordinates"": [-87.769818027496, 41.889948510153], ""type"": ""Point""}","[""FRONT"", ""SIDE-LEFT-REAR""]","[""CHEVROLET"", ""JEEP""]","[""STRAIGHT AHEAD""]","[""CHEROKEE"", ""EQUINOX""]","[""Y""]","[""37"", ""63""]","[""DEPLOYED, COMBINATION"", ""DID NOT DEPLOY""]","[""NONE""]","[""NONINCAPACITATING INJURY"", ""REPORTED, NOT EVIDENT""]","[""O2155560"", ""O2155561""]"
STRAIGHT AND LEVEL,224,2025-09-21T09:45:00.000,1,9,9,f1b6d6fbd5e3956cdb40f60a43da496280df58d3a314de9702740b8174676956810c4c3b3e73fdc8941ab2e35a4d534d4dd3c75c59d5dec58ce176a5e736b65a,NO INJURY / DRIVE AWAY,"OVER $1,500",2025-09-21T09:48:00.000,FUNCTIONING PROPERLY,SIDESWIPE SAME DIRECTION,,0,0,2,0,0,0,0,41.805780773,DAYLIGHT,-87.6210410543,NO INDICATION OF INJURY,2,30,FAILING TO YIELD RIGHT-OF-WAY,ON SCENE,NO DEFECTS,DRY,FAILING TO YIELD RIGHT-OF-WAY,,E,49TH ST,200,TRAFFIC SIGNAL,NOT DIVIDED,CLEAR,,,,,,,2,2,"{""coordinates"": [-87.621041054318, 41.805780773025], ""type"": ""Point""}","[""FRONT-LEFT-CORNER"", ""SIDE-RIGHT""]","[""CHEVROLET"", ""TOYOTA""]","[""STRAIGHT AHEAD""]","[""COROLLA"", ""EQUINOX""]",[],"[""25"", ""52""]","[""DID NOT DEPLOY""]","[""NONE""]","[""NO INDICATION OF INJURY""]","[""O2155014"", ""O2155015""]"
STRAIGHT AND LEVEL,114,2025-09-21T09:49:00.000,1,9,9,ac915349590afab9f9d8d5400206cfbc387aacd2b644554a4862b5d1826c34de8a5b429f6791f309ebd79db006c80cec2770786218a1b1649ccc84b97a660568,NO INJURY / DRIVE AWAY,"OVER $1,500",2025-09-21T10:50:00.000,NO CONTROLS,REAR END,,0,0,3,0,0,0,0,41.8872618288,DAYLIGHT,-87.6158644071,NO INDICATION OF INJURY,2,30,FOLLOWING TOO CLOSELY,NOT ON SCENE (DESK REPORT),NO DEFECTS,DRY,UNABLE TO DETERMINE,,E,LOWER WACKER DR,499,NO CONTROLS,DIVIDED - W/MEDIAN BARRIER,CLEAR,,,,,,,2,3,"{""coordinates"": [-87.615864407125, 41.887261828845], ""type"": ""Point""}","[""FRONT"", ""REAR""]","[""LINCOLN"", ""NISSAN""]","[""STRAIGHT AHEAD""]","[""ALTIMA"", ""MKS""]",[],"[""31"", ""32""]","[""DEPLOYMENT UNKNOWN"", ""NOT APPLICABLE""]","[""NONE""]","[""NO INDICATION OF INJURY""]","[""O2155036"", ""O2155037"", ""P475628""]"
STRAIGHT AND LEVEL,613,2025-09-21T09:55:00.000,1,9,9,fae3d925aa7e2668197b8edc99b1f37b3d6bac3f5db593676662bf844a326de7ddbe417f75680fbcc1e180912c3c4474261943cfa2d40eee8b2f888c84e99fc4,INJURY AND / OR TOW DUE TO CRASH,"OVER $1,500",2025-09-21T13:30:00.000,FUNCTIONING PROPERLY,TURNING,,0,0,2,0,1,1,0,41.7360440895,DAYLIGHT,-87.6534042418,"REPORTED, NOT EVIDENT",2,30,DISREGARDING TRAFFIC SIGNALS,NOT ON SCENE (DESK REPORT),NO DEFECTS,DRY,FAILING TO YIELD RIGHT-OF-WAY,,W,87TH ST,1200,TRAFFIC SIGNAL,DIVIDED - W/MEDIAN (NOT RAISED),CLEAR,,Y,,,,,2,3,"{""coordinates"": [-87.653404241798, 41.736044089544], ""type"": ""Point""}","[""FRONT"", ""SIDE-LEFT-FRONT""]","[""CHEVROLET"", ""LEXUS""]","[""STRAIGHT AHEAD"", ""TURNING LEFT""]","[""EQUINOX"", ""ES350""]",[],"[""50"", ""66""]","[""DEPLOYED, FRONT"", ""NOT APPLICABLE""]","[""NONE""]","[""NO INDICATION OF INJURY"", ""REPORTED, NOT EVIDENT""]","[""O2155116"", ""O2155117"", ""P475643""]"
STRAIGHT AND LEVEL,522,2025-09-21T10:00:00.000,1,10,9,2c9921981027afd1d4dcfd9d916a1213200d55b9f9707b95a4e2887c867183ba48d3a9245afa4817c703b3ab2d0dbc40d51b9a2d8934506c7967f599082934ec,NO INJURY / DRIVE AWAY,"OVER $1,500",2025-09-21T12:10:00.000,NO CONTROLS,PARKED MOTOR VEHICLE,Y,0,0,1,0,0,0,0,41.6846016546,DAYLIGHT,-87.6278159399,NO INDICATION OF INJURY,2,30,IMPROPER LANE USAGE,ON SCENE,NO DEFECTS,DRY,NOT APPLICABLE,,S,WENTWORTH AVE,11520,NO CONTROLS,DIVIDED - W/MEDIAN (NOT RAISED),CLEAR,,,,,,,2,1,"{""coordinates"": [-87.627815939891, 41.684601654619], ""type"": ""Point""}","[""SIDE-LEFT"", ""UNKNOWN""]","[""FORD"", ""UNKNOWN""]","[""PARKED"", ""UNKNOWN/NA""]","[""FUSION"", ""OTHER (EXPLAIN IN NARRATIVE)""]",[],[],"[""DEPLOYMENT UNKNOWN""]","[""NONE""]","[""NO INDICATION OF INJURY""]","[""O2155078""]"
STRAIGHT AND LEVEL,835,2025-09-21T10:00:00.000,1,10,9,6c2bec1c93173062de48c6df33fc04681d6669fbbf8428004f84777ad5286b366476b9510a96610fea9627238f68fee9940fa1c71e22d514059b0424a945ad36,NO INJURY / DRIVE AWAY,"OVER $1,500",2025-09-21T10:55:00.000,NO CONTROLS,PARKED MOTOR VEHICLE,Y,0,0,1,0,0,0,0,41.755024392,"DARKNESS, LIGHTED ROAD",-87.7117189281,NO INDICATION OF INJURY,2,20,UNABLE TO DETERMINE,NOT ON SCENE (DESK REPORT),NO DEFECTS,DRY,UNABLE TO DETERMINE,,W,76TH ST,3547,NO CONTROLS,NOT DIVIDED,CLEAR,,,,,,,2,1,"{""coordinates"": [-87.711718928076, 41.755024391974], ""type"": ""Point""}","[""SIDE-LEFT-REAR"", ""UNKNOWN""]","[""CHEVROLET"", ""UNKNOWN""]","[""PARKED"", ""UNKNOWN/NA""]","[""MALIBU"", ""OTHER (EXPLAIN IN NARRATIVE)""]",[],[],"[""DEPLOYMENT UNKNOWN""]","[""NONE""]","[""NO INDICATION OF INJURY""]","[""O2155032""]"
STRAIGHT AND LEVEL,612,2025-09-21T10:00:00.000,1,10,9,f2edd8f92b619385312fc44729678c96a142c5ae89474771eace9631918207bd5772bc9c0b918882cf58ecf10d81de5166b0bcb6061ad20be679e0d54a88b3ab,NO INJURY / DRIVE AWAY,"OVER $1,500",2025-09-21T14:10:00.000,NO CONTROLS,PARKED MOTOR VEHICLE,Y,0,0,1,0,0,0,0,41.752189561,DAYLIGHT,-87.6550054575,NO INDICATION OF INJURY,2,35,UNABLE TO DETERMINE,NOT ON SCENE (DESK REPORT),NO DEFECTS,DRY,UNABLE TO DETERMINE,,W,78TH ST,1231,NO CONTROLS,ONE-WAY,CLEAR,,,,,,,2,1,"{""coordinates"": [-87.655005457457, 41.752189561038], ""type"": ""Point""}","[""OTHER"", ""UNKNOWN""]","[""BUICK"", ""UNKNOWN""]","[""OTHER"", ""PARKED""]","[""ENCORE"", ""OTHER (EXPLAIN IN NARRATIVE)""]",[],[],"[""DEPLOYMENT UNKNOWN""]","[""NONE""]","[""NO INDICATION OF INJURY""]","[""O2155133""]"
STRAIGHT AND LEVEL,1822,2025-09-21T10:13:00.000,1,10,9,f98123be29f69d6bc639d7869cd10b20d1508b74ba24afc41bfb2988a1ed65e2c387f26b896700396b279007b449132b6bffa4986467bef09cdf82225793a77c,INJURY AND / OR TOW DUE TO CRASH,"OVER $1,500",2025-09-21T10:55:00.000,FUNCTIONING PROPERLY,FIXED OBJECT,,0,0,2,0,0,0,0,41.8965711306,"DARKNESS, LIGHTED ROAD",-87.6438279251,NO INDICATION OF INJURY,1,30,IMPROPER LANE USAGE,ON SCENE,NO DEFECTS,DRY,NOT APPLICABLE,,W,CHICAGO AVE,620,TRAFFIC SIGNAL,NOT DIVIDED,CLEAR,,,,,,,1,2,"{""coordinates"": [-87.643827925052, 41.896571130597], ""type"": ""Point""}","[""FRONT-RIGHT-CORNER""]","[""FORD""]","[""STRAIGHT AHEAD""]","[""FUSION""]","[""Y""]","[""24""]","[""DEPLOYMENT UNKNOWN"", ""DID NOT DEPLOY""]","[""NONE"", ""UNKNOWN""]","[""NO INDICATION OF INJURY""]","[""O2155424"", ""P475718""]"
STRAIGHT AND LEVEL,821,2025-09-21T10:15:00.000,1,10,9,ff9f28973b957b5a03bffce33cf47f106c12bc43ed66a4d8a9388b36453b57f6e43770a1c77c05f6b06d85491396d378d8f056e2ff320cda0a7404d90718ac8a,NO INJURY / DRIVE AWAY,"OVER $1,500",2025-09-21T11:10:00.000,NO CONTROLS,REAR END,,0,0,2,0,0,0,0,41.8136949509,DAYLIGHT,-87.7046580154,NO INDICATION OF INJURY,2,30,FOLLOWING TOO CLOSELY,NOT ON SCENE (DESK REPORT),NO DEFECTS,WET,UNABLE TO DETERMINE,,S,ARCHER AVE,4385,NO CONTROLS,NOT DIVIDED,CLEAR,,,,,,,2,2,"{""coordinates"": [-87.704658015436, 41.813694950921], ""type"": ""Point""}","[""FRONT"", ""REAR""]","[""HONDA"", ""HYUNDAI""]","[""SLOW/STOP IN TRAFFIC"", ""STRAIGHT AHEAD""]","[""CR-V"", ""SANTA FE""]",[],"[""42"", ""53""]","[""DID NOT DEPLOY""]","[""NONE""]","[""NO INDICATION OF INJURY""]","[""O2155042"", ""O2155043""]"
STRAIGHT AND LEVEL,414,2025-09-21T10:16:00.000,1,10,9,eef72a74f7de77d218229034569f3417e366666f2c5ee9dce6933c5433d95dae459578d6800e9bd42e86417412d9a284c03be7b742ae7cf123568316297eb675,INJURY AND / OR TOW DUE TO CRASH,"OVER $1,500",2025-09-21T10:16:00.000,FUNCTIONING PROPERLY,SIDESWIPE SAME DIRECTION,,0,0,3,0,0,0,0,41.7517212875,DAYLIGHT,-87.5755018927,NO INDICATION OF INJURY,3,30,DRIVING SKILLS/KNOWLEDGE/EXPERIENCE,ON SCENE,NO DEFECTS,WET,FAILING TO REDUCE SPEED TO AVOID CRASH,,E,79TH ST,2010,TRAFFIC SIGNAL,DIVIDED - W/MEDIAN (NOT RAISED),CLOUDY/OVERCAST,,,,,,,3,3,"{""coordinates"": [-87.575501892664, 41.751721287526], ""type"": ""Point""}","[""FRONT"", ""REAR""]","[""HONDA"", ""NISSAN"", ""TOYOTA""]","[""STRAIGHT AHEAD""]","[""CIVIC"", ""OTHER (EXPLAIN IN NARRATIVE)"", ""SENTRA""]","[""Y""]","[""21"", ""28"", ""49""]","[""DID NOT DEPLOY""]","[""NONE""]","[""NO INDICATION OF INJURY""]","[""O2155096"", ""O2155097"", ""O2155098""]"
STRAIGHT AND LEVEL,511,2025-09-21T10:17:00.000,1,10,9,27514faa59a2f05af9788c20d8b20bdf65850758da5230911c1ae00d689bbf1cf9d2dd9d7886ab1d5fa8537809bb7871711480c717ff911625e9734f9a4a43d6,NO INJURY / DRIVE AWAY,"OVER $1,500",2025-09-21T14:00:00.000,NO CONTROLS,PARKED MOTOR VEHICLE,Y,0,0,1,0,0,0,0,41.7118609443,DAYLIGHT,-87.6214299505,NO INDICATION OF INJURY,2,30,DRIVING SKILLS/KNOWLEDGE/EXPERIENCE,NOT ON SCENE (DESK REPORT),NO DEFECTS,DRY,UNABLE TO DETERMINE,N,E,100TH PL,58,NO CONTROLS,ONE-WAY,CLEAR,,,,,,,2,1,"{""coordinates"": [-87.621429950517, 41.711860944255], ""type"": ""Point""}","[""FRONT-LEFT-CORNER"", ""SIDE-RIGHT-REAR""]","[""FORD"", ""KIA""]","[""PARKED"", ""PASSING/OVERTAKING""]","[""OPTIMA / K5"", ""VAN""]",[],[],"[""DID NOT DEPLOY""]","[""NONE""]","[""NO INDICATION OF INJURY""]","[""O2155141""]"
STRAIGHT AND LEVEL,1131,2025-09-21T10:23:00.000,1,10,9,d8898a5a9159d8a6e5785ef78703dd6e823d6f12ad7145d1d90d40b78864b5d64722bb3d55cdd31f362c99b8cb53684be278b15a831f2aab8bfb85d75cefb4db,NO INJURY / DRIVE AWAY,"OVER $1,500",2025-09-21T10:30:00.000,FUNCTIONING PROPERLY,TURNING,,0,0,3,0,0,0,0,41.8723981891,DAYLIGHT,-87.7350380821,NO INDICATION OF INJURY,2,30,UNABLE TO DETERMINE,ON SCENE,NO DEFECTS,DRY,UNABLE TO DETERMINE,,S,KOSTNER AVE,701,TRAFFIC SIGNAL,NOT DIVIDED,CLEAR,,Y,,,,,2,3,"{""coordinates"": [-87.735038082055, 41.872398189082], ""type"": ""Point""}","[""FRONT-RIGHT-CORNER"", ""SIDE-LEFT""]","[""THEURER ALTANTIC, INC.(\""THEURER\"" TRAILERS)"", ""TOYOTA""]","[""TURNING LEFT""]","[""PRIUS"", ""THEURER ALTANTIC, INC.(\""THEURER\"" TRAILERS)""]",[],"[""28"", ""70""]","[""NOT APPLICABLE""]","[""NONE""]","[""NO INDICATION OF INJURY""]","[""O2156277"", ""O2156278"", ""P475900""]"
STRAIGHT AND LEVEL,825,2025-09-21T10:35:00.000,1,10,9,2c683e80eaaa1332ee2c4ccb6b1b3172e61053b123909620c7381e532bfd678df3fe26563934319b9272b6aa26e15d9293457be03edadcd6584fc81f80717d31,NO INJURY / DRIVE AWAY,"OVER $1,500",2025-09-21T11:58:00.000,NO CONTROLS,TURNING,,0,0,2,0,0,0,0,41.7839658423,DAYLIGHT,-87.6836233778,NO INDICATION OF INJURY,2,30,UNABLE TO DETERMINE,NOT ON SCENE (DESK REPORT),UNKNOWN,DRY,UNABLE TO DETERMINE,,S,WESTERN AVE,6025,NO CONTROLS,PARKING LOT,CLEAR,,Y,,,,,2,2,"{""coordinates"": [-87.683623377758, 41.783965842276], ""type"": ""Point""}","[""FRONT-LEFT-CORNER""]","[""JEEP"", ""KIA""]","[""TURNING LEFT"", ""UNKNOWN/NA""]","[""COMPASS"", ""SORENTO""]",[],"[""38"", ""69""]","[""NOT APPLICABLE""]","[""NONE""]","[""NO INDICATION OF INJURY""]","[""O2155055"", ""O2155056""]"
STRAIGHT AND LEVEL,1533,2025-09-21T10:40:00.000,1,10,9,c25a768261905e15a7f09276d14b9436c94bd31bf56d308f262c1633b6e30f6ea69d557a1f2ba998ddef83914fb00103efb4ef3b899107ed81eb326c73112447,INJURY AND / OR TOW DUE TO CRASH,"OVER $1,500",2025-09-21T10:40:00.000,NO CONTROLS,PEDESTRIAN,,0,0,1,1,0,1,0,41.8694623962,DAYLIGHT,-87.7453793112,NONINCAPACITATING INJURY,2,10,UNABLE TO DETERMINE,,NO DEFECTS,WET,UNABLE TO DETERMINE,,W,ARTHINGTON ST,4812,NO CONTROLS,PARKING LOT,CLOUDY/OVERCAST,,,,,,Y,2,2,"{""coordinates"": [-87.745379311211, 41.869462396208], ""type"": ""Point""}","[""FRONT""]","[""BMW""]","[""STRAIGHT AHEAD""]","[""OTHER (EXPLAIN IN NARRATIVE)""]",[],"[""54""]","[""DEPLOYMENT UNKNOWN""]","[""UNKNOWN""]","[""NO INDICATION OF INJURY"", ""NONINCAPACITATING INJURY""]","[""O2155845"", ""O2155846""]"
STRAIGHT AND LEVEL,1121,2025-09-21T10:40:00.000,1,10,9,d2398ee5d3984a28524c2591ef88e87362124c35920a03da5a6cb4abe533163b1b9035beb3023711f8a04e1671478b2802a5c82ce6432946a8b6f865adf44b3a,INJURY AND / OR TOW DUE TO CRASH,"OVER $1,500",2025-09-21T12:07:00.000,NO CONTROLS,TURNING,Y,0,0,6,0,0,0,0,41.8955817425,DAYLIGHT,-87.715240811,NO INDICATION OF INJURY,2,30,UNABLE TO DETERMINE,ON SCENE,NO DEFECTS,DRY,NOT APPLICABLE,,W,CHICAGO AVE,3534,NO CONTROLS,DIVIDED - W/MEDIAN (NOT RAISED),CLEAR,,,,,,,2,6,"{""coordinates"": [-87.715240810982, 41.895581742525], ""type"": ""Point""}","[""FRONT-LEFT-CORNER"", ""FRONT-RIGHT-CORNER""]","[""NISSAN""]","[""ENTERING TRAFFIC LANE FROM PARKING"", ""U-TURN""]","[""ROGUE""]","[""Y""]","[""11"", ""16"", ""38"", ""39"", ""9""]","[""DEPLOYMENT UNKNOWN"", ""NOT APPLICABLE""]","[""NONE""]","[""NO INDICATION OF INJURY""]","[""O2155112"", ""O2155113"", ""P475758"", ""P475759"", ""P475778"", ""P475779""]"
STRAIGHT AND LEVEL,621,2025-09-21T10:43:00.000,1,10,9,1962657828658361b39cebfd07138f8893a163b52b16295ec129af1bb1284334d8d7bfb29628e73f9f4092c03613b75efebdcb11ea54b4d292e0761899550e9b,NO INJURY / DRIVE AWAY,"OVER $1,500",2025-09-21T10:46:00.000,FUNCTIONING PROPERLY,TURNING,,0,0,3,0,0,0,0,41.756226036,DAYLIGHT,-87.6416815333,NO INDICATION OF INJURY,2,30,FAILING TO YIELD RIGHT-OF-WAY,ON SCENE,UNKNOWN,WET,NOT APPLICABLE,,W,76TH ST,698,STOP SIGN/FLASHER,T-INTERSECTION,CLEAR,,Y,,,,,2,3,"{""coordinates"": [-87.641681533319, 41.756226036038], ""type"": ""Point""}","[""FRONT-LEFT-CORNER"", ""SIDE-LEFT""]","[""DODGE"", ""TOYOTA""]","[""STRAIGHT AHEAD"", ""TURNING LEFT""]","[""CARAVAN"", ""SIENNA""]",[],"[""37"", ""40""]","[""DID NOT DEPLOY"", ""NOT APPLICABLE""]","[""NONE""]","[""NO INDICATION OF INJURY""]","[""O2155051"", ""O2155052"", ""P475633""]"
STRAIGHT AND LEVEL,2011,2025-09-21T10:50:00.000,1,10,9,a46db4a3cbf58efcb48354bc4e3172d1a4d6a9565cbd74f75b1361382f2ea9500a56d2af9afdf4aca99de38fe30b06c3f884fae14f64e618582a3656abaf6804,NO INJURY / DRIVE AWAY,"OVER $1,500",2025-09-22T17:29:00.000,NO CONTROLS,SIDESWIPE SAME DIRECTION,,0,0,2,0,0,0,0,41.9824582674,DAYLIGHT,-87.6917001186,NO INDICATION OF INJURY,2,25,UNABLE TO DETERMINE,NOT ON SCENE (DESK REPORT),NO DEFECTS,DRY,UNABLE TO DETERMINE,,N,CAMPBELL AVE,5537,NO CONTROLS,ONE-WAY,CLEAR,,,,,,,2,2,"{""coordinates"": [-87.691700118634, 41.982458267428], ""type"": ""Point""}","[""SIDE-LEFT"", ""SIDE-RIGHT-FRONT""]","[""TOYOTA""]","[""ENTERING TRAFFIC LANE FROM PARKING"", ""STRAIGHT AHEAD""]","[""COROLLA"", ""PRIUS""]",[],"[""32"", ""53""]","[""NOT APPLICABLE""]","[""NONE""]","[""NO INDICATION OF INJURY""]","[""O2155917"", ""O2155918""]"
STRAIGHT AND LEVEL,1511,2025-09-21T11:00:00.000,1,11,9,4be85b6b84d95c09824dfc2f6aa4a820ba25cc47a6eb6cbbc69c5ab6273096591fbfacdf895458077f5b90c7ba6cc7ef2b23ad7392d56bce099031e95bc9f192,NO INJURY / DRIVE AWAY,$500 OR LESS,2025-09-23T14:45:00.000,UNKNOWN,PARKED MOTOR VEHICLE,Y,0,0,1,0,0,0,0,41.8983711921,DAYLIGHT,-87.7666726808,NO INDICATION OF INJURY,2,25,NOT APPLICABLE,NOT ON SCENE (DESK REPORT),UNKNOWN,DRY,NOT APPLICABLE,,W,AUGUSTA BLVD,5631,UNKNOWN,ONE-WAY,CLEAR,,N,,,,,2,1,"{""coordinates"": [-87.766672680827, 41.898371192149], ""type"": ""Point""}","[""SIDE-LEFT"", ""UNKNOWN""]","[""NISSAN"", ""UNKNOWN""]","[""PARKED"", ""UNKNOWN/NA""]","[""ALTIMA"", ""MOTORIZED""]",[],[],"[""DEPLOYMENT UNKNOWN""]","[""NONE""]","[""NO INDICATION OF INJURY""]","[""O2156485""]"
STRAIGHT AND LEVEL,411,2025-09-21T11:00:00.000,1,11,9,6892ea6ef45d7bfbe98384be245ed24a98ab2975e1c3e6f31bdbeed498f29e263aaf84c902d52469422f0077397a5d85e9a23df70de9bd882c1d1fdcf4797442,INJURY AND / OR TOW DUE TO CRASH,"OVER $1,500",2025-09-21T11:02:00.000,NO CONTROLS,PEDALCYCLIST,Y,0,1,1,0,0,1,0,41.7512923702,DAYLIGHT,-87.5941242144,INCAPACITATING INJURY,2,20,FAILING TO YIELD RIGHT-OF-WAY,NOT ON SCENE (DESK REPORT),NO DEFECTS,WET,FAILING TO YIELD RIGHT-OF-WAY,Y,E,79TH ST,1235,STOP SIGN/FLASHER,ONE-WAY,CLEAR,,,,,Y,,2,2,"{""coordinates"": [-87.594124214358, 41.751292370198], ""type"": ""Point""}","[""FRONT""]","[""TOYOTA""]","[""STRAIGHT AHEAD""]","[""OTHER (EXPLAIN IN NARRATIVE)""]",[],"[""66""]","[""DEPLOYMENT UNKNOWN""]","[""NONE"", ""TOTALLY EJECTED""]","[""INCAPACITATING INJURY"", ""NO INDICATION OF INJURY""]","[""O2155073"", ""O2155075""]"
STRAIGHT AND LEVEL,1133,2025-09-21T11:00:00.000,1,11,9,6b1e481bc6f049a6a672257108be645e997c5b61920d711a23dcfb67244e8c13a29bf15684288b6121e0a838b70bd4d5f6a20e021aa11cf686a539e4f4ed226c,NO INJURY / DRIVE AWAY,"$501 - $1,500",2025-09-21T12:15:00.000,NO CONTROLS,PARKED MOTOR VEHICLE,Y,0,0,1,0,0,0,0,41.8718928356,DAYLIGHT,-87.7135816128,NO INDICATION OF INJURY,2,30,UNABLE TO DETERMINE,NOT ON SCENE (DESK REPORT),UNKNOWN,UNKNOWN,NOT APPLICABLE,,W,LEXINGTON ST,3508,NO CONTROLS,ONE-WAY,UNKNOWN,,,,,,,2,1,"{""coordinates"": [-87.713581612759, 41.871892835563], ""type"": ""Point""}","[""FRONT-RIGHT-CORNER"", ""REAR-LEFT-CORNER""]","[""FORD"", ""HONDA""]","[""PARKED"", ""STRAIGHT AHEAD""]","[""CIVIC"", ""ESCAPE""]",[],[],"[""DEPLOYMENT UNKNOWN""]","[""NONE""]","[""NO INDICATION OF INJURY""]","[""O2155076""]"
STRAIGHT AND LEVEL,2514,2025-09-21T11:05:00.000,1,11,9,fead0d8e9a63af3012456c51569a326e312eba54537d827b5cd0e7c83d0fd09e2641004f42826b27c07114d9ee958894761d5808cbe1526a0c877ccc97616ddd,NO INJURY / DRIVE AWAY,"OVER $1,500",2025-09-21T13:35:00.000,NO CONTROLS,ANGLE,,0,0,2,0,0,0,0,41.9366975053,DAYLIGHT,-87.7620498958,NO INDICATION OF INJURY,2,30,FAILING TO YIELD RIGHT-OF-WAY,NOT ON SCENE (DESK REPORT),NO DEFECTS,DRY,FAILING TO YIELD RIGHT-OF-WAY,,W,BARRY AVE,5411,NO CONTROLS,UNKNOWN INTERSECTION TYPE,CLEAR,,,,,,,2,2,"{""coordinates"": [-87.762049895828, 41.936697505281], ""type"": ""Point""}","[""SIDE-LEFT""]","[""CHEVROLET"", ""TOYOTA""]","[""STRAIGHT AHEAD""]","[""COROLLA"", ""EQUINOX""]",[],"[""27""]","[""DID NOT DEPLOY""]","[""NONE""]","[""NO INDICATION OF INJURY""]","[""O2155110"", ""O2155111""]"
STRAIGHT AND LEVEL,2532,2025-09-21T11:25:00.000,1,11,9,25ce5bb63cb25295fb4461ed3454e9b8f1f7d5141388b9e2d68f9cd8457127fc721185fadea1109c719b53b2928924c972010ff9cc8c786824dc2d2c1e672f07,NO INJURY / DRIVE AWAY,$500 OR LESS,2025-09-21T12:00:00.000,NO CONTROLS,FIXED OBJECT,,0,0,1,0,0,0,0,41.9022862108,DAYLIGHT,-87.7625687718,NO INDICATION OF INJURY,1,15,UNABLE TO DETERMINE,NOT ON SCENE (DESK REPORT),UNKNOWN,DRY,UNABLE TO DETERMINE,,W,DIVISION ST,5440,NO CONTROLS,DRIVEWAY,CLEAR,,,,,,Y,1,1,"{""coordinates"": [-87.762568771798, 41.902286210849], ""type"": ""Point""}","[""TOP""]","[""FORD""]","[""STRAIGHT AHEAD""]","[""ECONOLINE E550""]",[],"[""36""]","[""NOT APPLICABLE""]","[""NONE""]","[""NO INDICATION OF INJURY""]","[""O2155063""]"