alignment,beat_of_occurrence,crash_date,crash_day_of_week,crash_hour,crash_month,crash_record_id,crash_type,damage,date_police_notified,device_condition,first_crash_type,hit_and_run_i,injuries_fatal,injuries_incapacitating,injuries_no_indication,injuries_non_incapacitating,injuries_reported_not_evident,injuries_total,injuries_unknown,latitude,lighting_condition,longitude,most_severe_injury,num_units,posted_speed_limit,prim_contributory_cause,report_type,road_defect,roadway_surface_cond,sec_contributory_cause,statements_taken_i,street_direction,street_name,street_no,traffic_control_device,trafficway_type,weather_condition,crash_date_est_i,intersection_related_i,photos_taken_i,work_zone_i,dooring_i,private_property_i,veh_count,ppl_count,location_json,veh_first_contact_point_list_json,veh_make_list_json,veh_maneuver_list_json,veh_model_list_json,veh_towed_i_list_json,ppl_age_list_json,ppl_airbag_deployed_list_json,ppl_ejection_list_json,ppl_injury_classification_list_json,ppl_person_id_list_json
STRAIGHT AND LEVEL,913,2025-09-21T14:25:00.000,1,14,9,24be107073113faac7eab43f94286e00ca2403c8d941934a286a1f6f8a2222330875e8026a29e0f74f2e6c3d651f13be840af6a28d7f20c0ba3888c2f3ba1466,NO INJURY / DRIVE AWAY,$500 OR LESS,2025-09-21T14:30:00.000,FUNCTIONING PROPERLY,REAR END,,0,0,2,0,0,0,0,41.8389750422,DAYLIGHT,-87.6617690863,NO INDICATION OF INJURY,2,30,UNABLE TO DETERMINE,ON SCENE,NO DEFECTS,DRY,UNABLE TO DETERMINE,,S,BROAD ST,3022,STOP SIGN/FLASHER,NOT DIVIDED,CLEAR,,Y,,,,,2,2,"{""coordinates"": [-87.661769086263, 41.838975042217], ""type"": ""Point""}","[""FRONT-LEFT-CORNER"", ""SIDE-RIGHT-REAR""]","[""MERCEDES-BENZ"", ""SUBARU""]","[""STRAIGHT AHEAD"", ""UNKNOWN/NA""]","[""OTHER (EXPLAIN IN NARRATIVE)"", ""OUTBACK""]",[],"[""32"", ""54""]","[""DID NOT DEPLOY""]","[""NONE""]","[""NO INDICATION OF INJURY""]","[""O2155178"", ""O2155179""]"
STRAIGHT AND LEVEL,1632,2025-09-21T14:30:00.000,1,14,9,b0e59e5e9cce216fe51520567d4452cd09dd4ac4bdae05076a3319a23d44b68fdd54f3fe0b925e30ce62469d79eecc50025bcc5ec6dce8d66ea33c223cb2fa24,NO INJURY / DRIVE AWAY,"OVER $1,500",2025-09-22T13:20:00.000,NO CONTROLS,REAR END,,0,0,2,0,0,0,0,41.9395744325,DAYLIGHT,-87.7862545543,NO INDICATION OF INJURY,2,35,FOLLOWING TOO CLOSELY,NOT ON SCENE (DESK REPORT),UNKNOWN,DRY,UNABLE TO DETERMINE,,N,NARRAGANSETT AVE,3240,NO CONTROLS,NOT DIVIDED,CLEAR,,,,,,,2,2,"{""coordinates"": [-87.786254554333, 41.93957443249], ""type"": ""Point""}","[""FRONT"", ""REAR""]","[""HONDA"", ""JEEP""]","[""STRAIGHT AHEAD""]","[""COMPASS"", ""OTHER (EXPLAIN IN NARRATIVE)""]",[],"[""46"", ""51""]","[""DEPLOYMENT UNKNOWN"", ""NOT APPLICABLE""]","[""NONE""]","[""NO INDICATION OF INJURY""]","[""O2155708"", ""O2155709""]"
STRAIGHT AND LEVEL,632,2025-09-21T14:31:00.000,1,14,9,c389b341bd7ea9d37cfc260f6054af0449484c574820d36226754c8ad10277ae81b0b56715edb7f74658d8207fa40db931f6a2c32d71c89bfab2d6ac988db41d,INJURY AND / OR TOW DUE TO CRASH,"OVER $1,500",2025-09-21T16:09:00.000,UNKNOWN,TURNING,Y,0,0,2,2,0,2,0,41.7383698914,UNKNOWN,-87.6050189968,NONINCAPACITATING INJURY,2,30,IMPROPER TURNING/NO SIGNAL,NOT ON SCENE (DESK REPORT),UNKNOWN,UNKNOWN,UNABLE TO DETERMINE,,S,COTTAGE GROVE AVE,8600,TRAFFIC SIGNAL,PARKING LOT,UNKNOWN,,Y,,,,Y,2,4,"{""coordinates"": [-87.605018996828, 41.738369891427], ""type"": ""Point""}","[""FRONT-LEFT-CORNER"", ""REAR-RIGHT-CORNER""]","[""CHEVROLET""]","[""OTHER"", ""TURNING RIGHT""]","[""OTHER (EXPLAIN IN NARRATIVE)"", ""TRAX""]",[],"[""49""]","[""DEPLOYMENT UNKNOWN"", ""NOT APPLICABLE""]","[""NONE"", ""UNKNOWN""]","[""NO INDICATION OF INJURY"", ""NONINCAPACITATING INJURY""]","[""O2155235"", ""O2155236"", ""P475696"", ""P475697""]"
STRAIGHT AND LEVEL,2022,2025-09-21T14:35:00.000,1,14,9,cf3dc810274842e6305a94dd1870b5aa57fee833ec330fb07845f77a7e6791276d35d3aec0822ce8aa92caa5a50da633122574ddaad083c0142391cb29c335ae,NO INJURY / DRIVE AWAY,"OVER $1,500",2025-09-21T15:40:00.000,UNKNOWN,TURNING,,0,0,2,0,0,0,0,41.9854791879,UNKNOWN,-87.6599788425,NO INDICATION OF INJURY,2,30,UNABLE TO DETERMINE,NOT ON SCENE (DESK REPORT),UNKNOWN,UNKNOWN,UNABLE TO DETERMINE,,N,BROADWAY,5701,UNKNOWN,DIVIDED - W/MEDIAN (NOT RAISED),UNKNOWN,,Y,,,,,2,2,"{""coordinates"": [-87.659978842493, 41.985479187915], ""type"": ""Point""}","[""FRONT"", ""SIDE-RIGHT-REAR""]","[""CHEVROLET"", ""TOYOTA""]","[""STRAIGHT AHEAD"", ""TURNING LEFT""]","[""CAMRY"", ""OTHER (EXPLAIN IN NARRATIVE)""]",[],"[""42"", ""85""]","[""DEPLOYED, FRONT"", ""DID NOT DEPLOY""]","[""NONE""]","[""NO INDICATION OF INJURY""]","[""O2155202"", ""O2155203""]"
STRAIGHT AND LEVEL,1222,2025-09-21T14:40:00.000,1,14,9,d9446f6ae2d9edeef83a66b23073d672de2a5fe5fb38d41cb4754c6d08fe1368a75b2282c4a7b9d4b67a15cf01d121e1058ebe8416d7d5771e395a8f2c7562e1,NO INJURY / DRIVE AWAY,$500 OR LESS,2025-09-21T14:54:00.000,NO CONTROLS,PARKED MOTOR VEHICLE,,0,0,1,0,0,0,0,41.8865013046,DAYLIGHT,-87.6891045548,NO INDICATION OF INJURY,2,30,UNABLE TO DETERMINE,ON SCENE,UNKNOWN,DRY,NOT APPLICABLE,,W,FULTON ST,2501,NO CONTROLS,NOT DIVIDED,CLEAR,,,,,,,2,1,"{""coordinates"": [-87.689104554761, 41.886501304637], ""type"": ""Point""}","[""FRONT-LEFT-CORNER"", ""REAR-RIGHT-CORNER""]","[""FREIGHTLINER CORPORATION"", ""KENWORTH MOTOR TRUCK COMPANY""]","[""PARKED"", ""TURNING LEFT""]","[""FREIGHTLINER CORP."", ""KENWORTH MOTOR TRUCK CO.""]",[],"[""61""]","[""DID NOT DEPLOY""]","[""NONE""]","[""NO INDICATION OF INJURY""]","[""O2155245""]"
STRAIGHT AND LEVEL,834,2025-09-21T14:43:00.000,1,14,9,a79a821f51cc3ac83d19893246ca16fb539381cf8b2f73815309155e1f0d646d424717a6d3c2e7d0cbed426f27c47d5cc35ee209fe2959ce228a1dcc4b408ea6,NO INJURY / DRIVE AWAY,"OVER $1,500",2025-09-21T15:18:00.000,NO CONTROLS,PARKED MOTOR VEHICLE,,0,0,1,0,0,0,0,41.75072749,DAYLIGHT,-87.7412686021,NO INDICATION OF INJURY,2,30,UNABLE TO DETERMINE,ON SCENE,NO DEFECTS,DRY,UNABLE TO DETERMINE,,S,CICERO AVE,7807,NO CONTROLS,PARKING LOT,CLEAR,,,,,,Y,2,1,"{""coordinates"": [-87.741268602094, 41.750727490036], ""type"": ""Point""}","[""SIDE-LEFT"", ""UNKNOWN""]","[""CHEVROLET"", ""VOLKSWAGEN""]","[""PARKED"", ""UNKNOWN/NA""]","[""ATLAS"", ""IMPALA""]",[],[],"[""DEPLOYMENT UNKNOWN""]","[""NONE""]","[""NO INDICATION OF INJURY""]","[""O2155210""]"
STRAIGHT AND LEVEL,835,2025-09-21T14:45:00.000,1,14,9,95c532bbc63ff71d7e781a6907b0040005b26265e58c287bb22e923402aeca3c8e28197affaf38b5065847538101a9a3396aaa8eb387a83bac34ad954619933b,NO INJURY / DRIVE AWAY,"$501 - $1,500",2025-09-21T15:00:00.000,FUNCTIONING PROPERLY,REAR END,,0,0,2,0,0,0,0,41.7354932897,DAYLIGHT,-87.6909952401,NO INDICATION OF INJURY,2,30,FOLLOWING TOO CLOSELY,NOT ON SCENE (DESK REPORT),NO DEFECTS,DRY,FOLLOWING TOO CLOSELY,,W,87TH ST,2732,TRAFFIC SIGNAL,NOT DIVIDED,CLEAR,,,,,,,2,2,"{""coordinates"": [-87.690995240139, 41.735493289674], ""type"": ""Point""}","[""FRONT"", ""REAR""]","[""DODGE"", ""HONDA""]","[""STRAIGHT AHEAD""]","[""CR-Z"", ""DURANGO""]",[],"[""52"", ""60""]","[""NOT APPLICABLE""]","[""NONE""]","[""NO INDICATION OF INJURY""]","[""O2155166"", ""O2155167""]"
STRAIGHT AND LEVEL,1711,2025-09-21T14:56:00.000,1,14,9,d42dea655208e1bb556c1257ed6a223fed2c7e6e370768f205d0e2f44fa56cefbc0948bf1f2e0a5dffb1ea944492939d9efa973b8f9798c559a395c7d62d626c,NO INJURY / DRIVE AWAY,"$501 - $1,500",2025-09-21T15:10:00.000,FUNCTIONING PROPERLY,REAR END,,0,0,2,0,0,0,0,41.9829033459,DAYLIGHT,-87.7285813391,NO INDICATION OF INJURY,2,30,FOLLOWING TOO CLOSELY,ON SCENE,NO DEFECTS,DRY,UNABLE TO DETERMINE,,N,PULASKI RD,5600,TRAFFIC SIGNAL,DIVIDED - W/MEDIAN (NOT RAISED),CLEAR,,Y,,,,,2,2,"{""coordinates"": [-87.728581339088, 41.982903345885], ""type"": ""Point""}","[""FRONT"", ""REAR""]","[""CHEVROLET"", ""TOYOTA""]","[""SLOW/STOP IN TRAFFIC"", ""STRAIGHT AHEAD""]","[""CAMRY"", ""CORVETTE""]",[],"[""42"", ""53""]","[""DID NOT DEPLOY""]","[""NONE""]","[""NO INDICATION OF INJURY""]","[""O2155172"", ""O2155173""]"
STRAIGHT AND LEVEL,823,2025-09-21T15:00:00.000,1,15,9,1f3a836c5ef918143f59ceeed41fae3e35554a20c55f13e06af69abcf90b4cb3785434a5df6a5ee2d3eede65bd5bb0cf32e36b7b7837cfae1c44e3fe59ee314a,NO INJURY / DRIVE AWAY,$500 OR LESS,2025-09-22T12:00:00.000,NO CONTROLS,PARKED MOTOR VEHICLE,Y,0,0,1,0,0,0,0,41.7814259381,DAYLIGHT,-87.7134881582,NO INDICATION OF INJURY,2,30,UNABLE TO DETERMINE,NOT ON SCENE (DESK REPORT),NO DEFECTS,DRY,UNABLE TO DETERMINE,,W,61ST PL,3605,NO CONTROLS,ONE-WAY,CLEAR,,,,,,,2,1,"{""coordinates"": [-87.713488158156, 41.781425938074], ""type"": ""Point""}","[""SIDE-RIGHT"", ""UNKNOWN""]","[""DODGE"", ""UNKNOWN""]","[""PARKED"", ""UNKNOWN/NA""]","[""MOTORIZED"", ""RAM 1500 PU""]",[],[],"[""DEPLOYMENT UNKNOWN""]","[""UNKNOWN""]","[""NO INDICATION OF INJURY""]","[""O2155654""]"
STRAIGHT AND LEVEL,2515,2025-09-21T15:00:00.000,1,15,9,284b48997c3ea05487a25fbe2fc5c6d8c18a7089ef77f5bed18023e1eb45bc560c3b28573958bb4ee97b8eabb8c0783e4ac9ffa54de8622220e6522df0997160,NO INJURY / DRIVE AWAY,"$501 - $1,500",2025-09-23T10:00:00.000,NO CONTROLS,REAR END,,0,0,2,0,0,0,0,41.9241101218,DAYLIGHT,-87.764544094,NO INDICATION OF INJURY,2,30,FOLLOWING TOO CLOSELY,NOT ON SCENE (DESK REPORT),NO DEFECTS,DRY,FAILING TO REDUCE SPEED TO AVOID CRASH,,W,FULLERTON AVE,5524,NO CONTROLS,DIVIDED - W/MEDIAN (NOT RAISED),UNKNOWN,,,,,,,2,2,"{""coordinates"": [-87.764544093963, 41.924110121831], ""type"": ""Point""}","[""FRONT"", ""REAR""]","[""NISSAN"", ""VOLKSWAGEN""]","[""STRAIGHT AHEAD""]","[""JETTA"", ""ROGUE""]",[],"[""23"", ""47""]","[""NOT APPLICABLE""]","[""NONE""]","[""NO INDICATION OF INJURY""]","[""O2156289"", ""O2156290""]"
STRAIGHT AND LEVEL,132,2025-09-21T15:00:00.000,1,15,9,bb2a11b14b07b841ce3ef9c379a62cd7e8ed1c10c6dbeb63f89ca0323d5d6c69875bcf7cd3c6e7c98c8d7beaa4dda5974ce360c1cd75717a80d2a6de7e8f1e90,NO INJURY / DRIVE AWAY,"$501 - $1,500",2025-09-23T11:17:00.000,FUNCTIONING PROPERLY,PARKED MOTOR VEHICLE,,0,0,1,0,0,0,0,41.8640171761,DAYLIGHT,-87.6231436074,NO INDICATION OF INJURY,2,30,FOLLOWING TOO CLOSELY,NOT ON SCENE (DESK REPORT),NO DEFECTS,DRY,NOT APPLICABLE,,E,14TH ST,125,TRAFFIC SIGNAL,RAMP,CLEAR,,Y,,,,,2,1,"{""coordinates"": [-87.623143607424, 41.864017176077], ""type"": ""Point""}","[""REAR-RIGHT-CORNER"", ""UNKNOWN""]","[""JEEP"", ""UNKNOWN""]","[""PARKED"", ""UNKNOWN/NA""]","[""GRAND CHEROKEE"", ""MOTORIZED""]",[],[],"[""DEPLOYMENT UNKNOWN""]","[""UNKNOWN""]","[""NO INDICATION OF INJURY""]","[""O2156318""]"
STRAIGHT AND LEVEL,724,2025-09-21T15:10:00.000,1,15,9,2a93eafd3ea948a3d853a2f799718c2b1ae0d31728e8c0300dcf1e449d52b3f159ff83aedb8ad1d3f658a19e02a85edaeeda928f08e0e5921d2556acd501241c,NO INJURY / DRIVE AWAY,"OVER $1,500",2025-09-21T15:45:00.000,UNKNOWN,SIDESWIPE SAME DIRECTION,,0,0,4,0,0,0,0,41.7741289538,DAYLIGHT,-87.6496459973,NO INDICATION OF INJURY,2,20,UNABLE TO DETERMINE,NOT ON SCENE (DESK REPORT),UNKNOWN,DRY,UNABLE TO DETERMINE,,S,MORGAN ST,6600,UNKNOWN,NOT DIVIDED,CLEAR,,,,,,,2,4,"{""coordinates"": [-87.649645997334, 41.774128953826], ""type"": ""Point""}","[""FRONT-LEFT-CORNER"", ""SIDE-RIGHT""]","[""CHEVROLET"", ""VOLKSWAGEN""]","[""ENTERING TRAFFIC LANE FROM PARKING"", ""STRAIGHT AHEAD""]","[""JETTA"", ""SILVERADO""]",[],"[""20"", ""42"", ""68""]","[""NOT APPLICABLE""]","[""NONE""]","[""NO INDICATION OF INJURY""]","[""O2155186"", ""O2155187"", ""P475661"", ""P475666""]"
STRAIGHT AND LEVEL,2022,2025-09-21T15:10:00.000,1,15,9,bd3ed7c141c51e4f7d3072265e3f2cc09524c3b788bc18e2ddf7ee32acc580e108d7c94c302985f4c31bc003a90b945c575d43390421b1e98d669c07ebfdbc03,NO INJURY / DRIVE AWAY,"$501 - $1,500",2025-09-21T16:00:00.000,UNKNOWN,SIDESWIPE SAME DIRECTION,,0,0,3,0,0,0,0,41.9892551989,DAYLIGHT,-87.6552125606,NO INDICATION OF INJURY,2,30,UNABLE TO DETERMINE,NOT ON SCENE (DESK REPORT),UNKNOWN,UNKNOWN,NOT APPLICABLE,,N,SHERIDAN RD,5901,UNKNOWN,DIVIDED - W/MEDIAN (NOT RAISED),UNKNOWN,,,,,,,2,3,"{""coordinates"": [-87.655212560586, 41.989255198914], ""type"": ""Point""}","[""FRONT-RIGHT-CORNER"", ""UNKNOWN""]","[""JEEP"", ""LEXUS""]","[""CHANGING LANES"", ""STRAIGHT AHEAD""]","[""CHEROKEE"", ""ES300""]",[],"[""39"", ""40""]","[""DEPLOYMENT UNKNOWN""]","[""NONE""]","[""NO INDICATION OF INJURY""]","[""O2155231"", ""O2155232"", ""P475676""]"
STRAIGHT ON GRADE,1034,2025-09-21T15:10:00.000,1,15,9,d2131092a292c41b116a0233cf9d517fe94dcf32b0904420426571ca8c50c19bfc9bca91e1f9e8f470af501d7d9089fd0073fa6300a09ee1e4a3d77596be7769,NO INJURY / DRIVE AWAY,"$501 - $1,500",2025-09-21T16:18:00.000,FUNCTIONING PROPERLY,REAR END,Y,0,0,2,0,0,0,0,41.8418926428,DAYLIGHT,-87.694984229,NO INDICATION OF INJURY,2,30,FOLLOWING TOO CLOSELY,NOT ON SCENE (DESK REPORT),NO DEFECTS,DRY,FOLLOWING TOO CLOSELY,,S,CALIFORNIA AVE,2731,TRAFFIC SIGNAL,DIVIDED - W/MEDIAN (NOT RAISED),CLEAR,,,,,,,2,2,"{""coordinates"": [-87.694984228989, 41.841892642833], ""type"": ""Point""}","[""FRONT"", ""REAR""]","[""NISSAN""]","[""STRAIGHT AHEAD""]","[""OTHER (EXPLAIN IN NARRATIVE)"", ""SENTRA""]",[],"[""37""]","[""NOT APPLICABLE""]","[""NONE""]","[""NO INDICATION OF INJURY""]","[""O2155214"", ""O2155215""]"
STRAIGHT AND LEVEL,1922,2025-09-21T15:20:00.000,1,15,9,439d3d4b4d51290130da855e72156f1405dbcb9d229f935c9dba283dc1b91f9b164d618f1d85809195d0df896310bbca9628bfa038f3512f2333f6d421c832d9,NO INJURY / DRIVE AWAY,"OVER $1,500",2025-09-21T15:35:00.000,NO CONTROLS,PARKED MOTOR VEHICLE,,0,0,1,0,0,0,0,41.9534305041,DAYLIGHT,-87.6691714053,NO INDICATION OF INJURY,2,30,DRIVING SKILLS/KNOWLEDGE/EXPERIENCE,NOT ON SCENE (DESK REPORT),NO DEFECTS,DRY,DRIVING SKILLS/KNOWLEDGE/EXPERIENCE,,N,ASHLAND AVE,3932,NO CONTROLS,DIVIDED - W/MEDIAN (NOT RAISED),CLEAR,,,,,,,2,1,"{""coordinates"": [-87.669171405305, 41.953430504143], ""type"": ""Point""}","[""SIDE-LEFT"", ""SIDE-RIGHT""]","[""BUICK"", ""TOYOTA""]","[""PARKED"", ""STRAIGHT AHEAD""]","[""CAMRY"", ""OTHER (EXPLAIN IN NARRATIVE)""]",[],"[""25""]","[""NOT APPLICABLE""]","[""NONE""]","[""NO INDICATION OF INJURY""]","[""O2155182""]"
STRAIGHT AND LEVEL,1433,2025-09-21T15:27:00.000,1,15,9,60621c5ed64108ef51d7f823d7b3f07c88d5260d416c9fc827e5719ca7093c3f8f441c1b1763001757891cf84d605bdfc396f8aaaaca9e3afd2c0cd80de00f55,NO INJURY / DRIVE AWAY,$500 OR LESS,2025-09-21T15:42:00.000,NO CONTROLS,SIDESWIPE SAME DIRECTION,,0,0,2,0,0,0,0,41.9125289117,DAYLIGHT,-87.6704148876,NO INDICATION OF INJURY,2,30,FOLLOWING TOO CLOSELY,ON SCENE,UNKNOWN,DRY,FOLLOWING TOO CLOSELY,Y,W,WABANSIA AVE,1704,NO CONTROLS,NOT DIVIDED,CLEAR,,,,,,,2,2,"{""coordinates"": [-87.670414887594, 41.912528911747], ""type"": ""Point""}","[""FRONT-LEFT-CORNER"", ""REAR-RIGHT-CORNER""]","[""HONDA"", ""JEEP""]","[""STRAIGHT AHEAD""]","[""HR-V"", ""JEEP""]",[],"[""25"", ""56""]","[""DID NOT DEPLOY""]","[""NONE""]","[""NO INDICATION OF INJURY""]","[""O2155224"", ""O2155225""]"
STRAIGHT AND LEVEL,1935,2025-09-21T15:28:00.000,1,15,9,a2e6a1800e7bb64214e8858b91a79bb43479a455425bfb7d90d22c804bc36f5a0f22288432dc51c49100d672097a75e4630fd90e69fc127b8216d5638f49b3d2,INJURY AND / OR TOW DUE TO CRASH,"OVER $1,500",2025-09-21T15:34:00.000,UNKNOWN,SIDESWIPE SAME DIRECTION,,0,0,2,0,1,1,0,41.9323182375,DAYLIGHT,-87.6446506457,"REPORTED, NOT EVIDENT",2,30,UNABLE TO DETERMINE,ON SCENE,UNKNOWN,DRY,NOT APPLICABLE,Y,N,CLARK ST,2735,UNKNOWN,DIVIDED - W/MEDIAN (NOT RAISED),CLEAR,,,,,,,2,3,"{""coordinates"": [-87.644650645654, 41.932318237529], ""type"": ""Point""}","[""FRONT-LEFT-CORNER"", ""SIDE-RIGHT-FRONT""]","[""TOYOTA""]","[""ENTERING TRAFFIC LANE FROM PARKING"", ""STRAIGHT AHEAD""]","[""CAMRY"", ""PRIUS""]",[],"[""45"", ""69"", ""77""]","[""NOT APPLICABLE""]","[""NONE""]","[""NO INDICATION OF INJURY"", ""REPORTED, NOT EVIDENT""]","[""O2155249"", ""O2155250"", ""P475677""]"
STRAIGHT AND LEVEL,624,2025-09-21T15:30:00.000,1,15,9,1d5ecac551dead0c9484ca58763fb953878d357ab17125525fe97d4624022c47ae01f87d65e284e8f93fad662d1eb163435a39d81efb23e289c1638322de5b92,INJURY AND / OR TOW DUE TO CRASH,"OVER $1,500",2025-09-21T15:35:00.000,NO CONTROLS,PARKED MOTOR VEHICLE,N,0,0,1,0,0,0,0,41.7533875062,DAYLIGHT,-87.6038700926,NO INDICATION OF INJURY,2,30,UNABLE TO DETERMINE,ON SCENE,NO DEFECTS,DRY,NOT APPLICABLE,,S,MARYLAND AVE,7753,NO CONTROLS,NOT DIVIDED,CLEAR,,,,,,,2,1,"{""coordinates"": [-87.603870092642, 41.753387506191], ""type"": ""Point""}","[""REAR"", ""UNKNOWN""]","[""CHEVROLET"", ""UNKNOWN""]","[""PARKED"", ""UNKNOWN/NA""]","[""OTHER (EXPLAIN IN NARRATIVE)"", ""TAHOE""]","[""Y""]","[""26""]","[""DEPLOYMENT UNKNOWN""]","[""UNKNOWN""]","[""NO INDICATION OF INJURY""]","[""O2155208""]"
STRAIGHT AND LEVEL,1123,2025-09-21T15:30:00.000,1,15,9,448b26bf7d9ca3fb68f50b665e531510888625793b2f5383e2ef5fd869f9dcaefad2539072e5c884c29a3fe1fc83ffd9d4760123bbfdbb6a22b564daef0fd480,NO INJURY / DRIVE AWAY,"OVER $1,500",2025-09-21T17:30:00.000,FUNCTIONING PROPERLY,PARKED MOTOR VEHICLE,Y,0,0,1,0,0,0,0,41.8828532855,DAYLIGHT,-87.7109483203,NO INDICATION OF INJURY,2,30,UNABLE TO DETERMINE,ON SCENE,UNKNOWN,DRY,UNABLE TO DETERMINE,,W,WASHINGTON BLVD,3368,TRAFFIC SIGNAL,NOT DIVIDED,CLEAR,Y,,,,,,2,1,"{""coordinates"": [-87.710948320267, 41.882853285545], ""type"": ""Point""}","[""FRONT-RIGHT-CORNER"", ""REAR-LEFT-CORNER""]","[""CHEVROLET"", ""UNKNOWN""]","[""PARKED"", ""STRAIGHT AHEAD""]","[""OTHER (EXPLAIN IN NARRATIVE)"", ""SILVERADO""]",[],[],"[""DEPLOYMENT UNKNOWN""]","[""NONE""]","[""NO INDICATION OF INJURY""]","[""O2155282""]"
STRAIGHT AND LEVEL,1623,2025-09-21T15:30:00.000,1,15,9,afb3165604d118c5dab692cd95a86c054c5fb2098f02b250ea9ef2d04a1f2bbb95a423d41c3a77a07b03b4f8f03513634869bb375ca967bee35299667aa90680,INJURY AND / OR TOW DUE TO CRASH,"OVER $1,500",2025-09-21T16:04:00.000,FUNCTIONING PROPERLY,ANGLE,Y,0,0,2,0,0,0,0,41.9830584481,DAYLIGHT,-87.7659658192,NO INDICATION OF INJURY,2,25,DISREGARDING STOP SIGN,ON SCENE,UNKNOWN,DRY,NOT APPLICABLE,,W,BRYN MAWR AVE,5500,STOP SIGN/FLASHER,FOUR WAY,CLEAR,,Y,,,,,2,2,"{""coordinates"": [-87.765965819205, 41.983058448111], ""type"": ""Point""}","[""FRONT""]","[""CADILLAC"", ""NISSAN""]","[""STRAIGHT AHEAD""]","[""ALTIMA"", ""OTHER (EXPLAIN IN NARRATIVE)""]","[""Y""]","[""17""]","[""DEPLOYMENT UNKNOWN"", ""DID NOT DEPLOY""]","[""NONE""]","[""NO INDICATION OF INJURY""]","[""O2155247"", ""O2155248""]"
STRAIGHT AND LEVEL,1513,2025-09-21T15:30:00.000,1,15,9,ba7fbdfe67b7345410e11a5e2e6a0e336c8a5f94faaec1366d8b18b37a4c569cfec734cda1e2d38e052ed3098bfc555eeb4bc1f9db5862a2cf97114848c708de,NO INJURY / DRIVE AWAY,"OVER $1,500",2025-09-21T15:40:00.000,FUNCTIONING PROPERLY,SIDESWIPE SAME DIRECTION,,0,0,3,0,0,0,0,41.8806590703,DAYLIGHT,-87.7745274038,NO INDICATION OF INJURY,2,30,IMPROPER OVERTAKING/PASSING,ON SCENE,NO DEFECTS,DRY,IMPROPER OVERTAKING/PASSING,,N,AUSTIN BLVD,17,TRAFFIC SIGNAL,NOT DIVIDED,CLEAR,,Y,,,,,2,3,"{""coordinates"": [-87.774527403826, 41.880659070251], ""type"": ""Point""}","[""FRONT-LEFT-CORNER"", ""FRONT-RIGHT-CORNER""]","[""INFINITI"", ""JAGUAR""]","[""PASSING/OVERTAKING"", ""STRAIGHT AHEAD""]","[""F-PACE"", ""QX60""]",[],"[""43"", ""55""]","[""NOT APPLICABLE""]","[""NONE""]","[""NO INDICATION OF INJURY""]","[""O2155218"", ""O2155219"", ""P475670""]"
STRAIGHT AND LEVEL,2011,2025-09-21T15:30:00.000,1,15,9,fe351ec38a0dd060e7f81d688f0c037b93e1f2564e7673615d16c08f008d15840242c935504224231dfe4b180bec4cd92967b7f0bea1bf439db1e0adf3f88102,NO INJURY / DRIVE AWAY,"OVER $1,500",2025-09-21T16:04:00.000,NO CONTROLS,REAR END,,0,0,2,0,0,0,0,41.9903810956,DAYLIGHT,-87.6910995987,NO INDICATION OF INJURY,2,30,FOLLOWING TOO CLOSELY,NOT ON SCENE (DESK REPORT),NO DEFECTS,DRY,UNABLE TO DETERMINE,,W,PETERSON AVE,2435,NO CONTROLS,DIVIDED - W/MEDIAN (NOT RAISED),CLEAR,,,,,,,2,2,"{""coordinates"": [-87.691099598697, 41.990381095596], ""type"": ""Point""}","[""FRONT"", ""REAR""]","[""AUDI"", ""VOLKSWAGEN""]","[""SLOW/STOP IN TRAFFIC"", ""STRAIGHT AHEAD""]","[""A4"", ""JETTA""]",[],"[""27"", ""54""]","[""NOT APPLICABLE""]","[""NONE""]","[""NO INDICATION OF INJURY""]","[""O2155206"", ""O2155207""]"
STRAIGHT AND LEVEL,2022,2025-09-21T15:34:00.000,1,15,9,a89d818703593032cebe1e84493160c88dc82b05f372ed9cca79df704aba121571fb97d7ad13fe09be52e8c254564e21f5dea572f3f6a9329234ea2429c181cf,INJURY AND / OR TOW DUE TO CRASH,"OVER $1,500",2025-09-21T15:34:00.000,NO CONTROLS,TURNING,,0,0,3,0,0,0,0,41.9853462593,DAYLIGHT,-87.6600364217,NO INDICATION OF INJURY,3,35,UNABLE TO DETERMINE,ON SCENE,UNKNOWN,DRY,UNABLE TO DETERMINE,,W,HOLLYWOOD AVE,1199,NO CONTROLS,DIVIDED - W/MEDIAN (NOT RAISED),CLEAR,,,,,,,3,3,"{""coordinates"": [-87.660036421706, 41.985346259294], ""type"": ""Point""}","[""FRONT"", ""SIDE-LEFT-FRONT"", ""SIDE-RIGHT""]","[""HONDA"", ""JEEP"", ""TOYOTA""]","[""STRAIGHT AHEAD"", ""TURNING LEFT""]","[""CR-V"", ""PRIUS"", ""WRANGLER""]","[""Y""]","[""27"", ""42"", ""43""]","[""NOT APPLICABLE""]","[""NONE""]","[""NO INDICATION OF INJURY""]","[""O2155228"", ""O2155229"", ""O2155230""]"