alignment,beat_of_occurrence,crash_date,crash_day_of_week,crash_hour,crash_month,crash_record_id,crash_type,damage,date_police_notified,device_condition,first_crash_type,hit_and_run_i,injuries_fatal,injuries_incapacitating,injuries_no_indication,injuries_non_incapacitating,injuries_reported_not_evident,injuries_total,injuries_unknown,latitude,lighting_condition,longitude,most_severe_injury,num_units,posted_speed_limit,prim_contributory_cause,report_type,road_defect,roadway_surface_cond,sec_contributory_cause,statements_taken_i,street_direction,street_name,street_no,traffic_control_device,trafficway_type,weather_condition,crash_date_est_i,intersection_related_i,photos_taken_i,work_zone_i,dooring_i,private_property_i,veh_count,ppl_count,location_json,veh_first_contact_point_list_json,veh_make_list_json,veh_maneuver_list_json,veh_model_list_json,veh_towed_i_list_json,ppl_age_list_json,ppl_airbag_deployed_list_json,ppl_ejection_list_json,ppl_injury_classification_list_json,ppl_person_id_list_json
STRAIGHT AND LEVEL,1732,2025-09-21T17:00:00.000,1,17,9,cb2d2cc9090ba5f0e95f518f14c67d4328bf0c1e3656337a3fff21e2c7aa24e7aebcf7d061b41bf7c9c3b95c6bff7a5b283b2c7f16c978611d0cf25512b251be,NO INJURY / DRIVE AWAY,"OVER $1,500",2025-09-21T17:00:00.000,NO CONTROLS,PARKED MOTOR VEHICLE,,0,0,1,0,0,0,0,41.9450935517,DAYLIGHT,-87.7128115756,NO INDICATION OF INJURY,2,30,NOT APPLICABLE,ON SCENE,NO DEFECTS,DRY,NOT APPLICABLE,,N,KIMBALL AVE,3508,NO CONTROLS,DIVIDED - W/MEDIAN (NOT RAISED),CLEAR,,,,,,,2,1,"{""coordinates"": [-87.712811575614, 41.945093551663], ""type"": ""Point""}","[""OTHER""]","[""FORD"", ""FREIGHTLINER CORPORATION""]","[""PARKED"", ""STRAIGHT AHEAD""]","[""FREIGHTLINER CORP."", ""OTHER (EXPLAIN IN NARRATIVE)""]",[],"[""23""]","[""NOT APPLICABLE""]","[""NONE""]","[""NO INDICATION OF INJURY""]","[""O2155265""]"
STRAIGHT AND LEVEL,324,2025-09-21T17:00:00.000,1,17,9,dc3c9177b13047e2178feed422e5121883abe42ee9694fa0d1b53981bddb9d7e8734b474ea03b235a20a6ccc5ead6be5c82df6027d7dbe38d52c32a1b85efc04,NO INJURY / DRIVE AWAY,"OVER $1,500",2025-09-21T19:24:00.000,NO CONTROLS,PARKED MOTOR VEHICLE,Y,0,0,1,0,0,0,0,41.7612127254,DAYLIGHT,-87.5897974413,NO INDICATION OF INJURY,2,30,IMPROPER LANE USAGE,ON SCENE,NO DEFECTS,DRY,NOT APPLICABLE,,S,DANTE AVE,7338,NO CONTROLS,ONE-WAY,CLEAR,,,,,,,2,1,"{""coordinates"": [-87.589797441311, 41.761212725412], ""type"": ""Point""}","[""FRONT-LEFT-CORNER"", ""UNKNOWN""]","[""CHEVROLET"", ""UNKNOWN""]","[""PARKED"", ""UNKNOWN/NA""]","[""OTHER (EXPLAIN IN NARRATIVE)"", ""TRAIL BLAZER""]",[],[],"[""DEPLOYMENT UNKNOWN""]","[""NONE""]","[""NO INDICATION OF INJURY""]","[""O2155348""]"
STRAIGHT AND LEVEL,921,2025-09-21T17:00:00.000,1,17,9,f243995523c0639f4aa3f1fa4ad6854948d1da562bb0362cea697062e02a0672692396860db80356ee1c8b4a2864e467e2acedb6db733c8c51ba8ee0aa9aed91,NO INJURY / DRIVE AWAY,"OVER $1,500",2025-09-22T15:30:00.000,NO CONTROLS,SIDESWIPE SAME DIRECTION,Y,0,0,2,0,0,0,0,41.8183877129,DAYLIGHT,-87.6974680577,NO INDICATION OF INJURY,2,30,UNABLE TO DETERMINE,NOT ON SCENE (DESK REPORT),NO DEFECTS,DRY,UNABLE TO DETERMINE,,S,ARCHER AVE,4134,NO CONTROLS,NOT DIVIDED,CLEAR,,,,,,,2,2,"{""coordinates"": [-87.697468057686, 41.81838771295], ""type"": ""Point""}","[""FRONT-RIGHT-CORNER"", ""REAR-LEFT-CORNER""]","[""HONDA"", ""UNKNOWN""]","[""PASSING/OVERTAKING"", ""STRAIGHT AHEAD""]","[""HR-V"", ""MOTORIZED""]",[],"[""62""]","[""DEPLOYMENT UNKNOWN"", ""NOT APPLICABLE""]","[""NONE""]","[""NO INDICATION OF INJURY""]","[""O2155789"", ""O2155790""]"
STRAIGHT AND LEVEL,823,2025-09-21T17:10:00.000,1,17,9,a7487a962df2622cd1bf4493acdff5d411d011c0d2d525b609bef5b1b73a86d285197629694abc6721d82e956010f31456d3fb888c7c0a13d3719c3e3f34d672,NO INJURY / DRIVE AWAY,"OVER $1,500",2025-09-21T18:00:00.000,FUNCTIONING PROPERLY,TURNING,,0,0,3,0,0,0,0,41.7790859317,DAYLIGHT,-87.7029095882,NO INDICATION OF INJURY,2,30,IMPROPER TURNING/NO SIGNAL,NOT ON SCENE (DESK REPORT),NO DEFECTS,DRY,IMPROPER LANE USAGE,,W,63RD ST,3154,TRAFFIC SIGNAL,NOT DIVIDED,CLEAR,,,,,,,2,3,"{""coordinates"": [-87.70290958824, 41.779085931651], ""type"": ""Point""}","[""FRONT-RIGHT-CORNER"", ""SIDE-LEFT""]","[""FORD"", ""HYUNDAI""]","[""TURNING RIGHT""]","[""ESCAPE"", ""TUCSON""]",[],"[""29"", ""32"", ""58""]","[""NOT APPLICABLE""]","[""NONE""]","[""NO INDICATION OF INJURY""]","[""O2155294"", ""O2155295"", ""P475688""]"
STRAIGHT AND LEVEL,832,2025-09-21T17:16:00.000,1,17,9,69529e2ce221d71d1820b76ee4d8c76b6831c76e36c1f6baa2feef2785238f9fd9ac6a11b28ab9c77ad86c022b3443f82db8b0a884b01d952fbf7548185e2bcc,NO INJURY / DRIVE AWAY,"$501 - $1,500",2025-09-21T17:27:00.000,NO CONTROLS,REAR END,,0,0,8,0,0,0,0,41.7684427355,DAYLIGHT,-87.6832805538,NO INDICATION OF INJURY,3,30,FOLLOWING TOO CLOSELY,ON SCENE,NO DEFECTS,DRY,NOT APPLICABLE,,W,69TH ST,2398,NO CONTROLS,NOT DIVIDED,CLEAR,,,,,,,3,8,"{""coordinates"": [-87.683280553816, 41.768442735516], ""type"": ""Point""}","[""FRONT"", ""REAR"", ""UNKNOWN""]","[""CHEVROLET"", ""KIA"", ""NISSAN""]","[""STRAIGHT AHEAD""]","[""EQUINOX"", ""SENTRA"", ""SPORTAGE""]",[],"[""15"", ""21"", ""28"", ""34"", ""36"", ""47"", ""52"", ""6""]","[""DID NOT DEPLOY"", ""NOT APPLICABLE""]","[""NONE""]","[""NO INDICATION OF INJURY""]","[""O2155279"", ""O2155280"", ""O2155281"", ""P475682"", ""P475683"", ""P475684"", ""P475686"", ""P475687""]"
STRAIGHT AND LEVEL,412,2025-09-21T17:25:00.000,1,17,9,09fe24f9ff17da3939ee682c895a539988466aecdeb9d07c2c3783de6069f325a2f99f672c93415f0e5de2c367ec4f0df28a922ed1e2d342b0675a322bddda90,NO INJURY / DRIVE AWAY,"OVER $1,500",2025-09-21T17:30:00.000,NO CONTROLS,PARKED MOTOR VEHICLE,,0,0,2,0,0,0,0,41.7367384639,DAYLIGHT,-87.5905483431,NO INDICATION OF INJURY,2,10,IMPROPER BACKING,ON SCENE,NO DEFECTS,DRY,IMPROPER BACKING,,E,87TH ST,1401,NO CONTROLS,PARKING LOT,CLEAR,,,,,,Y,2,2,"{""coordinates"": [-87.590548343123, 41.736738463913], ""type"": ""Point""}","[""FRONT"", ""REAR""]","[""FORD"", ""NISSAN""]","[""BACKING"", ""PARKED""]","[""ROGUE"", ""VAN""]",[],"[""49"", ""65""]","[""DID NOT DEPLOY"", ""NOT APPLICABLE""]","[""NONE""]","[""NO INDICATION OF INJURY""]","[""O2155355"", ""P475714""]"
STRAIGHT AND LEVEL,1614,2025-09-21T17:25:00.000,1,17,9,7b1c9bc10d1fd6200db2150d04e2e48f43b99619e04f3a6cc5cda59a45496de8a085cb785ff8f123e5682e3f93be62f6a63e5713e9abe39fbedd40fb7af92fd0,INJURY AND / OR TOW DUE TO CRASH,"OVER $1,500",2025-09-21T17:25:00.000,NO CONTROLS,SIDESWIPE SAME DIRECTION,,0,0,2,1,0,1,0,41.9643281954,DAYLIGHT,-87.8439630112,NONINCAPACITATING INJURY,2,15,IMPROPER OVERTAKING/PASSING,ON SCENE,NO DEFECTS,DRY,FAILING TO REDUCE SPEED TO AVOID CRASH,,N,OAKVIEW AVE,4630,NO CONTROLS,NOT DIVIDED,CLEAR,,,,,,,2,3,"{""coordinates"": [-87.843963011244, 41.964328195418], ""type"": ""Point""}","[""FRONT-LEFT-CORNER"", ""FRONT-RIGHT-CORNER""]","[""HONDA"", ""MERCEDES-BENZ""]","[""PASSING/OVERTAKING"", ""STRAIGHT AHEAD""]","[""CR-V"", ""SPRINTER""]","[""Y""]","[""24"", ""72""]","[""DID NOT DEPLOY""]","[""NONE""]","[""NO INDICATION OF INJURY"", ""NONINCAPACITATING INJURY""]","[""O2155321"", ""O2155322"", ""P475705""]"
STRAIGHT AND LEVEL,1814,2025-09-21T17:25:00.000,1,17,9,af9bfd5add1a0f50bf73eb0f5f5e1ce3726c71ebab8e36198a52ec286cd17f74deda3892c2b7cdf238b77b263db1d86dac73f82f4751448a35cb8c51612267b0,INJURY AND / OR TOW DUE TO CRASH,$500 OR LESS,2025-09-22T16:50:00.000,UNKNOWN,PEDESTRIAN,Y,0,0,1,1,0,1,0,41.9131436342,DAYLIGHT,-87.6329983239,NONINCAPACITATING INJURY,2,30,FAILING TO YIELD RIGHT-OF-WAY,NOT ON SCENE (DESK REPORT),UNKNOWN,UNKNOWN,FAILING TO REDUCE SPEED TO AVOID CRASH,,N,CLARK ST,1702,TRAFFIC SIGNAL,FOUR WAY,UNKNOWN,,Y,,,,,2,2,"{""coordinates"": [-87.632998323865, 41.913143634196], ""type"": ""Point""}","[""FRONT-RIGHT-CORNER""]","[""UNKNOWN""]","[""TURNING RIGHT""]","[""OTHER (EXPLAIN IN NARRATIVE)""]",[],"[""33""]","[""DEPLOYMENT UNKNOWN""]","[""NONE""]","[""NO INDICATION OF INJURY"", ""NONINCAPACITATING INJURY""]","[""O2155855"", ""O2155856""]"
STRAIGHT AND LEVEL,1214,2025-09-21T17:30:00.000,1,17,9,921729d8a318bcef6f26f36bcd8e94758a25f61e7bfdb76d7f6826fbe3de211b70e9b009b6a7eb32ce6ff4c4c4669ded4a8a410d1cbb79f96b844f7bd141db18,NO INJURY / DRIVE AWAY,"OVER $1,500",2025-09-21T17:50:00.000,NO CONTROLS,PARKED MOTOR VEHICLE,Y,0,0,1,0,0,0,0,41.8861195967,DAYLIGHT,-87.6467382323,NO INDICATION OF INJURY,2,20,NOT APPLICABLE,ON SCENE,NO DEFECTS,DRY,NOT APPLICABLE,,W,WALNUT ST,725,NO CONTROLS,PARKING LOT,CLEAR,,,,,,,2,1,"{""coordinates"": [-87.646738232256, 41.886119596666], ""type"": ""Point""}","[""SIDE-LEFT-REAR"", ""UNKNOWN""]","[""HONDA"", ""UNKNOWN""]","[""PARKED"", ""UNKNOWN/NA""]","[""ACCORD"", ""OTHER (EXPLAIN IN NARRATIVE)""]",[],[],"[""DEPLOYMENT UNKNOWN""]","[""UNKNOWN""]","[""NO INDICATION OF INJURY""]","[""O2155296""]"
STRAIGHT AND LEVEL,122,2025-09-21T17:30:00.000,1,17,9,c5d06aba082d51cf6f0c31e7b8b8275ecffcc3b8af67144d2df16661ac459c8044f62e17e6980d671d07c62bd765e1e2a16bd5d2243494c15a1b9389a46a18a9,NO INJURY / DRIVE AWAY,"OVER $1,500",2025-09-21T18:35:00.000,NO CONTROLS,REAR END,,0,0,2,0,0,0,0,41.8842100107,DUSK,-87.6372557378,NO INDICATION OF INJURY,2,30,IMPROPER LANE USAGE,NOT ON SCENE (DESK REPORT),NO DEFECTS,DRY,NOT APPLICABLE,,N,LOWER WACKER DR,140,NO CONTROLS,NOT DIVIDED,CLEAR,,,,,,,2,2,"{""coordinates"": [-87.637255737832, 41.884210010702], ""type"": ""Point""}","[""FRONT"", ""REAR-LEFT-CORNER""]","[""CHEVROLET"", ""LINCOLN""]","[""CHANGING LANES"", ""STRAIGHT AHEAD""]","[""BLAZER"", ""MKZ""]",[],"[""48"", ""52""]","[""DID NOT DEPLOY""]","[""NONE""]","[""NO INDICATION OF INJURY""]","[""O2155303"", ""O2155304""]"
STRAIGHT AND LEVEL,1711,2025-09-21T17:40:00.000,1,17,9,05619f153885ec83757638cde2df1e7455ad93b71227d09f1757b589713d5391c5bf7574ad0b124b92703ffb5adb728f7b4e0929549c1308407108b9403f0e2a,NO INJURY / DRIVE AWAY,"OVER $1,500",2025-09-21T19:15:00.000,NO CONTROLS,PARKED MOTOR VEHICLE,,0,0,1,0,0,0,0,41.9940985469,DAYLIGHT,-87.7131806583,NO INDICATION OF INJURY,2,15,UNABLE TO DETERMINE,NOT ON SCENE (DESK REPORT),NO DEFECTS,DRY,NOT APPLICABLE,,N,LINCOLN AVE,6165,NO CONTROLS,PARKING LOT,CLEAR,,,,,,N,2,1,"{""coordinates"": [-87.713180658322, 41.994098546901], ""type"": ""Point""}","[""FRONT-RIGHT-CORNER"", ""REAR-LEFT-CORNER""]","[""HYUNDAI"", ""TOYOTA""]","[""OTHER"", ""PARKED""]","[""RAV4"", ""TUCSON""]","[""N""]",[],"[""DEPLOYMENT UNKNOWN""]","[""NONE""]","[""NO INDICATION OF INJURY""]","[""O2155319""]"
STRAIGHT AND LEVEL,1022,2025-09-21T17:53:00.000,1,17,9,858c13ede622990701eb412ffa539af5418366ade51f0aa71ab1fbe510d349fb1455fc5ba12bc0ff341548cd4b9318436e9fc6514f3de22f789a387c99bf10a0,NO INJURY / DRIVE AWAY,"OVER $1,500",2025-09-21T17:55:00.000,NO CONTROLS,REAR END,,0,0,3,0,0,0,0,41.8571409549,DAYLIGHT,-87.7052611685,NO INDICATION OF INJURY,2,30,FOLLOWING TOO CLOSELY,ON SCENE,UNKNOWN,DRY,UNABLE TO DETERMINE,,S,KEDZIE AVE,1819,NO CONTROLS,NOT DIVIDED,CLEAR,,,,,,,2,3,"{""coordinates"": [-87.705261168512, 41.857140954886], ""type"": ""Point""}","[""FRONT"", ""REAR-LEFT-CORNER""]","[""NISSAN"", ""VOLKSWAGEN""]","[""STRAIGHT AHEAD""]","[""JETTA"", ""SENTRA""]",[],"[""23"", ""34"", ""67""]","[""DID NOT DEPLOY""]","[""NONE""]","[""NO INDICATION OF INJURY""]","[""O2155286"", ""O2155287"", ""P475685""]"
STRAIGHT AND LEVEL,2433,2025-09-21T17:55:00.000,1,17,9,7d22106989cb7356f012f0e8bf34402ace34f210b1f52ecf787395dd78393834a56cadb8ec2057aa1e3b7224e24e2b3c216f8931ee41f0550ae321c4ab3059ef,NO INJURY / DRIVE AWAY,"OVER $1,500",2025-09-21T21:00:00.000,NO CONTROLS,PARKED MOTOR VEHICLE,,0,0,1,0,0,0,0,41.991315465,DAYLIGHT,-87.6581070863,NO INDICATION OF INJURY,2,10,UNABLE TO DETERMINE,NOT ON SCENE (DESK REPORT),NO DEFECTS,DRY,UNABLE TO DETERMINE,,N,WINTHROP AVE,6011,NO CONTROLS,PARKING LOT,CLEAR,,,,,,,2,1,"{""coordinates"": [-87.658107086325, 41.991315465022], ""type"": ""Point""}","[""FRONT"", ""FRONT-LEFT-CORNER""]","[""FORD"", ""TOYOTA""]","[""PARKED"", ""STRAIGHT AHEAD""]","[""CAMRY"", ""EXPLORER""]",[],"[""35""]","[""DID NOT DEPLOY""]","[""NONE""]","[""NO INDICATION OF INJURY""]","[""O2155368""]"
STRAIGHT AND LEVEL,533,2025-09-21T18:00:00.000,1,18,9,23eb6e6d95959b8d8818520c9b09aae0d5839f4440917fc698e2b31db093d0fcc74a28df9066cf5fe212f5d40761306db141fe02e7a244aa8fa2b5aada61e16a,INJURY AND / OR TOW DUE TO CRASH,"OVER $1,500",2025-09-21T19:00:00.000,NO CONTROLS,SIDESWIPE SAME DIRECTION,,0,0,4,0,0,0,0,41.6480334736,DAWN,-87.6148236857,NO INDICATION OF INJURY,3,30,UNABLE TO DETERMINE,NOT ON SCENE (DESK REPORT),NO DEFECTS,DRY,UNABLE TO DETERMINE,,E,136TH ST,300,NO CONTROLS,T-INTERSECTION,CLEAR,,Y,,,,,3,4,"{""coordinates"": [-87.614823685652, 41.6480334736], ""type"": ""Point""}","[""FRONT"", ""REAR""]","[""CHEVROLET"", ""DODGE""]","[""PASSING/OVERTAKING"", ""STRAIGHT AHEAD""]","[""DURANGO"", ""SILVERADO"", ""SUBURBAN""]","[""Y""]",[],"[""DEPLOYMENT UNKNOWN""]","[""UNKNOWN""]","[""NO INDICATION OF INJURY""]","[""O2155352"", ""O2155353"", ""O2155354"", ""P475711""]"
STRAIGHT AND LEVEL,813,2025-09-21T18:01:00.000,1,18,9,6752497917431a99b887bddebc8402559fb2c3f71a5484a1543a2085f1374a5c6a7dd624ddc55f223122b55d1a01118d045722124d50e00cb75996e7be570c19,NO INJURY / DRIVE AWAY,"OVER $1,500",2025-09-21T18:03:00.000,NO CONTROLS,SIDESWIPE SAME DIRECTION,,0,0,3,0,0,0,0,41.7893293233,DAYLIGHT,-87.7416456442,NO INDICATION OF INJURY,2,10,IMPROPER LANE USAGE,ON SCENE,NO DEFECTS,DRY,IMPROPER LANE USAGE,,S,CICERO AVE,5700,NO CONTROLS,ONE-WAY,CLEAR,Y,,,,,,2,3,"{""coordinates"": [-87.741645644196, 41.789329323265], ""type"": ""Point""}","[""FRONT-LEFT-CORNER"", ""SIDE-RIGHT""]","[""FORD"", ""TOYOTA""]","[""ENTERING TRAFFIC LANE FROM PARKING"", ""STRAIGHT AHEAD""]","[""F150"", ""PRIUS""]",[],"[""17"", ""46"", ""57""]","[""DID NOT DEPLOY"", ""NOT APPLICABLE""]","[""NONE""]","[""NO INDICATION OF INJURY""]","[""O2155317"", ""O2155318"", ""P475703""]"
STRAIGHT AND LEVEL,1911,2025-09-21T18:11:00.000,1,18,9,b6732b981deb56d589669767dbdf1fb99a4b5fe3e3abeefd62b163a374ab86ae621bb878666688f8f8f72e606580b849f8c842193c6a68decf962591b2fcdbe5,NO INJURY / DRIVE AWAY,"$501 - $1,500",2025-09-21T19:45:00.000,NO CONTROLS,PARKED MOTOR VEHICLE,,0,0,2,0,0,0,0,41.9638565246,"DARKNESS, LIGHTED ROAD",-87.6856003052,NO INDICATION OF INJURY,2,25,IMPROPER OVERTAKING/PASSING,NOT ON SCENE (DESK REPORT),NO DEFECTS,DRY,UNABLE TO DETERMINE,,N,LINCOLN AVE,4526,NO CONTROLS,DIVIDED - W/MEDIAN (NOT RAISED),CLEAR,,,,,,,2,2,"{""coordinates"": [-87.685600305183, 41.963856524575], ""type"": ""Point""}","[""REAR-RIGHT-CORNER"", ""SIDE-LEFT-REAR""]","[""FORD"", ""LEXUS""]","[""PARKED"", ""PASSING/OVERTAKING""]","[""CT200H"", ""FUSION""]",[],"[""23""]","[""DID NOT DEPLOY"", ""NOT APPLICABLE""]","[""NONE""]","[""NO INDICATION OF INJURY""]","[""O2155339"", ""P475706""]"
STRAIGHT AND LEVEL,1911,2025-09-21T18:15:00.000,1,18,9,b304e235518077691947513eb8d4257078be677e0fd04c53e23d02e00930f5f980ae3f2ad3cf57d607f40f622f3f2565bd58b72bad6525ff16ea6b3e769d96f9,NO INJURY / DRIVE AWAY,"OVER $1,500",2025-09-21T19:13:00.000,NO CONTROLS,SIDESWIPE SAME DIRECTION,,0,0,2,0,0,0,0,41.9639229039,UNKNOWN,-87.6853164745,NO INDICATION OF INJURY,2,30,UNABLE TO DETERMINE,NOT ON SCENE (DESK REPORT),UNKNOWN,UNKNOWN,NOT APPLICABLE,,N,LINCOLN AVE,4525,NO CONTROLS,NOT DIVIDED,UNKNOWN,,,,,,,2,2,"{""coordinates"": [-87.685316474494, 41.963922903921], ""type"": ""Point""}","[""FRONT-LEFT-CORNER"", ""REAR-RIGHT-CORNER""]","[""FORD"", ""LEXUS""]","[""ENTERING TRAFFIC LANE FROM PARKING"", ""LEAVING TRAFFIC LANE TO PARK""]","[""FUSION"", ""OTHER (EXPLAIN IN NARRATIVE)""]",[],"[""23""]","[""DEPLOYMENT UNKNOWN"", ""NOT APPLICABLE""]","[""NONE"", ""UNKNOWN""]","[""NO INDICATION OF INJURY""]","[""O2155311"", ""O2155312""]"
STRAIGHT AND LEVEL,2521,2025-09-21T18:20:00.000,1,18,9,75270ffa408abb09c93f9aeec1fae417469b34c839e489134de23ef1f0b2cf9cfdb6c37163b0267e56173c33cf632d7147e0a40ea03c26bc349c374a9299e577,NO INJURY / DRIVE AWAY,"OVER $1,500",2025-09-21T19:00:00.000,NO CONTROLS,PARKED MOTOR VEHICLE,Y,0,0,1,0,0,0,0,41.9316889194,DAYLIGHT,-87.7430169468,NO INDICATION OF INJURY,2,15,UNABLE TO DETERMINE,ON SCENE,NO DEFECTS,DRY,UNABLE TO DETERMINE,,W,DIVERSEY AVE,4626,NO CONTROLS,PARKING LOT,CLEAR,Y,,,,,,2,1,"{""coordinates"": [-87.743016946831, 41.931688919351], ""type"": ""Point""}","[""UNKNOWN""]","[""CADILLAC"", ""UNKNOWN""]","[""PARKED"", ""UNKNOWN/NA""]","[""OTHER (EXPLAIN IN NARRATIVE)"", ""SRX""]",[],[],"[""DEPLOYMENT UNKNOWN""]","[""NONE""]","[""NO INDICATION OF INJURY""]","[""O2155334""]"
STRAIGHT AND LEVEL,1922,2025-09-21T18:29:00.000,1,18,9,701585599b738f485bbfbfbfd5d28f49d94fdc852ce8acd53baa46255a933733a30d46864bfb102e3f28413f13ac36e302aa5141ed404f427289235801fae0e6,NO INJURY / DRIVE AWAY,$500 OR LESS,2025-09-21T19:00:00.000,FUNCTIONING PROPERLY,REAR END,Y,0,0,2,0,0,0,0,41.9539232571,"DARKNESS, LIGHTED ROAD",-87.6691848419,NO INDICATION OF INJURY,2,25,FOLLOWING TOO CLOSELY,NOT ON SCENE (DESK REPORT),UNKNOWN,DRY,UNABLE TO DETERMINE,,N,ASHLAND AVE,3950,TRAFFIC SIGNAL,DIVIDED - W/MEDIAN (NOT RAISED),CLEAR,,,,,,,2,2,"{""coordinates"": [-87.669184841931, 41.953923257078], ""type"": ""Point""}","[""FRONT"", ""REAR-RIGHT-CORNER""]","[""HYUNDAI"", ""TOYOTA""]","[""STRAIGHT AHEAD""]","[""ELANTRA"", ""RAV4""]",[],"[""40""]","[""DEPLOYMENT UNKNOWN"", ""DID NOT DEPLOY""]","[""NONE""]","[""NO INDICATION OF INJURY""]","[""O2155309"", ""O2155310""]"
STRAIGHT AND LEVEL,1434,2025-09-21T18:30:00.000,1,18,9,b6c104f6427e9fea2ecb821205c507f9335c811e1428cc388bf7f347e29545be6ce7765d77d70506ce4b6f50604f84b607b73261bb1afe29e9a25bea63dd884a,NO INJURY / DRIVE AWAY,"OVER $1,500",2025-09-23T15:15:00.000,NO CONTROLS,PARKED MOTOR VEHICLE,Y,0,0,1,0,0,0,0,41.9168191104,"DARKNESS, LIGHTED ROAD",-87.6774480553,NO INDICATION OF INJURY,2,30,UNABLE TO DETERMINE,NOT ON SCENE (DESK REPORT),NO DEFECTS,DRY,NOT APPLICABLE,,N,DAMEN AVE,1931,NO CONTROLS,NOT DIVIDED,CLEAR,,N,,,,,2,1,"{""coordinates"": [-87.677448055263, 41.91681911038], ""type"": ""Point""}","[""FRONT-RIGHT-CORNER"", ""SIDE-LEFT""]","[""FORD"", ""JEEP""]","[""PARKED"", ""STRAIGHT AHEAD""]","[""EXPLORER"", ""GRAND CHEROKEE""]",[],[],"[""DEPLOYMENT UNKNOWN""]","[""NONE""]","[""NO INDICATION OF INJURY""]","[""O2156486""]"
STRAIGHT AND LEVEL,1614,2025-09-21T18:30:00.000,1,18,9,eda3cffff815a62254f8b2b4b3f3a6b7ae110a1f67a5457023b9f97199832555df6e33a0a0c8cfe43b9f191b254b7a2e7f9ad1beb69a3113eb54c9b2ea1757ac,INJURY AND / OR TOW DUE TO CRASH,"OVER $1,500",2025-09-21T18:32:00.000,FUNCTIONING PROPERLY,TURNING,,0,0,2,0,1,1,0,41.9863426288,DUSK,-87.8371039498,"REPORTED, NOT EVIDENT",2,30,FAILING TO YIELD RIGHT-OF-WAY,ON SCENE,UNKNOWN,DRY,UNABLE TO DETERMINE,,W,HIGGINS RD,8401,TRAFFIC SIGNAL,NOT DIVIDED,CLOUDY/OVERCAST,,Y,,,,,2,3,"{""coordinates"": [-87.837103949785, 41.986342628794], ""type"": ""Point""}","[""FRONT-LEFT-CORNER""]","[""FORD"", ""TOYOTA""]","[""STRAIGHT AHEAD"", ""TURNING LEFT""]","[""FUSION"", ""PRIUS""]",[],"[""30"", ""36"", ""45""]","[""DID NOT DEPLOY""]","[""NONE""]","[""NO INDICATION OF INJURY"", ""REPORTED, NOT EVIDENT""]","[""O2155313"", ""O2155314"", ""P475700""]"
STRAIGHT AND LEVEL,815,2025-09-21T18:34:00.000,1,18,9,a075f055ec2a85ea3ce078f576008f7211640c8b68ae233725d2fd95e961804c262b3ba757cdc7a0e7308e94f120c7d66138b33d7ee725e7b70e7e5140e0d34d,NO INJURY / DRIVE AWAY,"$501 - $1,500",2025-09-21T19:26:00.000,NO CONTROLS,PARKED MOTOR VEHICLE,,0,0,3,0,0,0,0,41.7961975914,DARKNESS,-87.7233918834,NO INDICATION OF INJURY,2,10,IMPROPER TURNING/NO SIGNAL,NOT ON SCENE (DESK REPORT),NO DEFECTS,DRY,NOT APPLICABLE,,S,PULASKI RD,5320,NO CONTROLS,PARKING LOT,CLEAR,,,,,,Y,2,3,"{""coordinates"": [-87.723391883445, 41.796197591416], ""type"": ""Point""}","[""FRONT-RIGHT-CORNER"", ""REAR-RIGHT-CORNER""]","[""CHEVROLET""]","[""PARKED"", ""TURNING RIGHT""]","[""MALIBU"", ""SILVERADO""]",[],"[""49""]","[""DID NOT DEPLOY""]","[""NONE""]","[""NO INDICATION OF INJURY""]","[""O2155323"", ""P475699"", ""P475701""]"
STRAIGHT AND LEVEL,2232,2025-09-21T18:40:00.000,1,18,9,f45880b71ec3d9bc433f547f6a4b5a9b01104ba63ad41ed958d129fb82057e77d3b33907af1762360777613a39b6cebcaf932aca21c5f712e8dcc64e542ce1db,INJURY AND / OR TOW DUE TO CRASH,"OVER $1,500",2025-09-21T18:44:00.000,NO CONTROLS,OTHER OBJECT,,0,0,1,0,0,0,0,41.7134955733,DUSK,-87.6428339365,NO INDICATION OF INJURY,1,30,UNABLE TO DETERMINE,ON SCENE,NO DEFECTS,DRY,NOT APPLICABLE,,S,HALSTED ST,9923,NO CONTROLS,NOT DIVIDED,CLEAR,,,,,,,1,1,"{""coordinates"": [-87.64283393649, 41.713495573303], ""type"": ""Point""}","[""FRONT-RIGHT-CORNER""]","[""MERCURY""]","[""AVOIDING VEHICLES/OBJECTS""]","[""MONTEGO""]","[""Y""]","[""55""]","[""DEPLOYED, FRONT""]","[""NONE""]","[""NO INDICATION OF INJURY""]","[""O2155331""]"