alignment,beat_of_occurrence,crash_date,crash_day_of_week,crash_hour,crash_month,crash_record_id,crash_type,damage,date_police_notified,device_condition,first_crash_type,hit_and_run_i,injuries_fatal,injuries_incapacitating,injuries_no_indication,injuries_non_incapacitating,injuries_reported_not_evident,injuries_total,injuries_unknown,latitude,lighting_condition,longitude,most_severe_injury,num_units,posted_speed_limit,prim_contributory_cause,report_type,road_defect,roadway_surface_cond,sec_contributory_cause,statements_taken_i,street_direction,street_name,street_no,traffic_control_device,trafficway_type,weather_condition,crash_date_est_i,intersection_related_i,photos_taken_i,work_zone_i,dooring_i,private_property_i,veh_count,ppl_count,location_json,veh_first_contact_point_list_json,veh_make_list_json,veh_maneuver_list_json,veh_model_list_json,veh_towed_i_list_json,ppl_age_list_json,ppl_airbag_deployed_list_json,ppl_ejection_list_json,ppl_injury_classification_list_json,ppl_person_id_list_json
STRAIGHT AND LEVEL,1934,2025-09-21T18:50:00.000,1,18,9,1a1fd40ffcd8e539257dab1f37f5fdeebbf8fb10e29b03909456814c4226fe2d4bcdf7c943c5af37d6cdc3cfce3b7eaf727e29de7e2ee784c09f5c8ab6e99a78,NO INJURY / DRIVE AWAY,"OVER $1,500",2025-09-21T19:30:00.000,NO CONTROLS,SIDESWIPE OPPOSITE DIRECTION,Y,0,0,2,0,0,0,0,41.9389210638,DAYLIGHT,-87.6442135215,NO INDICATION OF INJURY,2,30,DRIVING ON WRONG SIDE/WRONG WAY,NOT ON SCENE (DESK REPORT),UNKNOWN,DRY,NOT APPLICABLE,,N,BROADWAY,3143,NO CONTROLS,NOT DIVIDED,CLEAR,Y,,,,,,2,2,"{""coordinates"": [-87.644213521548, 41.9389210638], ""type"": ""Point""}","[""FRONT-LEFT-CORNER"", ""SIDE-LEFT""]","[""LINCOLN"", ""TESLA""]","[""PASSING/OVERTAKING"", ""STRAIGHT AHEAD""]","[""OTHER (EXPLAIN IN NARRATIVE)""]",[],"[""34""]","[""DEPLOYMENT UNKNOWN"", ""NOT APPLICABLE""]","[""NONE""]","[""NO INDICATION OF INJURY""]","[""O2155327"", ""O2155328""]"
STRAIGHT AND LEVEL,131,2025-09-21T19:00:00.000,1,19,9,033663c0cdab0191e226526412cbcdb39aa0740fec559ab432c07bbe1a2d29ae46d796c200bd1c6fb38d7cccb52394fe9a2fc3340e3c87e48fae05f41b48014a,NO INJURY / DRIVE AWAY,"OVER $1,500",2025-09-24T18:56:00.000,NO CONTROLS,PEDESTRIAN,Y,0,0,2,0,0,0,0,41.8657003856,DAYLIGHT,-87.6242595813,NO INDICATION OF INJURY,2,30,FAILING TO YIELD RIGHT-OF-WAY,NOT ON SCENE (DESK REPORT),UNKNOWN,DRY,NOT APPLICABLE,,S,MICHIGAN AVE,1300,NO CONTROLS,FOUR WAY,CLEAR,,,,,,,2,2,"{""coordinates"": [-87.624259581278, 41.865700385616], ""type"": ""Point""}","[""FRONT-RIGHT-CORNER""]","[""GENESIS""]","[""STRAIGHT AHEAD""]","[""G70""]",[],[],"[""DID NOT DEPLOY""]","[""NONE""]","[""NO INDICATION OF INJURY""]","[""O2157292"", ""O2157293""]"
STRAIGHT AND LEVEL,131,2025-09-21T19:00:00.000,1,19,9,622071eaec5b87e4cc6436ec7e491ad4b3cde7acc0f4f4fb01dc4c49f66a3a50620844a2b6d4c8ea60a095a8757c2ef77e951eedf80bdbe4b2fd53bd8dc72335,NO INJURY / DRIVE AWAY,"OVER $1,500",2025-09-21T20:15:00.000,UNKNOWN,PARKED MOTOR VEHICLE,Y,0,0,1,0,0,0,0,41.8529802641,UNKNOWN,-87.6256484724,NO INDICATION OF INJURY,2,30,DRIVING SKILLS/KNOWLEDGE/EXPERIENCE,NOT ON SCENE (DESK REPORT),UNKNOWN,UNKNOWN,UNABLE TO DETERMINE,,S,WABASH AVE,2140,UNKNOWN,NOT DIVIDED,UNKNOWN,,,,,,,2,1,"{""coordinates"": [-87.625648472423, 41.852980264092], ""type"": ""Point""}","[""UNKNOWN""]","[""CHEVROLET"", ""UNKNOWN""]","[""PARKED"", ""STRAIGHT AHEAD""]","[""EQUINOX"", ""OTHER (EXPLAIN IN NARRATIVE)""]",[],[],"[""DEPLOYMENT UNKNOWN""]","[""UNKNOWN""]","[""NO INDICATION OF INJURY""]","[""O2155346""]"
STRAIGHT AND LEVEL,111,2025-09-21T19:00:00.000,1,19,9,65a8e7f5c9d2b4a59b60f69edccd436dd09a1f87f89ac598c3c56c9649a485a11251957bd6ab3752a19660f471ce47efc99299464cb2b4a5fb55888626d6610e,NO INJURY / DRIVE AWAY,"$501 - $1,500",2025-09-21T23:00:00.000,NO CONTROLS,SIDESWIPE SAME DIRECTION,,0,0,2,0,0,0,0,41.8843757761,"DARKNESS, LIGHTED ROAD",-87.628865882,NO INDICATION OF INJURY,2,30,UNABLE TO DETERMINE,NOT ON SCENE (DESK REPORT),UNKNOWN,UNKNOWN,UNABLE TO DETERMINE,,W,RANDOLPH ST,25,NO CONTROLS,ONE-WAY,CLEAR,,,,,,,2,2,"{""coordinates"": [-87.628865882038, 41.884375776088], ""type"": ""Point""}","[""SIDE-LEFT"", ""SIDE-RIGHT""]","[""FORD"", ""TOYOTA""]","[""STRAIGHT AHEAD""]","[""HIGHLANDER"", ""MUSTANG""]",[],"[""27"", ""41""]","[""DID NOT DEPLOY""]","[""NONE""]","[""NO INDICATION OF INJURY""]","[""O2155399"", ""O2155400""]"
STRAIGHT AND LEVEL,1654,2025-09-21T19:03:00.000,1,19,9,4cc6c7f4f8b11cad4ca9986a9bcc2c6623f9d18959c76f81223d0a41ebba51843e51d8e74e17f483fd014d401ef2443f8f02dae2cd52a23570aaffb657a30adb,NO INJURY / DRIVE AWAY,"OVER $1,500",2025-09-21T19:28:00.000,FUNCTIONING PROPERLY,TURNING,,0,0,2,0,0,0,0,,"DARKNESS, LIGHTED ROAD",,NO INDICATION OF INJURY,2,30,DISREGARDING TRAFFIC SIGNALS,ON SCENE,UNKNOWN,DRY,NOT APPLICABLE,,N,BESSIE COLEMAN DR,136,TRAFFIC SIGNAL,CENTER TURN LANE,CLEAR,,Y,,,,,2,2,,"[""FRONT"", ""SIDE-RIGHT""]","[""BUICK"", ""FORD""]","[""STRAIGHT AHEAD"", ""TURNING LEFT""]","[""ESCAPE"", ""LUCERNE""]",[],"[""30"", ""68""]","[""NOT APPLICABLE""]","[""NONE""]","[""NO INDICATION OF INJURY""]","[""O2155332"", ""O2155333""]"
STRAIGHT AND LEVEL,132,2025-09-21T19:10:00.000,1,19,9,50a208e9794d2f677b0192a151a2c0646c90523fa9d7ec704e7525c932bb8a7a9f6b15055b8179bdd82488c284af9e0c687674b2cf68af8f001af26dc39a4b07,NO INJURY / DRIVE AWAY,"OVER $1,500",2025-09-22T19:30:00.000,UNKNOWN,SIDESWIPE SAME DIRECTION,,0,0,2,0,0,0,0,41.8604394942,UNKNOWN,-87.6174075902,NO INDICATION OF INJURY,2,30,IMPROPER BACKING,NOT ON SCENE (DESK REPORT),UNKNOWN,UNKNOWN,DRIVING SKILLS/KNOWLEDGE/EXPERIENCE,,E,WALDRON DR,406,UNKNOWN,DIVIDED - W/MEDIAN (NOT RAISED),UNKNOWN,,Y,,,,,2,2,"{""coordinates"": [-87.61740759022, 41.860439494184], ""type"": ""Point""}","[""FRONT"", ""UNKNOWN""]","[""CHEVROLET"", ""TOYOTA""]","[""BACKING"", ""STRAIGHT AHEAD""]","[""CAMRY"", ""TRAVERSE""]",[],"[""21"", ""32""]","[""DEPLOYMENT UNKNOWN""]","[""UNKNOWN""]","[""NO INDICATION OF INJURY""]","[""O2156018"", ""O2156019""]"
STRAIGHT AND LEVEL,833,2025-09-21T19:10:00.000,1,19,9,ecdfb0c066d4662cacfb0f4be11e9655e226989e60b50b52b4de0bd95b79ced2b9706dce0402decd18d57aa9c0b6edfb7291734254e16a7e17bd3208263e2116,NO INJURY / DRIVE AWAY,"OVER $1,500",2025-09-21T19:14:00.000,NO CONTROLS,SIDESWIPE SAME DIRECTION,Y,0,0,2,0,0,0,0,41.7715664129,"DARKNESS, LIGHTED ROAD",-87.7172488199,NO INDICATION OF INJURY,2,30,IMPROPER OVERTAKING/PASSING,ON SCENE,NO DEFECTS,DRY,NOT APPLICABLE,,W,MARQUETTE RD,3750,NO CONTROLS,NOT DIVIDED,CLEAR,,,,,,,2,2,"{""coordinates"": [-87.717248819947, 41.771566412947], ""type"": ""Point""}","[""FRONT-LEFT-CORNER"", ""REAR-RIGHT-CORNER""]","[""CADILLAC"", ""HYUNDAI""]","[""PASSING/OVERTAKING"", ""STRAIGHT AHEAD""]","[""ESCALADE"", ""TUCSON""]",[],"[""29""]","[""DEPLOYMENT UNKNOWN"", ""DID NOT DEPLOY""]","[""NONE""]","[""NO INDICATION OF INJURY""]","[""O2155329"", ""O2155330""]"
STRAIGHT AND LEVEL,224,2025-09-21T19:14:00.000,1,19,9,abb40794e3da62042f82442ffc526b13e53dab8a063bc1339e82a99aa479c174ff82c8da9172ee28109541afee302340df20907c7e5ad1a7e6b543727bc757e3,INJURY AND / OR TOW DUE TO CRASH,"$501 - $1,500",2025-09-21T19:20:00.000,NO CONTROLS,PEDALCYCLIST,,0,0,1,1,0,1,0,,DARKNESS,,NONINCAPACITATING INJURY,2,30,UNABLE TO DETERMINE,ON SCENE,UNKNOWN,DRY,UNABLE TO DETERMINE,,S,DR MARTIN LUTHER KING JR SD,4910,NO CONTROLS,DIVIDED - W/MEDIAN (NOT RAISED),CLEAR,,,,,,,2,2,,"[""FRONT""]","[""PONTIAC""]","[""STRAIGHT AHEAD""]","[""PARISIENNE""]",[],"[""51"", ""63""]","[""NOT APPLICABLE""]","[""NONE""]","[""NO INDICATION OF INJURY"", ""NONINCAPACITATING INJURY""]","[""O2155370"", ""O2155371""]"
STRAIGHT AND LEVEL,1634,2025-09-21T19:15:00.000,1,19,9,718579c8af9e6b4d3b841b512c249235bfe9a93b611003ad300b68650ba47173f4c98fcd3e9ab53608c7507611126f854599940a68f04ff899df5786fbd0ca2e,NO INJURY / DRIVE AWAY,"OVER $1,500",2025-09-21T19:17:00.000,FUNCTIONING PROPERLY,ANGLE,,0,0,2,0,0,0,0,41.9425200062,"DARKNESS, LIGHTED ROAD",-87.7471128212,NO INDICATION OF INJURY,2,30,FAILING TO YIELD RIGHT-OF-WAY,ON SCENE,NO DEFECTS,DRY,NOT APPLICABLE,,N,CICERO AVE,3400,TRAFFIC SIGNAL,FOUR WAY,CLEAR,,Y,,,,,2,2,"{""coordinates"": [-87.747112821184, 41.942520006214], ""type"": ""Point""}","[""FRONT-LEFT-CORNER"", ""FRONT-RIGHT-CORNER""]","[""KIA"", ""TOYOTA""]","[""STRAIGHT AHEAD""]","[""RAV4"", ""SEDONA""]",[],"[""42"", ""63""]","[""DID NOT DEPLOY"", ""NOT APPLICABLE""]","[""NONE""]","[""NO INDICATION OF INJURY""]","[""O2155388"", ""O2155389""]"
STRAIGHT AND LEVEL,1653,2025-09-21T19:20:00.000,1,19,9,c73756e4643d0c22cbfab4b079c78246da6d800d87f92d5b8ccb371d7607aa59555594fea7033a775de8bd767a022831e80ad0af5c571fa699cdf4dbb616da90,NO INJURY / DRIVE AWAY,"OVER $1,500",2025-09-21T19:40:00.000,NO CONTROLS,PARKED MOTOR VEHICLE,,0,0,2,0,0,0,0,,"DARKNESS, LIGHTED ROAD",,NO INDICATION OF INJURY,2,30,UNABLE TO DETERMINE,ON SCENE,NO DEFECTS,DRY,NOT APPLICABLE,,W,TERMINAL ST,3,NO CONTROLS,ONE-WAY,CLEAR,,,,,,,2,2,,"[""FRONT-RIGHT-CORNER"", ""REAR-LEFT-CORNER""]","[""AUDI"", ""HONDA""]","[""ENTERING TRAFFIC LANE FROM PARKING"", ""PARKED""]","[""CR-V"", ""QUATRRO""]",[],"[""26"", ""28""]","[""DID NOT DEPLOY"", ""NOT APPLICABLE""]","[""NONE""]","[""NO INDICATION OF INJURY""]","[""O2155336"", ""P475757""]"
STRAIGHT AND LEVEL,131,2025-09-21T19:21:00.000,1,19,9,0d9a8e5dbe6ff1406abd5f9e6d1aac5d6ef9d355aa26cc6a6613db3fe22e9d9da361faf282f95d69ae2225468e5a3de38af8b88870cacf5b4cf43b5ff710a028,INJURY AND / OR TOW DUE TO CRASH,"OVER $1,500",2025-09-21T19:38:00.000,FUNCTIONING PROPERLY,TURNING,,0,0,2,0,1,1,0,41.8553886105,"DARKNESS, LIGHTED ROAD",-87.6269979453,"REPORTED, NOT EVIDENT",2,30,FAILING TO YIELD RIGHT-OF-WAY,ON SCENE,NO DEFECTS,DRY,NOT APPLICABLE,,S,STATE ST,2001,TRAFFIC SIGNAL,FOUR WAY,CLEAR,,,,,,,2,3,"{""coordinates"": [-87.62699794531, 41.855388610498], ""type"": ""Point""}","[""FRONT""]","[""HONDA"", ""SUBARU""]","[""STRAIGHT AHEAD"", ""TURNING LEFT""]","[""CIVIC"", ""LEGACY""]",[],"[""17"", ""25""]","[""DEPLOYED, FRONT"", ""DID NOT DEPLOY""]","[""NONE""]","[""NO INDICATION OF INJURY"", ""REPORTED, NOT EVIDENT""]","[""O2155362"", ""O2155363"", ""P475712""]"
STRAIGHT AND LEVEL,424,2025-09-21T19:30:00.000,1,19,9,42b136c0e4b95b8e1b7f6616cba7369993f83af4c2695491ea6c51c3cbb2cf2b0adf52e15063e11f1b66dffbaebb84ff6118e3f89aac5af3228f036405929b39,NO INJURY / DRIVE AWAY,"OVER $1,500",2025-09-21T20:00:00.000,UNKNOWN,SIDESWIPE SAME DIRECTION,Y,0,0,2,0,0,0,0,41.7373280444,"DARKNESS, LIGHTED ROAD",-87.5401550669,NO INDICATION OF INJURY,2,55,UNABLE TO DETERMINE,NOT ON SCENE (DESK REPORT),NO DEFECTS,DRY,UNABLE TO DETERMINE,,S,LAKE SHORE DR,8701,UNKNOWN,DIVIDED - W/MEDIAN BARRIER,CLEAR,,,,,,,2,2,"{""coordinates"": [-87.540155066852, 41.737328044439], ""type"": ""Point""}","[""SIDE-LEFT"", ""UNKNOWN""]","[""HYUNDAI"", ""UNKNOWN""]","[""STRAIGHT AHEAD""]","[""ELANTRA"", ""OTHER (EXPLAIN IN NARRATIVE)""]",[],"[""66""]","[""DEPLOYMENT UNKNOWN"", ""NOT APPLICABLE""]","[""NONE""]","[""NO INDICATION OF INJURY""]","[""O2155350"", ""O2155351""]"
STRAIGHT AND LEVEL,2514,2025-09-21T19:30:00.000,1,19,9,49d59e4ad9b8496458607e46dfac1d79e21bb0df7dd0cecb22f1620b203c9014091f43efd4f04168e490d675c2cfc85bd2fcbc9c8ea3073f67595e80e36e4a59,NO INJURY / DRIVE AWAY,"OVER $1,500",2025-09-21T20:18:00.000,FUNCTIONING PROPERLY,REAR END,Y,0,0,2,0,0,0,0,41.9296304303,"DARKNESS, LIGHTED ROAD",-87.7565001649,NO INDICATION OF INJURY,2,30,FOLLOWING TOO CLOSELY,ON SCENE,NO DEFECTS,DRY,NOT APPLICABLE,,N,LARAMIE AVE,2700,STOP SIGN/FLASHER,NOT DIVIDED,CLEAR,,Y,,,,,2,2,"{""coordinates"": [-87.756500164878, 41.929630430303], ""type"": ""Point""}","[""FRONT"", ""REAR""]","[""FORD"", ""TOYOTA""]","[""SLOW/STOP IN TRAFFIC"", ""STRAIGHT AHEAD""]","[""CAMRY"", ""TAURUS""]",[],"[""25"", ""29""]","[""DEPLOYMENT UNKNOWN"", ""DID NOT DEPLOY""]","[""NONE"", ""UNKNOWN""]","[""NO INDICATION OF INJURY""]","[""O2155357"", ""O2155358""]"
STRAIGHT AND LEVEL,1911,2025-09-21T19:35:00.000,1,19,9,b76118f56aa323c48eaf79481469df41bb98de9a36bf771994c4d17d20f65e2734b1e9e0a86c2ee5701c26a5ec49ed083c54efff4dd40da881ba261966df9956,NO INJURY / DRIVE AWAY,"$501 - $1,500",2025-09-21T21:20:00.000,FUNCTIONING PROPERLY,TURNING,,0,0,2,0,0,0,0,41.966848451,"DARKNESS, LIGHTED ROAD",-87.6889984037,NO INDICATION OF INJURY,2,30,UNABLE TO DETERMINE,NOT ON SCENE (DESK REPORT),UNKNOWN,DRY,UNABLE TO DETERMINE,,N,WESTERN AVE,4700,TRAFFIC SIGNAL,NOT DIVIDED,CLEAR,,,,,,,2,2,"{""coordinates"": [-87.688998403679, 41.966848450952], ""type"": ""Point""}","[""TOTAL (ALL AREAS)"", ""UNKNOWN""]","[""JEEP"", ""TOYOTA""]","[""STRAIGHT AHEAD"", ""TURNING LEFT""]","[""CAMRY"", ""RENEGADE""]",[],"[""38"", ""48""]","[""DID NOT DEPLOY""]","[""NONE""]","[""NO INDICATION OF INJURY""]","[""O2155378"", ""O2155379""]"
STRAIGHT AND LEVEL,1831,2025-09-21T19:40:00.000,1,19,9,57d0e303be6a53d38ce237d691956d533f694ac8fff8c13535c7b4c47ae3d47872e53bc61ff4faad68a4e75f0d743cdf3c70992030279a0ffee8d71b5532a740,NO INJURY / DRIVE AWAY,"OVER $1,500",2025-09-22T11:55:00.000,FUNCTIONING PROPERLY,SIDESWIPE SAME DIRECTION,,0,0,2,0,0,0,0,41.8916567898,DAYLIGHT,-87.6369610306,NO INDICATION OF INJURY,2,30,IMPROPER OVERTAKING/PASSING,NOT ON SCENE (DESK REPORT),NO DEFECTS,DRY,FAILING TO YIELD RIGHT-OF-WAY,,W,GRAND AVE,332,TRAFFIC SIGNAL,FOUR WAY,CLEAR,,Y,,,,,2,2,"{""coordinates"": [-87.636961030603, 41.891656789759], ""type"": ""Point""}","[""FRONT-RIGHT-CORNER"", ""SIDE-LEFT""]","[""FORD"", ""MAZDA""]","[""PASSING/OVERTAKING"", ""STRAIGHT AHEAD""]","[""CX-5"", ""FUSION""]",[],"[""30"", ""46""]","[""DID NOT DEPLOY""]","[""NONE""]","[""NO INDICATION OF INJURY""]","[""O2155643"", ""O2155644""]"
STRAIGHT AND LEVEL,834,2025-09-21T19:40:00.000,1,19,9,73d3da0187134a155d6a94c3f0929e0d1cc9ebc859f4258da547c411ca7bb2167510e3fbebff5939afd06496db6a2ef171cb5767c5823b82d8dac706379e4a15,NO INJURY / DRIVE AWAY,"OVER $1,500",2025-09-22T15:27:00.000,NO CONTROLS,SIDESWIPE SAME DIRECTION,,0,0,2,0,0,0,0,41.7385181508,"DARKNESS, LIGHTED ROAD",-87.7022289549,NO INDICATION OF INJURY,2,30,IMPROPER OVERTAKING/PASSING,NOT ON SCENE (DESK REPORT),UNKNOWN,DRY,NOT APPLICABLE,,S,KEDZIE AVE,8510,NO CONTROLS,NOT DIVIDED,CLEAR,,,,,,,2,2,"{""coordinates"": [-87.702228954865, 41.738518150771], ""type"": ""Point""}","[""SIDE-LEFT"", ""SIDE-RIGHT""]","[""FORD"", ""GENERAL MOTORS CORPORATION (GMC)""]","[""STRAIGHT AHEAD""]","[""EXPLORER"", ""YUKON""]",[],[],"[""DID NOT DEPLOY""]","[""NONE""]","[""NO INDICATION OF INJURY""]","[""O2155787"", ""O2155788""]"
STRAIGHT AND LEVEL,2233,2025-09-21T19:44:00.000,1,19,9,def27a30b96ae5fb71dd042ea1b18bbe2a25a39584939bc1a5d7cfe4957b5f474f12b28d38e5b92a8d6d1c1fce633183e3e9d7fba640662210299cbd2b75babc,NO INJURY / DRIVE AWAY,"OVER $1,500",2025-09-22T12:45:00.000,FUNCTIONING PROPERLY,ANGLE,,0,0,2,0,0,0,0,41.6925245332,"DARKNESS, LIGHTED ROAD",-87.6375966645,NO INDICATION OF INJURY,2,30,UNABLE TO DETERMINE,NOT ON SCENE (DESK REPORT),NO DEFECTS,DRY,NOT APPLICABLE,,W,111TH ST,600,STOP SIGN/FLASHER,NOT DIVIDED,CLEAR,,,,,,,2,2,"{""coordinates"": [-87.63759666452, 41.692524533233], ""type"": ""Point""}","[""FRONT"", ""SIDE-RIGHT-REAR""]","[""ACURA"", ""HYUNDAI""]","[""STRAIGHT AHEAD""]","[""ADX"", ""OTHER (EXPLAIN IN NARRATIVE)""]",[],"[""53""]","[""NOT APPLICABLE""]","[""NONE""]","[""NO INDICATION OF INJURY""]","[""O2155678"", ""O2155679""]"
STRAIGHT AND LEVEL,815,2025-09-21T19:45:00.000,1,19,9,364455bde52c999ee8c210ff1e44a3c525f9202bf65a155fb328e1d804d9eb51d8dc70cd03edadbb60b178ec6756cc9504eb6d9b2e7e516aa7650ca9ced0744c,NO INJURY / DRIVE AWAY,"OVER $1,500",2025-09-21T20:06:00.000,NO CONTROLS,SIDESWIPE SAME DIRECTION,,0,0,6,0,0,0,0,41.798747281,DARKNESS,-87.7427856868,NO INDICATION OF INJURY,2,30,IMPROPER OVERTAKING/PASSING,NOT ON SCENE (DESK REPORT),NO DEFECTS,DRY,NOT APPLICABLE,,S,CICERO AVE,5199,NO CONTROLS,NOT DIVIDED,CLEAR,,,,,,,2,6,"{""coordinates"": [-87.742785686821, 41.798747281016], ""type"": ""Point""}","[""FRONT-RIGHT-CORNER"", ""SIDE-LEFT""]","[""GENERAL MOTORS CORPORATION (GMC)"", ""TOYOTA""]","[""PASSING/OVERTAKING"", ""STRAIGHT AHEAD""]","[""HIGHLANDER"", ""YUKON""]",[],"[""42"", ""44""]","[""DID NOT DEPLOY""]","[""NONE""]","[""NO INDICATION OF INJURY""]","[""O2155337"", ""O2155338"", ""P475707"", ""P475708"", ""P475709"", ""P475710""]"
STRAIGHT AND LEVEL,1213,2025-09-21T19:50:00.000,1,19,9,442f8da28e8d8b40383d5d00efcbcaca063a20b839d1c79e9a538331c738e5417624eba25c8ac2c576469b97a725fd21f28f93232762b918a9519ec565740d51,NO INJURY / DRIVE AWAY,"OVER $1,500",2025-09-21T20:17:00.000,FUNCTIONING PROPERLY,PARKED MOTOR VEHICLE,Y,0,0,1,0,0,0,0,41.8995252364,"DARKNESS, LIGHTED ROAD",-87.6721335794,NO INDICATION OF INJURY,4,30,UNABLE TO DETERMINE,ON SCENE,UNKNOWN,DRY,NOT APPLICABLE,,W,AUGUSTA BLVD,1759,TRAFFIC SIGNAL,NOT DIVIDED,CLEAR,,,,,,,4,1,"{""coordinates"": [-87.672133579432, 41.899525236418], ""type"": ""Point""}","[""REAR"", ""UNKNOWN""]","[""FORD"", ""HONDA"", ""JEEP"", ""TOYOTA""]","[""PARKED"", ""UNKNOWN/NA""]","[""HR-V"", ""OTHER (EXPLAIN IN NARRATIVE)"", ""PATRIOT"", ""PRIUS""]",[],[],"[""DEPLOYMENT UNKNOWN""]","[""NONE""]","[""NO INDICATION OF INJURY""]","[""O2155382""]"
STRAIGHT AND LEVEL,123,2025-09-21T19:55:00.000,1,19,9,8bf390a72d8b468d5ad1e713c3e82a0b782345043922c035781f42311df10663aae239b2a750e53a71c80b25bf7104cca354129eaf73df5db9a35bc9aa07f0fc,NO INJURY / DRIVE AWAY,"OVER $1,500",2025-09-21T21:30:00.000,NO CONTROLS,SIDESWIPE SAME DIRECTION,,0,0,2,0,0,0,0,41.8727988694,"DARKNESS, LIGHTED ROAD",-87.6243378103,NO INDICATION OF INJURY,2,30,IMPROPER LANE USAGE,NOT ON SCENE (DESK REPORT),NO DEFECTS,DRY,IMPROPER TURNING/NO SIGNAL,,S,MICHIGAN AVE,720,NO CONTROLS,DIVIDED - W/MEDIAN BARRIER,CLEAR,,,,,,,2,2,"{""coordinates"": [-87.62433781031, 41.872798869355], ""type"": ""Point""}","[""FRONT-LEFT-CORNER"", ""FRONT-RIGHT-CORNER""]","[""CHEVROLET"", ""TOYOTA""]","[""ENTERING TRAFFIC LANE FROM PARKING"", ""STRAIGHT AHEAD""]","[""CAMRY"", ""EQUINOX""]",[],"[""29"", ""33""]","[""DID NOT DEPLOY"", ""NOT APPLICABLE""]","[""NONE""]","[""NO INDICATION OF INJURY""]","[""O2155376"", ""O2155377""]"
STRAIGHT AND LEVEL,731,2025-09-21T19:57:00.000,1,19,9,6cd383cb3373b709d07292332c0d864e742e5440609e25c9605a25bb0f971126d7123a03fccf9a8a1b9f861c4136b66c36773ee671ab8dd2546bff1043bc032a,INJURY AND / OR TOW DUE TO CRASH,"OVER $1,500",2025-09-21T19:57:00.000,NO CONTROLS,REAR END,,0,0,2,0,1,1,0,41.7653024908,"DARKNESS, LIGHTED ROAD",-87.6312257949,"REPORTED, NOT EVIDENT",3,30,FOLLOWING TOO CLOSELY,ON SCENE,UNKNOWN,DRY,FOLLOWING TOO CLOSELY,,W,71ST ST,237,NO CONTROLS,NOT DIVIDED,CLEAR,,,,,,,3,3,"{""coordinates"": [-87.631225794911, 41.765302490792], ""type"": ""Point""}","[""FRONT"", ""REAR""]","[""CHEVROLET"", ""MAZDA""]","[""SLOW/STOP IN TRAFFIC"", ""STRAIGHT AHEAD""]","[""CX-7"", ""IMPALA"", ""MALIBU""]",[],"[""22"", ""26"", ""49""]","[""DEPLOYED, COMBINATION"", ""DID NOT DEPLOY"", ""NOT APPLICABLE""]","[""NONE""]","[""NO INDICATION OF INJURY"", ""REPORTED, NOT EVIDENT""]","[""O2155394"", ""O2155395"", ""O2155396""]"
STRAIGHT AND LEVEL,2535,2025-09-21T20:00:00.000,1,20,9,c72ba949a5857b708e94226451b823ffbbf6c549fa9c8d1d786950b041ef588971c2c767ba74975a3593b15f9cd0f5b47009f114dab8d83470a548259eb12c65,NO INJURY / DRIVE AWAY,"OVER $1,500",2025-09-21T20:00:00.000,UNKNOWN,TURNING,,0,0,2,0,0,0,0,41.9057938403,DUSK,-87.7262511371,NO INDICATION OF INJURY,2,30,NOT APPLICABLE,NOT ON SCENE (DESK REPORT),UNKNOWN,DRY,NOT APPLICABLE,,N,PULASKI RD,1345,UNKNOWN,UNKNOWN,CLEAR,,,,,,,2,2,"{""coordinates"": [-87.726251137072, 41.905793840339], ""type"": ""Point""}","[""FRONT-LEFT-CORNER"", ""FRONT-RIGHT-CORNER""]","[""FORD""]","[""CHANGING LANES"", ""TURNING RIGHT""]","[""ESCAPE"", ""F150""]",[],"[""30"", ""32""]","[""DID NOT DEPLOY"", ""NOT APPLICABLE""]","[""NONE"", ""UNKNOWN""]","[""NO INDICATION OF INJURY""]","[""O2155397"", ""O2155398""]"
STRAIGHT AND LEVEL,331,2025-09-21T20:07:00.000,1,20,9,c7364bd5df3a1224483ff7f713ae348607345fd2a8d0db77f16c3cece0e14a862396b4fb8365c9d03161262e0dde2b31e045582134b5488a36c7e73021c99646,NO INJURY / DRIVE AWAY,"OVER $1,500",2025-09-21T20:07:00.000,FUNCTIONING PROPERLY,TURNING,Y,0,0,2,0,0,0,0,41.775307524,"DARKNESS, LIGHTED ROAD",-87.5753109171,NO INDICATION OF INJURY,2,30,DISREGARDING TRAFFIC SIGNALS,ON SCENE,NO DEFECTS,DRY,NOT APPLICABLE,,S,JEFFERY DR,6600,TRAFFIC SIGNAL,FOUR WAY,CLEAR,,Y,,,,,2,2,"{""coordinates"": [-87.575310917059, 41.775307524011], ""type"": ""Point""}","[""FRONT"", ""SIDE-RIGHT""]","[""CHEVROLET"", ""TOYOTA""]","[""STRAIGHT AHEAD"", ""TURNING LEFT""]","[""CRUZE"", ""PRIUS""]",[],"[""75""]","[""DEPLOYMENT UNKNOWN"", ""DID NOT DEPLOY""]","[""NONE""]","[""NO INDICATION OF INJURY""]","[""O2155380"", ""O2155381""]"
STRAIGHT AND LEVEL,1432,2025-09-21T20:10:00.000,1,20,9,2701e57a5abe9374ccd9eb1d1fe22c3b264a4df5f9d1c81028db06734ee149a5f283abee44bc1531a41f4ad5c5a54117f3138dccf207e30faf62c1bcfb649a6e,NO INJURY / DRIVE AWAY,"OVER $1,500",2025-09-21T20:35:00.000,NO CONTROLS,REAR END,,0,0,3,0,0,0,0,41.9248397851,DAYLIGHT,-87.6840939415,NO INDICATION OF INJURY,3,30,FOLLOWING TOO CLOSELY,NOT ON SCENE (DESK REPORT),NO DEFECTS,DRY,UNABLE TO DETERMINE,,W,FULLERTON AVE,2225,NO CONTROLS,NOT DIVIDED,CLEAR,,,,,,,3,3,"{""coordinates"": [-87.684093941542, 41.924839785095], ""type"": ""Point""}","[""FRONT"", ""REAR""]","[""FORD"", ""JEEP"", ""TOYOTA""]","[""STRAIGHT AHEAD""]","[""ECOSPORT"", ""RAV4"", ""WAGONEER""]",[],"[""27"", ""52""]","[""DEPLOYMENT UNKNOWN"", ""DID NOT DEPLOY""]","[""NONE""]","[""NO INDICATION OF INJURY""]","[""O2155359"", ""O2155360"", ""O2155361""]"