alignment,beat_of_occurrence,crash_date,crash_day_of_week,crash_hour,crash_month,crash_record_id,crash_type,damage,date_police_notified,device_condition,first_crash_type,hit_and_run_i,injuries_fatal,injuries_incapacitating,injuries_no_indication,injuries_non_incapacitating,injuries_reported_not_evident,injuries_total,injuries_unknown,latitude,lighting_condition,longitude,most_severe_injury,num_units,posted_speed_limit,prim_contributory_cause,report_type,road_defect,roadway_surface_cond,sec_contributory_cause,statements_taken_i,street_direction,street_name,street_no,traffic_control_device,trafficway_type,weather_condition,crash_date_est_i,intersection_related_i,photos_taken_i,work_zone_i,dooring_i,private_property_i,veh_count,ppl_count,location_json,veh_first_contact_point_list_json,veh_make_list_json,veh_maneuver_list_json,veh_model_list_json,veh_towed_i_list_json,ppl_age_list_json,ppl_airbag_deployed_list_json,ppl_ejection_list_json,ppl_injury_classification_list_json,ppl_person_id_list_json
STRAIGHT AND LEVEL,131,2025-09-21T20:10:00.000,1,20,9,e706b019efe9c7831c639b9a31dae1900c472eb2dac3fcdff618ee552f7afb93d8cfbf92fa57a77b0f92f9cd91636c845264f1ab3e075d8fa1f8c6ba1471240d,NO INJURY / DRIVE AWAY,"OVER $1,500",2025-09-21T20:12:00.000,NO CONTROLS,TURNING,,0,0,3,0,0,0,0,41.8542293469,"DARKNESS, LIGHTED ROAD",-87.6299869456,NO INDICATION OF INJURY,2,30,UNABLE TO DETERMINE,,NO DEFECTS,DRY,UNABLE TO DETERMINE,,S,CLARK ST,2095,NO CONTROLS,NOT DIVIDED,CLEAR,,,,,,,2,3,"{""coordinates"": [-87.629986945614, 41.854229346856], ""type"": ""Point""}","[""FRONT-RIGHT-CORNER"", ""SIDE-LEFT""]","[""LEXUS"", ""TOYOTA""]","[""STRAIGHT AHEAD"", ""U-TURN""]","[""HIGHLANDER"", ""HS250H""]",[],"[""25"", ""28""]","[""NOT APPLICABLE""]","[""NONE""]","[""NO INDICATION OF INJURY""]","[""O2157203"", ""O2157204"", ""P476060""]"
STRAIGHT AND LEVEL,1712,2025-09-21T20:11:00.000,1,20,9,852f225e6309e1dd2e34984cb2e19cd6826be9791b7801edea3a01de0e1a012d82a6f9e94885ced2d5ca5cd3809903b403edbaef7099d64393d45d4feae931df,NO INJURY / DRIVE AWAY,"$501 - $1,500",2025-09-21T20:59:00.000,NO CONTROLS,PARKED MOTOR VEHICLE,N,0,0,1,0,0,0,0,41.9703821959,"DARKNESS, LIGHTED ROAD",-87.7328784657,NO INDICATION OF INJURY,2,30,FAILING TO REDUCE SPEED TO AVOID CRASH,ON SCENE,NO DEFECTS,DRY,FAILING TO REDUCE SPEED TO AVOID CRASH,,N,KEELER AVE,4911,NO CONTROLS,ONE-WAY,CLEAR,,,,,,,2,1,"{""coordinates"": [-87.732878465709, 41.970382195887], ""type"": ""Point""}","[""SIDE-LEFT"", ""SIDE-RIGHT""]","[""DODGE"", ""FORD""]","[""PARKED"", ""STRAIGHT AHEAD""]","[""F150"", ""RAM 1500 PU""]",[],"[""59""]","[""DID NOT DEPLOY""]","[""NONE""]","[""NO INDICATION OF INJURY""]","[""O2155372""]"
STRAIGHT AND LEVEL,1235,2025-09-21T20:20:00.000,1,20,9,0f953ecbeb607c64ec5b848367281ad144db129c341a7c36fc7d873006c67187e3e317e8cd7526b60bc6391bfd3c7de3fd8373dc9e8ae0476479c93e7a0d86ff,NO INJURY / DRIVE AWAY,"OVER $1,500",2025-09-21T21:00:00.000,NO CONTROLS,SIDESWIPE SAME DIRECTION,,0,0,2,0,0,0,0,41.8528716877,"DARKNESS, LIGHTED ROAD",-87.6405636549,NO INDICATION OF INJURY,2,30,UNABLE TO DETERMINE,NOT ON SCENE (DESK REPORT),UNKNOWN,UNKNOWN,UNABLE TO DETERMINE,,W,CERMAK RD,500,NO CONTROLS,NOT DIVIDED,CLEAR,,,,,,,2,2,"{""coordinates"": [-87.640563654904, 41.852871687739], ""type"": ""Point""}","[""FRONT-RIGHT-CORNER"", ""SIDE-LEFT-REAR""]","[""NISSAN"", ""VOLKSWAGEN""]","[""STRAIGHT AHEAD""]","[""ATLAS"", ""ROGUE""]",[],"[""18"", ""33""]","[""DID NOT DEPLOY""]","[""NONE""]","[""NO INDICATION OF INJURY""]","[""O2155364"", ""O2155365""]"
STRAIGHT AND LEVEL,815,2025-09-21T20:48:00.000,1,20,9,f5a655050585df80d167160b76bf7f874ccad6fc6e22ff08c45b2e69c9d40208b396411e02cb37f10e450849542517e5ca633747b46050bb41720f13f07ded4b,INJURY AND / OR TOW DUE TO CRASH,"OVER $1,500",2025-09-21T20:50:00.000,NO CONTROLS,PARKED MOTOR VEHICLE,Y,0,0,1,0,0,0,0,41.798759983,"DARKNESS, LIGHTED ROAD",-87.7293830898,NO INDICATION OF INJURY,4,20,IMPROPER LANE USAGE,ON SCENE,NO DEFECTS,DRY,UNABLE TO DETERMINE,,W,52ND ST,4230,NO CONTROLS,NOT DIVIDED,CLEAR,,,,,,,4,1,"{""coordinates"": [-87.72938308976, 41.798759982998], ""type"": ""Point""}","[""FRONT-LEFT-CORNER"", ""SIDE-LEFT""]","[""CHEVROLET"", ""DODGE"", ""HONDA"", ""OLDSMOBILE""]","[""PARKED"", ""STRAIGHT AHEAD""]","[""CIVIC"", ""DURANGO"", ""EIGHTY-EIGHT"", ""SUBURBAN""]","[""Y""]",[],"[""DEPLOYMENT UNKNOWN""]","[""NONE""]","[""NO INDICATION OF INJURY""]","[""O2155407""]"
STRAIGHT AND LEVEL,1512,2025-09-21T21:00:00.000,1,21,9,67ac354270fb77d90563391e9855e5153ab3e5048293d8c5043db775b4cbdc008f922323f2ccd3eaed7d01fcc9a13d67741eba04c732b9d906bcfed5f141089e,NO INJURY / DRIVE AWAY,"OVER $1,500",2025-09-21T22:00:00.000,NO CONTROLS,PARKED MOTOR VEHICLE,,0,0,1,0,0,0,0,41.8908984969,UNKNOWN,-87.7742593643,NO INDICATION OF INJURY,2,15,IMPROPER OVERTAKING/PASSING,NOT ON SCENE (DESK REPORT),UNKNOWN,UNKNOWN,DRIVING SKILLS/KNOWLEDGE/EXPERIENCE,,W,OHIO ST,5953,NO CONTROLS,ALLEY,UNKNOWN,N,,,,,,2,1,"{""coordinates"": [-87.774259364263, 41.890898496875], ""type"": ""Point""}","[""FRONT-LEFT-CORNER"", ""REAR-RIGHT-CORNER""]","[""INFINITI"", ""TOYOTA""]","[""OTHER"", ""PARKED""]","[""PRIUS"", ""QX50""]",[],"[""33""]","[""NOT APPLICABLE""]","[""NONE""]","[""NO INDICATION OF INJURY""]","[""O2155403""]"
STRAIGHT AND LEVEL,914,2025-09-21T21:00:00.000,1,21,9,8e73f172b57e65dc189baff2feedd3a9df40c59b263702c0e32ef773889ae78ba6473606c51b01662f33107401408b8dee610085bd57d10a5d983d252cd70c17,NO INJURY / DRIVE AWAY,"OVER $1,500",2025-09-22T13:15:00.000,NO CONTROLS,PARKED MOTOR VEHICLE,Y,0,0,1,0,0,0,0,41.8522564092,"DARKNESS, LIGHTED ROAD",-87.6339100665,NO INDICATION OF INJURY,2,30,UNABLE TO DETERMINE,NOT ON SCENE (DESK REPORT),NO DEFECTS,DRY,UNABLE TO DETERMINE,,W,22ND PL,248,NO CONTROLS,ONE-WAY,CLEAR,,,N,,,,2,1,"{""coordinates"": [-87.63391006654, 41.852256409191], ""type"": ""Point""}","[""SIDE-RIGHT"", ""UNKNOWN""]","[""LEXUS"", ""UNKNOWN""]","[""PARKED"", ""UNKNOWN/NA""]","[""OTHER (EXPLAIN IN NARRATIVE)"", ""RX350""]",[],[],"[""DEPLOYMENT UNKNOWN""]","[""NONE""]","[""NO INDICATION OF INJURY""]","[""O2155720""]"
STRAIGHT AND LEVEL,1634,2025-09-21T21:00:00.000,1,21,9,a9f2c365a9fcdfba6fa7acba89d1703e1f760ef8d47cfd288947b40b45c5134442fd8c27106126a9c9861d47e580675847be71ca5a767c063f19b1df0e3d572c,NO INJURY / DRIVE AWAY,"OVER $1,500",2025-09-22T10:00:00.000,NO CONTROLS,PARKED MOTOR VEHICLE,Y,0,0,1,0,0,0,0,41.9423578921,"DARKNESS, LIGHTED ROAD",-87.7476067609,NO INDICATION OF INJURY,2,30,UNABLE TO DETERMINE,NOT ON SCENE (DESK REPORT),NO DEFECTS,DRY,NOT APPLICABLE,,W,ROSCOE ST,4815,NO CONTROLS,ONE-WAY,CLEAR,,,,,,,2,1,"{""coordinates"": [-87.747606760931, 41.942357892071], ""type"": ""Point""}","[""FRONT-LEFT-CORNER"", ""SIDE-RIGHT""]","[""TOYOTA"", ""UNKNOWN""]","[""PARKED"", ""STRAIGHT AHEAD""]","[""COROLLA"", ""OTHER (EXPLAIN IN NARRATIVE)""]",[],[],"[""DEPLOYMENT UNKNOWN""]","[""NONE""]","[""NO INDICATION OF INJURY""]","[""O2156140""]"
STRAIGHT AND LEVEL,334,2025-09-21T21:00:00.000,1,21,9,adbf28b29b5c418ce38fcff4537014005f51124b6d902cfb7211f31f44537d9a99987b65427ace654474fa4ddfe30860bb23ea116f4843b35da84a2f78c53cde,NO INJURY / DRIVE AWAY,"OVER $1,500",2025-09-21T21:44:00.000,NO CONTROLS,PARKED MOTOR VEHICLE,,0,0,1,0,0,0,0,41.7593227306,"DARKNESS, LIGHTED ROAD",-87.5606960236,NO INDICATION OF INJURY,2,30,UNABLE TO DETERMINE,ON SCENE,NO DEFECTS,DRY,UNABLE TO DETERMINE,,S,EXCHANGE AVE,7460,NO CONTROLS,OTHER,CLEAR,,,,,,,2,1,"{""coordinates"": [-87.560696023588, 41.759322730554], ""type"": ""Point""}","[""SIDE-LEFT"", ""UNKNOWN""]","[""TOYOTA"", ""VOLKSWAGEN""]","[""PARKED"", ""STRAIGHT AHEAD""]","[""JETTA"", ""SEQUOIA""]",[],[],"[""DEPLOYMENT UNKNOWN""]","[""NONE""]","[""NO INDICATION OF INJURY""]","[""O2155429""]"
STRAIGHT AND LEVEL,911,2025-09-21T21:00:00.000,1,21,9,f0f9a758514a1c6aae47a95b1260e0f12bba4de021695105d19463d3072b3dbf62e32d8e651cc0c2588d778adb0d5caaf88dc0f2ef13d57d25c5d2c82ca6e1a5,NO INJURY / DRIVE AWAY,"OVER $1,500",2025-09-21T21:29:00.000,FUNCTIONING PROPERLY,HEAD ON,,0,0,2,0,0,0,0,41.8301872553,"DARKNESS, LIGHTED ROAD",-87.6851779251,NO INDICATION OF INJURY,2,30,UNABLE TO DETERMINE,NOT ON SCENE (DESK REPORT),NO DEFECTS,DRY,NOT APPLICABLE,,S,WESTERN AVE,3500,TRAFFIC SIGNAL,NOT DIVIDED,CLEAR,,Y,,,,,2,2,"{""coordinates"": [-87.685177925102, 41.830187255269], ""type"": ""Point""}","[""FRONT""]","[""FORD"", ""NISSAN""]","[""STRAIGHT AHEAD""]","[""FUSION"", ""MAXIMA""]",[],"[""20"", ""36""]","[""DID NOT DEPLOY""]","[""NONE""]","[""NO INDICATION OF INJURY""]","[""O2155374"", ""O2155375""]"
STRAIGHT AND LEVEL,114,2025-09-21T21:10:00.000,1,21,9,f600dc350ba7b432216767b3f86fe3e4c4daa1a7de959e5fd8b601cfdeadde99b57fd89bb7c04158afd15dbc1d42192e9cf0dd817ff22dd0fd6da97ef91a1f25,NO INJURY / DRIVE AWAY,$500 OR LESS,2025-09-21T21:45:00.000,NO CONTROLS,REAR END,,0,0,2,0,0,0,0,41.8866175341,"DARKNESS, LIGHTED ROAD",-87.6186716726,NO INDICATION OF INJURY,2,30,UNABLE TO DETERMINE,NOT ON SCENE (DESK REPORT),UNKNOWN,DRY,UNABLE TO DETERMINE,,E,SOUTH WATER ST,360,NO CONTROLS,ONE-WAY,CLEAR,,,,,,,2,2,"{""coordinates"": [-87.618671672579, 41.886617534125], ""type"": ""Point""}","[""FRONT-RIGHT-CORNER"", ""REAR-LEFT-CORNER""]","[""FORD"", ""LAND ROVER""]","[""STRAIGHT AHEAD""]","[""LAND ROVER (SPORT)"", ""VAN""]",[],[],"[""DEPLOYMENT UNKNOWN"", ""NOT APPLICABLE""]","[""NONE""]","[""NO INDICATION OF INJURY""]","[""O2155386"", ""O2155387""]"
STRAIGHT AND LEVEL,2534,2025-09-21T21:21:00.000,1,21,9,0383e90a921ee287633e03840fd4674f168a1dbb20b2b991f8b3c50f8e75c94d800cf83a5f73951595e6f857db7469584d6c645789d974c94ac51a08b7cc7e1d,INJURY AND / OR TOW DUE TO CRASH,"OVER $1,500",2025-09-21T21:21:00.000,NO CONTROLS,PEDESTRIAN,N,0,0,1,1,0,1,0,41.9068304483,"DARKNESS, LIGHTED ROAD",-87.7314706618,NONINCAPACITATING INJURY,2,30,IMPROPER LANE USAGE,ON SCENE,NO DEFECTS,DRY,UNABLE TO DETERMINE,,N,KEELER AVE,1420,NO CONTROLS,ALLEY,CLEAR,,,,,,,2,2,"{""coordinates"": [-87.731470661799, 41.906830448267], ""type"": ""Point""}","[""OTHER""]","[""HYUNDAI""]","[""STRAIGHT AHEAD""]","[""ELANTRA""]",[],"[""41"", ""45""]","[""NOT APPLICABLE""]","[""NONE""]","[""NO INDICATION OF INJURY"", ""NONINCAPACITATING INJURY""]","[""O2155405"", ""O2155406""]"
STRAIGHT AND LEVEL,1512,2025-09-21T21:24:00.000,1,21,9,f6d9a66bc4e8b482eebbd2aa51f740c372e0038b06240e05cf734767d15e498cbbbb09bb6f6f2842f22880d96d5ad9514d56d50fd5795c7893d87ee890423a1c,NO INJURY / DRIVE AWAY,"OVER $1,500",2025-09-21T22:35:00.000,FUNCTIONING PROPERLY,ANGLE,,0,0,3,0,0,0,0,41.8879071703,"DARKNESS, LIGHTED ROAD",-87.774773261,NO INDICATION OF INJURY,2,30,DISREGARDING TRAFFIC SIGNALS,NOT ON SCENE (DESK REPORT),NO DEFECTS,UNKNOWN,NOT APPLICABLE,,W,LAKE ST,5999,TRAFFIC SIGNAL,FOUR WAY,UNKNOWN,,Y,,,,,2,3,"{""coordinates"": [-87.774773260955, 41.887907170285], ""type"": ""Point""}","[""FRONT"", ""SIDE-RIGHT""]","[""HYUNDAI"", ""TOYOTA""]","[""STRAIGHT AHEAD""]","[""PALISADE"", ""PRIUS""]",[],"[""33"", ""34"", ""46""]","[""NOT APPLICABLE""]","[""NONE""]","[""NO INDICATION OF INJURY""]","[""O2155417"", ""O2155418"", ""P475717""]"
STRAIGHT AND LEVEL,923,2025-09-21T21:32:00.000,1,21,9,4e746ba8e75454e815140f6c1ad526646e97801c3271dc749e628d874b6550f1888ddef88e874f246c8e8ed7c6d39c36457dbb32e0cee6742c8f5e3364a783e5,NO INJURY / DRIVE AWAY,"OVER $1,500",2025-09-21T21:40:00.000,FUNCTIONING PROPERLY,TURNING,Y,0,0,2,0,0,0,0,41.7954227598,DARKNESS,-87.6939923565,NO INDICATION OF INJURY,2,30,FAILING TO YIELD RIGHT-OF-WAY,ON SCENE,NO DEFECTS,DRY,NOT APPLICABLE,,S,CALIFORNIA AVE,5400,STOP SIGN/FLASHER,FOUR WAY,CLEAR,,Y,,,,,2,2,"{""coordinates"": [-87.693992356462, 41.795422759814], ""type"": ""Point""}","[""FRONT-RIGHT-CORNER"", ""UNKNOWN""]","[""HONDA"", ""NISSAN""]","[""STRAIGHT AHEAD"", ""U-TURN""]","[""OTHER (EXPLAIN IN NARRATIVE)""]",[],"[""38""]","[""DEPLOYMENT UNKNOWN"", ""NOT APPLICABLE""]","[""NONE"", ""UNKNOWN""]","[""NO INDICATION OF INJURY""]","[""O2155390"", ""O2155391""]"
STRAIGHT AND LEVEL,221,2025-09-21T21:55:00.000,1,21,9,419f5ab66c9d7b2e34113b8ea677676f36e594d1f536c36ab7cafc5941d6f6226382b02c529e7f1f35ff6de71ad6b13d1292d24050d32c21422443cd40cd4dd2,INJURY AND / OR TOW DUE TO CRASH,"OVER $1,500",2025-09-21T22:30:00.000,NO CONTROLS,PARKED MOTOR VEHICLE,,0,0,0,0,1,1,0,41.8095205688,"DARKNESS, LIGHTED ROAD",-87.614824016,"REPORTED, NOT EVIDENT",2,30,DRIVING SKILLS/KNOWLEDGE/EXPERIENCE,ON SCENE,NO DEFECTS,DRY,EQUIPMENT - VEHICLE CONDITION,,E,47TH ST,436,NO CONTROLS,NOT DIVIDED,CLEAR,,,,,,,2,1,"{""coordinates"": [-87.614824016031, 41.809520568844], ""type"": ""Point""}","[""FRONT-RIGHT-CORNER"", ""REAR-RIGHT-CORNER""]","[""HYUNDAI"", ""VOLKSWAGEN""]","[""PARKED"", ""STRAIGHT AHEAD""]","[""SANTA FE"", ""TIGUAN""]","[""Y""]","[""43""]","[""NOT APPLICABLE""]","[""NONE""]","[""REPORTED, NOT EVIDENT""]","[""O2155413""]"
STRAIGHT AND LEVEL,2532,2025-09-21T22:11:00.000,1,22,9,5977bd16f2f904ce635e89745f5edfed764b699be5bbf54765409fefc5231366088c213379af1bec04cf452c8ab6682ab5bba5adf30d41847f1b67204bc567c7,INJURY AND / OR TOW DUE TO CRASH,"OVER $1,500",2025-09-21T22:18:00.000,FUNCTIONING PROPERLY,REAR END,Y,0,0,2,0,0,0,0,41.9023413257,DARKNESS,-87.7573139798,NO INDICATION OF INJURY,2,30,UNABLE TO DETERMINE,ON SCENE,UNKNOWN,UNKNOWN,NOT APPLICABLE,,W,DIVISION ST,5236,TRAFFIC SIGNAL,NOT DIVIDED,UNKNOWN,,,,,,,2,2,"{""coordinates"": [-87.757313979833, 41.902341325658], ""type"": ""Point""}","[""FRONT-RIGHT-CORNER"", ""REAR-LEFT-CORNER""]","[""TOYOTA"", ""UNKNOWN""]","[""STRAIGHT AHEAD"", ""UNKNOWN/NA""]","[""CAMRY"", ""MOTORIZED""]","[""Y""]","[""29""]","[""DEPLOYMENT UNKNOWN"", ""NOT APPLICABLE""]","[""NONE""]","[""NO INDICATION OF INJURY""]","[""O2155427"", ""O2155428""]"
STRAIGHT AND LEVEL,1821,2025-09-21T22:30:00.000,1,22,9,2c68ab2ae7a97949250e9ab5b1ae54e0b73c160aec2235b66343ca5ab8f3ffeef2c6a9af3bdf1dd9aa6b3961e69ed96c6c76462ae3cc0bc0f51b2763db5ad180,INJURY AND / OR TOW DUE TO CRASH,"$501 - $1,500",2025-09-21T23:15:00.000,FUNCTIONING PROPERLY,REAR END,Y,0,0,1,0,1,1,0,41.9078154637,"DARKNESS, LIGHTED ROAD",-87.6330208098,"REPORTED, NOT EVIDENT",2,30,UNABLE TO DETERMINE,NOT ON SCENE (DESK REPORT),UNKNOWN,DRY,UNABLE TO DETERMINE,,W,SCHILLER ST,136,TRAFFIC SIGNAL,NOT DIVIDED,CLEAR,,Y,,,,,2,2,"{""coordinates"": [-87.633020809838, 41.907815463679], ""type"": ""Point""}","[""FRONT"", ""REAR""]","[""JEEP"", ""TOYOTA""]","[""SLOW/STOP IN TRAFFIC"", ""UNKNOWN/NA""]","[""JEEP"", ""RAV4""]",[],[],"[""DEPLOYMENT UNKNOWN"", ""NOT APPLICABLE""]","[""NONE""]","[""NO INDICATION OF INJURY"", ""REPORTED, NOT EVIDENT""]","[""O2155411"", ""O2155412""]"
STRAIGHT AND LEVEL,1524,2025-09-21T22:30:00.000,1,22,9,4b2a7aea2e76153f3ccfd90b39e4a02ad2b55ba88b9f44685ce0ce78334f2a7da43a23dad62037639b5c486bd4e91a916e1eb8a22af4ebc84b5aecd738be9685,NO INJURY / DRIVE AWAY,"OVER $1,500",2025-09-24T09:35:00.000,NO CONTROLS,PARKED MOTOR VEHICLE,Y,0,0,1,0,0,0,0,41.9020496556,"DARKNESS, LIGHTED ROAD",-87.7643262636,NO INDICATION OF INJURY,2,30,UNABLE TO DETERMINE,NOT ON SCENE (DESK REPORT),NO DEFECTS,UNKNOWN,NOT APPLICABLE,Y,W,DIVISION ST,5511,NO CONTROLS,NOT DIVIDED,CLEAR,,,,,,,2,1,"{""coordinates"": [-87.764326263592, 41.902049655555], ""type"": ""Point""}","[""SIDE-RIGHT-REAR"", ""UNKNOWN""]","[""FORD"", ""UNKNOWN""]","[""PARKED"", ""UNKNOWN/NA""]","[""FUSION"", ""OTHER (EXPLAIN IN NARRATIVE)""]",[],[],"[""DEPLOYMENT UNKNOWN""]","[""UNKNOWN""]","[""NO INDICATION OF INJURY""]","[""O2156896""]"
STRAIGHT AND LEVEL,2531,2025-09-21T22:30:00.000,1,22,9,9d23ca34a130132a850263690954d03706149a1567ef10fb5fe50b364687afc16a8db94f58aaf7054d9ac76270941e990802c2862a6d18761137361a1f7cd553,NO INJURY / DRIVE AWAY,"OVER $1,500",2025-09-21T23:35:00.000,NO CONTROLS,FIXED OBJECT,,0,0,1,0,0,0,0,41.9098096637,"DARKNESS, LIGHTED ROAD",-87.7750980053,NO INDICATION OF INJURY,3,30,ROAD ENGINEERING/SURFACE/MARKING DEFECTS,NOT ON SCENE (DESK REPORT),"RUT, HOLES",DRY,NOT APPLICABLE,,N,AUSTIN AVE,1619,NO CONTROLS,NOT DIVIDED,CLEAR,,,,,,,3,1,"{""coordinates"": [-87.7750980053, 41.909809663736], ""type"": ""Point""}","[""NONE"", ""REAR-LEFT-CORNER"", ""UNKNOWN""]","[""FORD"", ""TESLA"", ""UNKNOWN""]","[""OTHER"", ""PARKED"", ""STRAIGHT AHEAD""]","[""F450"", ""MODEL 3"", ""OTHER (EXPLAIN IN NARRATIVE)""]",[],"[""38""]","[""DID NOT DEPLOY""]","[""NONE""]","[""NO INDICATION OF INJURY""]","[""O2155416""]"
STRAIGHT AND LEVEL,2521,2025-09-21T22:40:00.000,1,22,9,b462e4490ba4f823589f5b03ac8f6a10f18a9b58902ae26bb8f6de224b16b13277e06aa919e5431f0163380982b6da921c5735470bb28a7e8af2e350b5169fb9,NO INJURY / DRIVE AWAY,"$501 - $1,500",2025-09-21T23:11:00.000,NO CONTROLS,PARKED MOTOR VEHICLE,Y,0,0,1,0,0,0,0,41.9279726789,"DARKNESS, LIGHTED ROAD",-87.7501044407,NO INDICATION OF INJURY,2,30,UNABLE TO DETERMINE,ON SCENE,NO DEFECTS,DRY,UNABLE TO DETERMINE,,W,WRIGHTWOOD AVE,4928,NO CONTROLS,ONE-WAY,CLEAR,Y,,,,,,2,1,"{""coordinates"": [-87.750104440747, 41.927972678949], ""type"": ""Point""}","[""FRONT-LEFT-CORNER"", ""REAR-RIGHT-CORNER""]","[""DODGE"", ""UNKNOWN""]","[""PARKED"", ""STRAIGHT AHEAD""]","[""CARAVAN"", ""MOTORIZED""]",[],[],"[""DEPLOYMENT UNKNOWN""]","[""NONE""]","[""NO INDICATION OF INJURY""]","[""O2155419""]"
STRAIGHT AND LEVEL,724,2025-09-21T23:10:00.000,1,23,9,b4143b7636dd50b9268962632799804af9fa6138b227c5dba1e98f2ef6f43e22e07ed9f7a01041a5f3cc767f9845b8a3a93f32efb7eaa2315d7e18e4fb33ccbf,NO INJURY / DRIVE AWAY,$500 OR LESS,2025-09-24T16:10:00.000,NO CONTROLS,PARKED MOTOR VEHICLE,Y,0,0,1,0,0,0,0,41.7795682243,UNKNOWN,-87.6510033885,NO INDICATION OF INJURY,2,25,UNABLE TO DETERMINE,NOT ON SCENE (DESK REPORT),UNKNOWN,UNKNOWN,UNABLE TO DETERMINE,,S,CARPENTER ST,6300,NO CONTROLS,NOT DIVIDED,UNKNOWN,,,,,,,2,1,"{""coordinates"": [-87.65100338851, 41.779568224334], ""type"": ""Point""}","[""SIDE-RIGHT-FRONT"", ""UNKNOWN""]","[""CHEVROLET"", ""UNKNOWN""]","[""PARKED"", ""UNKNOWN/NA""]","[""MALIBU"", ""OTHER (EXPLAIN IN NARRATIVE)""]",[],[],"[""DEPLOYMENT UNKNOWN""]","[""UNKNOWN""]","[""NO INDICATION OF INJURY""]","[""O2157147""]"
STRAIGHT AND LEVEL,1111,2025-09-21T23:30:00.000,1,23,9,17109f2fa3d71f50afaa0f22f9a5a279dda619289914f253edcb3864919496c0cdf631af69d358d6f65d3d7f8ff5998c3f092a54ef74929781d3605a13104505,NO INJURY / DRIVE AWAY,"OVER $1,500",2025-09-22T21:20:00.000,NO CONTROLS,PARKED MOTOR VEHICLE,Y,0,0,1,0,0,0,0,41.9011544517,"DARKNESS, LIGHTED ROAD",-87.7264055253,NO INDICATION OF INJURY,2,30,UNABLE TO DETERMINE,NOT ON SCENE (DESK REPORT),UNKNOWN,DRY,NOT APPLICABLE,,N,PULASKI RD,1108,NO CONTROLS,NOT DIVIDED,CLEAR,,,,,,,2,1,"{""coordinates"": [-87.726405525321, 41.901154451668], ""type"": ""Point""}","[""REAR-LEFT-CORNER"", ""UNKNOWN""]","[""MITSUBISHI"", ""UNKNOWN""]","[""PARKED"", ""UNKNOWN/NA""]","[""OTHER (EXPLAIN IN NARRATIVE)"", ""OUTLANDER""]",[],[],"[""DEPLOYMENT UNKNOWN""]","[""UNKNOWN""]","[""NO INDICATION OF INJURY""]","[""O2156073""]"
STRAIGHT AND LEVEL,131,2025-09-21T23:30:00.000,1,23,9,1fa69050d52320dc648d8c6968a1454cba2d94d39d7f02c2242d61eca3859a84f2ad8a1da497032e591ecef709a6cc9d2e98802a61066c83f9eca4cdfcea90e1,NO INJURY / DRIVE AWAY,"OVER $1,500",2025-09-22T14:53:00.000,FUNCTIONING PROPERLY,REAR END,,0,0,3,0,0,0,0,41.8673210997,DARKNESS,-87.6259539918,NO INDICATION OF INJURY,2,30,UNABLE TO DETERMINE,NOT ON SCENE (DESK REPORT),UNKNOWN,UNKNOWN,NOT APPLICABLE,,E,ROOSEVELT RD,31,TRAFFIC SIGNAL,NOT DIVIDED,UNKNOWN,,,,,,,2,3,"{""coordinates"": [-87.625953991796, 41.867321099741], ""type"": ""Point""}","[""FRONT"", ""REAR""]","[""BMW"", ""LINCOLN""]","[""OTHER"", ""STRAIGHT AHEAD""]","[""328I"", ""CORSAIR""]",[],"[""54""]","[""DEPLOYMENT UNKNOWN"", ""DID NOT DEPLOY""]","[""NONE"", ""UNKNOWN""]","[""NO INDICATION OF INJURY""]","[""O2155774"", ""O2155775"", ""P475808""]"
STRAIGHT AND LEVEL,511,2025-09-21T23:30:00.000,1,23,9,24fbb1ddd382ee456e432b7baf17b0a66a92f1caeec8594777153aef95570eb49fd81d3c7d35b3a3fabba2d5f0297f0e2a442c5c6e4bc55989fd66760038ac29,NO INJURY / DRIVE AWAY,"$501 - $1,500",2025-09-21T23:35:00.000,NO CONTROLS,PARKED MOTOR VEHICLE,,0,0,1,0,0,0,0,41.7076421509,UNKNOWN,-87.6010128106,NO INDICATION OF INJURY,2,15,UNABLE TO DETERMINE,ON SCENE,NO DEFECTS,DRY,UNABLE TO DETERMINE,,E,103RD ST,900,NO CONTROLS,PARKING LOT,CLEAR,,,,,,,2,1,"{""coordinates"": [-87.601012810563, 41.707642150851], ""type"": ""Point""}","[""FRONT-LEFT-CORNER"", ""REAR-RIGHT-CORNER""]","[""CHEVROLET"", ""FORD""]","[""OTHER"", ""PARKED""]","[""F650"", ""OTHER (EXPLAIN IN NARRATIVE)""]",[],"[""62""]","[""DID NOT DEPLOY""]","[""NONE""]","[""NO INDICATION OF INJURY""]","[""O2155421""]"