alignment,beat_of_occurrence,crash_date,crash_day_of_week,crash_hour,crash_month,crash_record_id,crash_type,damage,date_police_notified,device_condition,first_crash_type,hit_and_run_i,injuries_fatal,injuries_incapacitating,injuries_no_indication,injuries_non_incapacitating,injuries_reported_not_evident,injuries_total,injuries_unknown,latitude,lighting_condition,longitude,most_severe_injury,num_units,posted_speed_limit,prim_contributory_cause,report_type,road_defect,roadway_surface_cond,sec_contributory_cause,statements_taken_i,street_direction,street_name,street_no,traffic_control_device,trafficway_type,weather_condition,crash_date_est_i,intersection_related_i,photos_taken_i,work_zone_i,dooring_i,private_property_i,veh_count,ppl_count,location_json,veh_first_contact_point_list_json,veh_make_list_json,veh_maneuver_list_json,veh_model_list_json,veh_towed_i_list_json,ppl_age_list_json,ppl_airbag_deployed_list_json,ppl_ejection_list_json,ppl_injury_classification_list_json,ppl_person_id_list_json
STRAIGHT AND LEVEL,933,2025-09-21T23:34:00.000,1,23,9,20a7c27621a31eafca85eadc2a015c10dfa327043be4f47c7a4dbeab8961d933fe3f1da5181066891d59c1a134b9276768090a0ec8594f423be709a7bf1a9bed,INJURY AND / OR TOW DUE TO CRASH,"OVER $1,500",2025-09-21T23:38:00.000,FUNCTIONING PROPERLY,TURNING,Y,0,0,5,0,1,1,0,41.8086878811,DARKNESS,-87.6553867772,"REPORTED, NOT EVIDENT",2,30,UNABLE TO DETERMINE,ON SCENE,NO DEFECTS,DRY,NOT APPLICABLE,,S,RACINE AVE,4700,TRAFFIC SIGNAL,FOUR WAY,CLEAR,,,,,,,2,6,"{""coordinates"": [-87.655386777207, 41.808687881101], ""type"": ""Point""}","[""FRONT"", ""SIDE-LEFT""]","[""CHEVROLET"", ""NISSAN""]","[""STRAIGHT AHEAD"", ""U-TURN""]","[""MAXIMA"", ""TAHOE""]","[""Y""]","[""25"", ""4""]","[""DEPLOYMENT UNKNOWN"", ""DID NOT DEPLOY""]","[""NONE"", ""UNKNOWN""]","[""NO INDICATION OF INJURY"", ""REPORTED, NOT EVIDENT""]","[""O2155426"", ""O2155449"", ""P475746"", ""P475747"", ""P475751"", ""P475752""]"
STRAIGHT AND LEVEL,433,2025-09-21T23:34:00.000,1,23,9,678acbc3ea4dc6b15b5cc28bd3c5e25bfa39818794b219b9676aaa921abc395a07a9f88f42b31b97785208f9623ed94b606ff6188f8bee7b1aa2f07c10ae6a62,INJURY AND / OR TOW DUE TO CRASH,"OVER $1,500",2025-09-21T23:34:00.000,NO CONTROLS,REAR END,,0,0,1,2,0,2,0,41.6693437411,"DARKNESS, LIGHTED ROAD",-87.5390499115,NONINCAPACITATING INJURY,2,30,UNDER THE INFLUENCE OF ALCOHOL/DRUGS (USE WHEN ARREST IS EFFECTED),ON SCENE,NO DEFECTS,DRY,FOLLOWING TOO CLOSELY,,S,AVENUE O,12400,NO CONTROLS,DIVIDED - W/MEDIAN BARRIER,CLEAR,,,,,,,2,3,"{""coordinates"": [-87.539049911516, 41.66934374108], ""type"": ""Point""}","[""FRONT"", ""REAR""]","[""DODGE"", ""HONDA""]","[""STRAIGHT AHEAD""]","[""CARAVAN"", ""CR-V""]","[""Y""]","[""23"", ""31"", ""42""]","[""DID NOT DEPLOY""]","[""NONE""]","[""NO INDICATION OF INJURY"", ""NONINCAPACITATING INJURY""]","[""O2155446"", ""O2155447"", ""P475750""]"
"CURVE, LEVEL",222,2025-09-21T23:45:00.000,1,23,9,65a188e62e0ec46b33f3f32f752f7fe639879965e5cd9064e11987fb359754f391c8a905250ce3e51a82ad7a2fd51e34d69b53bf5b85ddd939d53c924f26a07a,NO INJURY / DRIVE AWAY,"OVER $1,500",2025-09-21T23:45:00.000,NO CONTROLS,REAR END,,0,0,3,0,0,0,0,41.8042778752,"DARKNESS, LIGHTED ROAD",-87.5825954387,NO INDICATION OF INJURY,2,40,EQUIPMENT - VEHICLE CONDITION,ON SCENE,NO DEFECTS,DRY,DRIVING SKILLS/KNOWLEDGE/EXPERIENCE,,S,LAKE SHORE DR SB,5000,NO CONTROLS,DIVIDED - W/MEDIAN BARRIER,CLEAR,,,,,,,2,3,"{""coordinates"": [-87.582595438713, 41.804277875242], ""type"": ""Point""}","[""FRONT"", ""REAR""]","[""NISSAN"", ""VOLKSWAGEN""]","[""STRAIGHT AHEAD""]","[""GTI"", ""SENTRA""]",[],[],"[""DID NOT DEPLOY""]","[""NONE""]","[""NO INDICATION OF INJURY""]","[""O2155436"", ""O2155437"", ""P475749""]"
STRAIGHT AND LEVEL,1024,2025-09-21T23:46:00.000,1,23,9,c4490784b98024001791fd0dcaa30f3fdb4fba6f31284e3bda4edc788e2f9ff77570466587eae8babec7f2ab10cbd5ba5313b36de44c1babc2d7be1d2154bfe5,INJURY AND / OR TOW DUE TO CRASH,"OVER $1,500",2025-09-21T23:46:00.000,NO CONTROLS,TURNING,Y,0,0,1,1,0,1,0,41.8445108088,"DARKNESS, LIGHTED ROAD",-87.713509186,NONINCAPACITATING INJURY,2,30,UNABLE TO DETERMINE,NOT ON SCENE (DESK REPORT),NO DEFECTS,DRY,UNABLE TO DETERMINE,,W,26TH ST,3526,NO CONTROLS,FOUR WAY,CLEAR,,Y,,,,,2,2,"{""coordinates"": [-87.713509186015, 41.844510808819], ""type"": ""Point""}","[""FRONT"", ""UNKNOWN""]","[""JEEP"", ""UNKNOWN""]","[""STRAIGHT AHEAD"", ""TURNING LEFT""]","[""CHEROKEE"", ""ENGINE""]",[],"[""22""]","[""DEPLOYMENT UNKNOWN"", ""NOT APPLICABLE""]","[""TOTALLY EJECTED"", ""UNKNOWN""]","[""NO INDICATION OF INJURY"", ""NONINCAPACITATING INJURY""]","[""O2155431"", ""O2155432""]"
STRAIGHT AND LEVEL,623,2025-09-22T00:15:00.000,2,0,9,78f71ee8cbde3b398f9cc58f7da39b86f633813c05f41ae768984e91c0ff3e615388cdba97c7c02706102cb0a7650931ea58b35189aee02ed94c97a9fedd1215,NO INJURY / DRIVE AWAY,"OVER $1,500",2025-09-22T00:30:00.000,NO CONTROLS,HEAD ON,Y,0,0,4,0,0,0,0,41.7547312757,DARKNESS,-87.6328381965,NO INDICATION OF INJURY,3,30,UNABLE TO DETERMINE,NOT ON SCENE (DESK REPORT),UNKNOWN,UNKNOWN,NOT APPLICABLE,,S,VINCENNES AVE,7655,NO CONTROLS,OTHER,CLEAR,,,,,,,3,4,"{""coordinates"": [-87.632838196477, 41.754731275685], ""type"": ""Point""}","[""FRONT"", ""UNKNOWN""]","[""KIA"", ""UNKNOWN""]","[""STRAIGHT AHEAD"", ""UNKNOWN/NA""]","[""OPTIMA / K5"", ""OTHER (EXPLAIN IN NARRATIVE)""]",[],"[""31"", ""32""]","[""DEPLOYMENT UNKNOWN"", ""NOT APPLICABLE""]","[""NONE"", ""UNKNOWN""]","[""NO INDICATION OF INJURY""]","[""O2155433"", ""O2155434"", ""O2155435"", ""P475745""]"
STRAIGHT AND LEVEL,1622,2025-09-22T00:24:00.000,2,0,9,1a9fc219a5a115197076a7b3a3ef9ed4c43107b480610ba29f535615affeca82956a9514624483c0aa2bf64398319445efcd53cf254f98bb151260f6f53cb862,INJURY AND / OR TOW DUE TO CRASH,"OVER $1,500",2025-09-22T00:29:00.000,NO CONTROLS,PARKED MOTOR VEHICLE,,0,0,1,0,0,0,0,41.9830178606,"DARKNESS, LIGHTED ROAD",-87.7797071094,NO INDICATION OF INJURY,3,30,DISTRACTION - FROM INSIDE VEHICLE,ON SCENE,NO DEFECTS,DRY,FAILING TO REDUCE SPEED TO AVOID CRASH,,W,BRYN MAWR AVE,6042,NO CONTROLS,NOT DIVIDED,CLEAR,,,,,,,3,1,"{""coordinates"": [-87.779707109426, 41.983017860618], ""type"": ""Point""}","[""FRONT"", ""REAR"", ""REAR-LEFT-CORNER""]","[""DODGE"", ""HONDA"", ""HYUNDAI""]","[""PARKED"", ""STRAIGHT AHEAD""]","[""CIVIC"", ""GRAND CARAVAN"", ""SANTA FE""]","[""Y""]","[""24""]","[""DEPLOYED, COMBINATION""]","[""NONE""]","[""NO INDICATION OF INJURY""]","[""O2155443""]"
STRAIGHT AND LEVEL,1713,2025-09-22T00:55:00.000,2,0,9,f0b50f60536ececcf9cedd0deedadfd326e1292e91bb54dd86395e5c801936f5195e40e54b568ff23ecf99fb67053175de1f0e39cbe618428e8b1ff4ef45f0ba,NO INJURY / DRIVE AWAY,"$501 - $1,500",2025-09-22T01:15:00.000,FUNCTIONING PROPERLY,SIDESWIPE SAME DIRECTION,,0,0,2,0,0,0,0,41.9739574932,"DARKNESS, LIGHTED ROAD",-87.7084832663,NO INDICATION OF INJURY,2,30,UNABLE TO DETERMINE,NOT ON SCENE (DESK REPORT),UNKNOWN,DRY,UNABLE TO DETERMINE,,N,KEDZIE AVE,5101,STOP SIGN/FLASHER,NOT DIVIDED,CLEAR,,,,,,,2,2,"{""coordinates"": [-87.708483266314, 41.973957493183], ""type"": ""Point""}","[""TOTAL (ALL AREAS)""]","[""CHEVROLET""]","[""STRAIGHT AHEAD""]","[""CAMARO"", ""OTHER (EXPLAIN IN NARRATIVE)""]",[],"[""31"", ""76""]","[""DID NOT DEPLOY""]","[""NONE""]","[""NO INDICATION OF INJURY""]","[""O2155439"", ""O2155440""]"
STRAIGHT AND LEVEL,725,2025-09-22T01:00:00.000,2,1,9,65d7a9cc4399e321a6933513c0b08cbfd81c9f3ad8e6e19cc7de49f019d7c791d429cd8b4611dafc9f2d8efdff5480c6e1451362336db2aec06dc7f9fd723966,INJURY AND / OR TOW DUE TO CRASH,"OVER $1,500",2025-09-22T17:22:00.000,NO CONTROLS,PARKED MOTOR VEHICLE,Y,0,0,1,0,0,0,0,41.77233814,UNKNOWN,-87.6687564777,NO INDICATION OF INJURY,2,30,UNABLE TO DETERMINE,NOT ON SCENE (DESK REPORT),UNKNOWN,UNKNOWN,UNABLE TO DETERMINE,,S,WOOD ST,6655,NO CONTROLS,NOT DIVIDED,UNKNOWN,,,,,,,2,1,"{""coordinates"": [-87.66875647766, 41.772338139966], ""type"": ""Point""}","[""REAR"", ""UNKNOWN""]","[""AUDI"", ""UNKNOWN""]","[""PARKED"", ""UNKNOWN/NA""]","[""A7"", ""OTHER (EXPLAIN IN NARRATIVE)""]","[""Y""]",[],"[""DEPLOYMENT UNKNOWN""]","[""UNKNOWN""]","[""NO INDICATION OF INJURY""]","[""O2155900""]"
STRAIGHT AND LEVEL,1122,2025-09-22T01:21:00.000,2,1,9,110584190fceddc487edcb7d6219683dcc043840a487cf7e2145a6d6c6664000be8a4810e54243bfee9294e359d2ee11e50359ec700580ce13f531e71deb85b6,NO INJURY / DRIVE AWAY,"OVER $1,500",2025-09-22T01:24:00.000,NO CONTROLS,PARKED MOTOR VEHICLE,,0,0,2,0,0,0,0,41.8810341297,"DARKNESS, LIGHTED ROAD",-87.7206147994,NO INDICATION OF INJURY,2,30,DRIVING SKILLS/KNOWLEDGE/EXPERIENCE,ON SCENE,UNKNOWN,DRY,NOT APPLICABLE,,N,HAMLIN BLVD,7,NO CONTROLS,NOT DIVIDED,CLEAR,,,,,,,2,2,"{""coordinates"": [-87.720614799423, 41.881034129743], ""type"": ""Point""}","[""FRONT""]","[""FORD""]","[""PARKED"", ""STRAIGHT AHEAD""]","[""ESCAPE"", ""FUSION""]",[],"[""21"", ""22""]","[""NOT APPLICABLE""]","[""NONE""]","[""NO INDICATION OF INJURY""]","[""O2155441"", ""P475748""]"
STRAIGHT AND LEVEL,1934,2025-09-22T01:26:00.000,2,1,9,9abfc8dc36b8c86993397cc2ce9bf48b15f2f68ae347d3452eda6d653f31732daf9851f600b51adc88c47d94c6a0754d452b12c0e9db13389661d40650818d79,INJURY AND / OR TOW DUE TO CRASH,"OVER $1,500",2025-09-22T01:26:00.000,NO CONTROLS,REAR END,,0,0,1,1,0,1,0,41.935326832,"DARKNESS, LIGHTED ROAD",-87.6329695646,NONINCAPACITATING INJURY,2,40,FOLLOWING TOO CLOSELY,ON SCENE,NO DEFECTS,DRY,PHYSICAL CONDITION OF DRIVER,,N,LAKE SHORE DR SB,2930,NO CONTROLS,DIVIDED - W/MEDIAN BARRIER,CLEAR,,,,,,,2,2,"{""coordinates"": [-87.632969564622, 41.935326831961], ""type"": ""Point""}","[""FRONT"", ""REAR""]","[""FORD"", ""JEEP""]","[""STRAIGHT AHEAD""]","[""CHEROKEE"", ""FUSION""]","[""Y""]","[""21"", ""25""]","[""DEPLOYED, FRONT"", ""NOT APPLICABLE""]","[""NONE""]","[""NO INDICATION OF INJURY"", ""NONINCAPACITATING INJURY""]","[""O2155455"", ""O2155456""]"
CURVE ON GRADE,132,2025-09-22T01:51:00.000,2,1,9,01ff2f80a27ef8b6c765310abeff5511977dd9d5cf3bdfbd1dbe7b9c183ab7e7f311f0ce6f1069424b5625d8c72d04eb2eccf1c2ea70299a06db344c87dd0f4d,INJURY AND / OR TOW DUE TO CRASH,"OVER $1,500",2025-09-22T01:51:00.000,FUNCTIONING PROPERLY,FIXED OBJECT,,0,0,1,0,0,0,0,41.8673307157,"DARKNESS, LIGHTED ROAD",-87.6186546377,NO INDICATION OF INJURY,1,40,DRIVING SKILLS/KNOWLEDGE/EXPERIENCE,ON SCENE,NO DEFECTS,DRY,NOT APPLICABLE,,S,LAKE SHORE DR NB,1201,TRAFFIC SIGNAL,T-INTERSECTION,CLEAR,,Y,,,,,1,1,"{""coordinates"": [-87.61865463769, 41.867330715666], ""type"": ""Point""}","[""FRONT""]","[""CHEVROLET""]","[""TURNING LEFT""]","[""SILVERADO""]","[""Y""]","[""21""]","[""DEPLOYED, FRONT""]","[""NONE""]","[""NO INDICATION OF INJURY""]","[""O2155448""]"
STRAIGHT AND LEVEL,1723,2025-09-22T01:57:00.000,2,1,9,710d9f228792bf800c0e353b63c18cfc5e644d7e14c56273ca83cdadd332a4eee25345fbcb8249c151f55429757d2f2a0247622ed2e04f637dc578ee43abaae4,INJURY AND / OR TOW DUE TO CRASH,"OVER $1,500",2025-09-22T02:02:00.000,FUNCTIONING PROPERLY,REAR END,Y,0,0,2,0,0,0,0,41.9538932012,"DARKNESS, LIGHTED ROAD",-87.7178856706,NO INDICATION OF INJURY,2,30,NOT APPLICABLE,ON SCENE,NO DEFECTS,WET,NOT APPLICABLE,,W,IRVING PARK RD,3600,TRAFFIC SIGNAL,DIVIDED - W/MEDIAN BARRIER,CLEAR,,,,,,,2,2,"{""coordinates"": [-87.717885670552, 41.953893201193], ""type"": ""Point""}","[""FRONT"", ""REAR""]","[""FORD"", ""HYUNDAI""]","[""OTHER"", ""STRAIGHT AHEAD""]","[""F150"", ""TUCSON""]","[""Y""]","[""48""]","[""DEPLOYMENT UNKNOWN"", ""NOT APPLICABLE""]","[""NONE""]","[""NO INDICATION OF INJURY""]","[""O2155450"", ""O2155451""]"
STRAIGHT AND LEVEL,623,2025-09-22T02:00:00.000,2,2,9,b7b3b278cef61dc9c9d1bcbfcca960fe6f062bd4326ab085534f53918996ceed2981459a73661a0cc3f4ca990b5c0cf3dcf577438b8cd13436258bd35009cb5d,INJURY AND / OR TOW DUE TO CRASH,"OVER $1,500",2025-09-22T18:48:00.000,NO CONTROLS,SIDESWIPE SAME DIRECTION,Y,0,0,2,0,0,0,0,41.7509181383,DARKNESS,-87.6246901225,NO INDICATION OF INJURY,2,30,UNABLE TO DETERMINE,NOT ON SCENE (DESK REPORT),NO DEFECTS,DRY,UNABLE TO DETERMINE,,S,STATE ST,7900,NO CONTROLS,NOT DIVIDED,CLEAR,,,,,,,2,2,"{""coordinates"": [-87.624690122516, 41.750918138315], ""type"": ""Point""}","[""SIDE-LEFT"", ""SIDE-RIGHT""]","[""JEEP"", ""UNKNOWN""]","[""STRAIGHT AHEAD"", ""UNKNOWN/NA""]","[""GRAND CHEROKEE"", ""MOTORIZED""]","[""Y""]","[""40""]","[""DEPLOYMENT UNKNOWN"", ""DID NOT DEPLOY""]","[""NONE""]","[""NO INDICATION OF INJURY""]","[""O2155996"", ""O2155997""]"
STRAIGHT AND LEVEL,632,2025-09-22T02:16:00.000,2,2,9,81bf006c4d32bb9db4b9bfaee989bdc58b3bd2d1b7ffbba28e1a195bd613220cc933327c97a4f0a81b141a3831686b020dd74a8e8403dbcbcbbe4aa0babe6515,NO INJURY / DRIVE AWAY,$500 OR LESS,2025-09-22T02:20:00.000,NO CONTROLS,PARKED MOTOR VEHICLE,,0,0,2,0,0,0,0,41.7352509883,"DARKNESS, LIGHTED ROAD",-87.6178688857,NO INDICATION OF INJURY,2,15,IMPROPER BACKING,ON SCENE,NO DEFECTS,DRY,NOT APPLICABLE,,S,PRAIRIE AVE,8744,NO CONTROLS,NOT DIVIDED,CLEAR,,,,,,,2,2,"{""coordinates"": [-87.617868885724, 41.7352509883], ""type"": ""Point""}","[""FRONT"", ""REAR""]","[""HYUNDAI"", ""VOLKSWAGEN""]","[""BACKING"", ""PARKED""]","[""PALISADE"", ""TIGUAN""]",[],"[""45"", ""68""]","[""NOT APPLICABLE""]","[""NONE""]","[""NO INDICATION OF INJURY""]","[""O2155457"", ""P475753""]"
STRAIGHT AND LEVEL,2521,2025-09-22T02:44:00.000,2,2,9,481158537e6c881be78e62d7f8435cda8af8527ef02cef232c1ba64399640dbcb8eac0e1b041b9dc96f925a460d9c2e24d8404d5684b48004749f9ebb629344e,NO INJURY / DRIVE AWAY,"OVER $1,500",2025-09-22T03:04:00.000,NO CONTROLS,PARKED MOTOR VEHICLE,,0,0,1,0,0,0,0,41.9315952869,"DARKNESS, LIGHTED ROAD",-87.750168995,NO INDICATION OF INJURY,3,30,UNABLE TO DETERMINE,ON SCENE,NO DEFECTS,DRY,UNABLE TO DETERMINE,,W,DIVERSEY AVE,4926,NO CONTROLS,NOT DIVIDED,CLEAR,,,,,,,3,1,"{""coordinates"": [-87.750168995015, 41.93159528688], ""type"": ""Point""}","[""FRONT-LEFT-CORNER"", ""FRONT-RIGHT-CORNER"", ""REAR-LEFT-CORNER""]","[""FORD"", ""HONDA"", ""NISSAN""]","[""PARKED"", ""STRAIGHT AHEAD""]","[""CIVIC"", ""ESCAPE"", ""SENTRA""]",[],"[""26""]","[""NOT APPLICABLE""]","[""NONE""]","[""NO INDICATION OF INJURY""]","[""O2155452""]"
STRAIGHT AND LEVEL,1512,2025-09-22T03:10:00.000,2,3,9,e6b355b105eb8e523510910564a63a202befcf3dc669bce219d88a1db895453a47c78c9877e06050eb731eb3553e7714233a6ff57eaafa993e933c336fbfa7eb,NO INJURY / DRIVE AWAY,"$501 - $1,500",2025-09-22T23:40:00.000,UNKNOWN,ANGLE,Y,0,0,2,0,0,0,0,41.8872008357,"DARKNESS, LIGHTED ROAD",-87.7678084909,NO INDICATION OF INJURY,2,30,UNABLE TO DETERMINE,NOT ON SCENE (DESK REPORT),UNKNOWN,UNKNOWN,NOT APPLICABLE,,N,WALLER AVE,400,STOP SIGN/FLASHER,FOUR WAY,UNKNOWN,,Y,,,,,2,2,"{""coordinates"": [-87.767808490881, 41.887200835725], ""type"": ""Point""}","[""FRONT"", ""REAR-LEFT-CORNER""]","[""CHEVROLET"", ""FORD""]","[""PASSING/OVERTAKING"", ""STRAIGHT AHEAD""]","[""IMPALA"", ""MUSTANG""]",[],"[""24""]","[""DEPLOYMENT UNKNOWN"", ""NOT APPLICABLE""]","[""NONE""]","[""NO INDICATION OF INJURY""]","[""O2156109"", ""O2156110""]"
STRAIGHT AND LEVEL,1925,2025-09-22T03:14:00.000,2,3,9,1080954443bca737a1a237ff14bd05bb0c213104100f1ff73e82398599aef1a0fd82f2b8351d2b10b1fd65b29310bb4be49efeca081613bf1a973893ead7d506,NO INJURY / DRIVE AWAY,"OVER $1,500",2025-09-22T03:14:00.000,NO CONTROLS,PARKED MOTOR VEHICLE,,0,0,1,0,0,0,0,41.9474225174,"DARKNESS, LIGHTED ROAD",-87.648120439,NO INDICATION OF INJURY,3,30,TEXTING,ON SCENE,NO DEFECTS,DRY,UNABLE TO DETERMINE,,W,ADDISON ST,722,NO CONTROLS,NOT DIVIDED,CLEAR,,,,,,,3,1,"{""coordinates"": [-87.648120438965, 41.94742251742], ""type"": ""Point""}","[""FRONT-RIGHT-CORNER"", ""REAR-LEFT-CORNER"", ""SIDE-LEFT""]","[""CHRYSLER"", ""HONDA"", ""SUBARU""]","[""OTHER"", ""PARKED""]","[""300"", ""CLARITY"", ""LEGACY""]",[],"[""23""]","[""DID NOT DEPLOY""]","[""NONE""]","[""NO INDICATION OF INJURY""]","[""O2155464""]"
STRAIGHT AND LEVEL,2011,2025-09-22T03:53:00.000,2,3,9,40a99574bcdaf50dc5b3c9cde506b364ecdbd063ca04414eae714f785769ca9de8707c593a3329fe4094b93ac391f3202fcbe5a7a05f5e2dccc57700f7a3f6e8,INJURY AND / OR TOW DUE TO CRASH,"OVER $1,500",2025-09-22T03:57:00.000,NO CONTROLS,FIXED OBJECT,Y,0,0,1,0,0,0,0,41.9882900322,"DARKNESS, LIGHTED ROAD",-87.7036194971,NO INDICATION OF INJURY,1,35,UNABLE TO DETERMINE,ON SCENE,NO DEFECTS,DRY,UNABLE TO DETERMINE,,N,LINCOLN AVE,5875,NO CONTROLS,DIVIDED - W/MEDIAN BARRIER,CLEAR,Y,,,,,,1,1,"{""coordinates"": [-87.703619497145, 41.988290032228], ""type"": ""Point""}","[""FRONT""]","[""FORD""]","[""STRAIGHT AHEAD""]","[""FUSION""]","[""Y""]",[],"[""DEPLOYMENT UNKNOWN""]","[""UNKNOWN""]","[""NO INDICATION OF INJURY""]","[""O2155460""]"
STRAIGHT AND LEVEL,613,2025-09-22T03:54:00.000,2,3,9,98223383f1ad27e53afa4a427992fae541cbf15cc92e74b6a48e449eea185616a815d4f2af4b41c964bccd1fc801a236024684c438295e3bc1438ff234f50373,INJURY AND / OR TOW DUE TO CRASH,"OVER $1,500",2025-09-22T03:54:00.000,FUNCTIONING PROPERLY,ANGLE,,0,0,2,1,0,1,0,41.7415896732,"DARKNESS, LIGHTED ROAD",-87.6473872353,NONINCAPACITATING INJURY,2,30,FAILING TO YIELD RIGHT-OF-WAY,ON SCENE,NO DEFECTS,DRY,DRIVING SKILLS/KNOWLEDGE/EXPERIENCE,,W,84TH ST,930,STOP SIGN/FLASHER,FOUR WAY,CLEAR,,Y,,,,,2,3,"{""coordinates"": [-87.647387235321, 41.741589673236], ""type"": ""Point""}","[""FRONT-LEFT-CORNER"", ""FRONT-RIGHT-CORNER""]","[""HYUNDAI""]","[""STRAIGHT AHEAD""]","[""SONATA"", ""TUCSON""]","[""Y""]","[""31"", ""32"", ""57""]","[""DEPLOYED, COMBINATION""]","[""NONE""]","[""NO INDICATION OF INJURY"", ""NONINCAPACITATING INJURY""]","[""O2155467"", ""O2155468"", ""P475755""]"
STRAIGHT AND LEVEL,1021,2025-09-22T04:00:00.000,2,4,9,79492fd4cda2aeb6a2e1e08680577daed11673e438ecd07a81396f4261078f1526f68960d4718a655a4ccbdbbec3d77a8cd306976a79bb3a76882491d3f1aec0,NO INJURY / DRIVE AWAY,"$501 - $1,500",2025-09-22T04:10:00.000,NO CONTROLS,FIXED OBJECT,N,0,0,1,0,0,0,0,41.8599550731,"DARKNESS, LIGHTED ROAD",-87.7117244903,NO INDICATION OF INJURY,1,20,UNABLE TO DETERMINE,ON SCENE,NO DEFECTS,DRY,UNABLE TO DETERMINE,,S,TRUMBULL AVE,1528,NO CONTROLS,ALLEY,CLEAR,,,,,,,1,1,"{""coordinates"": [-87.71172449033, 41.859955073087], ""type"": ""Point""}","[""FRONT""]","[""JEEP""]","[""UNKNOWN/NA""]","[""COMPASS""]",[],[],"[""DID NOT DEPLOY""]","[""NONE""]","[""NO INDICATION OF INJURY""]","[""O2155461""]"
STRAIGHT AND LEVEL,2515,2025-09-22T04:00:00.000,2,4,9,808807ced7f54a2e02705a96513f3cbd885600c203b4e42ec5b858df6bdca4908375c8f0a821c469cd135449b7f34343acf51adca3d24676ae372067f0c37ee1,NO INJURY / DRIVE AWAY,"OVER $1,500",2025-09-22T17:00:00.000,NO CONTROLS,PARKED MOTOR VEHICLE,Y,0,0,1,0,0,0,0,41.9205531188,DARKNESS,-87.768443314,NO INDICATION OF INJURY,2,25,UNABLE TO DETERMINE,NOT ON SCENE (DESK REPORT),UNKNOWN,UNKNOWN,UNABLE TO DETERMINE,,N,MAJOR AVE,2206,NO CONTROLS,ONE-WAY,UNKNOWN,Y,,,,,,2,1,"{""coordinates"": [-87.768443313988, 41.92055311882], ""type"": ""Point""}","[""UNKNOWN""]","[""HONDA"", ""UNKNOWN""]","[""PARKED"", ""UNKNOWN/NA""]","[""CR-V"", ""MOTORIZED""]",[],[],"[""DEPLOYMENT UNKNOWN""]","[""UNKNOWN""]","[""NO INDICATION OF INJURY""]","[""O2155904""]"
STRAIGHT AND LEVEL,1624,2025-09-22T04:06:00.000,2,4,9,1a634627f74666cb90439451750d968f45f80a27f4eb8c5a4e51c9651aab9a885efad5fea3ae0a945be39d047f3eba3fc4dd8ed2fd7d0e3286dc819c8c138ce4,INJURY AND / OR TOW DUE TO CRASH,"OVER $1,500",2025-09-22T04:08:00.000,NO CONTROLS,PARKED MOTOR VEHICLE,Y,0,0,1,0,0,0,0,41.9535079634,"DARKNESS, LIGHTED ROAD",-87.7491055826,NO INDICATION OF INJURY,2,30,UNABLE TO DETERMINE,ON SCENE,NO DEFECTS,DRY,UNABLE TO DETERMINE,,W,IRVING PARK RD,4848,NO CONTROLS,NOT DIVIDED,CLEAR,,,,,,,2,1,"{""coordinates"": [-87.74910558256, 41.953507963416], ""type"": ""Point""}","[""FRONT-RIGHT-CORNER"", ""SIDE-LEFT-REAR""]","[""CHEVROLET"", ""UNKNOWN""]","[""PARKED"", ""STRAIGHT AHEAD""]","[""OTHER (EXPLAIN IN NARRATIVE)"", ""TRAX""]","[""Y""]",[],"[""DEPLOYMENT UNKNOWN""]","[""NONE""]","[""NO INDICATION OF INJURY""]","[""O2155462""]"
STRAIGHT AND LEVEL,434,2025-09-22T04:30:00.000,2,4,9,da1c3036afbcfaf46d41e209bf9625d39cb5c91b808335ccee132a09fc7e543ee6525a3faec5984aa108037eba953983cab7fd10f1a523a2c709526bfc1fdfd4,NO INJURY / DRIVE AWAY,"OVER $1,500",2025-09-22T17:25:00.000,NO CONTROLS,ANIMAL,,0,0,1,0,0,0,0,41.6920270766,"DARKNESS, LIGHTED ROAD",-87.5596131617,NO INDICATION OF INJURY,1,30,UNABLE TO DETERMINE,NOT ON SCENE (DESK REPORT),NO DEFECTS,DRY,NOT APPLICABLE,,S,TORRENCE AVE,11166,NO CONTROLS,DIVIDED - W/MEDIAN (NOT RAISED),CLEAR,,,,,,,1,1,"{""coordinates"": [-87.559613161727, 41.692027076641], ""type"": ""Point""}","[""FRONT""]","[""FORD""]","[""STRAIGHT AHEAD""]","[""EXPLORER""]",[],"[""44""]","[""DID NOT DEPLOY""]","[""NONE""]","[""NO INDICATION OF INJURY""]","[""O2155960""]"
STRAIGHT AND LEVEL,1031,2025-09-22T05:10:00.000,2,5,9,0b233723bb7ecc3d5123f61d80b2d2319e1b57fd612d2fbd79348ddf70927661a269cf4df921c7ea7c08337e6253988402a08c6b795076e56d5e1a421cd017f3,NO INJURY / DRIVE AWAY,"OVER $1,500",2025-09-22T19:00:00.000,NO CONTROLS,PARKED MOTOR VEHICLE,Y,0,0,1,0,0,0,0,41.8404136465,"DARKNESS, LIGHTED ROAD",-87.724591462,NO INDICATION OF INJURY,2,30,UNABLE TO DETERMINE,NOT ON SCENE (DESK REPORT),NO DEFECTS,DRY,UNABLE TO DETERMINE,,S,PULASKI RD,2802,NO CONTROLS,NOT DIVIDED,CLEAR,,,,,,,2,1,"{""coordinates"": [-87.72459146197, 41.840413646491], ""type"": ""Point""}","[""REAR-LEFT-CORNER"", ""UNKNOWN""]","[""HONDA"", ""UNKNOWN""]","[""PARKED"", ""UNKNOWN/NA""]","[""OTHER (EXPLAIN IN NARRATIVE)"", ""PILOT""]",[],[],"[""DEPLOYMENT UNKNOWN""]","[""NONE""]","[""NO INDICATION OF INJURY""]","[""O2156002""]"