alignment,beat_of_occurrence,crash_date,crash_day_of_week,crash_hour,crash_month,crash_record_id,crash_type,damage,date_police_notified,device_condition,first_crash_type,hit_and_run_i,injuries_fatal,injuries_incapacitating,injuries_no_indication,injuries_non_incapacitating,injuries_reported_not_evident,injuries_total,injuries_unknown,latitude,lighting_condition,longitude,most_severe_injury,num_units,posted_speed_limit,prim_contributory_cause,report_type,road_defect,roadway_surface_cond,sec_contributory_cause,statements_taken_i,street_direction,street_name,street_no,traffic_control_device,trafficway_type,weather_condition,crash_date_est_i,intersection_related_i,photos_taken_i,work_zone_i,dooring_i,private_property_i,veh_count,ppl_count,location_json,veh_first_contact_point_list_json,veh_make_list_json,veh_maneuver_list_json,veh_model_list_json,veh_towed_i_list_json,ppl_age_list_json,ppl_airbag_deployed_list_json,ppl_ejection_list_json,ppl_injury_classification_list_json,ppl_person_id_list_json
STRAIGHT AND LEVEL,813,2025-09-22T05:10:00.000,2,5,9,16fd6c78bdd1d1c46cfc477fcb1456b71c3236a8f86c9bb77157810ce4e6c86a7486bbfeb0ba03c8d7f905c4ae732340254caa31758b4aaf53a035370c7b8aa0,NO INJURY / DRIVE AWAY,"OVER $1,500",2025-09-22T19:45:00.000,NO CONTROLS,SIDESWIPE SAME DIRECTION,Y,0,0,2,0,0,0,0,41.7783731412,DARKNESS,-87.7508547455,NO INDICATION OF INJURY,2,30,UNABLE TO DETERMINE,NOT ON SCENE (DESK REPORT),NO DEFECTS,DRY,PHYSICAL CONDITION OF DRIVER,,W,63RD ST,5132,NO CONTROLS,NOT DIVIDED,CLEAR,,,,,,,2,2,"{""coordinates"": [-87.750854745549, 41.778373141179], ""type"": ""Point""}","[""SIDE-LEFT"", ""SIDE-RIGHT""]","[""DODGE"", ""MITSUBISHI""]","[""PASSING/OVERTAKING"", ""STRAIGHT AHEAD""]","[""JOURNEY"", ""OTHER (EXPLAIN IN NARRATIVE)""]",[],"[""54""]","[""DEPLOYMENT UNKNOWN"", ""NOT APPLICABLE""]","[""NONE""]","[""NO INDICATION OF INJURY""]","[""O2156026"", ""O2156027""]"
STRAIGHT AND LEVEL,424,2025-09-22T05:15:00.000,2,5,9,779084bcc57b50f01cd22b6ff43d32b05f0dd0e69a42a1a61e7b52a4ae9582346a136b6815438405409cba1ca9b66e44c9990ba1c853e7e5ee3350da8017e2ba,NO INJURY / DRIVE AWAY,$500 OR LESS,2025-09-22T06:00:00.000,NO CONTROLS,PARKED MOTOR VEHICLE,Y,0,0,1,0,0,0,0,41.7332699952,"DARKNESS, LIGHTED ROAD",-87.5431185083,NO INDICATION OF INJURY,2,30,UNABLE TO DETERMINE,ON SCENE,NO DEFECTS,DRY,NOT APPLICABLE,,S,MACKINAW AVE,8916,NO CONTROLS,NOT DIVIDED,CLEAR,,,,,,,2,1,"{""coordinates"": [-87.543118508274, 41.733269995154], ""type"": ""Point""}","[""REAR-LEFT-CORNER"", ""UNKNOWN""]","[""TOYOTA"", ""UNKNOWN""]","[""PARKED"", ""UNKNOWN/NA""]","[""COROLLA"", ""OTHER (EXPLAIN IN NARRATIVE)""]",[],[],"[""DEPLOYMENT UNKNOWN""]","[""NONE""]","[""NO INDICATION OF INJURY""]","[""O2155477""]"
STRAIGHT AND LEVEL,1134,2025-09-22T05:45:00.000,2,5,9,b2efa1164822355d79458a991edf6afe5cc64c53eaab0f2738e4dc90668a1e5bf2bd34955efb55702d831add2a075a18498ee107e33ada3bf0e2dcb9039c76e3,NO INJURY / DRIVE AWAY,"OVER $1,500",2025-09-22T18:00:00.000,NO CONTROLS,PARKED MOTOR VEHICLE,,0,0,1,0,0,0,0,41.8717759116,UNKNOWN,-87.7040576196,NO INDICATION OF INJURY,2,30,UNABLE TO DETERMINE,NOT ON SCENE (DESK REPORT),UNKNOWN,UNKNOWN,NOT APPLICABLE,,W,LEXINGTON ST,3115,NO CONTROLS,NOT DIVIDED,UNKNOWN,,,,,,,2,1,"{""coordinates"": [-87.704057619595, 41.871775911592], ""type"": ""Point""}","[""SIDE-LEFT-REAR"", ""UNKNOWN""]","[""CHEVROLET"", ""INFINITI""]","[""PARKED"", ""STRAIGHT AHEAD""]","[""MALIBU"", ""QX60""]",[],"[""59""]","[""NOT APPLICABLE""]","[""NONE""]","[""NO INDICATION OF INJURY""]","[""O2156056""]"
STRAIGHT AND LEVEL,835,2025-09-22T05:49:00.000,2,5,9,8beaa29b009408d848048a518d9b0a0b2fa34ef6f3ae5995a539492d7c18138fcecff93a2ca2dae51eb8f063dc8f18243903ea9d60b17e56851604978eecdec5,INJURY AND / OR TOW DUE TO CRASH,"OVER $1,500",2025-09-22T05:57:00.000,FUNCTIONING PROPERLY,ANGLE,,0,0,0,2,0,2,0,41.7444356325,DAYLIGHT,-87.7021838448,NONINCAPACITATING INJURY,2,30,DISREGARDING TRAFFIC SIGNALS,ON SCENE,NO DEFECTS,DRY,NOT APPLICABLE,,W,82ND ST,3198,TRAFFIC SIGNAL,FOUR WAY,CLEAR,,,,,,,2,2,"{""coordinates"": [-87.702183844797, 41.744435632495], ""type"": ""Point""}","[""FRONT"", ""SIDE-RIGHT""]","[""CHEVROLET"", ""NISSAN""]","[""STRAIGHT AHEAD""]","[""OTHER (EXPLAIN IN NARRATIVE)"", ""ROGUE""]","[""Y""]","[""37"", ""70""]","[""DEPLOYED, COMBINATION""]","[""NONE""]","[""NONINCAPACITATING INJURY""]","[""O2155479"", ""O2155480""]"
STRAIGHT AND LEVEL,1531,2025-09-22T06:00:00.000,2,6,9,268ff8d8c17caeffe836d43fa00644e53f3e95843d439ed6c30317893e0ee06e272d01692043da9a6f082528b8a2aa016c6b435bafe29e49554acfe5d2a2ccc0,NO INJURY / DRIVE AWAY,"OVER $1,500",2025-09-23T08:15:00.000,NO CONTROLS,PARKED MOTOR VEHICLE,Y,0,0,1,0,0,0,0,41.8995241052,DAYLIGHT,-87.7485066723,NO INDICATION OF INJURY,2,20,UNABLE TO DETERMINE,NOT ON SCENE (DESK REPORT),NO DEFECTS,DRY,UNABLE TO DETERMINE,,N,LAMON AVE,1030,NO CONTROLS,ONE-WAY,CLEAR,,,,,,,2,1,"{""coordinates"": [-87.748506672349, 41.899524105156], ""type"": ""Point""}","[""SIDE-RIGHT"", ""UNKNOWN""]","[""HONDA"", ""UNKNOWN""]","[""PARKED"", ""UNKNOWN/NA""]","[""ODYSSEY"", ""OTHER (EXPLAIN IN NARRATIVE)""]",[],[],"[""DEPLOYMENT UNKNOWN""]","[""UNKNOWN""]","[""NO INDICATION OF INJURY""]","[""O2156175""]"
STRAIGHT AND LEVEL,1121,2025-09-22T06:00:00.000,2,6,9,7a7b5535cfe2563680f94d7d74d43c8a9d376378aa1e6e335869b9c54210acf6ab4b535db9ade21e4f5f1ff7851724dc488a44f7c31ebaed57486e7e15546c1c,NO INJURY / DRIVE AWAY,"OVER $1,500",2025-09-22T09:10:00.000,NO CONTROLS,PARKED MOTOR VEHICLE,Y,0,0,1,0,0,0,0,41.8917364491,UNKNOWN,-87.7109506454,NO INDICATION OF INJURY,2,25,IMPROPER BACKING,ON SCENE,NO DEFECTS,UNKNOWN,UNABLE TO DETERMINE,,W,OHIO ST,3351,NO CONTROLS,ONE-WAY,UNKNOWN,Y,,,,,,2,1,"{""coordinates"": [-87.710950645431, 41.891736449129], ""type"": ""Point""}","[""FRONT-RIGHT-CORNER"", ""UNKNOWN""]","[""NISSAN"", ""UNKNOWN""]","[""BACKING"", ""PARKED""]","[""OTHER (EXPLAIN IN NARRATIVE)"", ""ROGUE""]",[],[],"[""DEPLOYMENT UNKNOWN""]","[""UNKNOWN""]","[""NO INDICATION OF INJURY""]","[""O2155552""]"
STRAIGHT AND LEVEL,815,2025-09-22T06:00:00.000,2,6,9,eac1dbd34b1936579f1e50ee901114df0c1e213d339a7a5b1caaa1c00d2c7b1b09577baa7c1ce4c6ffcdc5d6f4d4789ad5e876b3d026cecb7264859bcaa689c6,NO INJURY / DRIVE AWAY,"OVER $1,500",2025-09-22T06:55:00.000,FUNCTIONING PROPERLY,SIDESWIPE SAME DIRECTION,Y,0,0,2,0,0,0,0,41.7992442508,DAYLIGHT,-87.7428007895,NO INDICATION OF INJURY,2,30,IMPROPER OVERTAKING/PASSING,ON SCENE,NO DEFECTS,DRY,IMPROPER LANE USAGE,Y,S,CICERO AVE,5133,TRAFFIC SIGNAL,DIVIDED - W/MEDIAN (NOT RAISED),CLEAR,,,,,,,2,2,"{""coordinates"": [-87.742800789454, 41.799244250829], ""type"": ""Point""}","[""SIDE-LEFT"", ""SIDE-RIGHT""]","[""DODGE"", ""UNKNOWN""]","[""MERGING"", ""PASSING/OVERTAKING""]","[""DURANGO"", ""OTHER (EXPLAIN IN NARRATIVE)""]",[],"[""22""]","[""DEPLOYMENT UNKNOWN"", ""DID NOT DEPLOY""]","[""NONE""]","[""NO INDICATION OF INJURY""]","[""O2155491"", ""O2155492""]"
STRAIGHT AND LEVEL,821,2025-09-22T06:02:00.000,2,6,9,64cead968723c1edcece7d10adb5ccffe28d7322264093550a5251b6c3274f640b7165fdf43a916995038df14bd369b3dcb57ede917e58b263c4ab058a47abfb,INJURY AND / OR TOW DUE TO CRASH,"OVER $1,500",2025-09-22T06:46:00.000,NO CONTROLS,SIDESWIPE SAME DIRECTION,,0,0,3,0,0,0,0,41.8117480489,DAWN,-87.7235833181,NO INDICATION OF INJURY,2,30,IMPROPER OVERTAKING/PASSING,ON SCENE,OTHER,DRY,NOT APPLICABLE,,S,PULASKI RD,4455,NO CONTROLS,DIVIDED - W/MEDIAN (NOT RAISED),CLEAR,,,,,,,2,3,"{""coordinates"": [-87.723583318072, 41.81174804888], ""type"": ""Point""}","[""FRONT-LEFT-CORNER"", ""FRONT-RIGHT-CORNER""]","[""CADILLAC"", ""CHEVROLET""]","[""CHANGING LANES"", ""PASSING/OVERTAKING""]","[""BLAZER"", ""CTS""]","[""Y""]","[""18"", ""63""]","[""DEPLOYED, COMBINATION"", ""NOT APPLICABLE""]","[""NONE""]","[""NO INDICATION OF INJURY""]","[""O2155485"", ""O2155486"", ""P475760""]"
STRAIGHT AND LEVEL,725,2025-09-22T06:08:00.000,2,6,9,d57a7015ebdbf065e22b7f2ae8825c42e06afa76d222985d352170b9e832dc93b96c71261247eaa94586d1f1712e029f922b3e5555637c2f4182377754edc704,NO INJURY / DRIVE AWAY,"OVER $1,500",2025-09-23T16:20:00.000,NO CONTROLS,HEAD ON,,0,0,2,0,0,0,0,41.7793357909,"DARKNESS, LIGHTED ROAD",-87.6648360465,NO INDICATION OF INJURY,2,30,UNABLE TO DETERMINE,NOT ON SCENE (DESK REPORT),NO DEFECTS,DRY,UNABLE TO DETERMINE,,W,63RD ST,1613,NO CONTROLS,DIVIDED - W/MEDIAN (NOT RAISED),CLEAR,,,,,,,2,2,"{""coordinates"": [-87.664836046488, 41.779335790884], ""type"": ""Point""}","[""FRONT""]","[""CHEVROLET"", ""JAGUAR""]","[""STRAIGHT AHEAD""]","[""IMPALA"", ""OTHER (EXPLAIN IN NARRATIVE)""]",[],"[""64""]","[""NOT APPLICABLE""]","[""NONE""]","[""NO INDICATION OF INJURY""]","[""O2156542"", ""O2156543""]"
STRAIGHT AND LEVEL,412,2025-09-22T06:25:00.000,2,6,9,f5458f4e8b0138aab8933eb0edf1873941cd53bfac7a4495a00d0aa1fbc2d50385fc155a218a3fe68f5e28822494fd12400eda46da7e9010952eb0a6bc1db29b,NO INJURY / DRIVE AWAY,$500 OR LESS,2025-09-22T08:23:00.000,NO CONTROLS,TURNING,Y,0,0,3,0,0,0,0,41.7369644201,DAYLIGHT,-87.5850596484,NO INDICATION OF INJURY,2,30,UNABLE TO DETERMINE,NOT ON SCENE (DESK REPORT),UNKNOWN,DRY,NOT APPLICABLE,,S,STONY ISLAND AVE,8699,NO CONTROLS,NOT DIVIDED,CLEAR,,,,,,,2,3,"{""coordinates"": [-87.585059648426, 41.736964420122], ""type"": ""Point""}","[""SIDE-LEFT"", ""SIDE-RIGHT""]","[""GENERAL MOTORS CORPORATION (GMC)"", ""NISSAN""]","[""TURNING LEFT""]","[""OTHER (EXPLAIN IN NARRATIVE)""]",[],"[""78""]","[""DEPLOYMENT UNKNOWN"", ""DID NOT DEPLOY""]","[""NONE""]","[""NO INDICATION OF INJURY""]","[""O2155509"", ""O2155510"", ""P475776""]"
STRAIGHT AND LEVEL,1111,2025-09-22T06:30:00.000,2,6,9,24845b2547972f6447e38091a9645e4dff5696f172fcff3e14cfb9332b0703287e6042ef1b5ce63801f47087da4bfab983e0efe12803503c4f907d8f90de4b82,INJURY AND / OR TOW DUE TO CRASH,"OVER $1,500",2025-09-22T07:15:00.000,NO CONTROLS,REAR END,,0,0,0,0,2,2,0,41.9023056864,DAYLIGHT,-87.7422428462,"REPORTED, NOT EVIDENT",2,30,FAILING TO REDUCE SPEED TO AVOID CRASH,ON SCENE,NO DEFECTS,DRY,NOT APPLICABLE,,W,DIVISION ST,4617,NO CONTROLS,NOT DIVIDED,CLEAR,,,,,,,2,2,"{""coordinates"": [-87.742242846171, 41.902305686385], ""type"": ""Point""}","[""REAR-LEFT-CORNER"", ""TOTAL (ALL AREAS)""]","[""FREIGHTLINER CORPORATION"", ""HONDA""]","[""STRAIGHT AHEAD""]","[""FREIGHTLINER CORP."", ""OTHER (EXPLAIN IN NARRATIVE)""]","[""Y""]","[""58"", ""73""]","[""DID NOT DEPLOY"", ""NOT APPLICABLE""]","[""NONE""]","[""REPORTED, NOT EVIDENT""]","[""O2155489"", ""O2155490""]"
STRAIGHT AND LEVEL,1833,2025-09-22T06:30:00.000,2,6,9,6ef40c45d6bf6d3ba5a5cb1d21257078d1bacbb7a963b75ffd89bb28f90fb8b88beb252021817acd5c0c1d7f5b1ef8736b7834b0955373daaa459972f31bdb7c,NO INJURY / DRIVE AWAY,"OVER $1,500",2025-09-22T07:15:00.000,NO CONTROLS,SIDESWIPE SAME DIRECTION,,0,0,2,0,0,0,0,41.8990205149,DAYLIGHT,-87.6180037982,NO INDICATION OF INJURY,2,45,IMPROPER LANE USAGE,,UNKNOWN,UNKNOWN,IMPROPER LANE USAGE,,N,LAKE SHORE DR NB,881,NO CONTROLS,NOT DIVIDED,CLEAR,,,,,,,2,2,"{""coordinates"": [-87.618003798221, 41.899020514931], ""type"": ""Point""}","[""FRONT-RIGHT-CORNER"", ""SIDE-LEFT""]","[""HONDA"", ""NISSAN""]","[""CHANGING LANES"", ""STRAIGHT AHEAD""]","[""CR-V"", ""ROGUE""]",[],"[""26"", ""43""]","[""NOT APPLICABLE""]","[""NONE""]","[""NO INDICATION OF INJURY""]","[""O2156331"", ""O2156332""]"
STRAIGHT ON GRADE,331,2025-09-22T06:42:00.000,2,6,9,f515780f42469422afea843ea5ce1f0585a19963ce5e67fe7221284b32b0b75db590bd2d107aa2f46a8fd9cc5705d58816fe2d8442318cf7175cc06b41c671b0,INJURY AND / OR TOW DUE TO CRASH,"OVER $1,500",2025-09-22T06:47:00.000,NO CONTROLS,SIDESWIPE SAME DIRECTION,,0,0,1,1,0,1,0,41.7817783399,DAYLIGHT,-87.5750881242,NONINCAPACITATING INJURY,2,40,IMPROPER LANE USAGE,ON SCENE,UNKNOWN,UNKNOWN,IMPROPER LANE USAGE,,S,LAKE SHORE DR,6225,NO CONTROLS,DIVIDED - W/MEDIAN BARRIER,CLEAR,,,,,,,2,2,"{""coordinates"": [-87.575088124165, 41.781778339916], ""type"": ""Point""}","[""FRONT-RIGHT-CORNER"", ""SIDE-LEFT""]","[""JEEP"", ""LINCOLN""]","[""AVOIDING VEHICLES/OBJECTS"", ""STRAIGHT AHEAD""]","[""CHEROKEE"", ""MKX""]","[""Y""]","[""28"", ""38""]","[""DEPLOYED, COMBINATION"", ""DID NOT DEPLOY""]","[""NONE""]","[""NO INDICATION OF INJURY"", ""NONINCAPACITATING INJURY""]","[""O2155517"", ""O2155518""]"
STRAIGHT AND LEVEL,414,2025-09-22T06:55:00.000,2,6,9,f6c4e85f80788889fe9f2e3f333d74f251d262071426e70bf1b3118c66b42539e8c6db245b397f562f9744d63ca39580fadbb57f165203b456e3dc9de9ad10be,INJURY AND / OR TOW DUE TO CRASH,"OVER $1,500",2025-09-22T06:55:00.000,NO CONTROLS,HEAD ON,,0,0,0,9,0,9,0,41.7458334148,DAYLIGHT,-87.5757368197,NONINCAPACITATING INJURY,2,30,IMPROPER LANE USAGE,ON SCENE,NO DEFECTS,DRY,DRIVING ON WRONG SIDE/WRONG WAY,,S,JEFFERY BLVD,8209,NO CONTROLS,NOT DIVIDED,CLEAR,,,,,,,2,9,"{""coordinates"": [-87.575736819687, 41.745833414801], ""type"": ""Point""}","[""FRONT""]","[""JEEP"", ""NOVA BUS""]","[""STRAIGHT AHEAD""]","[""OTHER (EXPLAIN IN NARRATIVE)"", ""RENEGADE""]","[""Y""]","[""19"", ""27"", ""28"", ""34"", ""44"", ""59"", ""62""]","[""DEPLOYED, COMBINATION"", ""NOT APPLICABLE""]","[""NONE"", ""UNKNOWN""]","[""NONINCAPACITATING INJURY""]","[""O2155515"", ""O2155516"", ""P475767"", ""P475768"", ""P475769"", ""P475770"", ""P475771"", ""P475772"", ""P475773""]"
STRAIGHT AND LEVEL,2532,2025-09-22T07:00:00.000,2,7,9,44dd0920ab0eee0aaa685f9e8fe840fa8cd547f21d7e7216065d3f1cba0a1a04831205725cb360f735698e44ab2abf1b9870364179f11957e3666d7f2b754e73,NO INJURY / DRIVE AWAY,"OVER $1,500",2025-09-22T07:05:00.000,UNKNOWN,SIDESWIPE SAME DIRECTION,Y,0,0,5,0,0,0,0,41.9093787721,DAYLIGHT,-87.756824282,NO INDICATION OF INJURY,2,35,IMPROPER OVERTAKING/PASSING,ON SCENE,NO DEFECTS,DRY,NOT APPLICABLE,,W,NORTH AVE,5229,UNKNOWN,NOT DIVIDED,CLEAR,,,,,,,2,5,"{""coordinates"": [-87.756824281997, 41.909378772134], ""type"": ""Point""}","[""REAR-LEFT-CORNER"", ""UNKNOWN""]","[""FORD"", ""GENERAL MOTORS CORPORATION (GMC)""]","[""PASSING/OVERTAKING"", ""STRAIGHT AHEAD""]","[""F250"", ""SAVANNAH""]",[],"[""17"", ""21"", ""33"", ""35""]","[""DEPLOYMENT UNKNOWN"", ""NOT APPLICABLE""]","[""NONE""]","[""NO INDICATION OF INJURY""]","[""O2155501"", ""O2155502"", ""P475761"", ""P475762"", ""P475764""]"
STRAIGHT AND LEVEL,412,2025-09-22T07:00:00.000,2,7,9,45ba819413a40d974174b57b0cad315c54f1dce0f6e92cdf37cec16fa5f06edd30542ea0ee6c13b410ae9af70315235044171abd448f818991162d9ca64da40c,NO INJURY / DRIVE AWAY,"$501 - $1,500",2025-09-23T01:27:00.000,NO CONTROLS,PARKED MOTOR VEHICLE,,0,0,1,0,0,0,0,41.7401322652,DAYLIGHT,-87.5783482734,NO INDICATION OF INJURY,2,15,IMPROPER BACKING,ON SCENE,OTHER,OTHER,IMPROPER BACKING,Y,S,BENNETT AVE,8516,NO CONTROLS,ALLEY,CLEAR,N,,,,,,2,1,"{""coordinates"": [-87.578348273351, 41.740132265208], ""type"": ""Point""}","[""REAR-RIGHT-CORNER"", ""SIDE-RIGHT""]","[""CHEVROLET"", ""UNKNOWN""]","[""BACKING"", ""PARKED""]","[""MALIBU"", ""MOTORIZED""]",[],[],"[""DEPLOYMENT UNKNOWN""]","[""NONE""]","[""NO INDICATION OF INJURY""]","[""O2156130""]"
STRAIGHT AND LEVEL,1533,2025-09-22T07:00:00.000,2,7,9,a1b2247e468291b339c3db3bfe3b292bada39e500749c0c599159efdf80c069d8bdae28abab32931d45904bb8b41d489d9ce1d25a36640fdc34fdc675ab214b8,NO INJURY / DRIVE AWAY,"OVER $1,500",2025-09-22T09:30:00.000,NO CONTROLS,PARKED MOTOR VEHICLE,Y,0,0,1,0,0,0,0,41.8757478675,DAYLIGHT,-87.7468724219,NO INDICATION OF INJURY,2,20,UNABLE TO DETERMINE,NOT ON SCENE (DESK REPORT),NO DEFECTS,DRY,UNABLE TO DETERMINE,,W,GLADYS AVE,4845,NO CONTROLS,ONE-WAY,CLEAR,Y,,,,,,2,1,"{""coordinates"": [-87.746872421944, 41.875747867472], ""type"": ""Point""}","[""SIDE-LEFT"", ""UNKNOWN""]","[""CHEVROLET"", ""UNKNOWN""]","[""PARKED"", ""UNKNOWN/NA""]","[""MALIBU"", ""OTHER (EXPLAIN IN NARRATIVE)""]",[],[],"[""DEPLOYMENT UNKNOWN""]","[""UNKNOWN""]","[""NO INDICATION OF INJURY""]","[""O2155545""]"
STRAIGHT AND LEVEL,1921,2025-09-22T07:10:00.000,2,7,9,3c86696c16cbef5e3a5745931d1fbff217f011cce4f6963c9e094d82dc578bf19d8b4f3e92bd7fade41f9489401214ab7b5381adfedd4a7c7e38e2ae468fc61c,NO INJURY / DRIVE AWAY,"OVER $1,500",2025-09-22T20:00:00.000,FUNCTIONING PROPERLY,REAR END,,0,0,2,0,0,0,0,41.9395074638,DAYLIGHT,-87.6877652076,NO INDICATION OF INJURY,2,30,FAILING TO REDUCE SPEED TO AVOID CRASH,NOT ON SCENE (DESK REPORT),NO DEFECTS,DRY,UNABLE TO DETERMINE,,N,WESTERN AVE,3201,TRAFFIC SIGNAL,DIVIDED - W/MEDIAN (NOT RAISED),CLEAR,,,,,,,2,2,"{""coordinates"": [-87.68776520764, 41.939507463765], ""type"": ""Point""}","[""FRONT"", ""REAR""]","[""MAZDA"", ""NISSAN""]","[""SLOW/STOP IN TRAFFIC""]","[""FRONTIER"", ""MAZDA6""]",[],"[""40""]","[""DEPLOYMENT UNKNOWN"", ""DID NOT DEPLOY""]","[""NONE""]","[""NO INDICATION OF INJURY""]","[""O2156034"", ""O2156035""]"
STRAIGHT AND LEVEL,1233,2025-09-22T07:15:00.000,2,7,9,82b65c91ba3224b37de764ccb553e8562191099c2011864f7a8bcf3bbc4e34522004a6ea026c19bb2270304e3f936cbc7b3b5458c631f4b3a32edef3712c26c6,INJURY AND / OR TOW DUE TO CRASH,"OVER $1,500",2025-09-22T07:53:00.000,NO CONTROLS,TURNING,,0,0,1,2,0,2,0,41.8660343587,DAYLIGHT,-87.6614050633,NONINCAPACITATING INJURY,2,30,FAILING TO YIELD RIGHT-OF-WAY,ON SCENE,UNKNOWN,DRY,NOT APPLICABLE,,S,LOOMIS ST,1233,NO CONTROLS,NOT DIVIDED,CLEAR,,,,,,,2,3,"{""coordinates"": [-87.661405063319, 41.866034358678], ""type"": ""Point""}","[""FRONT-LEFT-CORNER"", ""FRONT-RIGHT-CORNER""]","[""CHEVROLET"", ""HYUNDAI""]","[""STRAIGHT AHEAD"", ""TURNING LEFT""]","[""BOLT"", ""SANTA FE""]","[""Y""]","[""26"", ""28"", ""6""]","[""DEPLOYED, COMBINATION"", ""DID NOT DEPLOY""]","[""NONE""]","[""NO INDICATION OF INJURY"", ""NONINCAPACITATING INJURY""]","[""O2155513"", ""O2155514"", ""P475775""]"
STRAIGHT AND LEVEL,1711,2025-09-22T07:15:00.000,2,7,9,927844042228bf364f1d59ce5b381e4c69ff84da7f97b98c7dcd0a882fd6a6b352fd32152651853baf53ac1771cdad961f912fe752518de2cfd121a18a6a2b49,NO INJURY / DRIVE AWAY,"OVER $1,500",2025-09-23T07:55:00.000,NO CONTROLS,PARKED MOTOR VEHICLE,Y,0,0,1,0,0,0,0,41.9948170432,UNKNOWN,-87.7143427683,NO INDICATION OF INJURY,2,15,UNABLE TO DETERMINE,NOT ON SCENE (DESK REPORT),UNKNOWN,UNKNOWN,UNABLE TO DETERMINE,,N,LINCOLN AVE,6211,NO CONTROLS,PARKING LOT,UNKNOWN,,,,,,,2,1,"{""coordinates"": [-87.714342768281, 41.994817043186], ""type"": ""Point""}","[""REAR"", ""UNKNOWN""]","[""HONDA"", ""UNKNOWN""]","[""PARKED"", ""UNKNOWN/NA""]","[""HR-V"", ""MOTORIZED""]",[],[],"[""DEPLOYMENT UNKNOWN""]","[""UNKNOWN""]","[""NO INDICATION OF INJURY""]","[""O2156171""]"
STRAIGHT AND LEVEL,1225,2025-09-22T07:20:00.000,2,7,9,27d43474974650e6bb804276979f6b296aa457b4700a4e093ecd6a00b5c4fa76181734079bea548690de890ccd8bd5763292c1fe8db07af83a1c0c197e1a99d1,NO INJURY / DRIVE AWAY,"OVER $1,500",2025-09-22T11:00:00.000,FUNCTIONING PROPERLY,TURNING,,0,0,2,0,0,0,0,41.8740078865,DAYLIGHT,-87.6763086653,NO INDICATION OF INJURY,2,30,FAILING TO YIELD RIGHT-OF-WAY,NOT ON SCENE (DESK REPORT),NO DEFECTS,DRY,IMPROPER TURNING/NO SIGNAL,,S,DAMEN AVE,601,TRAFFIC SIGNAL,FOUR WAY,CLEAR,,Y,,,,,2,2,"{""coordinates"": [-87.676308665279, 41.874007886503], ""type"": ""Point""}","[""FRONT-RIGHT-CORNER""]","[""FORD"", ""HONDA""]","[""STRAIGHT AHEAD"", ""TURNING LEFT""]","[""CR-V"", ""MUSTANG""]",[],"[""25"", ""29""]","[""DID NOT DEPLOY""]","[""NONE""]","[""NO INDICATION OF INJURY""]","[""O2155607"", ""O2155608""]"
STRAIGHT AND LEVEL,1821,2025-09-22T07:30:00.000,2,7,9,511c5593402ff41d6bc1cf07fbf9d4af0d928bcc2f61e3000bf2e5061126bfd32f8b7ab2e877bd27ed60de2b2b2598bb1c516421c97e37c02c7a9b00b6d3a1ea,NO INJURY / DRIVE AWAY,"OVER $1,500",2025-09-22T07:36:00.000,FUNCTIONING PROPERLY,REAR END,,0,0,2,0,0,0,0,41.9038809978,DAYLIGHT,-87.6396716481,NO INDICATION OF INJURY,2,30,FOLLOWING TOO CLOSELY,ON SCENE,NO DEFECTS,DRY,NOT APPLICABLE,,W,DIVISION ST,440,TRAFFIC SIGNAL,DIVIDED - W/MEDIAN (NOT RAISED),CLEAR,Y,,,,,,2,2,"{""coordinates"": [-87.639671648073, 41.903880997832], ""type"": ""Point""}","[""FRONT"", ""REAR""]","[""CHEVROLET"", ""TOYOTA""]","[""STRAIGHT AHEAD""]","[""CAMRY"", ""MALIBU""]",[],"[""25"", ""48""]","[""NOT APPLICABLE""]","[""NONE""]","[""NO INDICATION OF INJURY""]","[""O2155493"", ""O2155494""]"
STRAIGHT AND LEVEL,1233,2025-09-22T07:30:00.000,2,7,9,6c5cc4c1b0235e75498133bde07c60d9d3a71dc2abc2e13086af6c0705b790f597e6cd4b81391fd5426d9ba8f0de76db47302e48e41d107c45e246658581a9b7,NO INJURY / DRIVE AWAY,"OVER $1,500",2025-09-22T08:18:00.000,FUNCTIONING PROPERLY,ANGLE,Y,0,0,2,0,0,0,0,41.8666045814,DAYLIGHT,-87.6614175253,NO INDICATION OF INJURY,2,30,UNABLE TO DETERMINE,NOT ON SCENE (DESK REPORT),UNKNOWN,DRY,NOT APPLICABLE,,S,LOOMIS ST,1211,TRAFFIC SIGNAL,NOT DIVIDED,CLEAR,,,,,,,2,2,"{""coordinates"": [-87.661417525342, 41.86660458136], ""type"": ""Point""}","[""FRONT-LEFT-CORNER"", ""SIDE-LEFT-REAR""]","[""NISSAN"", ""TOYOTA""]","[""STRAIGHT AHEAD""]","[""OTHER (EXPLAIN IN NARRATIVE)"", ""RAV4""]",[],"[""70""]","[""DEPLOYMENT UNKNOWN"", ""NOT APPLICABLE""]","[""NONE""]","[""NO INDICATION OF INJURY""]","[""O2155503"", ""O2155504""]"