alignment,beat_of_occurrence,crash_date,crash_day_of_week,crash_hour,crash_month,crash_record_id,crash_type,damage,date_police_notified,device_condition,first_crash_type,hit_and_run_i,injuries_fatal,injuries_incapacitating,injuries_no_indication,injuries_non_incapacitating,injuries_reported_not_evident,injuries_total,injuries_unknown,latitude,lighting_condition,longitude,most_severe_injury,num_units,posted_speed_limit,prim_contributory_cause,report_type,road_defect,roadway_surface_cond,sec_contributory_cause,statements_taken_i,street_direction,street_name,street_no,traffic_control_device,trafficway_type,weather_condition,crash_date_est_i,intersection_related_i,photos_taken_i,work_zone_i,dooring_i,private_property_i,veh_count,ppl_count,location_json,veh_first_contact_point_list_json,veh_make_list_json,veh_maneuver_list_json,veh_model_list_json,veh_towed_i_list_json,ppl_age_list_json,ppl_airbag_deployed_list_json,ppl_ejection_list_json,ppl_injury_classification_list_json,ppl_person_id_list_json
STRAIGHT AND LEVEL,2515,2025-09-22T07:35:00.000,2,7,9,fa8ea17a1e76d38fd94c0858333f8bf33d3c211d0c9af8c25cb063f28b505e0bfd43ecbd0d942198a5270e0df51d4305bfb95cd52cf04143ef22c6be534ee161,NO INJURY / DRIVE AWAY,"OVER $1,500",2025-09-22T09:00:00.000,FUNCTIONING PROPERLY,REAR END,,0,0,2,0,0,0,0,41.9239011199,DAYLIGHT,-87.7635874532,NO INDICATION OF INJURY,2,30,UNABLE TO DETERMINE,NOT ON SCENE (DESK REPORT),NO DEFECTS,DRY,NOT APPLICABLE,,W,FULLERTON AVE,5501,TRAFFIC SIGNAL,FOUR WAY,CLEAR,,,,,,,2,2,"{""coordinates"": [-87.763587453194, 41.923901119853], ""type"": ""Point""}","[""FRONT"", ""REAR""]","[""NISSAN"", ""TOYOTA""]","[""STRAIGHT AHEAD""]","[""ALTIMA"", ""RAV4""]",[],"[""34"", ""64""]","[""DID NOT DEPLOY""]","[""NONE""]","[""NO INDICATION OF INJURY""]","[""O2155543"", ""O2155544""]"
STRAIGHT AND LEVEL,1712,2025-09-22T07:36:00.000,2,7,9,826bb7738f1fcc8fbde0681d725bac7b3f938232842690eed26a833e1a2592c2ff7d7af4192d5ee36e533f23d4b2245c494661d7f442312998cb798f4bc28b8a,INJURY AND / OR TOW DUE TO CRASH,"OVER $1,500",2025-09-22T07:41:00.000,NO CONTROLS,REAR END,,0,0,2,0,0,0,0,41.9800685974,DAYLIGHT,-87.7479973465,NO INDICATION OF INJURY,2,30,FOLLOWING TOO CLOSELY,ON SCENE,NO DEFECTS,DRY,FAILING TO REDUCE SPEED TO AVOID CRASH,,N,CICERO AVE,5401,NO CONTROLS,NOT DIVIDED,CLEAR,,,,,,,2,2,"{""coordinates"": [-87.747997346497, 41.980068597386], ""type"": ""Point""}","[""FRONT-LEFT-CORNER"", ""SIDE-RIGHT-REAR""]","[""LEXUS"", ""SUBARU""]","[""SLOW/STOP IN TRAFFIC"", ""STRAIGHT AHEAD""]","[""FORESTER"", ""RX350""]","[""Y""]","[""57"", ""60""]","[""NOT APPLICABLE""]","[""NONE""]","[""NO INDICATION OF INJURY""]","[""O2155523"", ""O2155524""]"
STRAIGHT AND LEVEL,2411,2025-09-22T07:39:00.000,2,7,9,9f6bef5674554fb1ba806d39538ff8b0baafbeb6fe729355f0360e9974b9f68db07e7b5d4b913fa3f42f066e930a641f6fba3524240730e8ceff72a1e690d2e5,NO INJURY / DRIVE AWAY,"OVER $1,500",2025-09-22T08:20:00.000,NO CONTROLS,PARKED MOTOR VEHICLE,,0,0,1,0,0,0,0,42.0109338249,DAYLIGHT,-87.6862024269,NO INDICATION OF INJURY,2,25,UNABLE TO DETERMINE,NOT ON SCENE (DESK REPORT),UNKNOWN,DRY,NOT APPLICABLE,,N,BELL AVE,7072,NO CONTROLS,NOT DIVIDED,CLEAR,,,,,,,2,1,"{""coordinates"": [-87.6862024269, 42.010933824882], ""type"": ""Point""}","[""REAR"", ""SIDE-RIGHT-REAR""]","[""TOYOTA""]","[""PARKED"", ""TURNING RIGHT""]","[""COROLLA"", ""HIGHLANDER""]",[],"[""25""]","[""NOT APPLICABLE""]","[""NONE""]","[""NO INDICATION OF INJURY""]","[""O2155511""]"
STRAIGHT AND LEVEL,2515,2025-09-22T07:40:00.000,2,7,9,268d022bd0c9f6ae2646dd1eaa4a6d66cdd40bc7c8bd544b023a90c333bbc4344cb6306a2c8a53251f036b2363f79498f238e327f174ca9de120decef2caab29,NO INJURY / DRIVE AWAY,"OVER $1,500",2025-09-23T06:20:00.000,NO CONTROLS,SIDESWIPE SAME DIRECTION,,0,0,2,0,0,0,0,41.9213171693,DAYLIGHT,-87.7657437979,NO INDICATION OF INJURY,2,30,IMPROPER OVERTAKING/PASSING,NOT ON SCENE (DESK REPORT),UNKNOWN,DRY,UNABLE TO DETERMINE,,N,CENTRAL AVE,2231,NO CONTROLS,NOT DIVIDED,CLEAR,,,,,,,2,2,"{""coordinates"": [-87.765743797909, 41.921317169316], ""type"": ""Point""}","[""FRONT-RIGHT-CORNER"", ""REAR-LEFT-CORNER""]","[""MERCEDES-BENZ"", ""TOYOTA""]","[""PASSING/OVERTAKING"", ""STRAIGHT AHEAD""]","[""OTHER (EXPLAIN IN NARRATIVE)"", ""RAV4""]",[],"[""27"", ""32""]","[""NOT APPLICABLE""]","[""NONE""]","[""NO INDICATION OF INJURY""]","[""O2156151"", ""O2156152""]"
STRAIGHT AND LEVEL,823,2025-09-22T07:40:00.000,2,7,9,7c22cdcf5b0bc271062490921311adae0a52d0994dd24b1408436823c9dd935dcd4f47fb69845d848324e75a9e27f129fed13dbef382c1c8a2e85d2ffe7dd311,NO INJURY / DRIVE AWAY,"OVER $1,500",2025-09-22T07:45:00.000,FUNCTIONING PROPERLY,ANGLE,,0,0,2,0,0,0,0,41.778986358,DAYLIGHT,-87.6959725778,NO INDICATION OF INJURY,2,35,FAILING TO YIELD RIGHT-OF-WAY,ON SCENE,NO DEFECTS,DRY,UNABLE TO DETERMINE,,S,FRANCISCO AVE,6300,STOP SIGN/FLASHER,FOUR WAY,CLEAR,,Y,,,,,2,2,"{""coordinates"": [-87.695972577794, 41.778986357953], ""type"": ""Point""}","[""FRONT"", ""FRONT-RIGHT-CORNER""]","[""CHRYSLER"", ""HONDA""]","[""STRAIGHT AHEAD""]","[""200"", ""CR-V""]",[],"[""19"", ""22""]","[""DEPLOYED, FRONT"", ""DID NOT DEPLOY""]","[""NONE""]","[""NO INDICATION OF INJURY""]","[""O2155505"", ""O2155506""]"
STRAIGHT ON GRADE,1021,2025-09-22T07:42:00.000,2,7,9,c21755f8c4934d9e0e0056aaa70990f9699adf7360882884212862223d8711ba80da5998eb7a542bf1d4df90811ec883a030754340dac78f11211fef00a6703e,NO INJURY / DRIVE AWAY,"OVER $1,500",2025-09-22T08:40:00.000,NO CONTROLS,SIDESWIPE SAME DIRECTION,,0,0,2,0,0,0,0,41.8569624901,DAYLIGHT,-87.715004638,NO INDICATION OF INJURY,2,30,UNABLE TO DETERMINE,NOT ON SCENE (DESK REPORT),NO DEFECTS,DRY,NOT APPLICABLE,,S,CENTRAL PARK AVE,1803,NO CONTROLS,NOT DIVIDED,CLEAR,,,,,,,2,2,"{""coordinates"": [-87.715004638009, 41.856962490133], ""type"": ""Point""}","[""FRONT-LEFT-CORNER"", ""FRONT-RIGHT-CORNER""]","[""CHEVROLET"", ""FORD""]","[""ENTERING TRAFFIC LANE FROM PARKING"", ""STRAIGHT AHEAD""]","[""FOCUS"", ""TRAIL BLAZER""]",[],"[""25"", ""69""]","[""DID NOT DEPLOY""]","[""NONE""]","[""NO INDICATION OF INJURY""]","[""O2155547"", ""O2155548""]"
STRAIGHT AND LEVEL,914,2025-09-22T07:54:00.000,2,7,9,eaba4147d5d0327a4002d402818da06b6398d0b30ab8b8bf89f86550b2881c3e142263467ddeac58d7eda8e96f523c0391cc6b2fd0f5ddcd2bc6ba230871be8e,INJURY AND / OR TOW DUE TO CRASH,"OVER $1,500",2025-09-22T08:12:00.000,NO CONTROLS,OTHER OBJECT,Y,0,0,1,1,0,1,0,41.8511978333,DAYLIGHT,-87.6385403033,NONINCAPACITATING INJURY,2,30,UNABLE TO DETERMINE,ON SCENE,NO DEFECTS,DRY,UNABLE TO DETERMINE,,S,ARCHER AVE,2284,NO CONTROLS,NOT DIVIDED,CLEAR,,,,,,,2,2,"{""coordinates"": [-87.638540303313, 41.851197833308], ""type"": ""Point""}","[""FRONT""]","[""HONDA""]","[""TURNING RIGHT""]","[""CR-V""]",[],"[""30""]","[""DEPLOYMENT UNKNOWN"", ""DID NOT DEPLOY""]","[""NONE""]","[""NO INDICATION OF INJURY"", ""NONINCAPACITATING INJURY""]","[""O2155525"", ""O2155526""]"
STRAIGHT AND LEVEL,1633,2025-09-22T07:55:00.000,2,7,9,54d002b2955e16d09559ace46c23513a93443c3cbc09e4c7c2af8cbdf5dbe340dfef2caecb5b9cdedda908a0a651c9132383f756251deda33cab6251a497703a,NO INJURY / DRIVE AWAY,$500 OR LESS,2025-09-22T08:07:00.000,FUNCTIONING PROPERLY,TURNING,,0,0,2,0,0,0,0,41.9384911242,DAYLIGHT,-87.7763631519,NO INDICATION OF INJURY,2,30,FAILING TO YIELD RIGHT-OF-WAY,ON SCENE,NO DEFECTS,DRY,NOT APPLICABLE,,N,AUSTIN AVE,3200,TRAFFIC SIGNAL,FOUR WAY,CLEAR,,Y,,,,,2,2,"{""coordinates"": [-87.776363151942, 41.938491124151], ""type"": ""Point""}","[""FRONT"", ""SIDE-LEFT""]","[""HONDA"", ""UNKNOWN""]","[""STRAIGHT AHEAD"", ""TURNING LEFT""]","[""ACCORD"", ""MOTORIZED""]",[],"[""17"", ""53""]","[""DID NOT DEPLOY"", ""NOT APPLICABLE""]","[""NONE"", ""TOTALLY EJECTED""]","[""NO INDICATION OF INJURY""]","[""O2155519"", ""O2155520""]"
STRAIGHT AND LEVEL,413,2025-09-22T08:00:00.000,2,8,9,0cf63db9667f4535350ed8dcbd3227a47469073d7b7ebf115fda72da892eb5478d757310dbea0e772552c79e10fde331dfd0485cbe83233577a1092f568f2e7c,NO INJURY / DRIVE AWAY,"OVER $1,500",2025-09-22T16:04:00.000,NO CONTROLS,SIDESWIPE SAME DIRECTION,Y,0,0,2,0,0,0,0,41.7277958023,DAYLIGHT,-87.5828180237,NO INDICATION OF INJURY,2,30,DRIVING SKILLS/KNOWLEDGE/EXPERIENCE,ON SCENE,NO DEFECTS,UNKNOWN,NOT APPLICABLE,,S,EAST END AVE,9200,NO CONTROLS,ONE-WAY,UNKNOWN,,,,,,,2,2,"{""coordinates"": [-87.582818023714, 41.727795802272], ""type"": ""Point""}","[""SIDE-LEFT-FRONT"", ""SIDE-RIGHT""]","[""CHEVROLET"", ""KIA""]","[""PASSING/OVERTAKING"", ""SLOW/STOP IN TRAFFIC""]","[""OTHER (EXPLAIN IN NARRATIVE)"", ""TRAX""]",[],"[""55""]","[""DEPLOYMENT UNKNOWN"", ""DID NOT DEPLOY""]","[""NONE""]","[""NO INDICATION OF INJURY""]","[""O2155804"", ""O2155805""]"
STRAIGHT AND LEVEL,1122,2025-09-22T08:00:00.000,2,8,9,240638e5595bc35235ba2193140be7d133e540ed41d4a7b10c92cad07ac3871cc7bdae94ce787dc12cf9a4df9c150382565a50e84b8725855b65f4d3063eda8d,NO INJURY / DRIVE AWAY,"OVER $1,500",2025-09-22T18:00:00.000,FUNCTIONING PROPERLY,SIDESWIPE SAME DIRECTION,,0,0,2,0,0,0,0,41.8771967835,DAYLIGHT,-87.7204837021,NO INDICATION OF INJURY,2,30,UNABLE TO DETERMINE,NOT ON SCENE (DESK REPORT),NO DEFECTS,DRY,UNABLE TO DETERMINE,,S,HAMLIN BLVD,257,STOP SIGN/FLASHER,DIVIDED - W/MEDIAN (NOT RAISED),CLEAR,,Y,,,,,2,2,"{""coordinates"": [-87.720483702097, 41.877196783509], ""type"": ""Point""}","[""FRONT-RIGHT-CORNER"", ""SIDE-LEFT""]","[""CHEVROLET"", ""DODGE""]","[""STRAIGHT AHEAD""]","[""MALIBU"", ""RAM 1500 PU""]",[],"[""35""]","[""DID NOT DEPLOY""]","[""NONE""]","[""NO INDICATION OF INJURY""]","[""O2155951"", ""O2155952""]"
STRAIGHT AND LEVEL,1731,2025-09-22T08:00:00.000,2,8,9,da0d8be97c44336cc8b39e88b02393d20a8d085a23e3c6cfdf7460ba9eac8c683036ef494f59b3d3dab6ac2cdd39532ed09ed305f8b8d297d69d1860f4adf5fd,NO INJURY / DRIVE AWAY,"OVER $1,500",2025-09-22T09:15:00.000,UNKNOWN,SIDESWIPE SAME DIRECTION,,0,0,2,0,0,0,0,41.9461044684,DAYLIGHT,-87.7397640789,NO INDICATION OF INJURY,2,30,IMPROPER OVERTAKING/PASSING,NOT ON SCENE (DESK REPORT),UNKNOWN,UNKNOWN,FAILING TO YIELD RIGHT-OF-WAY,,W,ADDISON ST,4501,TRAFFIC SIGNAL,DIVIDED - W/MEDIAN (NOT RAISED),CLEAR,,,,,,,2,2,"{""coordinates"": [-87.739764078857, 41.946104468426], ""type"": ""Point""}","[""FRONT-RIGHT-CORNER"", ""SIDE-LEFT-REAR""]","[""ACURA"", ""NISSAN""]","[""CHANGING LANES"", ""STRAIGHT AHEAD""]","[""SENTRA"", ""ZDX""]",[],"[""20""]","[""DID NOT DEPLOY""]","[""NONE""]","[""NO INDICATION OF INJURY""]","[""O2155541"", ""O2155542""]"
STRAIGHT AND LEVEL,1732,2025-09-22T08:05:00.000,2,8,9,c704acbf8745eb09a75ac58dbd8263f0d1e4109979000313768d3bfaef798034bec87d576cae2fbadc3eaf2ae59b71104b84bd26ab328ce94e0e02553a64a725,NO INJURY / DRIVE AWAY,"OVER $1,500",2025-09-22T08:35:00.000,UNKNOWN,REAR END,,0,0,2,0,0,0,0,41.9448810738,DAYLIGHT,-87.7128050888,NO INDICATION OF INJURY,2,30,UNABLE TO DETERMINE,NOT ON SCENE (DESK REPORT),NO DEFECTS,DRY,UNABLE TO DETERMINE,,N,KIMBALL AVE,3500,UNKNOWN,DIVIDED - W/MEDIAN (NOT RAISED),CLEAR,,,,,,,2,2,"{""coordinates"": [-87.712805088759, 41.944881073845], ""type"": ""Point""}","[""FRONT"", ""REAR""]","[""CHEVROLET""]","[""STRAIGHT AHEAD""]","[""CRUZE"", ""IMPALA""]",[],"[""43"", ""50""]","[""DID NOT DEPLOY"", ""NOT APPLICABLE""]","[""NONE""]","[""NO INDICATION OF INJURY""]","[""O2155521"", ""O2155522""]"
STRAIGHT AND LEVEL,1114,2025-09-22T08:14:00.000,2,8,9,c7d36f45d95b8b1b8a664fdb2178ca1e970061247d6cf6f8d66a7a3e421e9eed9deccf3238f5e070bbe2d5111ed3da52860ddd234da2a91e1e8c17f15dab05ba,INJURY AND / OR TOW DUE TO CRASH,"OVER $1,500",2025-09-22T08:16:00.000,FUNCTIONING PROPERLY,TURNING,,0,0,2,0,1,1,0,41.8876489978,DAYLIGHT,-87.7281983168,"REPORTED, NOT EVIDENT",2,30,UNABLE TO DETERMINE,ON SCENE,NO DEFECTS,DRY,NOT APPLICABLE,,W,KINZIE ST,4099,STOP SIGN/FLASHER,NOT DIVIDED,CLEAR,,Y,,,,,2,3,"{""coordinates"": [-87.728198316753, 41.887648997819], ""type"": ""Point""}","[""FRONT"", ""FRONT-LEFT-CORNER""]","[""JEEP"", ""LEXUS""]","[""SLOW/STOP IN TRAFFIC"", ""TURNING LEFT""]","[""GRAND CHEROKEE"", ""IS250""]",[],"[""12"", ""32"", ""34""]","[""NOT APPLICABLE""]","[""NONE""]","[""NO INDICATION OF INJURY"", ""REPORTED, NOT EVIDENT""]","[""O2155587"", ""O2155588"", ""P475784""]"
CURVE ON GRADE,1611,2025-09-22T08:15:00.000,2,8,9,40cea2e8ed81bf7f97f2c892a12443ffc2b67de220e7a4a0fa77f581b6c97b1c642f0b1676e9cfe795a22868dc2e5f58030391964c05f0ca781ecb543e37f6d0,NO INJURY / DRIVE AWAY,"$501 - $1,500",2025-09-22T09:13:00.000,FUNCTIONING PROPERLY,TURNING,,0,0,3,0,0,0,0,41.9969955233,DAYLIGHT,-87.7873594128,NO INDICATION OF INJURY,2,30,UNABLE TO DETERMINE,ON SCENE,NO DEFECTS,DRY,UNABLE TO DETERMINE,,N,MILWAUKEE AVE,6379,TRAFFIC SIGNAL,DIVIDED - W/MEDIAN BARRIER,CLEAR,,Y,,,,,2,3,"{""coordinates"": [-87.787359412784, 41.996995523311], ""type"": ""Point""}","[""FRONT-LEFT-CORNER"", ""SIDE-RIGHT""]","[""FLEETWOOD ENTERPRISES"", ""MERCEDES-BENZ""]","[""SLOW/STOP IN TRAFFIC"", ""TURNING RIGHT""]","[""FLEETWOOD ENTERPRISES"", ""GLC""]",[],"[""23"", ""40""]","[""DID NOT DEPLOY""]","[""NONE""]","[""NO INDICATION OF INJURY""]","[""O2155556"", ""O2155557"", ""P475780""]"
STRAIGHT AND LEVEL,824,2025-09-22T08:15:00.000,2,8,9,e05de94d13dad8db90d8c9ad5c5dcf2085a0b3453ebe73d3607335e46b7ca38dc623b24118f56334caefcdc4482672c46867853947f9e64deb494f90625fa6a3,NO INJURY / DRIVE AWAY,"OVER $1,500",2025-09-22T09:00:00.000,NO CONTROLS,PARKED MOTOR VEHICLE,N,0,0,1,0,0,0,0,41.7855197258,DAYLIGHT,-87.7007425704,NO INDICATION OF INJURY,2,30,UNABLE TO DETERMINE,NOT ON SCENE (DESK REPORT),UNKNOWN,DRY,UNABLE TO DETERMINE,,S,ALBANY AVE,5925,NO CONTROLS,ONE-WAY,CLEAR,,,,,,,2,1,"{""coordinates"": [-87.70074257042, 41.785519725786], ""type"": ""Point""}","[""FRONT-LEFT-CORNER"", ""REAR""]","[""HONDA"", ""MERCURY""]","[""BACKING"", ""PARKED""]","[""HR-V"", ""MARINER""]",[],"[""48""]","[""NOT APPLICABLE""]","[""NONE""]","[""NO INDICATION OF INJURY""]","[""O2155527""]"
STRAIGHT AND LEVEL,633,2025-09-22T08:15:00.000,2,8,9,e827d3abf080e549c67c43adf1773e6a6a3ab08328550e6e6dd439aecb643c643c9d2ba5255aee8bfe24b0405a6531cab74014132900c1f50983e626061af66a,INJURY AND / OR TOW DUE TO CRASH,"OVER $1,500",2025-09-22T08:29:00.000,FUNCTIONING PROPERLY,ANGLE,,0,0,2,1,0,1,0,41.7320185906,DAYLIGHT,-87.6161043761,NONINCAPACITATING INJURY,2,30,FAILING TO YIELD RIGHT-OF-WAY,ON SCENE,UNKNOWN,DRY,NOT APPLICABLE,Y,E,89TH PL,334,STOP SIGN/FLASHER,UNKNOWN INTERSECTION TYPE,CLEAR,,Y,,,,,2,3,"{""coordinates"": [-87.6161043761, 41.73201859058], ""type"": ""Point""}","[""FRONT-LEFT-CORNER"", ""SIDE-LEFT-REAR""]","[""HYUNDAI""]","[""STRAIGHT AHEAD""]","[""SANTA FE"", ""SONATA""]","[""Y""]","[""26"", ""71"", ""75""]","[""DID NOT DEPLOY"", ""NOT APPLICABLE""]","[""NONE""]","[""NO INDICATION OF INJURY"", ""NONINCAPACITATING INJURY""]","[""O2155687"", ""O2155688"", ""P475797""]"
STRAIGHT AND LEVEL,223,2025-09-22T08:18:00.000,2,8,9,7dc94140a55bfc21bc815bf442d48d93852fd04c35757a5cc9458d7c70162d6b37704c599b3012234e7943dd626ae5e0ddb5bedcb9a3828737593760cd7643f3,NO INJURY / DRIVE AWAY,"OVER $1,500",2025-09-23T08:50:00.000,FUNCTIONING PROPERLY,REAR END,,0,0,3,0,0,0,0,41.8074739265,DAYLIGHT,-87.6163913962,NO INDICATION OF INJURY,2,30,FOLLOWING TOO CLOSELY,NOT ON SCENE (DESK REPORT),NO DEFECTS,DRY,FOLLOWING TOO CLOSELY,,S,DR MARTIN LUTHER KING JR DR,4801,TRAFFIC SIGNAL,NOT DIVIDED,CLEAR,,,,,,,2,3,"{""coordinates"": [-87.61639139623, 41.807473926502], ""type"": ""Point""}","[""FRONT"", ""REAR""]","[""HONDA"", ""JEEP""]","[""SLOW/STOP IN TRAFFIC"", ""STRAIGHT AHEAD""]","[""GRAND CHEROKEE"", ""OTHER (EXPLAIN IN NARRATIVE)""]",[],"[""20"", ""58""]","[""DID NOT DEPLOY""]","[""NONE""]","[""NO INDICATION OF INJURY""]","[""O2156199"", ""O2156200"", ""P475887""]"
STRAIGHT AND LEVEL,1111,2025-09-22T08:20:00.000,2,8,9,6b7670f551bde41579314dd668c70a2cb32302236a079fef32149d77229b653a16833e780bab8e6e707cab96547d69412e4ee0f3814cd7123dc3aadb009bcded,NO INJURY / DRIVE AWAY,"OVER $1,500",2025-09-22T18:00:00.000,NO CONTROLS,SIDESWIPE SAME DIRECTION,Y,0,0,2,0,0,0,0,41.9025602538,DAYLIGHT,-87.7263594668,NO INDICATION OF INJURY,2,35,UNABLE TO DETERMINE,NOT ON SCENE (DESK REPORT),UNKNOWN,DRY,UNABLE TO DETERMINE,,W,DIVISION ST,4001,NO CONTROLS,NOT DIVIDED,CLEAR,,,,,,,2,2,"{""coordinates"": [-87.726359466751, 41.902560253776], ""type"": ""Point""}","[""SIDE-LEFT"", ""SIDE-RIGHT-REAR""]","[""NISSAN"", ""UNKNOWN""]","[""STRAIGHT AHEAD""]","[""OTHER (EXPLAIN IN NARRATIVE)"", ""ROGUE""]",[],"[""39""]","[""DEPLOYMENT UNKNOWN"", ""NOT APPLICABLE""]","[""NONE"", ""UNKNOWN""]","[""NO INDICATION OF INJURY""]","[""O2155973"", ""O2155974""]"
STRAIGHT AND LEVEL,1912,2025-09-22T08:20:00.000,2,8,9,c77a1ad41dac6638e9cee5001d9f0de66e2380d9c623fc77858ae8fc370ceb29ae4374d8d14690347a06eacf8fe9e94b75160dcac138abb5f772c77297fc9d05,NO INJURY / DRIVE AWAY,"OVER $1,500",2025-09-22T14:30:00.000,NO CONTROLS,PARKED MOTOR VEHICLE,Y,0,0,1,0,0,0,0,41.9630198507,DAYLIGHT,-87.6747121353,NO INDICATION OF INJURY,2,25,IMPROPER BACKING,NOT ON SCENE (DESK REPORT),NO DEFECTS,DRY,FOLLOWING TOO CLOSELY,,N,RAVENSWOOD AVE,4450,NO CONTROLS,NOT DIVIDED,CLEAR,,,,,,,2,1,"{""coordinates"": [-87.674712135304, 41.963019850731], ""type"": ""Point""}","[""REAR-RIGHT-CORNER"", ""SIDE-LEFT-REAR""]","[""MERCEDES-BENZ"", ""TESLA""]","[""BACKING"", ""PARKED""]","[""MODEL Y"", ""OTHER (EXPLAIN IN NARRATIVE)""]",[],[],"[""NOT APPLICABLE""]","[""NONE""]","[""NO INDICATION OF INJURY""]","[""O2155772""]"
STRAIGHT AND LEVEL,2413,2025-09-22T08:20:00.000,2,8,9,e7ec79f894240fd86eadfb93ae17ebaa4faecf665571a8e66767eb2139c5868e324351bd779907ecb576962a3fb546c66b968aecf879481a03ed229bb797cf41,NO INJURY / DRIVE AWAY,"OVER $1,500",2025-09-22T12:49:00.000,UNKNOWN,SIDESWIPE SAME DIRECTION,Y,0,0,2,0,0,0,0,41.9925874877,DAYLIGHT,-87.6898621544,NO INDICATION OF INJURY,2,30,FAILING TO YIELD RIGHT-OF-WAY,NOT ON SCENE (DESK REPORT),UNKNOWN,UNKNOWN,UNABLE TO DETERMINE,,N,WESTERN AVE,6108,UNKNOWN,NOT DIVIDED,CLEAR,,,,,,,2,2,"{""coordinates"": [-87.689862154376, 41.992587487749], ""type"": ""Point""}","[""SIDE-LEFT"", ""UNKNOWN""]","[""KIA"", ""UNKNOWN""]","[""CHANGING LANES"", ""STRAIGHT AHEAD""]","[""OTHER (EXPLAIN IN NARRATIVE)"", ""SOUL""]",[],"[""54""]","[""DEPLOYMENT UNKNOWN"", ""NOT APPLICABLE""]","[""NONE"", ""UNKNOWN""]","[""NO INDICATION OF INJURY""]","[""O2155680"", ""O2155681""]"
STRAIGHT AND LEVEL,1932,2025-09-22T08:25:00.000,2,8,9,cad32394713ec80c9446fc0164563901551b5dd249709d12de4db804bfabbaecf1a316834c7653f83abda37404cae8213a49a70296bf259750ae296c489c1041,NO INJURY / DRIVE AWAY,$500 OR LESS,2025-09-22T08:25:00.000,FUNCTIONING PROPERLY,PEDALCYCLIST,,0,0,2,0,0,0,0,41.9253369923,DAYLIGHT,-87.658602068,NO INDICATION OF INJURY,2,30,IMPROPER LANE USAGE,ON SCENE,NO DEFECTS,DRY,IMPROPER LANE USAGE,,N,RACINE AVE,2400,TRAFFIC SIGNAL,NOT DIVIDED,CLEAR,,,,,,,2,2,"{""coordinates"": [-87.658602068009, 41.925336992332], ""type"": ""Point""}","[""SIDE-LEFT-FRONT""]","[""KIA""]","[""STRAIGHT AHEAD""]","[""AMANTI""]",[],"[""28"", ""43""]","[""DID NOT DEPLOY""]","[""NONE""]","[""NO INDICATION OF INJURY""]","[""O2155554"", ""O2155555""]"
STRAIGHT AND LEVEL,1512,2025-09-22T08:27:00.000,2,8,9,90dc56d060a58cfc4228af9f4da8b2c58deab39e4f2f9f60cb9c801eb3a181498e2ca5092eebf5c5dc88b9fbcf852dae15aec50c5f209d4d49642523433fd531,INJURY AND / OR TOW DUE TO CRASH,"OVER $1,500",2025-09-22T08:27:00.000,FUNCTIONING PROPERLY,ANGLE,,0,0,0,3,0,3,0,41.8822825203,DAYLIGHT,-87.7699283285,NONINCAPACITATING INJURY,2,30,FAILING TO YIELD RIGHT-OF-WAY,ON SCENE,NO DEFECTS,DRY,FAILING TO YIELD RIGHT-OF-WAY,,W,WASHINGTON BLVD,5800,TRAFFIC SIGNAL,FOUR WAY,CLEAR,,Y,,,,,2,3,"{""coordinates"": [-87.769928328523, 41.882282520338], ""type"": ""Point""}","[""FRONT"", ""SIDE-LEFT""]","[""BUICK"", ""KIA""]","[""STRAIGHT AHEAD""]","[""LACROSSE"", ""OPTIMA / K5""]","[""Y""]","[""14"", ""37"", ""53""]","[""DEPLOYED, COMBINATION"", ""DEPLOYED, FRONT""]","[""UNKNOWN""]","[""NONINCAPACITATING INJURY""]","[""O2155583"", ""O2155584"", ""P475781""]"
STRAIGHT AND LEVEL,132,2025-09-22T08:30:00.000,2,8,9,3d0fd9b57ce56696079a99481e90e4c32e2e7348177bb0a967d43ebafcdcda7c06b91457343ee1a5af92607e2bf9c92e9fdd251a24aa7defa2d71c3fd3e1bc7c,NO INJURY / DRIVE AWAY,"OVER $1,500",2025-09-23T08:45:00.000,NO CONTROLS,SIDESWIPE SAME DIRECTION,,0,0,2,0,0,0,0,41.8552836839,DAYLIGHT,-87.6221260439,NO INDICATION OF INJURY,2,30,UNABLE TO DETERMINE,NOT ON SCENE (DESK REPORT),UNKNOWN,DRY,UNABLE TO DETERMINE,,S,INDIANA AVE,2007,NO CONTROLS,DIVIDED - W/MEDIAN BARRIER,CLEAR,,,,,,,2,2,"{""coordinates"": [-87.622126043858, 41.8552836839], ""type"": ""Point""}","[""FRONT-LEFT-CORNER"", ""SIDE-RIGHT-REAR""]","[""HONDA"", ""UNKNOWN""]","[""LEAVING TRAFFIC LANE TO PARK"", ""STRAIGHT AHEAD""]","[""HR-V"", ""OTHER (EXPLAIN IN NARRATIVE)""]",[],[],"[""DID NOT DEPLOY""]","[""NONE""]","[""NO INDICATION OF INJURY""]","[""O2156227"", ""O2156228""]"
STRAIGHT AND LEVEL,2512,2025-09-22T08:30:00.000,2,8,9,4a476df246e1acc3a1565a2293e5cd648c446279e71ae0031b513a1da0747908243104670cf5e78e27b8953597ee5ee032782b52170ed03be7db2b8015afb3e3,NO INJURY / DRIVE AWAY,"OVER $1,500",2025-09-22T11:15:00.000,NO CONTROLS,PARKED MOTOR VEHICLE,Y,0,0,1,0,0,0,0,41.9189727437,DAWN,-87.7876021094,NO INDICATION OF INJURY,2,30,UNABLE TO DETERMINE,NOT ON SCENE (DESK REPORT),NO DEFECTS,DRY,NOT APPLICABLE,,N,NATCHEZ AVE,2125,NO CONTROLS,NOT DIVIDED,CLEAR,,,,,,,2,1,"{""coordinates"": [-87.787602109414, 41.918972743686], ""type"": ""Point""}","[""FRONT-LEFT-CORNER"", ""SIDE-RIGHT""]","[""CHEVROLET"", ""UNKNOWN""]","[""PARKED"", ""UNKNOWN/NA""]","[""OTHER (EXPLAIN IN NARRATIVE)"", ""TAHOE""]",[],[],"[""DEPLOYMENT UNKNOWN""]","[""NONE""]","[""NO INDICATION OF INJURY""]","[""O2155645""]"