alignment,beat_of_occurrence,crash_date,crash_day_of_week,crash_hour,crash_month,crash_record_id,crash_type,damage,date_police_notified,device_condition,first_crash_type,hit_and_run_i,injuries_fatal,injuries_incapacitating,injuries_no_indication,injuries_non_incapacitating,injuries_reported_not_evident,injuries_total,injuries_unknown,latitude,lighting_condition,longitude,most_severe_injury,num_units,posted_speed_limit,prim_contributory_cause,report_type,road_defect,roadway_surface_cond,sec_contributory_cause,statements_taken_i,street_direction,street_name,street_no,traffic_control_device,trafficway_type,weather_condition,crash_date_est_i,intersection_related_i,photos_taken_i,work_zone_i,dooring_i,private_property_i,veh_count,ppl_count,location_json,veh_first_contact_point_list_json,veh_make_list_json,veh_maneuver_list_json,veh_model_list_json,veh_towed_i_list_json,ppl_age_list_json,ppl_airbag_deployed_list_json,ppl_ejection_list_json,ppl_injury_classification_list_json,ppl_person_id_list_json
STRAIGHT AND LEVEL,2412,2025-09-22T08:30:00.000,2,8,9,c1d1fd13b2df0f49432bc551148fb8a4b5b2ae08acebbc4aea50b5c01c852f567cf9866ed7ff46fd424961fcb05204e9e9e9f61e6925d4524f71f6766d1fc77a,NO INJURY / DRIVE AWAY,"$501 - $1,500",2025-09-22T09:00:00.000,NO CONTROLS,PARKED MOTOR VEHICLE,,0,0,1,0,0,0,0,42.0034351923,DAYLIGHT,-87.6975001054,NO INDICATION OF INJURY,2,25,UNABLE TO DETERMINE,NOT ON SCENE (DESK REPORT),UNKNOWN,DRY,NOT APPLICABLE,,N,WASHTENAW AVE,6710,NO CONTROLS,ONE-WAY,CLEAR,,,,,,,2,1,"{""coordinates"": [-87.697500105409, 42.003435192291], ""type"": ""Point""}","[""FRONT-RIGHT-CORNER"", ""REAR-LEFT-CORNER""]","[""CHEVROLET"", ""GENERAL MOTORS CORPORATION (GMC)""]","[""PARKED"", ""STRAIGHT AHEAD""]","[""OTHER (EXPLAIN IN NARRATIVE)"", ""TERRAIN""]",[],[],"[""NOT APPLICABLE""]","[""NONE""]","[""NO INDICATION OF INJURY""]","[""O2155539""]"
STRAIGHT AND LEVEL,1424,2025-09-22T08:35:00.000,2,8,9,d2799933df5917cd1286fea0ad4181d3b62529eb30584ea1c778d26caf3d6a527272c45b3e7e0390d92534e6a80175eaf968c17ab42224840305ba3e289105d2,NO INJURY / DRIVE AWAY,$500 OR LESS,2025-09-22T10:39:00.000,NO CONTROLS,PARKED MOTOR VEHICLE,Y,0,0,1,0,0,0,0,41.9053885538,DAYLIGHT,-87.6869434036,NO INDICATION OF INJURY,2,30,UNABLE TO DETERMINE,NOT ON SCENE (DESK REPORT),NO DEFECTS,DRY,NOT APPLICABLE,,N,WESTERN AVE,1317,NO CONTROLS,NOT DIVIDED,CLEAR,,,,,,,2,1,"{""coordinates"": [-87.686943403595, 41.90538855379], ""type"": ""Point""}","[""SIDE-LEFT"", ""SIDE-RIGHT""]","[""HINO"", ""UNKNOWN""]","[""PARKED"", ""STRAIGHT AHEAD""]","[""HINO"", ""OTHER (EXPLAIN IN NARRATIVE)""]",[],[],"[""DEPLOYMENT UNKNOWN""]","[""NONE""]","[""NO INDICATION OF INJURY""]","[""O2155591""]"
STRAIGHT AND LEVEL,1623,2025-09-22T08:37:00.000,2,8,9,b00ea5ab5a3ab5c3df3f035051a063824a54fb505a6ec3d27022ade9fdc863cba0ef363894e0e5432bd30cd0218f32a40effe29e9d0472ce593976b21a3afc14,NO INJURY / DRIVE AWAY,"OVER $1,500",2025-09-22T08:39:00.000,NO CONTROLS,PARKED MOTOR VEHICLE,N,0,0,1,0,0,0,0,41.9774771637,UNKNOWN,-87.7670755014,NO INDICATION OF INJURY,2,25,DRIVING SKILLS/KNOWLEDGE/EXPERIENCE,NOT ON SCENE (DESK REPORT),NO DEFECTS,DRY,NOT APPLICABLE,,N,LUNA AVE,5301,NO CONTROLS,NOT DIVIDED,CLEAR,,,,,,,2,1,"{""coordinates"": [-87.767075501419, 41.977477163743], ""type"": ""Point""}","[""FRONT"", ""REAR""]","[""CHEVROLET"", ""TOYOTA""]","[""PARKED"", ""UNKNOWN/NA""]","[""PRIUS"", ""TAHOE""]",[],[],"[""DEPLOYMENT UNKNOWN""]","[""NONE""]","[""NO INDICATION OF INJURY""]","[""O2155549""]"
STRAIGHT AND LEVEL,1632,2025-09-22T08:40:00.000,2,8,9,230d456708d484232a208c36511b8e7205ff11df9eae64e3c0fc72aebf5111b74a22a2815a92c079844257fc8fc880cfcc8d144b7a288ca68ce0e167917ce206,INJURY AND / OR TOW DUE TO CRASH,"OVER $1,500",2025-09-22T08:42:00.000,FUNCTIONING PROPERLY,TURNING,,0,0,2,1,0,1,0,41.9454941982,DAYLIGHT,-87.7864936282,NONINCAPACITATING INJURY,4,35,FAILING TO YIELD RIGHT-OF-WAY,ON SCENE,NO DEFECTS,DRY,NOT APPLICABLE,,N,NARRAGANSETT AVE,3554,TRAFFIC SIGNAL,NOT DIVIDED,CLEAR,,,,,,,4,3,"{""coordinates"": [-87.786493628217, 41.945494198186], ""type"": ""Point""}","[""FRONT-LEFT-CORNER"", ""FRONT-RIGHT-CORNER"", ""REAR-LEFT-CORNER"", ""SIDE-LEFT""]","[""BMW"", ""MAZDA"", ""TOYOTA"", ""VOLKSWAGEN""]","[""ENTERING TRAFFIC LANE FROM PARKING"", ""PARKED"", ""TURNING RIGHT""]","[""3 SERIES"", ""CX-5"", ""HIGHLANDER"", ""TIGUAN""]","[""N"", ""Y""]","[""37"", ""53""]","[""NOT APPLICABLE""]","[""NONE""]","[""NO INDICATION OF INJURY"", ""NONINCAPACITATING INJURY""]","[""O2155570"", ""O2155571"", ""P475785""]"
STRAIGHT AND LEVEL,2423,2025-09-22T08:40:00.000,2,8,9,5e1a1d6b2c57a296c98cccfbd734eb583795e592a22880c771a18721b6a0e478f905695b2ffbcfab1dd413726617b6425c13c1cc499c96b2bfed9d3128ffa786,NO INJURY / DRIVE AWAY,"$501 - $1,500",2025-09-22T09:00:00.000,FUNCTIONING PROPERLY,TURNING,Y,0,0,2,0,0,0,0,42.0125284026,DAYLIGHT,-87.6745195325,NO INDICATION OF INJURY,2,30,IMPROPER TURNING/NO SIGNAL,NOT ON SCENE (DESK REPORT),NO DEFECTS,DRY,IMPROPER TURNING/NO SIGNAL,,W,TOUHY AVE,1757,TRAFFIC SIGNAL,FOUR WAY,CLEAR,,,,,,,2,2,"{""coordinates"": [-87.674519532549, 42.012528402618], ""type"": ""Point""}","[""FRONT"", ""SIDE-RIGHT""]","[""FORD"", ""VOLKSWAGEN""]","[""STRAIGHT AHEAD"", ""TURNING LEFT""]","[""ECONOLINE E150"", ""PASSAT""]",[],"[""29""]","[""DEPLOYMENT UNKNOWN"", ""NOT APPLICABLE""]","[""NONE""]","[""NO INDICATION OF INJURY""]","[""O2155531"", ""O2155532""]"
STRAIGHT AND LEVEL,1012,2025-09-22T08:45:00.000,2,8,9,01956fb986a14be9e706553785ac83c8d1240f5329f16807117142f7371e93886990957f0d87b5fae4a5cc06e0c1edf528b5d5c4915c5635cb071354ba909895,NO INJURY / DRIVE AWAY,"OVER $1,500",2025-09-22T09:35:00.000,NO CONTROLS,OTHER OBJECT,,0,0,1,0,0,0,0,41.8579733913,DAYLIGHT,-87.7296688516,NO INDICATION OF INJURY,1,10,NOT APPLICABLE,ON SCENE,UNKNOWN,DRY,NOT APPLICABLE,,S,KEELER AVE,1627,NO CONTROLS,ALLEY,CLEAR,Y,,,,,,1,1,"{""coordinates"": [-87.729668851557, 41.857973391322], ""type"": ""Point""}","[""REAR-RIGHT-CORNER""]","[""AUTOCAR""]","[""STRAIGHT AHEAD""]","[""AUTOCAR""]",[],"[""38""]","[""DEPLOYMENT UNKNOWN""]","[""UNKNOWN""]","[""NO INDICATION OF INJURY""]","[""O2156320""]"
STRAIGHT AND LEVEL,414,2025-09-22T08:50:00.000,2,8,9,2ce19436baef05420c534f99fb2cb8a7e875b7aac04188b68156f43de98d2542a68f61cf92a3a7df9817dbb407fd314cdd5e3fbc940da4f0b8bd908dd2dd9a5a,INJURY AND / OR TOW DUE TO CRASH,"OVER $1,500",2025-09-22T08:54:00.000,NO CONTROLS,ANGLE,,0,0,1,1,1,2,0,41.7515759874,DAYLIGHT,-87.5712510973,NONINCAPACITATING INJURY,2,30,UNABLE TO DETERMINE,ON SCENE,NO DEFECTS,DRY,DISREGARDING STOP SIGN,,S,PAXTON AVE,7900,STOP SIGN/FLASHER,NOT DIVIDED,CLEAR,,,,,,,2,3,"{""coordinates"": [-87.57125109735, 41.751575987427], ""type"": ""Point""}","[""UNKNOWN""]","[""MITSUBISHI"", ""TOYOTA""]","[""STRAIGHT AHEAD""]","[""GALANT"", ""PRIUS""]","[""Y""]","[""23"", ""34"", ""43""]","[""DEPLOYED, FRONT"", ""DID NOT DEPLOY""]","[""NONE""]","[""NO INDICATION OF INJURY"", ""NONINCAPACITATING INJURY"", ""REPORTED, NOT EVIDENT""]","[""O2155593"", ""O2155594"", ""P475788""]"
STRAIGHT AND LEVEL,1224,2025-09-22T08:50:00.000,2,8,9,7cbfa3d8df8b1e7eb5736bc5bdf18084d7dc2acce38241be7cd5389e93b81dcc960a7d988396437c2348989750fe31235dcf4865299f9e8863226a5332285e1e,INJURY AND / OR TOW DUE TO CRASH,"OVER $1,500",2025-09-22T08:53:00.000,FUNCTIONING PROPERLY,ANGLE,,0,0,1,0,3,3,0,41.881572027,DAYLIGHT,-87.6660025898,"REPORTED, NOT EVIDENT",3,30,DISREGARDING TRAFFIC SIGNALS,ON SCENE,NO DEFECTS,DRY,DISREGARDING TRAFFIC SIGNALS,,W,MADISON ST,1540,TRAFFIC SIGNAL,NOT DIVIDED,CLEAR,,Y,,,,,3,4,"{""coordinates"": [-87.666002589773, 41.881572026988], ""type"": ""Point""}","[""FRONT-LEFT-CORNER"", ""FRONT-RIGHT-CORNER""]","[""BMW"", ""CHRYSLER"", ""HYUNDAI""]","[""STRAIGHT AHEAD""]","[""ELANTRA"", ""OTHER (EXPLAIN IN NARRATIVE)"", ""X5""]","[""Y""]","[""29"", ""41"", ""42"", ""54""]","[""DEPLOYED, COMBINATION"", ""DID NOT DEPLOY""]","[""NONE""]","[""NO INDICATION OF INJURY"", ""REPORTED, NOT EVIDENT""]","[""O2155647"", ""O2155648"", ""O2155649"", ""P475791""]"
STRAIGHT AND LEVEL,411,2025-09-22T08:54:00.000,2,8,9,ab2daf585e8d2d5bb736b4bb2c64faf30167cfd1db6d20b535de51d6c1701a1bccbaa26a83f685ccdb57b153bd6bc793963fad9cfce8e3e2f489dd2d4f18211f,NO INJURY / DRIVE AWAY,"OVER $1,500",2025-09-22T10:15:00.000,UNKNOWN,HEAD ON,,0,0,3,0,0,0,0,41.7516115233,DAYLIGHT,-87.5855922843,NO INDICATION OF INJURY,2,30,UNABLE TO DETERMINE,NOT ON SCENE (DESK REPORT),UNKNOWN,UNKNOWN,NOT APPLICABLE,,E,79TH ST,1600,TRAFFIC SIGNAL,"FIVE POINT, OR MORE",CLEAR,,Y,,,,,2,3,"{""coordinates"": [-87.585592284288, 41.751611523273], ""type"": ""Point""}","[""FRONT-LEFT-CORNER"", ""FRONT-RIGHT-CORNER""]","[""HYUNDAI"", ""TOYOTA""]","[""STRAIGHT AHEAD""]","[""HIGHLANDER"", ""TUCSON""]",[],"[""21"", ""38"", ""59""]","[""DID NOT DEPLOY""]","[""NONE""]","[""NO INDICATION OF INJURY""]","[""O2155603"", ""O2155604"", ""P475786""]"
STRAIGHT AND LEVEL,2424,2025-09-22T08:55:00.000,2,8,9,83789be38cfdb92cc38e8379ec5cf3751f172c0796803e4f05c8c145aa9981c576731ad9df95bbfae15378e9c8d469f265874a63cb9d64979eada56b791d55fc,NO INJURY / DRIVE AWAY,"OVER $1,500",2025-09-22T09:08:00.000,NO CONTROLS,SIDESWIPE SAME DIRECTION,Y,0,0,2,0,0,0,0,42.0064603699,DAYLIGHT,-87.6758706938,NO INDICATION OF INJURY,2,25,UNABLE TO DETERMINE,ON SCENE,NO DEFECTS,DRY,NOT APPLICABLE,,N,RAVENSWOOD AVE,6848,NO CONTROLS,ONE-WAY,CLEAR,,,,,,,2,2,"{""coordinates"": [-87.675870693779, 42.00646036986], ""type"": ""Point""}","[""FRONT-LEFT-CORNER"", ""FRONT-RIGHT-CORNER""]","[""HONDA"", ""UNKNOWN""]","[""ENTERING TRAFFIC LANE FROM PARKING"", ""STRAIGHT AHEAD""]","[""CR-V"", ""OTHER (EXPLAIN IN NARRATIVE)""]",[],"[""40""]","[""DEPLOYMENT UNKNOWN"", ""DID NOT DEPLOY""]","[""NONE""]","[""NO INDICATION OF INJURY""]","[""O2155578"", ""O2155579""]"
STRAIGHT AND LEVEL,623,2025-09-22T09:00:00.000,2,9,9,3d10291ae0c27e96b3307a3a3cebd4f12c17ffce39e26f095cb11dbb4a05b9ad7c3e580a4944a805c0f16d104b441804595541baf040bea0d957b92d519e6de2,NO INJURY / DRIVE AWAY,"OVER $1,500",2025-09-22T09:30:00.000,NO CONTROLS,SIDESWIPE SAME DIRECTION,Y,0,0,2,0,0,0,0,41.756231795,DAYLIGHT,-87.6324323658,NO INDICATION OF INJURY,2,30,FOLLOWING TOO CLOSELY,NOT ON SCENE (DESK REPORT),UNKNOWN,UNKNOWN,NOT APPLICABLE,,S,VINCENNES AVE,7602,NO CONTROLS,PARKING LOT,UNKNOWN,,,,,,,2,2,"{""coordinates"": [-87.632432365792, 41.756231795022], ""type"": ""Point""}","[""SIDE-RIGHT"", ""UNKNOWN""]","[""HYUNDAI"", ""UNKNOWN""]","[""BACKING"", ""UNKNOWN/NA""]","[""OTHER (EXPLAIN IN NARRATIVE)"", ""TUCSON""]",[],"[""39""]","[""DEPLOYMENT UNKNOWN"", ""NOT APPLICABLE""]","[""NONE""]","[""NO INDICATION OF INJURY""]","[""O2155611"", ""O2155612""]"
STRAIGHT AND LEVEL,624,2025-09-22T09:00:00.000,2,9,9,722a97e11e2a4aa8f058f35795bf1f8002d6b7b4fd239c2e559bce6eaa0c14c84df60d6c21434d72a0edf96850890b7b867f653a6451fd9ba7dd3393897b355b,NO INJURY / DRIVE AWAY,"OVER $1,500",2025-09-22T09:15:00.000,NO CONTROLS,TURNING,,0,0,2,0,0,0,0,41.75301913,DAYLIGHT,-87.6050999783,NO INDICATION OF INJURY,2,30,IMPROPER TURNING/NO SIGNAL,ON SCENE,NO DEFECTS,DRY,IMPROPER LANE USAGE,,S,COTTAGE GROVE AVE,7801,TRAFFIC SIGNAL,NOT DIVIDED,CLEAR,,,,,,,2,2,"{""coordinates"": [-87.605099978268, 41.753019129984], ""type"": ""Point""}","[""FRONT-LEFT-CORNER"", ""FRONT-RIGHT-CORNER""]","[""CADILLAC"", ""GENERAL MOTORS CORPORATION (GMC)""]","[""TURNING RIGHT""]","[""OTHER (EXPLAIN IN NARRATIVE)"", ""TERRAIN""]",[],"[""50"", ""67""]","[""NOT APPLICABLE""]","[""NONE"", ""UNKNOWN""]","[""NO INDICATION OF INJURY""]","[""O2155566"", ""O2155567""]"
STRAIGHT AND LEVEL,1623,2025-09-22T09:01:00.000,2,9,9,38bbd287e9af2641792d9c86d5ea71be110446f6d63236f19b87f0701eaaaef84da86b74d44e23329c0353ab8c6a58bbb8170938f3af0dc2a9c0113b24b248d3,INJURY AND / OR TOW DUE TO CRASH,"OVER $1,500",2025-09-22T09:36:00.000,NOT FUNCTIONING,FIXED OBJECT,,0,0,1,0,0,0,0,41.9676660805,DAYLIGHT,-87.7644238193,NO INDICATION OF INJURY,1,30,IMPROPER OVERTAKING/PASSING,ON SCENE,NO DEFECTS,DRY,IMPROPER OVERTAKING/PASSING,,W,LAWRENCE AVE,5445,NO CONTROLS,NOT DIVIDED,CLEAR,,,,,,,1,1,"{""coordinates"": [-87.764423819324, 41.967666080516], ""type"": ""Point""}","[""FRONT""]","[""LAND ROVER""]","[""STRAIGHT AHEAD""]","[""OTHER (EXPLAIN IN NARRATIVE)""]","[""Y""]","[""51""]","[""DEPLOYED, FRONT""]","[""NONE""]","[""NO INDICATION OF INJURY""]","[""O2155559""]"
STRAIGHT AND LEVEL,1224,2025-09-22T09:10:00.000,2,9,9,f5425cb784cb67feb2976d5b954645cb39f1ab9bcf636bf38a239d9ece4161c5ad291ebab3ea02c84338f1f2985490db3059a74c87ee9a649b213ca4267f2142,INJURY AND / OR TOW DUE TO CRASH,"OVER $1,500",2025-09-22T09:13:00.000,FUNCTIONING PROPERLY,ANGLE,,0,0,1,1,0,1,0,41.8824869443,DAYLIGHT,-87.6669650541,NONINCAPACITATING INJURY,2,30,DISREGARDING TRAFFIC SIGNALS,ON SCENE,NO DEFECTS,DRY,NOT APPLICABLE,,W,WARREN BLVD,1600,TRAFFIC SIGNAL,FOUR WAY,CLEAR,,Y,,,,,2,2,"{""coordinates"": [-87.666965054074, 41.882486944336], ""type"": ""Point""}","[""FRONT"", ""SIDE-LEFT""]","[""HYUNDAI"", ""NISSAN""]","[""STRAIGHT AHEAD""]","[""KONA"", ""ROGUE""]","[""Y""]","[""47"", ""48""]","[""DEPLOYED, COMBINATION""]","[""NONE""]","[""NO INDICATION OF INJURY"", ""NONINCAPACITATING INJURY""]","[""O2155595"", ""O2155596""]"
STRAIGHT AND LEVEL,2211,2025-09-22T09:14:00.000,2,9,9,9422cf6631237333d2d01c3bac448645586b024ca2161bffcf36d3dd3fbe1f3550731e5abbf1cef6f2521d4de69156465cd91406abb972cebb7106dd0d5b08b2,INJURY AND / OR TOW DUE TO CRASH,"OVER $1,500",2025-09-22T09:19:00.000,FUNCTIONING PROPERLY,REAR END,,0,0,2,0,1,1,0,41.7060911262,DAYLIGHT,-87.7011739552,"REPORTED, NOT EVIDENT",2,30,FOLLOWING TOO CLOSELY,ON SCENE,NO DEFECTS,DRY,FAILING TO REDUCE SPEED TO AVOID CRASH,,S,KEDZIE AVE,10301,TRAFFIC SIGNAL,FOUR WAY,CLEAR,,Y,,,,,2,3,"{""coordinates"": [-87.701173955222, 41.70609112621], ""type"": ""Point""}","[""FRONT"", ""REAR""]","[""ACURA"", ""NISSAN""]","[""SLOW/STOP IN TRAFFIC"", ""STRAIGHT AHEAD""]","[""MAXIMA"", ""TLX""]",[],"[""1"", ""39"", ""66""]","[""DID NOT DEPLOY""]","[""NONE""]","[""NO INDICATION OF INJURY"", ""REPORTED, NOT EVIDENT""]","[""O2156312"", ""O2156313"", ""P475905""]"
STRAIGHT AND LEVEL,235,2025-09-22T09:25:00.000,2,9,9,8a2c7fb56fffcdd1bc633d58c4f179212340cdef8c81944c684a13fb48a931918414c5a8f87ccc3dc88319efe48ffbffffdeee98522a5b985ce1aa9ce112c576,NO INJURY / DRIVE AWAY,$500 OR LESS,2025-09-22T09:25:00.000,NO CONTROLS,SIDESWIPE SAME DIRECTION,Y,0,0,2,0,0,0,0,41.7913038742,DAYLIGHT,-87.6014459393,NO INDICATION OF INJURY,2,25,IMPROPER OVERTAKING/PASSING,ON SCENE,NO DEFECTS,DRY,UNABLE TO DETERMINE,,S,ELLIS AVE,5700,NO CONTROLS,NOT DIVIDED,CLEAR,,,,,,,2,2,"{""coordinates"": [-87.60144593934, 41.791303874225], ""type"": ""Point""}","[""OTHER"", ""UNKNOWN""]","[""NEW FLYER"", ""UNKNOWN""]","[""STRAIGHT AHEAD"", ""UNKNOWN/NA""]","[""OTHER (EXPLAIN IN NARRATIVE)""]",[],"[""65""]","[""DEPLOYMENT UNKNOWN"", ""NOT APPLICABLE""]","[""NONE""]","[""NO INDICATION OF INJURY""]","[""O2155562"", ""O2155563""]"
STRAIGHT AND LEVEL,1434,2025-09-22T09:40:00.000,2,9,9,e232958e88e801b392d210de4e5847e36e7be4b3edad21aa5181e65b105802a8d3382d12f28c2fdeadff01544a8bc7716ad2aca926d046b7b043fecc04e89051,NO INJURY / DRIVE AWAY,"OVER $1,500",2025-09-22T09:48:00.000,NO CONTROLS,SIDESWIPE SAME DIRECTION,,0,0,2,0,0,0,0,41.9125073655,DAYLIGHT,-87.6844411281,NO INDICATION OF INJURY,2,30,DRIVING SKILLS/KNOWLEDGE/EXPERIENCE,ON SCENE,NO DEFECTS,DRY,NOT APPLICABLE,,W,WABANSIA AVE,2251,NO CONTROLS,NOT DIVIDED,CLEAR,,,,,,,2,2,"{""coordinates"": [-87.684441128132, 41.912507365546], ""type"": ""Point""}","[""FRONT-LEFT-CORNER"", ""FRONT-RIGHT-CORNER""]","[""BUICK"", ""TOYOTA""]","[""STRAIGHT AHEAD""]","[""LUCERNE"", ""PRIUS""]",[],"[""23"", ""41""]","[""DID NOT DEPLOY""]","[""NONE""]","[""NO INDICATION OF INJURY""]","[""O2155599"", ""O2155600""]"
STRAIGHT AND LEVEL,1722,2025-09-22T09:47:00.000,2,9,9,b6e2dd6cd99ec866471b0b892bc53b9a2453a421edf4c9dbfa474e5c1b3e499eb08bb2ecf02f2576fdf5099e0ea274ca64136a39e2af1c0f409cfb0eb71f2529,NO INJURY / DRIVE AWAY,"OVER $1,500",2025-09-22T09:51:00.000,FUNCTIONING PROPERLY,FIXED OBJECT,,0,0,1,0,0,0,0,41.953738388,DAYLIGHT,-87.7295207944,NO INDICATION OF INJURY,1,30,NOT APPLICABLE,ON SCENE,NO DEFECTS,DRY,NOT APPLICABLE,,W,IRVING PARK RD,4106,TRAFFIC SIGNAL,DIVIDED - W/MEDIAN (NOT RAISED),CLEAR,,,,,,,1,1,"{""coordinates"": [-87.729520794416, 41.953738388039], ""type"": ""Point""}","[""TOP""]","[""VOLVO""]","[""STRAIGHT AHEAD""]","[""TRUCK""]",[],"[""45""]","[""DID NOT DEPLOY""]","[""NONE""]","[""NO INDICATION OF INJURY""]","[""O2155626""]"
STRAIGHT AND LEVEL,124,2025-09-22T10:04:00.000,2,10,9,a78f58c10873840c48995853a6644fea8ca4f56d6346a824dbd2c0b50ca0f1daa815f740e1b35a04c5751d77dc9cfa3310d927302c71fc7d6d4bfe72e8568a1f,INJURY AND / OR TOW DUE TO CRASH,"$501 - $1,500",2025-09-22T10:50:00.000,FUNCTIONING PROPERLY,PEDESTRIAN,Y,0,0,1,1,0,1,0,41.8673283915,DAYLIGHT,-87.6422642382,NONINCAPACITATING INJURY,2,30,UNABLE TO DETERMINE,ON SCENE,NO DEFECTS,DRY,UNABLE TO DETERMINE,,W,ROOSEVELT RD,600,TRAFFIC SIGNAL,NOT DIVIDED,CLEAR,,Y,,,,,2,2,"{""coordinates"": [-87.642264238244, 41.867328391469], ""type"": ""Point""}","[""UNKNOWN""]","[""CHEVROLET""]","[""TURNING LEFT""]","[""EQUINOX""]",[],"[""74""]","[""DEPLOYMENT UNKNOWN""]","[""NONE""]","[""NO INDICATION OF INJURY"", ""NONINCAPACITATING INJURY""]","[""O2155730"", ""O2155731""]"
STRAIGHT AND LEVEL,431,2025-09-22T10:05:00.000,2,10,9,0bbeb7dc80053be2100ef8fffbcfb675319c5b21fd679a6805114d3df34262a6daacc296e2a2b6824aa654807b5c5e61c359103f72a57bdb823bf68322cb6136,NO INJURY / DRIVE AWAY,"$501 - $1,500",2025-09-22T10:20:00.000,UNKNOWN,ANGLE,,0,0,3,0,0,0,0,41.722375907,UNKNOWN,-87.5754999033,NO INDICATION OF INJURY,2,15,UNABLE TO DETERMINE,NOT ON SCENE (DESK REPORT),UNKNOWN,UNKNOWN,UNABLE TO DETERMINE,,S,JEFFERY AVE,9500,UNKNOWN,PARKING LOT,UNKNOWN,,,,,,Y,2,3,"{""coordinates"": [-87.575499903328, 41.722375907041], ""type"": ""Point""}","[""SIDE-LEFT"", ""SIDE-RIGHT""]","[""HONDA"", ""TOYOTA""]","[""BACKING""]","[""CAMRY"", ""ODYSSEY""]",[],"[""27"", ""51"", ""74""]","[""DEPLOYMENT UNKNOWN"", ""DID NOT DEPLOY"", ""NOT APPLICABLE""]","[""NONE""]","[""NO INDICATION OF INJURY""]","[""O2155585"", ""O2155586"", ""P475782""]"
STRAIGHT AND LEVEL,1931,2025-09-22T10:05:00.000,2,10,9,af19737ee28085f71d4e806421b958115ab590cd5970ea49797ee12e691dc66a8cd8fcfc297ed08b495843bff4bfc3727415f1f169e9152ed02ca5c77aa68f47,NO INJURY / DRIVE AWAY,"$501 - $1,500",2025-09-22T10:08:00.000,FUNCTIONING PROPERLY,REAR END,,0,0,2,0,0,0,0,41.9360911216,DAYLIGHT,-87.6686781535,NO INDICATION OF INJURY,2,35,FOLLOWING TOO CLOSELY,ON SCENE,NO DEFECTS,DRY,NOT APPLICABLE,,N,ASHLAND AVE,3000,TRAFFIC SIGNAL,NOT DIVIDED,CLEAR,,Y,,,,,2,2,"{""coordinates"": [-87.668678153513, 41.936091121625], ""type"": ""Point""}","[""FRONT"", ""REAR""]","[""AUDI"", ""STERLING""]","[""SLOW/STOP IN TRAFFIC""]","[""A3"", ""OTHER (EXPLAIN IN NARRATIVE)""]",[],"[""46"", ""50""]","[""NOT APPLICABLE""]","[""NONE""]","[""NO INDICATION OF INJURY""]","[""O2155621"", ""O2155622""]"
STRAIGHT AND LEVEL,124,2025-09-22T10:06:00.000,2,10,9,04e342d09cf8b96bf9c5a11b8a51dff27677b35856ea32ed659b06589a00516cec7aae2936ba034dbb13b8a4beb325c9238961bb691963626919e0292e30707e,INJURY AND / OR TOW DUE TO CRASH,"OVER $1,500",2025-09-22T12:33:00.000,FUNCTIONING PROPERLY,PEDESTRIAN,,0,1,1,0,0,1,0,41.8671888494,DAYLIGHT,-87.642333801,INCAPACITATING INJURY,2,30,UNABLE TO DETERMINE,NOT ON SCENE (DESK REPORT),NO DEFECTS,DRY,NOT APPLICABLE,,S,JEFFERSON ST,1200,TRAFFIC SIGNAL,NOT DIVIDED,CLEAR,,,,,,,2,2,"{""coordinates"": [-87.64233380102, 41.867188849412], ""type"": ""Point""}","[""FRONT-LEFT-CORNER""]","[""CHEVROLET""]","[""TURNING LEFT""]","[""EQUINOX""]",[],"[""45""]","[""DID NOT DEPLOY""]","[""NONE""]","[""INCAPACITATING INJURY"", ""NO INDICATION OF INJURY""]","[""O2155667"", ""O2155668""]"
STRAIGHT AND LEVEL,1513,2025-09-22T10:10:00.000,2,10,9,0c4972582e0fa4f11272acb7afe6c936bf609bae936e47e56d98a0a94b27d2a8dab0459be3671170820704c78ce75f9f4ace9e7c6240d199edcf931b112cdb60,NO INJURY / DRIVE AWAY,"OVER $1,500",2025-09-22T11:19:00.000,FUNCTIONING PROPERLY,TURNING,,0,0,2,0,0,0,0,41.87038861,DAYLIGHT,-87.7645962034,NO INDICATION OF INJURY,2,30,IMPROPER TURNING/NO SIGNAL,NOT ON SCENE (DESK REPORT),NO DEFECTS,DRY,NOT APPLICABLE,,S,CENTRAL AVE,750,TRAFFIC SIGNAL,FOUR WAY,CLEAR,,,,,,,2,2,"{""coordinates"": [-87.764596203359, 41.870388610011], ""type"": ""Point""}","[""SIDE-LEFT"", ""SIDE-RIGHT""]","[""HONDA"", ""UNKNOWN""]","[""STRAIGHT AHEAD"", ""TURNING RIGHT""]","[""CR-V"", ""OTHER (EXPLAIN IN NARRATIVE)""]",[],"[""33"", ""42""]","[""DID NOT DEPLOY""]","[""NONE""]","[""NO INDICATION OF INJURY""]","[""O2155613"", ""O2155614""]"