alignment,beat_of_occurrence,crash_date,crash_day_of_week,crash_hour,crash_month,crash_record_id,crash_type,damage,date_police_notified,device_condition,first_crash_type,hit_and_run_i,injuries_fatal,injuries_incapacitating,injuries_no_indication,injuries_non_incapacitating,injuries_reported_not_evident,injuries_total,injuries_unknown,latitude,lighting_condition,longitude,most_severe_injury,num_units,posted_speed_limit,prim_contributory_cause,report_type,road_defect,roadway_surface_cond,sec_contributory_cause,statements_taken_i,street_direction,street_name,street_no,traffic_control_device,trafficway_type,weather_condition,crash_date_est_i,intersection_related_i,photos_taken_i,work_zone_i,dooring_i,private_property_i,veh_count,ppl_count,location_json,veh_first_contact_point_list_json,veh_make_list_json,veh_maneuver_list_json,veh_model_list_json,veh_towed_i_list_json,ppl_age_list_json,ppl_airbag_deployed_list_json,ppl_ejection_list_json,ppl_injury_classification_list_json,ppl_person_id_list_json
STRAIGHT AND LEVEL,612,2025-09-22T10:10:00.000,2,10,9,eb701831a1ce7a33049263c846118221b36b90b9f85d2193621636b2709e47dd250a799199a3dfb17d8fa1454ac0da8e82ac2312d21efd87f9504bb7a8c9ed06,NO INJURY / DRIVE AWAY,"OVER $1,500",2025-09-22T10:15:00.000,NO CONTROLS,SIDESWIPE SAME DIRECTION,,0,0,2,0,0,0,0,41.7505592807,DAYLIGHT,-87.6569930245,NO INDICATION OF INJURY,2,30,NOT APPLICABLE,NOT ON SCENE (DESK REPORT),NO DEFECTS,DRY,NOT APPLICABLE,,W,79TH ST,1344,NO CONTROLS,NOT DIVIDED,CLEAR,,,,,,,2,2,"{""coordinates"": [-87.656993024503, 41.750559280678], ""type"": ""Point""}","[""FRONT-LEFT-CORNER"", ""SIDE-RIGHT""]","[""CHEVROLET"", ""LINCOLN""]","[""ENTERING TRAFFIC LANE FROM PARKING"", ""STRAIGHT AHEAD""]","[""MKT"", ""TRAVERSE""]",[],"[""80"", ""84""]","[""DID NOT DEPLOY"", ""NOT APPLICABLE""]","[""NONE""]","[""NO INDICATION OF INJURY""]","[""O2155576"", ""O2155577""]"
STRAIGHT AND LEVEL,133,2025-09-22T10:20:00.000,2,10,9,19566ddd51ddd79a0d6c99808b75c166420e4b1dd2e70896c492400f46e32cb42f75a06c1e4c6d878a7fa0b4eb14862b358cd60233262dad82833ad000528d8d,NO INJURY / DRIVE AWAY,$500 OR LESS,2025-09-22T13:00:00.000,NO CONTROLS,SIDESWIPE SAME DIRECTION,,0,0,2,0,0,0,0,41.841080408,DAYLIGHT,-87.6221044751,NO INDICATION OF INJURY,2,30,FAILING TO YIELD RIGHT-OF-WAY,NOT ON SCENE (DESK REPORT),NO DEFECTS,DRY,NOT APPLICABLE,,S,INDIANA AVE,2930,NO CONTROLS,ONE-WAY,CLEAR,Y,,,,,,2,2,"{""coordinates"": [-87.622104475077, 41.841080408047], ""type"": ""Point""}","[""FRONT-LEFT-CORNER"", ""SIDE-RIGHT""]","[""FORD"", ""NISSAN""]","[""PASSING/OVERTAKING"", ""STRAIGHT AHEAD""]","[""EXPLORER"", ""KICKS""]",[],"[""71"", ""78""]","[""NOT APPLICABLE""]","[""NONE""]","[""NO INDICATION OF INJURY""]","[""O2155700"", ""O2155701""]"
STRAIGHT AND LEVEL,2521,2025-09-22T10:20:00.000,2,10,9,1e1f038394eb8b8bcfe6e73c6dcec3696d69c338304634b421984a9a21ea0fa2897b032df201ee496b4c4480837387ce97ffd737b35b84f18f8a7b285cd6b05e,NO INJURY / DRIVE AWAY,"OVER $1,500",2025-09-22T10:27:00.000,NO CONTROLS,TURNING,Y,0,0,2,0,0,0,0,41.9316343415,DAYLIGHT,-87.746745546,NO INDICATION OF INJURY,2,30,UNABLE TO DETERMINE,ON SCENE,NO DEFECTS,DRY,NOT APPLICABLE,,N,CICERO AVE,2802,NO CONTROLS,NOT DIVIDED,CLEAR,,,,,,,2,2,"{""coordinates"": [-87.746745546048, 41.931634341507], ""type"": ""Point""}","[""FRONT"", ""UNKNOWN""]","[""TOYOTA"", ""UNKNOWN""]","[""TURNING LEFT"", ""UNKNOWN/NA""]","[""CAMRY"", ""OTHER (EXPLAIN IN NARRATIVE)""]",[],"[""72""]","[""DEPLOYMENT UNKNOWN"", ""NOT APPLICABLE""]","[""NONE""]","[""NO INDICATION OF INJURY""]","[""O2155718"", ""O2155719""]"
STRAIGHT AND LEVEL,2531,2025-09-22T10:20:00.000,2,10,9,3f4965ace464f8c4e2ff4e27b324ec9903c85c84dcb9ebf19df5dd1867a8b7239ba8b0cdbaae88233268bd2ef9871653c73c0ecb0cb0c0c0ede41c72270e5647,NO INJURY / DRIVE AWAY,"OVER $1,500",2025-09-22T13:31:00.000,FUNCTIONING PROPERLY,SIDESWIPE SAME DIRECTION,Y,0,0,2,0,0,0,0,41.9022491861,DAYLIGHT,-87.7660302726,NO INDICATION OF INJURY,2,30,IMPROPER OVERTAKING/PASSING,NOT ON SCENE (DESK REPORT),NO DEFECTS,DRY,DRIVING SKILLS/KNOWLEDGE/EXPERIENCE,,W,DIVISION ST,5608,TRAFFIC SIGNAL,NOT DIVIDED,CLEAR,,Y,,,,,2,2,"{""coordinates"": [-87.766030272579, 41.902249186078], ""type"": ""Point""}","[""REAR-RIGHT-CORNER"", ""SIDE-LEFT""]","[""HONDA"", ""NISSAN""]","[""PASSING/OVERTAKING"", ""SLOW/STOP IN TRAFFIC""]","[""ALTIMA"", ""OTHER (EXPLAIN IN NARRATIVE)""]",[],"[""31""]","[""DID NOT DEPLOY""]","[""NONE""]","[""NO INDICATION OF INJURY""]","[""O2155712"", ""O2155713""]"
STRAIGHT AND LEVEL,923,2025-09-22T10:20:00.000,2,10,9,e29a5eebf6a5c0eb79fa8d3256cafb315bb49bd2467e2bb877a090fee63d1d5f03d8677a45538b09417d23caa96d57b6b6a9190cb635fcbe57e30b7b28c79e4b,NO INJURY / DRIVE AWAY,"OVER $1,500",2025-09-22T19:23:00.000,NO CONTROLS,SIDESWIPE SAME DIRECTION,Y,0,0,2,0,0,0,0,41.8029414592,DAYLIGHT,-87.6939060448,NO INDICATION OF INJURY,2,30,IMPROPER OVERTAKING/PASSING,NOT ON SCENE (DESK REPORT),NO DEFECTS,DRY,IMPROPER OVERTAKING/PASSING,,S,CALIFORNIA AVE,4957,NO CONTROLS,NOT DIVIDED,CLEAR,,,,,,,2,2,"{""coordinates"": [-87.693906044786, 41.802941459197], ""type"": ""Point""}","[""FRONT-RIGHT-CORNER"", ""SIDE-LEFT""]","[""CHEVROLET"", ""UNKNOWN""]","[""PASSING/OVERTAKING"", ""STRAIGHT AHEAD""]","[""MALIBU"", ""MOTORIZED""]",[],"[""25""]","[""DEPLOYMENT UNKNOWN"", ""NOT APPLICABLE""]","[""NONE""]","[""NO INDICATION OF INJURY""]","[""O2156008"", ""O2156009""]"
STRAIGHT AND LEVEL,1135,2025-09-22T10:20:00.000,2,10,9,f2f8b1b4b6284af0dbb69bfd0cee1ccfef6f7a263471dc8f4f4a5b720a4669f5055e1914db1a17de6809549335d5f996a9291332ee26d292e4bf56c05c8027c7,INJURY AND / OR TOW DUE TO CRASH,"OVER $1,500",2025-09-22T10:42:00.000,FUNCTIONING PROPERLY,SIDESWIPE SAME DIRECTION,,0,0,2,0,0,0,0,41.8752948851,DAYLIGHT,-87.6863984346,NO INDICATION OF INJURY,2,30,UNABLE TO DETERMINE,ON SCENE,NO DEFECTS,DRY,UNABLE TO DETERMINE,,S,WESTERN AVE,430,TRAFFIC SIGNAL,TRAFFIC ROUTE,CLEAR,,,,Y,,,2,2,"{""coordinates"": [-87.686398434558, 41.875294885115], ""type"": ""Point""}","[""FRONT-RIGHT-CORNER"", ""SIDE-LEFT-REAR""]","[""ACURA"", ""MACK TRUCKS, INC.""]","[""STRAIGHT AHEAD""]","[""ADX"", ""MACK TRUCKS, INC.""]","[""Y""]","[""48"", ""68""]","[""DID NOT DEPLOY""]","[""NONE""]","[""NO INDICATION OF INJURY""]","[""O2155617"", ""O2155618""]"
STRAIGHT AND LEVEL,913,2025-09-22T10:24:00.000,2,10,9,3b942e78ac8142516f0b29eb060076a8c100247b278476627e7b78be36d564f4e22ae8a5ce33ffa12f394bff6bf28cd5552c91bf5c86207541e0b8e3f0f1963d,NO INJURY / DRIVE AWAY,"OVER $1,500",2025-09-22T11:00:00.000,NO CONTROLS,SIDESWIPE SAME DIRECTION,,0,0,2,0,0,0,0,41.8395454397,DAYLIGHT,-87.64646234,NO INDICATION OF INJURY,2,30,FOLLOWING TOO CLOSELY,NOT ON SCENE (DESK REPORT),NO DEFECTS,DRY,NOT APPLICABLE,,S,HALSTED ST,3008,NO CONTROLS,PARKING LOT,UNKNOWN,,,,,,,2,2,"{""coordinates"": [-87.646462340018, 41.83954543975], ""type"": ""Point""}","[""SIDE-LEFT"", ""UNKNOWN""]","[""FORD"", ""HONDA""]","[""BACKING""]","[""FREESTAR"", ""HR-V""]",[],"[""25""]","[""DEPLOYMENT UNKNOWN"", ""NOT APPLICABLE""]","[""NONE""]","[""NO INDICATION OF INJURY""]","[""O2155629"", ""O2155630""]"
STRAIGHT AND LEVEL,824,2025-09-22T10:30:00.000,2,10,9,eeac3aae9a60b7f601113cc9f11ee76c01ad85210718897d656b3c782f0fc87b354f945fa89e46fca9d8f85f07c34c54532a7a8f205a71cba550ce721e73a15e,NO INJURY / DRIVE AWAY,"OVER $1,500",2025-09-22T11:50:00.000,FUNCTIONING PROPERLY,REAR END,,0,0,2,0,0,0,0,41.7933146996,DAYLIGHT,-87.6838801985,NO INDICATION OF INJURY,2,30,FAILING TO REDUCE SPEED TO AVOID CRASH,NOT ON SCENE (DESK REPORT),NO DEFECTS,DRY,NOT APPLICABLE,,S,WESTERN AVE,5503,TRAFFIC SIGNAL,NOT DIVIDED,CLEAR,,Y,,,,,2,2,"{""coordinates"": [-87.683880198487, 41.793314699601], ""type"": ""Point""}","[""FRONT"", ""REAR""]","[""JEEP"", ""TOYOTA""]","[""SLOW/STOP IN TRAFFIC"", ""STRAIGHT AHEAD""]","[""HIGHLANDER"", ""WRANGLER""]",[],"[""31"", ""39""]","[""NOT APPLICABLE""]","[""NONE""]","[""NO INDICATION OF INJURY""]","[""O2155652"", ""O2155653""]"
STRAIGHT AND LEVEL,321,2025-09-22T10:40:00.000,2,10,9,9031addcf8ed8e5816dc6a6ab469b4c964f0451f27f61575f68ec7c599a5c166a88a4d83b86b7bd3dc03ad925997f18154855b93b9824c81950ef57e4ef28620,NO INJURY / DRIVE AWAY,"OVER $1,500",2025-09-23T13:24:00.000,NO CONTROLS,SIDESWIPE SAME DIRECTION,,0,0,2,0,0,0,0,41.7766846147,DAYLIGHT,-87.6059935789,NO INDICATION OF INJURY,2,30,NOT APPLICABLE,NOT ON SCENE (DESK REPORT),UNKNOWN,UNKNOWN,NOT APPLICABLE,,S,COTTAGE GROVE AVE,6500,NO CONTROLS,NOT DIVIDED,UNKNOWN,,,,,,,2,2,"{""coordinates"": [-87.60599357891, 41.776684614718], ""type"": ""Point""}","[""SIDE-LEFT-FRONT"", ""SIDE-RIGHT""]","[""KIA"", ""TOYOTA""]","[""STRAIGHT AHEAD""]","[""OTHER (EXPLAIN IN NARRATIVE)"", ""SORENTO""]",[],"[""41"", ""45""]","[""DID NOT DEPLOY""]","[""NONE""]","[""NO INDICATION OF INJURY""]","[""O2156404"", ""O2156405""]"
STRAIGHT AND LEVEL,1033,2025-09-22T10:41:00.000,2,10,9,f7ba92cd17e99cd04fbadab0e2e23ea0c0746732c91b4a2f5ad0511a400e7b166e0473b9228b807ceb26611fb74f5aad100b0bacde1d4b3a35ff89540bf2c1a0,NO INJURY / DRIVE AWAY,"OVER $1,500",2025-09-22T16:00:00.000,NO CONTROLS,PARKED MOTOR VEHICLE,,0,0,2,0,0,0,0,41.8437510555,DAYLIGHT,-87.704872456,NO INDICATION OF INJURY,2,35,UNABLE TO DETERMINE,NOT ON SCENE (DESK REPORT),NO DEFECTS,DRY,UNABLE TO DETERMINE,,S,KEDZIE AVE,2625,NO CONTROLS,PARKING LOT,CLEAR,,,,,,,2,2,"{""coordinates"": [-87.704872456028, 41.843751055507], ""type"": ""Point""}","[""FRONT-LEFT-CORNER"", ""REAR-LEFT-CORNER""]","[""FORD"", ""NISSAN""]","[""PARKED"", ""TURNING LEFT""]","[""F650"", ""MURANO""]",[],"[""40"", ""44""]","[""DID NOT DEPLOY""]","[""NONE""]","[""NO INDICATION OF INJURY""]","[""O2155810"", ""P475823""]"
STRAIGHT AND LEVEL,234,2025-09-22T10:49:00.000,2,10,9,e959b5ce92a570bbe1d3fe5a5fb61124ebcf4428ad1a2e508a4564f018c3e06903f04bdf5d3d79a81d402a9f94e9034da6a61ea0e45e6923e901e89a26e7d070,NO INJURY / DRIVE AWAY,"OVER $1,500",2025-09-22T11:10:00.000,FUNCTIONING PROPERLY,PARKED MOTOR VEHICLE,,0,0,1,0,0,0,0,41.7978716158,DAYLIGHT,-87.5905482708,NO INDICATION OF INJURY,2,30,IMPROPER TURNING/NO SIGNAL,NOT ON SCENE (DESK REPORT),NO DEFECTS,DRY,NOT APPLICABLE,,S,BLACKSTONE AVE,5404,STOP SIGN/FLASHER,OTHER,CLEAR,,,,,,,2,1,"{""coordinates"": [-87.590548270798, 41.797871615773], ""type"": ""Point""}","[""FRONT-RIGHT-CORNER"", ""REAR-LEFT-CORNER""]","[""FORD"", ""TOYOTA""]","[""PARKED"", ""TURNING RIGHT""]","[""BREWSTER"", ""CAMRY""]",[],"[""25""]","[""NOT APPLICABLE""]","[""NONE""]","[""NO INDICATION OF INJURY""]","[""O2155615""]"
STRAIGHT AND LEVEL,914,2025-09-22T10:50:00.000,2,10,9,5b0c1bdc2e5e6f3c361ac495c2b9d1ce3126e5cb6f37fb0082651ba046a02a3c207a00529151fc767e615797c05325c423f2e3815e1d25455fb20f87246300df,NO INJURY / DRIVE AWAY,"OVER $1,500",2025-09-22T11:02:00.000,NO CONTROLS,PARKED MOTOR VEHICLE,Y,0,0,1,0,0,0,0,41.8492672107,DAYLIGHT,-87.6317873531,NO INDICATION OF INJURY,2,30,UNABLE TO DETERMINE,ON SCENE,NO DEFECTS,DRY,UNABLE TO DETERMINE,,S,WENTWORTH AVE,2357,NO CONTROLS,PARKING LOT,CLEAR,,,,,,,2,1,"{""coordinates"": [-87.631787353134, 41.849267210651], ""type"": ""Point""}","[""REAR-RIGHT-CORNER"", ""SIDE-LEFT""]","[""UNKNOWN"", ""VOLKSWAGEN""]","[""BACKING"", ""PARKED""]","[""GTI"", ""OTHER (EXPLAIN IN NARRATIVE)""]",[],[],"[""DEPLOYMENT UNKNOWN""]","[""NONE""]","[""NO INDICATION OF INJURY""]","[""O2155641""]"
STRAIGHT AND LEVEL,1813,2025-09-22T10:56:00.000,2,10,9,b199d3f9953b3b00db83c8d77e25155e1e31840501156d0803b0c140c28d7718e0bd3f1e329b97e41bedeb9c87ec567d592d76c2b6b5b1f2d7c4da3c84bf3828,INJURY AND / OR TOW DUE TO CRASH,"OVER $1,500",2025-09-22T10:56:00.000,FUNCTIONING PROPERLY,TURNING,Y,0,0,2,0,0,0,0,41.9110285098,DAYLIGHT,-87.648335806,NO INDICATION OF INJURY,2,30,UNABLE TO DETERMINE,ON SCENE,SHOULDER DEFECT,DRY,UNABLE TO DETERMINE,,W,NORTH AVE,800,TRAFFIC SIGNAL,NOT DIVIDED,CLEAR,,,,,,,2,2,"{""coordinates"": [-87.64833580602, 41.911028509812], ""type"": ""Point""}","[""SIDE-LEFT"", ""SIDE-RIGHT""]","[""COOK SEMI TRAILER"", ""TOYOTA""]","[""STRAIGHT AHEAD"", ""TURNING LEFT""]","[""COOK SEMI TRAILER"", ""PRIUS""]","[""Y""]","[""47""]","[""DEPLOYMENT UNKNOWN"", ""DID NOT DEPLOY""]","[""NONE""]","[""NO INDICATION OF INJURY""]","[""O2155659"", ""O2155660""]"
STRAIGHT AND LEVEL,1233,2025-09-22T11:00:00.000,2,11,9,882323575f8020874fc24137ef2fcbd2f7a7b6f66e572bb5b80dc8cfc7e529f8b4cb40851efd1206a6c7a9ca2333cb5d14bc23692f7b613d23bb966575d305ca,NO INJURY / DRIVE AWAY,"OVER $1,500",2025-09-22T12:30:00.000,NO CONTROLS,PEDALCYCLIST,,0,0,3,0,0,0,0,41.8589516755,DAYLIGHT,-87.6603964152,NO INDICATION OF INJURY,2,30,FAILING TO YIELD RIGHT-OF-WAY,NOT ON SCENE (DESK REPORT),NO DEFECTS,DRY,UNABLE TO DETERMINE,,S,BLUE ISLAND AVE,1630,NO CONTROLS,DRIVEWAY,CLEAR,,,,,,,2,3,"{""coordinates"": [-87.660396415211, 41.858951675543], ""type"": ""Point""}","[""FRONT-RIGHT-CORNER""]","[""CHEVROLET""]","[""STRAIGHT AHEAD""]","[""EQUINOX""]",[],"[""27"", ""39""]","[""DID NOT DEPLOY""]","[""NONE""]","[""NO INDICATION OF INJURY""]","[""O2155673"", ""O2155674"", ""P475796""]"
STRAIGHT AND LEVEL,1522,2025-09-22T11:00:00.000,2,11,9,af55ecc578f0fbf98587bcc6583dab69c75b725e118f981858f31a521d7b15342630fe0f75c1973bf6a5c1a7571b39b9918ebbeaf044c9cdc48024125885a6fe,NO INJURY / DRIVE AWAY,"OVER $1,500",2025-09-23T12:15:00.000,NO CONTROLS,PARKED MOTOR VEHICLE,Y,0,0,1,0,0,0,0,41.8804100032,DAYLIGHT,-87.7607057824,NO INDICATION OF INJURY,2,0,DRIVING SKILLS/KNOWLEDGE/EXPERIENCE,ON SCENE,NO DEFECTS,DRY,DRIVING SKILLS/KNOWLEDGE/EXPERIENCE,,W,MADISON ST,5412,NO CONTROLS,PARKING LOT,CLEAR,,,,,,N,2,1,"{""coordinates"": [-87.760705782423, 41.880410003194], ""type"": ""Point""}","[""SIDE-LEFT-REAR"", ""UNKNOWN""]","[""TESLA"", ""UNKNOWN""]","[""PARKED"", ""UNKNOWN/NA""]","[""MODEL S"", ""OTHER (EXPLAIN IN NARRATIVE)""]",[],[],"[""DEPLOYMENT UNKNOWN""]","[""NONE""]","[""NO INDICATION OF INJURY""]","[""O2156354""]"
STRAIGHT AND LEVEL,2413,2025-09-22T11:00:00.000,2,11,9,c8873448376c9692e2bae850637938a2d27d7ea4faf494ff95b4d0d932e93db280d0fc2948c0e7f1335d6a5a3c0cf9dc8525208bd45e1ea5796cc09066c071b2,NO INJURY / DRIVE AWAY,"$501 - $1,500",2025-09-22T11:30:00.000,NO CONTROLS,PARKED MOTOR VEHICLE,,0,0,2,0,0,0,0,41.9907924159,DAYLIGHT,-87.679365194,NO INDICATION OF INJURY,2,30,UNABLE TO DETERMINE,NOT ON SCENE (DESK REPORT),NO DEFECTS,DRY,UNABLE TO DETERMINE,,W,PETERSON AVE,1958,NO CONTROLS,NOT DIVIDED,CLEAR,,,,,,,2,2,"{""coordinates"": [-87.679365194005, 41.990792415943], ""type"": ""Point""}","[""SIDE-LEFT"", ""SIDE-RIGHT""]","[""FORD"", ""KIA""]","[""PARKED IN TRAFFIC LANE"", ""STRAIGHT AHEAD""]","[""OTHER (EXPLAIN IN NARRATIVE)"", ""SELTOS""]",[],"[""35"", ""51""]","[""NOT APPLICABLE""]","[""NONE""]","[""NO INDICATION OF INJURY""]","[""O2155635"", ""P475883""]"
STRAIGHT AND LEVEL,1235,2025-09-22T11:00:00.000,2,11,9,f814fe7bdd14155441a43cf41959e2fc4689abb68a5814634e8444dcaa9e9ddaf7236e99d36e8e36abd89f7770e416c8d52950663943feeb31d3faf4786be5be,NO INJURY / DRIVE AWAY,"OVER $1,500",2025-09-23T13:05:00.000,NO CONTROLS,REAR END,,0,0,2,0,0,0,0,41.8542302415,DAYLIGHT,-87.6463916147,NO INDICATION OF INJURY,2,30,UNABLE TO DETERMINE,NOT ON SCENE (DESK REPORT),NO DEFECTS,DRY,NOT APPLICABLE,,S,HALSTED ST,2035,NO CONTROLS,NOT DIVIDED,CLEAR,,,,,,,2,2,"{""coordinates"": [-87.646391614681, 41.854230241516], ""type"": ""Point""}","[""FRONT"", ""REAR""]","[""HYUNDAI"", ""NISSAN""]","[""SLOW/STOP IN TRAFFIC"", ""STRAIGHT AHEAD""]","[""ALTIMA"", ""ELANTRA""]",[],"[""34"", ""68""]","[""DID NOT DEPLOY""]","[""NONE""]","[""NO INDICATION OF INJURY""]","[""O2156402"", ""O2156403""]"
STRAIGHT AND LEVEL,1925,2025-09-22T11:14:00.000,2,11,9,996f2f95f36981bdf798a5ab2dbed25bb64345ee88b94a6dd5ddb41581bc5fc0da1d084cb0899de5d594b605092bf31f6838426950b073ad6d96e4138bdc24dc,NO INJURY / DRIVE AWAY,"$501 - $1,500",2025-09-22T11:15:00.000,NO CONTROLS,PARKED MOTOR VEHICLE,,0,0,1,0,0,0,0,41.9463846516,DAYLIGHT,-87.6465248633,NO INDICATION OF INJURY,2,10,UNABLE TO DETERMINE,ON SCENE,NO DEFECTS,DRY,NOT APPLICABLE,,N,BROADWAY,3531,NO CONTROLS,PARKING LOT,CLEAR,,,,,,Y,2,1,"{""coordinates"": [-87.646524863347, 41.946384651554], ""type"": ""Point""}","[""REAR-LEFT-CORNER"", ""REAR-RIGHT-CORNER""]","[""FORD"", ""TOYOTA""]","[""LEAVING TRAFFIC LANE TO PARK"", ""PARKED""]","[""COROLLA"", ""FLEX""]",[],"[""46""]","[""NOT APPLICABLE""]","[""NONE""]","[""NO INDICATION OF INJURY""]","[""O2155657""]"
STRAIGHT AND LEVEL,1023,2025-09-22T11:15:00.000,2,11,9,9780f30260f78b54554b325597d22c39172aa71c796c8e689bb9f8cdb5b7bba154fe895d4d1e228ec9713ee5b0980281a62b23f476813ef8705523bed4d27bbc,NO INJURY / DRIVE AWAY,"$501 - $1,500",2025-09-22T13:25:00.000,FUNCTIONING PROPERLY,SIDESWIPE SAME DIRECTION,,0,0,2,0,0,0,0,41.8538282529,DAYLIGHT,-87.6858339647,NO INDICATION OF INJURY,2,30,UNABLE TO DETERMINE,NOT ON SCENE (DESK REPORT),NO DEFECTS,DRY,NOT APPLICABLE,,S,WESTERN AVE,2100,TRAFFIC SIGNAL,FOUR WAY,CLEAR,,N,,,,,2,2,"{""coordinates"": [-87.685833964746, 41.853828252932], ""type"": ""Point""}","[""SIDE-RIGHT-FRONT"", ""UNKNOWN""]","[""NEW FLYER"", ""UNKNOWN""]","[""MERGING"", ""STRAIGHT AHEAD""]","[""OTHER (EXPLAIN IN NARRATIVE)"", ""XCELSIOR XE40""]",[],"[""24""]","[""DEPLOYMENT UNKNOWN"", ""NOT APPLICABLE""]","[""NONE""]","[""NO INDICATION OF INJURY""]","[""O2155716"", ""O2155717""]"
STRAIGHT AND LEVEL,2432,2025-09-22T11:20:00.000,2,11,9,40ed000d28b32da67ab326e903e703d3e05e86bcdb38299a03b1fa10e3982dc8a180c82100d7143be2eb7b8422bba0e254b0723ef268729b439c420bc9244733,NO INJURY / DRIVE AWAY,"$501 - $1,500",2025-09-22T12:00:00.000,NO CONTROLS,TURNING,,0,0,2,0,0,0,0,42.0016244507,DAYLIGHT,-87.6608955301,NO INDICATION OF INJURY,2,30,IMPROPER TURNING/NO SIGNAL,,NO DEFECTS,DRY,TURNING RIGHT ON RED,,N,SHERIDAN RD,6550,NO CONTROLS,NOT DIVIDED,CLEAR,,,,,,,2,2,"{""coordinates"": [-87.660895530051, 42.001624450693], ""type"": ""Point""}","[""FRONT""]","[""CHEVROLET"", ""LEXUS""]","[""STRAIGHT AHEAD"", ""TURNING LEFT""]","[""EQUINOX"", ""RX""]",[],"[""20""]","[""NOT APPLICABLE""]","[""NONE""]","[""NO INDICATION OF INJURY""]","[""O2156310"", ""O2156311""]"
STRAIGHT AND LEVEL,131,2025-09-22T11:25:00.000,2,11,9,2d812497de7632287569fe009c680435c6462ba2acfc38d3b78ff0df418d8f4a35eff90e89679e84140473588db8624f8581c1c221dfe411345fe5cc683ffd34,NO INJURY / DRIVE AWAY,"OVER $1,500",2025-09-22T12:10:00.000,FUNCTIONING PROPERLY,ANGLE,,0,0,2,0,0,0,0,41.8576920115,DAYLIGHT,-87.6303712389,NO INDICATION OF INJURY,2,30,DRIVING SKILLS/KNOWLEDGE/EXPERIENCE,NOT ON SCENE (DESK REPORT),NO DEFECTS,DRY,PHYSICAL CONDITION OF DRIVER,,S,CLARK ST,1800,TRAFFIC SIGNAL,FOUR WAY,CLEAR,,Y,,,,,2,2,"{""coordinates"": [-87.630371238942, 41.857692011499], ""type"": ""Point""}","[""FRONT"", ""SIDE-LEFT""]","[""TOYOTA""]","[""STRAIGHT AHEAD""]","[""CAMRY"", ""TACOMA""]",[],[],"[""DEPLOYED, COMBINATION"", ""DEPLOYED, FRONT""]","[""NONE""]","[""NO INDICATION OF INJURY""]","[""O2155676"", ""O2155677""]"
STRAIGHT AND LEVEL,833,2025-09-22T11:25:00.000,2,11,9,706eabb96b280fc22e65c13fb5e495e8f6d0bbde4336972615bef8b3130c9c42ef43854cf8c074a4a680662db0d0944a784a2cb707a5336acf4a660325b54bc4,NO INJURY / DRIVE AWAY,"$501 - $1,500",2025-09-22T12:10:00.000,NO CONTROLS,TURNING,,0,0,2,0,0,0,0,41.7551411275,DAYLIGHT,-87.7256591496,NO INDICATION OF INJURY,2,30,UNABLE TO DETERMINE,NOT ON SCENE (DESK REPORT),UNKNOWN,UNKNOWN,UNABLE TO DETERMINE,,W,76TH ST,4128,NO CONTROLS,T-INTERSECTION,UNKNOWN,,Y,,,,,2,2,"{""coordinates"": [-87.725659149577, 41.755141127473], ""type"": ""Point""}","[""SIDE-LEFT-FRONT"", ""SIDE-LEFT-REAR""]","[""FORD"", ""VOLKSWAGEN""]","[""TURNING LEFT""]","[""EXPLORER"", ""JETTA""]",[],"[""23"", ""24""]","[""DEPLOYED, COMBINATION"", ""DEPLOYMENT UNKNOWN""]","[""NONE""]","[""NO INDICATION OF INJURY""]","[""O2155665"", ""O2155666""]"
STRAIGHT AND LEVEL,914,2025-09-22T11:30:00.000,2,11,9,027dbd12134a24e38f8f98df528b47440bc3bf47ba791f12232932b012ece818969a6e6c5ff65a1de34b7cd45c74c55c40661a2b408c6d24e11e4fc8a8d74c7f,NO INJURY / DRIVE AWAY,"OVER $1,500",2025-09-22T13:25:00.000,NO CONTROLS,PARKED MOTOR VEHICLE,Y,0,0,1,0,0,0,0,41.8493792152,DAYLIGHT,-87.6410584022,NO INDICATION OF INJURY,2,30,DRIVING SKILLS/KNOWLEDGE/EXPERIENCE,ON SCENE,NO DEFECTS,DRY,DRIVING SKILLS/KNOWLEDGE/EXPERIENCE,,S,ARCHER AVE,2373,NO CONTROLS,PARKING LOT,CLEAR,,,,,,,2,1,"{""coordinates"": [-87.641058402238, 41.849379215218], ""type"": ""Point""}","[""FRONT"", ""REAR""]","[""LINCOLN"", ""UNKNOWN""]","[""BACKING"", ""PARKED""]","[""AVIATOR"", ""OTHER (EXPLAIN IN NARRATIVE)""]",[],[],"[""DID NOT DEPLOY""]","[""NONE""]","[""NO INDICATION OF INJURY""]","[""O2155737""]"
STRAIGHT AND LEVEL,1133,2025-09-22T11:30:00.000,2,11,9,47906c0792c7cc1d14d7bc6dd2e786aa681026c15d01613a8ef68172bf96bb5d83a75598921258a3e103b3fb5085514319a4a208e9811b62cfe4b8a9b02b3aa0,NO INJURY / DRIVE AWAY,"OVER $1,500",2025-09-22T11:54:00.000,NO CONTROLS,TURNING,,0,0,2,0,0,0,0,41.8734674235,DAYLIGHT,-87.7205108596,NO INDICATION OF INJURY,2,30,UNABLE TO DETERMINE,NOT ON SCENE (DESK REPORT),NO DEFECTS,DRY,NOT APPLICABLE,,S,INDEPENDENCE BLVD,600,NO CONTROLS,DIVIDED - W/MEDIAN (NOT RAISED),CLEAR,,,,,,,2,2,"{""coordinates"": [-87.72051085957, 41.873467423537], ""type"": ""Point""}","[""FRONT-RIGHT-CORNER"", ""SIDE-LEFT""]","[""CHEVROLET"", ""TOYOTA""]","[""TURNING LEFT""]","[""CAMRY"", ""OTHER (EXPLAIN IN NARRATIVE)""]",[],"[""20"", ""52""]","[""DID NOT DEPLOY""]","[""NONE""]","[""NO INDICATION OF INJURY""]","[""O2155631"", ""O2155632""]"