alignment,beat_of_occurrence,crash_date,crash_day_of_week,crash_hour,crash_month,crash_record_id,crash_type,damage,date_police_notified,device_condition,first_crash_type,hit_and_run_i,injuries_fatal,injuries_incapacitating,injuries_no_indication,injuries_non_incapacitating,injuries_reported_not_evident,injuries_total,injuries_unknown,latitude,lighting_condition,longitude,most_severe_injury,num_units,posted_speed_limit,prim_contributory_cause,report_type,road_defect,roadway_surface_cond,sec_contributory_cause,statements_taken_i,street_direction,street_name,street_no,traffic_control_device,trafficway_type,weather_condition,crash_date_est_i,intersection_related_i,photos_taken_i,work_zone_i,dooring_i,private_property_i,veh_count,ppl_count,location_json,veh_first_contact_point_list_json,veh_make_list_json,veh_maneuver_list_json,veh_model_list_json,veh_towed_i_list_json,ppl_age_list_json,ppl_airbag_deployed_list_json,ppl_ejection_list_json,ppl_injury_classification_list_json,ppl_person_id_list_json
STRAIGHT AND LEVEL,1222,2025-09-22T13:12:00.000,2,13,9,de8127412890b5cb68aeea5913276c2b69b9329a841ff8a5c30e253f11509625be8be40d44206948cd6562e6bf34fd568673078f36643fc586d7b256e17528ca,NO INJURY / DRIVE AWAY,"$501 - $1,500",2025-09-22T13:14:00.000,NO CONTROLS,PARKED MOTOR VEHICLE,,0,0,2,0,0,0,0,41.885679843,DAYLIGHT,-87.7036476785,NO INDICATION OF INJURY,2,25,UNABLE TO DETERMINE,NOT ON SCENE (DESK REPORT),NO DEFECTS,DRY,UNABLE TO DETERMINE,,N,ALBANY AVE,251,NO CONTROLS,ONE-WAY,CLEAR,,,,,,,2,2,"{""coordinates"": [-87.703647678513, 41.885679842976], ""type"": ""Point""}","[""FRONT-LEFT-CORNER"", ""REAR-RIGHT-CORNER""]","[""FORD"", ""SATURN""]","[""MERGING"", ""PARKED""]","[""F450"", ""VUE""]",[],"[""37"", ""46""]","[""DID NOT DEPLOY""]","[""NONE""]","[""NO INDICATION OF INJURY""]","[""O2155778"", ""P475809""]"
STRAIGHT AND LEVEL,124,2025-09-22T13:13:00.000,2,13,9,3fd18c651fc605a5553b556ab8c2af2dbe877c6cd4adc3b3dead9a7226f874579ff30ab39ce49b738977eb9ca910da16ef2512e478d508ffd2dbe4e0dcc61834,INJURY AND / OR TOW DUE TO CRASH,"OVER $1,500",2025-09-22T13:30:00.000,NO CONTROLS,TURNING,,0,0,2,0,0,0,0,41.8648283402,DAYLIGHT,-87.6393142132,NO INDICATION OF INJURY,2,30,FAILING TO YIELD RIGHT-OF-WAY,ON SCENE,NO DEFECTS,DRY,"VISION OBSCURED (SIGNS, TREE LIMBS, BUILDINGS, ETC.)",,S,CANAL ST,1330,NO CONTROLS,T-INTERSECTION,CLEAR,,,,,,,2,2,"{""coordinates"": [-87.639314213163, 41.864828340249], ""type"": ""Point""}","[""FRONT"", ""FRONT-RIGHT-CORNER""]","[""HYUNDAI"", ""TOYOTA""]","[""STRAIGHT AHEAD"", ""TURNING LEFT""]","[""KONA"", ""RAV4""]","[""Y""]","[""30"", ""46""]","[""DEPLOYED, FRONT"", ""NOT APPLICABLE""]","[""NONE""]","[""NO INDICATION OF INJURY""]","[""O2155841"", ""O2155842""]"
STRAIGHT AND LEVEL,1413,2025-09-22T13:15:00.000,2,13,9,3215e59b78fd5b8b6dcbc421040b1bc95d24ea67e7eb887353fc15aaae58ba34528b44468c0d83f1acabb38c33538956ff4ceee4f73b7350c3b9d84b3fb16a3d,NO INJURY / DRIVE AWAY,"OVER $1,500",2025-09-22T13:15:00.000,FUNCTIONING PROPERLY,REAR END,,0,0,2,0,0,0,0,41.9247719454,DAYLIGHT,-87.7120414713,NO INDICATION OF INJURY,2,30,DRIVING SKILLS/KNOWLEDGE/EXPERIENCE,ON SCENE,NO DEFECTS,DRY,UNABLE TO DETERMINE,,W,FULLERTON AVE,3358,TRAFFIC SIGNAL,NOT DIVIDED,CLEAR,,,,,,,2,2,"{""coordinates"": [-87.712041471313, 41.924771945371], ""type"": ""Point""}","[""FRONT"", ""REAR""]","[""HONDA"", ""VOLKSWAGEN""]","[""SLOW/STOP IN TRAFFIC"", ""STRAIGHT AHEAD""]","[""CIVIC"", ""GTI""]",[],"[""38""]","[""DEPLOYMENT UNKNOWN"", ""DID NOT DEPLOY""]","[""NONE""]","[""NO INDICATION OF INJURY""]","[""O2155739"", ""O2155740""]"
STRAIGHT AND LEVEL,1712,2025-09-22T13:24:00.000,2,13,9,4f3ae1c8aeb97e302b7576f25377ffa33621793841172e1bd3fcada3388e28e9a0e165d930252d6f1d5e5d3ca4254e24c5f18a6a5cb237804cc019add9aec57e,NO INJURY / DRIVE AWAY,"OVER $1,500",2025-09-22T13:43:00.000,NO CONTROLS,FIXED OBJECT,,0,0,1,0,0,0,0,41.9683459868,DAYLIGHT,-87.7285180202,NO INDICATION OF INJURY,1,10,UNABLE TO DETERMINE,ON SCENE,NO DEFECTS,DRY,NOT APPLICABLE,,W,LAWRENCE AVE,4010,NO CONTROLS,PARKING LOT,CLEAR,,,Y,,,Y,1,1,"{""coordinates"": [-87.728518020177, 41.968345986776], ""type"": ""Point""}","[""FRONT""]","[""JEEP""]","[""OTHER""]","[""COMPASS""]",[],"[""66""]","[""DEPLOYMENT UNKNOWN""]","[""NONE""]","[""NO INDICATION OF INJURY""]","[""O2155753""]"
STRAIGHT AND LEVEL,713,2025-09-22T13:25:00.000,2,13,9,b53fc18c6609fa111023cbd5f498dd048ac1f19105934e1208d4a41b72db7a0235d8a5f709001df7f2089163c8cb94173f2b2a06b997edd4abe80407eb8e197a,INJURY AND / OR TOW DUE TO CRASH,"OVER $1,500",2025-09-22T13:25:00.000,NO CONTROLS,ANGLE,,0,0,1,1,0,1,0,41.7867934463,DAYLIGHT,-87.6548270777,NONINCAPACITATING INJURY,2,30,DISREGARDING TRAFFIC SIGNALS,ON SCENE,NO DEFECTS,DRY,UNABLE TO DETERMINE,,S,RACINE AVE,5900,NO CONTROLS,NOT DIVIDED,CLEAR,,Y,,,,,2,2,"{""coordinates"": [-87.654827077712, 41.786793446291], ""type"": ""Point""}","[""FRONT"", ""FRONT-RIGHT-CORNER""]","[""HYUNDAI"", ""JEEP""]","[""STRAIGHT AHEAD""]","[""CHEROKEE"", ""ELANTRA""]","[""Y""]","[""29"", ""44""]","[""NOT APPLICABLE""]","[""NONE""]","[""NO INDICATION OF INJURY"", ""NONINCAPACITATING INJURY""]","[""O2156161"", ""O2156162""]"
STRAIGHT AND LEVEL,1654,2025-09-22T13:26:00.000,2,13,9,f8316464c28b1dc175b75304cf87f19c4080ef14deec5363ddc6e97376072eff88d8e5aa1b5da45c5e532864413f86e8022977026dcb86804c340fc44dc492a6,NO INJURY / DRIVE AWAY,"OVER $1,500",2025-09-22T13:45:00.000,FUNCTIONING PROPERLY,TURNING,,0,0,2,0,0,0,0,,DAYLIGHT,,NO INDICATION OF INJURY,2,30,IMPROPER OVERTAKING/PASSING,ON SCENE,NO DEFECTS,DRY,IMPROPER LANE USAGE,,W,HIGGINS RD,10909,TRAFFIC SIGNAL,DIVIDED - W/MEDIAN (NOT RAISED),CLEAR,Y,Y,,,,,2,2,,"[""FRONT-LEFT-CORNER"", ""FRONT-RIGHT-CORNER""]","[""BUICK"", ""FORD""]","[""STRAIGHT AHEAD"", ""TURNING RIGHT""]","[""LACROSSE"", ""TAURUS""]",[],"[""46"", ""60""]","[""DID NOT DEPLOY""]","[""NONE""]","[""NO INDICATION OF INJURY""]","[""O2155751"", ""O2155752""]"
STRAIGHT AND LEVEL,1824,2025-09-22T13:27:00.000,2,13,9,92f8e3339396b2ba67917dab0a560f716d97ae192589f645e72c9dfb4b87444522794f011fdada330a6ea385f78f0a8f079e9f6b9699e4b2573979b0ec63a6ad,NO INJURY / DRIVE AWAY,"OVER $1,500",2025-09-23T14:51:00.000,FUNCTIONING PROPERLY,REAR END,,0,0,3,0,0,0,0,41.9009589191,DAYLIGHT,-87.6199281737,NO INDICATION OF INJURY,2,30,UNABLE TO DETERMINE,NOT ON SCENE (DESK REPORT),UNKNOWN,UNKNOWN,NOT APPLICABLE,,N,LAKE SHORE DR SB,1000,TRAFFIC SIGNAL,DIVIDED - W/MEDIAN BARRIER,UNKNOWN,,,,,,,2,3,"{""coordinates"": [-87.619928173678, 41.900958919109], ""type"": ""Point""}","[""FRONT"", ""REAR""]","[""LEXUS"", ""MERCURY""]","[""OTHER"", ""STRAIGHT AHEAD""]","[""LS430"", ""OTHER (EXPLAIN IN NARRATIVE)""]",[],"[""0"", ""39"", ""59""]","[""DID NOT DEPLOY""]","[""NONE""]","[""NO INDICATION OF INJURY""]","[""O2156471"", ""O2156472"", ""P475932""]"
STRAIGHT AND LEVEL,331,2025-09-22T13:31:00.000,2,13,9,5a7267eb54b7e8813408940c6e03180e725e4a0a55e71ad94df800c81061b7aaaafbb0add33457c66c9e4283527575a459ef092e4cf88c257588e400a3c2c087,INJURY AND / OR TOW DUE TO CRASH,"OVER $1,500",2025-09-22T13:31:00.000,FUNCTIONING PROPERLY,TURNING,,0,0,2,1,0,1,0,,DAYLIGHT,,NONINCAPACITATING INJURY,2,45,UNABLE TO DETERMINE,,NO DEFECTS,DRY,NOT APPLICABLE,,S,LAKE SHORE DR,6298,TRAFFIC SIGNAL,DIVIDED - W/MEDIAN BARRIER,CLEAR,,Y,,,,,2,3,,"[""UNKNOWN""]","[""CHEVROLET"", ""FORD""]","[""STRAIGHT AHEAD"", ""TURNING LEFT""]","[""EQUINOX"", ""F150""]","[""Y""]","[""53"", ""75"", ""84""]","[""DEPLOYED, COMBINATION""]","[""NONE""]","[""NO INDICATION OF INJURY"", ""NONINCAPACITATING INJURY""]","[""O2156062"", ""O2156063"", ""P475861""]"
STRAIGHT AND LEVEL,222,2025-09-22T13:40:00.000,2,13,9,5a26f2beacf8f0eba2a90b82cc088c9dfcf4be992914896bc488d6741aded19d9143aedcdfaf3fd0ce15eebcbdfcef92ad5c42e159db6d8d9c2020b4e3c5688b,INJURY AND / OR TOW DUE TO CRASH,"OVER $1,500",2025-09-22T13:44:00.000,OTHER,PEDESTRIAN,,0,0,1,1,0,1,0,41.8097727266,DAYLIGHT,-87.5949608909,NONINCAPACITATING INJURY,2,10,FAILING TO YIELD RIGHT-OF-WAY,ON SCENE,NO DEFECTS,DRY,UNABLE TO DETERMINE,,E,47TH ST,1300,OTHER,OTHER,CLEAR,,,,,,,2,2,"{""coordinates"": [-87.594960890937, 41.809772726608], ""type"": ""Point""}","[""REAR""]","[""JEEP""]","[""BACKING""]","[""RENEGADE""]",[],"[""36"", ""66""]","[""NOT APPLICABLE""]","[""NONE""]","[""NO INDICATION OF INJURY"", ""NONINCAPACITATING INJURY""]","[""O2155762"", ""O2155763""]"
STRAIGHT AND LEVEL,2523,2025-09-22T13:45:00.000,2,13,9,900591997723da80bb24786d61f68c21574115005a118a16f04aebcfb789b6c6565de4db153223c780d2706644bdeeff2c28c090cdee41e04f3216b4181417c8,NO INJURY / DRIVE AWAY,"OVER $1,500",2025-09-23T14:00:00.000,NO CONTROLS,PARKED MOTOR VEHICLE,Y,0,0,1,0,0,0,0,41.9361944998,DAYLIGHT,-87.7256460279,NO INDICATION OF INJURY,2,30,UNABLE TO DETERMINE,NOT ON SCENE (DESK REPORT),NO DEFECTS,DRY,NOT APPLICABLE,,N,DAVLIN CT,3030,NO CONTROLS,ONE-WAY,CLEAR,,,,,,,2,1,"{""coordinates"": [-87.725646027864, 41.936194499816], ""type"": ""Point""}","[""REAR-LEFT-CORNER"", ""UNKNOWN""]","[""CHEVROLET"", ""UNKNOWN""]","[""PARKED"", ""UNKNOWN/NA""]","[""CRUZE"", ""OTHER (EXPLAIN IN NARRATIVE)""]",[],[],"[""DEPLOYMENT UNKNOWN""]","[""NONE""]","[""NO INDICATION OF INJURY""]","[""O2156466""]"
STRAIGHT AND LEVEL,1822,2025-09-22T14:00:00.000,2,14,9,1d134b5044045e5583bcc2ee5e43c7184e203f13a10f037e0c35172fbc3e06be1ad1c647a416107451607acfe399ca6ffab7914934175c357a9adb0bfa95439a,NO INJURY / DRIVE AWAY,"OVER $1,500",2025-09-22T16:03:00.000,UNKNOWN,SIDESWIPE SAME DIRECTION,,0,0,2,0,0,0,0,41.9036684177,UNKNOWN,-87.6536993637,NO INDICATION OF INJURY,2,25,NOT APPLICABLE,NOT ON SCENE (DESK REPORT),UNKNOWN,UNKNOWN,NOT APPLICABLE,,W,DIVISION ST,1030,UNKNOWN,NOT DIVIDED,UNKNOWN,,,,,,,2,2,"{""coordinates"": [-87.653699363657, 41.903668417727], ""type"": ""Point""}","[""FRONT-RIGHT-CORNER"", ""REAR-LEFT-CORNER""]","[""UTILITY TRAILER"", ""VOLKSWAGEN""]","[""UNKNOWN/NA""]","[""PASSAT"", ""UTILITY TRAILER""]",[],"[""31"", ""57""]","[""NOT APPLICABLE""]","[""NONE"", ""UNKNOWN""]","[""NO INDICATION OF INJURY""]","[""O2155806"", ""O2155807""]"
STRAIGHT AND LEVEL,1831,2025-09-22T14:00:00.000,2,14,9,520d080b3a8ba370f2d77d5d3cd559522a89b18b362c2cac9e4463ed11550e12d85380bb710128d050f09e8c0448fa4f2ddc14c3138fdcbf33d62335b5173dc6,NO INJURY / DRIVE AWAY,"OVER $1,500",2025-09-22T15:17:00.000,UNKNOWN,REAR END,,0,0,2,0,0,0,0,41.8916637733,UNKNOWN,-87.6368863609,NO INDICATION OF INJURY,2,25,NOT APPLICABLE,NOT ON SCENE (DESK REPORT),UNKNOWN,UNKNOWN,NOT APPLICABLE,,N,ORLEANS ST,533,UNKNOWN,NOT DIVIDED,UNKNOWN,,,,,,,2,2,"{""coordinates"": [-87.636886360851, 41.891663773313], ""type"": ""Point""}","[""FRONT"", ""REAR-LEFT-CORNER""]","[""OSHKOSH MOTOR TRUCK COMPANY"", ""TESLA""]","[""UNKNOWN/NA""]","[""MODEL 3"", ""OSHKOSH MOTOR TRUCK CO.""]",[],"[""36"", ""66""]","[""NOT APPLICABLE""]","[""NONE""]","[""NO INDICATION OF INJURY""]","[""O2155783"", ""O2155784""]"
STRAIGHT AND LEVEL,1412,2025-09-22T14:00:00.000,2,14,9,60c0c276a9028c7068c330668e743346731ab28b06dd550d8fe2986121b1a628e0f5c5ddda6b76cee61344aac80b389275f7726952b18cafd31d4afc018a648f,NO INJURY / DRIVE AWAY,"$501 - $1,500",2025-09-23T09:00:00.000,NO CONTROLS,PARKED MOTOR VEHICLE,,0,0,1,0,0,0,0,41.9282814448,DAYLIGHT,-87.7169416657,NO INDICATION OF INJURY,2,30,UNABLE TO DETERMINE,NOT ON SCENE (DESK REPORT),NO DEFECTS,DRY,NOT APPLICABLE,,N,CENTRAL PARK AVE,2601,NO CONTROLS,NOT DIVIDED,CLEAR,,,,,,,2,1,"{""coordinates"": [-87.716941665657, 41.928281444828], ""type"": ""Point""}","[""SIDE-LEFT"", ""UNKNOWN""]","[""MERCEDES-BENZ"", ""UNKNOWN""]","[""PARKED"", ""UNKNOWN/NA""]","[""OTHER (EXPLAIN IN NARRATIVE)""]",[],[],"[""DEPLOYMENT UNKNOWN""]","[""NONE""]","[""NO INDICATION OF INJURY""]","[""O2156217""]"
STRAIGHT ON GRADE,215,2025-09-22T14:02:00.000,2,14,9,543a3f4a9ae45f6ac2dd0aab87cce11c5bdb41c268c736e48f66b54fe5c3f0d690901868570c88eaef68274e46d4d57919046f5907aaba6054f31c33e6005307,NO INJURY / DRIVE AWAY,$500 OR LESS,2025-09-22T14:02:00.000,FUNCTIONING PROPERLY,REAR END,,0,0,2,0,0,0,0,41.8164470719,DAYLIGHT,-87.6231758739,NO INDICATION OF INJURY,2,30,UNABLE TO DETERMINE,ON SCENE,UNKNOWN,DRY,UNABLE TO DETERMINE,,S,MICHIGAN AVE,4300,TRAFFIC SIGNAL,NOT DIVIDED,CLEAR,,,,,,,2,2,"{""coordinates"": [-87.623175873911, 41.816447071893], ""type"": ""Point""}","[""FRONT"", ""REAR""]","[""DODGE"", ""JEEP""]","[""SLOW/STOP IN TRAFFIC"", ""STRAIGHT AHEAD""]","[""COMPASS"", ""RAM 2500 PU""]",[],"[""28"", ""29""]","[""DID NOT DEPLOY""]","[""NONE""]","[""NO INDICATION OF INJURY""]","[""O2155766"", ""O2155767""]"
STRAIGHT AND LEVEL,1431,2025-09-22T14:15:00.000,2,14,9,1f06722831ba2821b2fc878e78151c64327884f1ab3b6d89d9f60660e9dfb797c5b23f6401df39681aeeb4ff58a793272e7c5e0427856e7801777e9064973df0,NO INJURY / DRIVE AWAY,"OVER $1,500",2025-09-22T22:30:00.000,UNKNOWN,SIDESWIPE SAME DIRECTION,,0,0,2,0,0,0,0,41.9179459471,UNKNOWN,-87.6875680241,NO INDICATION OF INJURY,2,30,NOT APPLICABLE,NOT ON SCENE (DESK REPORT),UNKNOWN,UNKNOWN,NOT APPLICABLE,,N,WESTERN AVE,2010,UNKNOWN,NOT DIVIDED,UNKNOWN,,,,,,,2,2,"{""coordinates"": [-87.687568024137, 41.917945947058], ""type"": ""Point""}","[""SIDE-LEFT"", ""SIDE-RIGHT""]","[""HONDA"", ""JEEP""]","[""CHANGING LANES"", ""STRAIGHT AHEAD""]","[""CR-V"", ""WRANGLER""]",[],"[""40"", ""54""]","[""NOT APPLICABLE""]","[""NONE""]","[""NO INDICATION OF INJURY""]","[""O2156105"", ""O2156106""]"
STRAIGHT AND LEVEL,331,2025-09-22T14:16:00.000,2,14,9,5032b44007031bfecdc1cec0aa2da86657cc351e9ace1d6958972c99f5f8a445f2f001cbc785dd12136865395437638903034549c0e33545075fd77644c735b8,INJURY AND / OR TOW DUE TO CRASH,"OVER $1,500",2025-09-22T18:21:00.000,UNKNOWN,ANGLE,Y,0,0,1,0,1,1,0,41.7808248923,DAYLIGHT,-87.5749002678,"REPORTED, NOT EVIDENT",2,30,DISREGARDING TRAFFIC SIGNALS,ON SCENE,NO DEFECTS,DRY,NOT APPLICABLE,,E,HAYES DR,2098,OTHER,TRAFFIC ROUTE,CLEAR,,,,,,,2,2,"{""coordinates"": [-87.574900267752, 41.780824892257], ""type"": ""Point""}","[""FRONT"", ""NONE""]","[""FORD"", ""UNKNOWN""]","[""STRAIGHT AHEAD"", ""UNKNOWN/NA""]","[""F150"", ""OTHER (EXPLAIN IN NARRATIVE)""]",[],"[""84""]","[""DEPLOYMENT UNKNOWN"", ""NOT APPLICABLE""]","[""NONE"", ""UNKNOWN""]","[""NO INDICATION OF INJURY"", ""REPORTED, NOT EVIDENT""]","[""O2155998"", ""O2155999""]"
STRAIGHT AND LEVEL,1412,2025-09-22T14:20:00.000,2,14,9,365a9421d587d1c0630d0576635ac6e2a52fae431ebd532675fc4847d05a811ab3001407c059733efbf20e4952f076d8e457200f0d09f2090e87ec8a14b6181f,NO INJURY / DRIVE AWAY,"OVER $1,500",2025-09-23T13:00:00.000,NO CONTROLS,SIDESWIPE SAME DIRECTION,,0,0,3,0,0,0,0,41.931847783,DAYLIGHT,-87.7134266263,NO INDICATION OF INJURY,2,30,UNABLE TO DETERMINE,NOT ON SCENE (DESK REPORT),NO DEFECTS,DRY,NOT APPLICABLE,,W,DIVERSEY AVE,3429,NO CONTROLS,NOT DIVIDED,CLEAR,,Y,,,,N,2,3,"{""coordinates"": [-87.713426626339, 41.931847783036], ""type"": ""Point""}","[""FRONT-RIGHT-CORNER"", ""SIDE-LEFT""]","[""KIA"", ""PLYMOUTH""]","[""ENTERING TRAFFIC LANE FROM PARKING"", ""STRAIGHT AHEAD""]","[""SPORTAGE"", ""VOYAGER""]",[],"[""32"", ""76""]","[""DID NOT DEPLOY"", ""NOT APPLICABLE""]","[""NONE""]","[""NO INDICATION OF INJURY""]","[""O2156388"", ""O2156389"", ""P475921""]"
STRAIGHT AND LEVEL,835,2025-09-22T14:26:00.000,2,14,9,b0a9b1747da324f7c55b7e42d90a527733720d01772d416a59a397b2029ae4f99600e50ff127e9e5325690acaccd263456731f3c92984c2a0d9403d172dce01f,INJURY AND / OR TOW DUE TO CRASH,"OVER $1,500",2025-09-22T14:51:00.000,FUNCTIONING PROPERLY,TURNING,,0,0,0,1,1,2,0,41.7501971562,DAYLIGHT,-87.6827036453,NONINCAPACITATING INJURY,2,35,FAILING TO YIELD RIGHT-OF-WAY,ON SCENE,UNKNOWN,DRY,IMPROPER TURNING/NO SIGNAL,Y,S,WESTERN AVE,7859,TRAFFIC SIGNAL,NOT DIVIDED,CLEAR,,Y,,,,,2,2,"{""coordinates"": [-87.682703645326, 41.750197156207], ""type"": ""Point""}","[""FRONT"", ""FRONT-RIGHT-CORNER""]","[""BUICK"", ""CHEVROLET""]","[""STRAIGHT AHEAD"", ""TURNING LEFT""]","[""LACROSSE"", ""SILVERADO""]","[""Y""]","[""34"", ""91""]","[""NOT APPLICABLE""]","[""NONE""]","[""NONINCAPACITATING INJURY"", ""REPORTED, NOT EVIDENT""]","[""O2155785"", ""O2155786""]"
STRAIGHT AND LEVEL,1422,2025-09-22T14:30:00.000,2,14,9,0a5bd85382034bde69b46fbfe55e798d60116849289ce8b2414fff1afa97c2c1e2e4d2f80e2480b7bc9f4d379010c53b9a0983003943caeff681e7f1c0866dee,INJURY AND / OR TOW DUE TO CRASH,"OVER $1,500",2025-09-22T14:35:00.000,NO CONTROLS,ANGLE,,0,0,0,0,3,3,0,41.9073332717,DAYLIGHT,-87.7070774107,"REPORTED, NOT EVIDENT",2,30,NOT APPLICABLE,ON SCENE,NO DEFECTS,DRY,NOT APPLICABLE,,N,KEDZIE AVE,1432,STOP SIGN/FLASHER,DIVIDED - W/MEDIAN (NOT RAISED),CLEAR,,,,,,,2,3,"{""coordinates"": [-87.707077410731, 41.907333271739], ""type"": ""Point""}","[""FRONT"", ""SIDE-LEFT""]","[""DODGE"", ""HONDA""]","[""STRAIGHT AHEAD""]","[""CR-V"", ""DURANGO""]",[],"[""2"", ""36""]","[""DEPLOYED, COMBINATION""]","[""NONE""]","[""REPORTED, NOT EVIDENT""]","[""O2155832"", ""O2155833"", ""P475818""]"
STRAIGHT AND LEVEL,824,2025-09-22T14:30:00.000,2,14,9,25e76e3f13f38474433b83f1c17298eae60cfe19b022df31ee79c9fc085e3093f4cae548fa81bc881bae3b06be3bc1927dc24185870daf1f68b948e0d132afe5,INJURY AND / OR TOW DUE TO CRASH,"OVER $1,500",2025-09-22T16:30:00.000,FUNCTIONING PROPERLY,ANGLE,,0,0,2,0,0,0,0,41.788118203,DAYLIGHT,-87.6937041312,NO INDICATION OF INJURY,2,30,DISREGARDING STOP SIGN,NOT ON SCENE (DESK REPORT),UNKNOWN,DRY,DISREGARDING STOP SIGN,,W,58TH ST,2801,STOP SIGN/FLASHER,ONE-WAY,CLEAR,,,,,,,2,2,"{""coordinates"": [-87.693704131189, 41.788118202998], ""type"": ""Point""}","[""FRONT"", ""SIDE-RIGHT""]","[""DODGE"", ""KIA""]","[""STRAIGHT AHEAD""]","[""JOURNEY"", ""SOUL""]","[""Y""]","[""33"", ""74""]","[""DEPLOYED, COMBINATION"", ""NOT APPLICABLE""]","[""NONE""]","[""NO INDICATION OF INJURY""]","[""O2155872"", ""O2155873""]"
STRAIGHT AND LEVEL,925,2025-09-22T14:30:00.000,2,14,9,5d2d4e2c98bcecbbf79f350f5877b35d63ada22c61d4c05804a6da0dc6e5a8f7c8fcc55458a141a0986a975138f2a584ffa5a63a18515c5f479f0754f96cda15,NO INJURY / DRIVE AWAY,"$501 - $1,500",2025-09-22T14:40:00.000,FUNCTIONING PROPERLY,REAR TO FRONT,,0,0,2,0,0,0,0,41.8126042533,DAYLIGHT,-87.6455744863,NO INDICATION OF INJURY,2,30,UNABLE TO DETERMINE,ON SCENE,NO DEFECTS,DRY,UNABLE TO DETERMINE,,W,45TH ST,798,TRAFFIC SIGNAL,NOT DIVIDED,CLEAR,,,,,,,2,2,"{""coordinates"": [-87.645574486336, 41.812604253252], ""type"": ""Point""}","[""FRONT"", ""REAR""]","[""CIMATTI"", ""MITSUBISHI""]","[""BACKING"", ""SLOW/STOP IN TRAFFIC""]","[""CIMATTI"", ""OUTLANDER""]",[],"[""25"", ""70""]","[""NOT APPLICABLE""]","[""NONE""]","[""NO INDICATION OF INJURY""]","[""O2155812"", ""O2155813""]"
STRAIGHT AND LEVEL,1713,2025-09-22T14:30:00.000,2,14,9,ec5616fb745b4e547ed3c5571594afa84e370ef8654f43cc2b7c07113fae09c3d7bf1c3dc286cf70cf9f83a30e5eb3550e1d78926fc6d114807b9c83f5e788d4,NO INJURY / DRIVE AWAY,"OVER $1,500",2025-09-22T14:50:00.000,FUNCTIONING PROPERLY,SIDESWIPE SAME DIRECTION,Y,0,0,2,0,0,0,0,41.9647978515,DAYLIGHT,-87.7011686956,NO INDICATION OF INJURY,2,20,UNABLE TO DETERMINE,NOT ON SCENE (DESK REPORT),NO DEFECTS,DRY,UNABLE TO DETERMINE,,N,FRANCISCO AVE,4600,STOP SIGN/FLASHER,ONE-WAY,CLEAR,,,,,,,2,2,"{""coordinates"": [-87.701168695559, 41.964797851465], ""type"": ""Point""}","[""SIDE-RIGHT-FRONT"", ""UNKNOWN""]","[""TOYOTA""]","[""PASSING/OVERTAKING"", ""SLOW/STOP IN TRAFFIC""]","[""CAMRY"", ""RAV4""]",[],"[""32""]","[""DEPLOYMENT UNKNOWN"", ""NOT APPLICABLE""]","[""NONE""]","[""NO INDICATION OF INJURY""]","[""O2155776"", ""O2155777""]"
STRAIGHT AND LEVEL,2521,2025-09-22T14:40:00.000,2,14,9,27551aa714e6ab76fefce849964b63dff2897ed12dd5ffffd4a22d1f44c87cace6e7126715730909efaf0f5f02f232c420dbadf03e13c4aeaf5f8928e439cc5b,NO INJURY / DRIVE AWAY,"OVER $1,500",2025-09-22T16:40:00.000,NO CONTROLS,REAR TO SIDE,,0,0,2,0,0,0,0,41.9316889194,DAYLIGHT,-87.7430169468,NO INDICATION OF INJURY,2,15,UNABLE TO DETERMINE,ON SCENE,UNKNOWN,DRY,UNABLE TO DETERMINE,,W,DIVERSEY AVE,4626,NO CONTROLS,PARKING LOT,CLEAR,,,,,,,2,2,"{""coordinates"": [-87.743016946831, 41.931688919351], ""type"": ""Point""}","[""SIDE-RIGHT-FRONT"", ""SIDE-RIGHT-REAR""]","[""FORD"", ""TOYOTA""]","[""BACKING"", ""STRAIGHT AHEAD""]","[""CAMRY"", ""ECOSPORT""]",[],"[""23""]","[""NOT APPLICABLE""]","[""NONE""]","[""NO INDICATION OF INJURY""]","[""O2155851"", ""O2155852""]"
STRAIGHT AND LEVEL,824,2025-09-22T14:40:00.000,2,14,9,6bd33824dad1cf868be78a0f1f437d28b05d8521618377f26870baeab197a9576a0a0b7fbfac4f8ff87190c56b13cd03d57d8849dd0f2ae097052c889a66caf4,NO INJURY / DRIVE AWAY,"OVER $1,500",2025-09-22T15:58:00.000,NO CONTROLS,ANGLE,,0,0,2,0,0,0,0,41.7881400656,DAYLIGHT,-87.6934981711,NO INDICATION OF INJURY,2,30,UNABLE TO DETERMINE,NOT ON SCENE (DESK REPORT),NO DEFECTS,DRY,UNABLE TO DETERMINE,,S,CALIFORNIA AVE,5801,STOP SIGN/FLASHER,NOT DIVIDED,CLEAR,,,,,,,2,2,"{""coordinates"": [-87.693498171145, 41.788140065584], ""type"": ""Point""}","[""FRONT-LEFT-CORNER"", ""SIDE-RIGHT-REAR""]","[""DODGE"", ""KIA""]","[""STRAIGHT AHEAD""]","[""JOURNEY"", ""SOUL""]",[],"[""43"", ""74""]","[""NOT APPLICABLE""]","[""NONE""]","[""NO INDICATION OF INJURY""]","[""O2155802"", ""O2155803""]"