alignment,beat_of_occurrence,crash_date,crash_day_of_week,crash_hour,crash_month,crash_record_id,crash_type,damage,date_police_notified,device_condition,first_crash_type,hit_and_run_i,injuries_fatal,injuries_incapacitating,injuries_no_indication,injuries_non_incapacitating,injuries_reported_not_evident,injuries_total,injuries_unknown,latitude,lighting_condition,longitude,most_severe_injury,num_units,posted_speed_limit,prim_contributory_cause,report_type,road_defect,roadway_surface_cond,sec_contributory_cause,statements_taken_i,street_direction,street_name,street_no,traffic_control_device,trafficway_type,weather_condition,crash_date_est_i,intersection_related_i,photos_taken_i,work_zone_i,dooring_i,private_property_i,veh_count,ppl_count,location_json,veh_first_contact_point_list_json,veh_make_list_json,veh_maneuver_list_json,veh_model_list_json,veh_towed_i_list_json,ppl_age_list_json,ppl_airbag_deployed_list_json,ppl_ejection_list_json,ppl_injury_classification_list_json,ppl_person_id_list_json
STRAIGHT AND LEVEL,1722,2025-09-22T16:30:00.000,2,16,9,9e4d5c47dd1671d2054141f6339f6e0db55a5ddb0155e8b4e61704a9005c7fc4ea3825d46241fafb6ab055c02babec1122db471e09aedabb1147a2e31dee3c84,NO INJURY / DRIVE AWAY,"$501 - $1,500",2025-09-22T17:50:00.000,NO CONTROLS,REAR END,,0,0,2,0,0,0,0,41.9681046544,DAYLIGHT,-87.730537781,NO INDICATION OF INJURY,2,30,UNABLE TO DETERMINE,NOT ON SCENE (DESK REPORT),NO DEFECTS,DRY,UNABLE TO DETERMINE,,W,LAWRENCE AVE,4101,NO CONTROLS,DIVIDED - W/MEDIAN (NOT RAISED),CLEAR,,,,,,,2,2,"{""coordinates"": [-87.730537780991, 41.968104654364], ""type"": ""Point""}","[""REAR"", ""UNKNOWN""]","[""HONDA"", ""HYUNDAI""]","[""STRAIGHT AHEAD""]","[""CIVIC"", ""SANTA FE""]",[],"[""31"", ""66""]","[""NOT APPLICABLE""]","[""NONE""]","[""NO INDICATION OF INJURY""]","[""O2155935"", ""O2155936""]"
STRAIGHT AND LEVEL,1023,2025-09-22T16:35:00.000,2,16,9,93cb3926e4a6a6af80edcb1507c2ad7ad062ff6937741cc520bfa5345419ee4dd5fcd920c3b5ba322a870862b92399b4d6455a28f6397ac793d7ea625a68bb0c,NO INJURY / DRIVE AWAY,"OVER $1,500",2025-09-22T17:15:00.000,NO CONTROLS,TURNING,Y,0,0,4,0,0,0,0,41.8636345944,DAYLIGHT,-87.6888460271,NO INDICATION OF INJURY,2,30,UNABLE TO DETERMINE,NOT ON SCENE (DESK REPORT),UNKNOWN,DRY,UNABLE TO DETERMINE,,W,OGDEN AVE,2501,NO CONTROLS,DIVIDED - W/MEDIAN BARRIER,CLEAR,,Y,,,,,2,4,"{""coordinates"": [-87.688846027137, 41.863634594388], ""type"": ""Point""}","[""FRONT"", ""SIDE-RIGHT""]","[""CHEVROLET"", ""UNKNOWN""]","[""STRAIGHT AHEAD"", ""TURNING LEFT""]","[""MOTORIZED"", ""TAHOE""]",[],"[""25"", ""32"", ""45""]","[""DEPLOYMENT UNKNOWN"", ""DID NOT DEPLOY""]","[""NONE""]","[""NO INDICATION OF INJURY""]","[""O2155907"", ""O2155908"", ""P475838"", ""P475840""]"
STRAIGHT AND LEVEL,432,2025-09-22T16:49:00.000,2,16,9,34c93706ef2a73b122e540cd13d20c28b8ad37401da2a8b888795566f62428f006d0a529ee96e7a6b22642730518e7925eeccdf7557defc39a40212a249d1a94,NO INJURY / DRIVE AWAY,"$501 - $1,500",2025-09-22T16:50:00.000,NO CONTROLS,PARKED MOTOR VEHICLE,,0,0,2,0,0,0,0,41.7064975288,DAYLIGHT,-87.5329307932,NO INDICATION OF INJURY,2,20,DISTRACTION - FROM INSIDE VEHICLE,ON SCENE,NO DEFECTS,DRY,DISTRACTION - FROM INSIDE VEHICLE,,E,104TH ST,3730,NO CONTROLS,NOT DIVIDED,CLEAR,,,,,,,2,2,"{""coordinates"": [-87.532930793169, 41.706497528761], ""type"": ""Point""}","[""FRONT-RIGHT-CORNER"", ""SIDE-LEFT-REAR""]","[""BUICK"", ""TOYOTA""]","[""PARKED"", ""STRAIGHT AHEAD""]","[""ENCLAVE"", ""SIENNA""]",[],"[""34""]","[""NOT APPLICABLE""]","[""NONE""]","[""NO INDICATION OF INJURY""]","[""O2155868"", ""P475821""]"
STRAIGHT AND LEVEL,923,2025-09-22T16:50:00.000,2,16,9,2d0dc6b509fed6a4d23635f3b31f3ff3373faa7c6355698f036ee34c84ba4e1d100d01d32352564b11ece73ee720cb75a85bd5b86ac9103c90a8381c448e7844,NO INJURY / DRIVE AWAY,"OVER $1,500",2025-09-22T18:41:00.000,NO CONTROLS,ANGLE,,0,0,2,0,0,0,0,41.7991036136,DAYLIGHT,-87.7036552015,NO INDICATION OF INJURY,2,25,FAILING TO YIELD RIGHT-OF-WAY,NOT ON SCENE (DESK REPORT),NO DEFECTS,DRY,NOT APPLICABLE,,W,52ND ST,3164,NO CONTROLS,ONE-WAY,CLEAR,,,,,,,2,2,"{""coordinates"": [-87.70365520152, 41.799103613619], ""type"": ""Point""}","[""FRONT"", ""SIDE-LEFT-FRONT""]","[""NISSAN"", ""TESLA""]","[""STRAIGHT AHEAD""]","[""MODEL 3"", ""ROGUE""]",[],"[""29"", ""34""]","[""NOT APPLICABLE""]","[""NONE""]","[""NO INDICATION OF INJURY""]","[""O2155980"", ""O2155981""]"
STRAIGHT AND LEVEL,624,2025-09-22T16:50:00.000,2,16,9,6b7a32fbc547002a37ec8080cbbc267da1438b037db021e9e709ac20194fe7010109a61f1fbd4aaea2e5a88146e99a67a0c3a007b4a359a9f47977862ea24924,NO INJURY / DRIVE AWAY,"OVER $1,500",2025-09-22T17:56:00.000,UNKNOWN,SIDESWIPE SAME DIRECTION,,0,0,2,0,0,0,0,41.7568458985,DAYLIGHT,-87.605494637,NO INDICATION OF INJURY,2,25,UNABLE TO DETERMINE,NOT ON SCENE (DESK REPORT),UNKNOWN,DRY,UNABLE TO DETERMINE,,S,COTTAGE GROVE AVE,7560,TRAFFIC SIGNAL,NOT DIVIDED,CLEAR,,,,,,,2,2,"{""coordinates"": [-87.60549463696, 41.756845898506], ""type"": ""Point""}","[""SIDE-LEFT"", ""SIDE-RIGHT""]","[""AUDI"", ""CHRYSLER""]","[""PASSING/OVERTAKING"", ""STRAIGHT AHEAD""]","[""200"", ""OTHER (EXPLAIN IN NARRATIVE)""]",[],"[""31"", ""50""]","[""DID NOT DEPLOY""]","[""NONE""]","[""NO INDICATION OF INJURY""]","[""O2155938"", ""O2155939""]"
STRAIGHT AND LEVEL,114,2025-09-22T16:50:00.000,2,16,9,f316daa6db3880fc3cbbf332c15225c583b9839c16f17b29f1356602b19a7c642f22d9ccbf16e4607b85148082af8bb6f1886ced4942a4287232acbdf36dac35,NO INJURY / DRIVE AWAY,$500 OR LESS,2025-09-24T18:20:00.000,FUNCTIONING PROPERLY,REAR END,Y,0,0,4,0,0,0,0,41.8808560477,DAYLIGHT,-87.6176358918,NO INDICATION OF INJURY,3,30,FOLLOWING TOO CLOSELY,NOT ON SCENE (DESK REPORT),NO DEFECTS,DRY,UNABLE TO DETERMINE,,S,LAKE SHORE DR SB,100,TRAFFIC SIGNAL,DIVIDED - W/MEDIAN BARRIER,CLEAR,,,,,,,3,4,"{""coordinates"": [-87.617635891755, 41.880856047671], ""type"": ""Point""}","[""FRONT"", ""REAR""]","[""KIA"", ""NISSAN"", ""UNKNOWN""]","[""SLOW/STOP IN TRAFFIC"", ""STRAIGHT AHEAD""]","[""MAXIMA"", ""OTHER (EXPLAIN IN NARRATIVE)"", ""TELLURIDE""]",[],"[""49""]","[""DID NOT DEPLOY""]","[""NONE""]","[""NO INDICATION OF INJURY""]","[""O2157274"", ""O2157275"", ""O2157276"", ""P476096""]"
STRAIGHT AND LEVEL,233,2025-09-22T16:51:00.000,2,16,9,b23a9952ef5dc2cc78f3a93b295ce6bf28ac0ba11b38dd3fe8e0fa45523001f46c08c42a76958ee22fcd00c357fa37711666ce7bfe620cfe99b787b5917c5c9b,INJURY AND / OR TOW DUE TO CRASH,$500 OR LESS,2025-09-22T16:52:00.000,NO CONTROLS,PEDALCYCLIST,,0,0,1,0,1,1,0,41.8003414792,DAYLIGHT,-87.6064981445,"REPORTED, NOT EVIDENT",2,30,DRIVING SKILLS/KNOWLEDGE/EXPERIENCE,NOT ON SCENE (DESK REPORT),NO DEFECTS,DRY,DRIVING SKILLS/KNOWLEDGE/EXPERIENCE,,S,COTTAGE GROVE AVE,5200,NO CONTROLS,ALLEY,CLEAR,,,,,,,2,2,"{""coordinates"": [-87.606498144493, 41.800341479197], ""type"": ""Point""}","[""FRONT-LEFT-CORNER""]","[""CHEVROLET""]","[""STRAIGHT AHEAD""]","[""EQUINOX""]",[],"[""17"", ""48""]","[""DID NOT DEPLOY""]","[""NONE""]","[""NO INDICATION OF INJURY"", ""REPORTED, NOT EVIDENT""]","[""O2155937"", ""O2155944""]"
STRAIGHT AND LEVEL,613,2025-09-22T16:55:00.000,2,16,9,316457d462757b402fe7cc43f0e5e7c6c44b060be72af898394270b1779b121095606167ba341bf05cf76590d41b23981abe44c1a23013066e4eef6f186ba9fb,NO INJURY / DRIVE AWAY,"$501 - $1,500",2025-09-22T16:56:00.000,NO CONTROLS,REAR END,,0,0,4,0,0,0,0,41.736026463,DAYLIGHT,-87.6544981044,NO INDICATION OF INJURY,2,30,IMPROPER LANE USAGE,ON SCENE,NO DEFECTS,DRY,DRIVING SKILLS/KNOWLEDGE/EXPERIENCE,N,W,87TH ST,1228,STOP SIGN/FLASHER,DIVIDED - W/MEDIAN BARRIER,CLEAR,,Y,,,,,2,4,"{""coordinates"": [-87.654498104405, 41.736026463044], ""type"": ""Point""}","[""FRONT-RIGHT-CORNER"", ""REAR-LEFT-CORNER""]","[""DODGE"", ""NISSAN""]","[""CHANGING LANES"", ""STRAIGHT AHEAD""]","[""RAM 1500 PU"", ""SENTRA""]",[],"[""0"", ""10"", ""29"", ""63""]","[""DID NOT DEPLOY""]","[""NONE""]","[""NO INDICATION OF INJURY""]","[""O2155940"", ""O2155941"", ""P475842"", ""P475844""]"
STRAIGHT ON GRADE,611,2025-09-22T16:59:00.000,2,16,9,db481b12a2a35570477deb6e6a176febc803ec256267c531a9c470fb34a92591b15dac5008cca92e0b522a8347efa0ee07dcba07e23ae2df7792780cef48b10d,NO INJURY / DRIVE AWAY,"OVER $1,500",2025-09-22T17:20:00.000,FUNCTIONING PROPERLY,TURNING,,0,0,4,0,0,0,0,41.7503404373,DAYLIGHT,-87.6731968977,NO INDICATION OF INJURY,2,30,FAILING TO YIELD RIGHT-OF-WAY,NOT ON SCENE (DESK REPORT),NO DEFECTS,DRY,FAILING TO REDUCE SPEED TO AVOID CRASH,,W,79TH ST,2000,TRAFFIC SIGNAL,FOUR WAY,CLEAR,,Y,,,,,2,4,"{""coordinates"": [-87.673196897732, 41.750340437281], ""type"": ""Point""}","[""FRONT-LEFT-CORNER"", ""FRONT-RIGHT-CORNER""]","[""AUDI"", ""BUICK""]","[""STRAIGHT AHEAD"", ""TURNING LEFT""]","[""A3"", ""ENVISION""]",[],"[""22"", ""44"", ""91"", ""93""]","[""DID NOT DEPLOY""]","[""NONE""]","[""NO INDICATION OF INJURY""]","[""O2155955"", ""O2155956"", ""P475855"", ""P475856""]"
STRAIGHT AND LEVEL,1624,2025-09-22T17:00:00.000,2,17,9,fd5284a05374afe04be026f130c0cd1b77642c8320248fc16094b91da9500fb9badccc22f01dfa71e00407e008f96e5a290a802624e5cc9b29d6be0b130998cf,NO INJURY / DRIVE AWAY,"$501 - $1,500",2025-09-23T07:45:00.000,NO CONTROLS,PARKED MOTOR VEHICLE,Y,0,0,1,0,0,0,0,41.9587037902,"DARKNESS, LIGHTED ROAD",-87.7541811577,NO INDICATION OF INJURY,2,30,IMPROPER LANE USAGE,NOT ON SCENE (DESK REPORT),NO DEFECTS,WET,UNABLE TO DETERMINE,,W,CULLOM AVE,5033,STOP SIGN/FLASHER,ONE-WAY,RAIN,,,,,,,2,1,"{""coordinates"": [-87.754181157725, 41.9587037902], ""type"": ""Point""}","[""FRONT"", ""REAR-LEFT-CORNER""]","[""HYUNDAI"", ""UNKNOWN""]","[""PARKED"", ""STRAIGHT AHEAD""]","[""OTHER (EXPLAIN IN NARRATIVE)"", ""SANTA FE""]",[],[],"[""DEPLOYMENT UNKNOWN""]","[""NONE""]","[""NO INDICATION OF INJURY""]","[""O2156167""]"
STRAIGHT AND LEVEL,1831,2025-09-22T17:00:00.000,2,17,9,fe44f9ec39279fc979db6a09e04e19df3ace2dbc7b65bc04a5f23a870c07d0a63dd8a37522a4797143c908b0e4044c3bb5cf8f835665ab8f92bb9f5810a5111b,NO INJURY / DRIVE AWAY,"OVER $1,500",2025-09-22T17:41:00.000,UNKNOWN,SIDESWIPE OPPOSITE DIRECTION,,0,0,2,0,0,0,0,41.8914334476,UNKNOWN,-87.6371863262,NO INDICATION OF INJURY,2,25,NOT APPLICABLE,NOT ON SCENE (DESK REPORT),UNKNOWN,UNKNOWN,NOT APPLICABLE,,W,GRAND AVE,343,UNKNOWN,NOT DIVIDED,UNKNOWN,,,,,,,2,2,"{""coordinates"": [-87.63718632616, 41.891433447635], ""type"": ""Point""}","[""FRONT"", ""SIDE-RIGHT""]","[""JEEP"", ""LEXUS""]","[""UNKNOWN/NA""]","[""CHEROKEE"", ""CT200H""]",[],"[""25"", ""27""]","[""NOT APPLICABLE""]","[""NONE""]","[""NO INDICATION OF INJURY""]","[""O2155927"", ""O2155928""]"
STRAIGHT AND LEVEL,611,2025-09-22T17:01:00.000,2,17,9,04e2bbd065a6344bf8989fd63dc8472f4c38043803c36f2869ef929938a1e916a6f153a79f88409033dbb365396893fb4d061480ba658df779276dc253ace4ae,NO INJURY / DRIVE AWAY,"OVER $1,500",2025-09-22T22:00:00.000,FUNCTIONING PROPERLY,TURNING,,0,0,4,0,0,0,0,41.7503420616,DAYLIGHT,-87.6730023909,NO INDICATION OF INJURY,2,30,UNABLE TO DETERMINE,NOT ON SCENE (DESK REPORT),UNKNOWN,DRY,UNABLE TO DETERMINE,,W,79TH ST,1956,TRAFFIC SIGNAL,FOUR WAY,CLEAR,,Y,,,,,2,4,"{""coordinates"": [-87.673002390874, 41.750342061599], ""type"": ""Point""}","[""FRONT"", ""REAR-LEFT-CORNER""]","[""AUDI"", ""BUICK""]","[""STRAIGHT AHEAD"", ""TURNING LEFT""]","[""A3"", ""ENVISION""]",[],"[""22"", ""91""]","[""DEPLOYMENT UNKNOWN"", ""NOT APPLICABLE""]","[""NONE""]","[""NO INDICATION OF INJURY""]","[""O2156084"", ""O2156085"", ""P475868"", ""P475869""]"
STRAIGHT AND LEVEL,1115,2025-09-22T17:15:00.000,2,17,9,42d560a2096e0636f6737ac3b3f1803094d64fb8d40c4af82a5f37e0751d5cb5aa1ae396740966c71aa1a8caec4c0d63fff3b52924d9464213ea16741db337b0,NO INJURY / DRIVE AWAY,"OVER $1,500",2025-09-22T18:20:00.000,NO CONTROLS,REAR END,,0,0,2,0,0,0,0,41.8807760078,DAYLIGHT,-87.7306983837,NO INDICATION OF INJURY,2,30,NOT APPLICABLE,NOT ON SCENE (DESK REPORT),NO DEFECTS,WET,NOT APPLICABLE,,W,MADISON ST,4200,TRAFFIC SIGNAL,NOT DIVIDED,CLEAR,,Y,,,,,2,2,"{""coordinates"": [-87.730698383664, 41.880776007835], ""type"": ""Point""}","[""FRONT"", ""UNKNOWN""]","[""FORD"", ""HONDA""]","[""STRAIGHT AHEAD""]","[""ESCAPE"", ""OTHER (EXPLAIN IN NARRATIVE)""]",[],"[""36""]","[""DID NOT DEPLOY""]","[""NONE""]","[""NO INDICATION OF INJURY""]","[""O2155963"", ""O2155964""]"
STRAIGHT AND LEVEL,1632,2025-09-22T17:15:00.000,2,17,9,e4a71dce1f3138bd0ae893092987b7d996188721580ab437815b720a2e20f5c5a1511a52e6da29d93a0a3a0b9c20dc36facc83a1d70c84b9076cc2a90c94dbd0,NO INJURY / DRIVE AWAY,"OVER $1,500",2025-09-22T18:04:00.000,NO CONTROLS,SIDESWIPE SAME DIRECTION,,0,0,2,0,0,0,0,41.9417008704,DAYLIGHT,-87.7959814923,NO INDICATION OF INJURY,2,25,FAILING TO YIELD RIGHT-OF-WAY,ON SCENE,NO DEFECTS,DRY,NOT APPLICABLE,,W,ROSCOE ST,6803,NO CONTROLS,NOT DIVIDED,CLEAR,,,,,,,2,2,"{""coordinates"": [-87.795981492322, 41.941700870366], ""type"": ""Point""}","[""FRONT-LEFT-CORNER"", ""SIDE-RIGHT""]","[""HYUNDAI"", ""SUBARU""]","[""ENTERING TRAFFIC LANE FROM PARKING"", ""STRAIGHT AHEAD""]","[""FORESTER"", ""TUCSON""]",[],"[""53"", ""74""]","[""DID NOT DEPLOY""]","[""NONE""]","[""NO INDICATION OF INJURY""]","[""O2155988"", ""O2155989""]"
STRAIGHT AND LEVEL,925,2025-09-22T17:18:00.000,2,17,9,6becffd815158b13473243f85245056a2fcbc6041b69b0e35ab8f671c4c3786eeaaf4ed1b6afd2ae4236094e124a3002cdd5630ab789bec1c17394ed897df6b2,INJURY AND / OR TOW DUE TO CRASH,"OVER $1,500",2025-09-22T17:24:00.000,FUNCTIONING PROPERLY,PEDALCYCLIST,,0,0,1,0,1,1,0,41.8234414328,DAYLIGHT,-87.6386742639,"REPORTED, NOT EVIDENT",2,30,FAILING TO YIELD RIGHT-OF-WAY,ON SCENE,NO DEFECTS,DRY,IMPROPER TURNING/NO SIGNAL,,W,PERSHING RD,501,TRAFFIC SIGNAL,NOT DIVIDED,CLEAR,,,,,,,2,2,"{""coordinates"": [-87.638674263883, 41.82344143278], ""type"": ""Point""}","[""FRONT-RIGHT-CORNER""]","[""HONDA""]","[""TURNING RIGHT""]","[""CIVIC""]",[],"[""18"", ""70""]","[""NOT APPLICABLE""]","[""NONE""]","[""NO INDICATION OF INJURY"", ""REPORTED, NOT EVIDENT""]","[""O2155923"", ""O2155924""]"
STRAIGHT AND LEVEL,723,2025-09-22T17:30:00.000,2,17,9,d55645288712bf0a80d846043e65159bb91fbcc1096e655590cf021e1ff7c384270b0799dd78a1d7422cb9b60b6040cfc198b75caad39b2a106f86e59eda90b6,NO INJURY / DRIVE AWAY,"OVER $1,500",2025-09-22T19:42:00.000,UNKNOWN,TURNING,,0,0,2,0,0,0,0,41.7796447494,DAYLIGHT,-87.6444216475,NO INDICATION OF INJURY,2,30,UNABLE TO DETERMINE,NOT ON SCENE (DESK REPORT),UNKNOWN,DRY,UNABLE TO DETERMINE,,W,63RD ST,745,TRAFFIC SIGNAL,FOUR WAY,CLEAR,,,,,,,2,2,"{""coordinates"": [-87.644421647468, 41.779644749431], ""type"": ""Point""}","[""FRONT-LEFT-CORNER""]","[""NISSAN"", ""PONTIAC""]","[""STRAIGHT AHEAD"", ""U-TURN""]","[""G6"", ""MAXIMA""]",[],"[""59""]","[""DEPLOYMENT UNKNOWN"", ""NOT APPLICABLE""]","[""NONE""]","[""NO INDICATION OF INJURY""]","[""O2156020"", ""O2156021""]"
STRAIGHT AND LEVEL,1732,2025-09-22T17:39:00.000,2,17,9,ab271e0e20c195e3748176a71ea80e1a85072cdb00e015767246bc02ebed4a19d761b4a54ecc6f3da0552459c2a9f2208c0040d0c4ed9e4fe9ff18631602b2cb,INJURY AND / OR TOW DUE TO CRASH,"OVER $1,500",2025-09-22T17:45:00.000,FUNCTIONING PROPERLY,PEDESTRIAN,,0,0,3,1,0,1,0,41.9393251925,DAWN,-87.7174616251,NONINCAPACITATING INJURY,2,30,FAILING TO YIELD RIGHT-OF-WAY,ON SCENE,UNKNOWN,UNKNOWN,DRIVING SKILLS/KNOWLEDGE/EXPERIENCE,,W,BELMONT AVE,3600,TRAFFIC SIGNAL,FOUR WAY,CLEAR,,Y,,,,,2,4,"{""coordinates"": [-87.717461625053, 41.939325192495], ""type"": ""Point""}","[""FRONT-LEFT-CORNER""]","[""CHEVROLET""]","[""TURNING LEFT""]","[""TAHOE""]",[],"[""35"", ""58""]","[""DEPLOYMENT UNKNOWN""]","[""UNKNOWN""]","[""NO INDICATION OF INJURY"", ""NONINCAPACITATING INJURY""]","[""O2155986"", ""O2155987"", ""P475853"", ""P475854""]"
STRAIGHT AND LEVEL,2522,2025-09-22T17:40:00.000,2,17,9,ea58419195a08f315509ca377905d1b958cee7a9d3f2f6a32c0e9492f891c34594b5df5342ad10c3a1b30dbe1797447f91bb2e52013f36e94741ba898bf8953a,NO INJURY / DRIVE AWAY,$500 OR LESS,2025-09-22T17:42:00.000,NO CONTROLS,PEDALCYCLIST,,0,0,2,0,0,0,0,41.9170691133,DAYLIGHT,-87.7438185051,NO INDICATION OF INJURY,2,30,IMPROPER TURNING/NO SIGNAL,ON SCENE,UNKNOWN,DRY,NOT APPLICABLE,,W,ARMITAGE AVE,4700,NO CONTROLS,FOUR WAY,CLEAR,,Y,,,,,2,2,"{""coordinates"": [-87.743818505092, 41.917069113336], ""type"": ""Point""}","[""FRONT-RIGHT-CORNER""]","[""HONDA""]","[""STRAIGHT AHEAD""]","[""CR-V""]",[],"[""21"", ""60""]","[""DID NOT DEPLOY""]","[""NONE"", ""UNKNOWN""]","[""NO INDICATION OF INJURY""]","[""O2155967"", ""O2155968""]"
STRAIGHT AND LEVEL,1912,2025-09-22T17:45:00.000,2,17,9,2024972e6ee25e6b209e3ec3b8f255f2da24e1015326a7415188087441f59836fd8284a71212c55753d0241e119d2482a568b2781b915424ef82447ce637bfea,NO INJURY / DRIVE AWAY,"$501 - $1,500",2025-09-23T13:00:00.000,NO CONTROLS,PEDALCYCLIST,,0,0,2,0,0,0,0,41.9628474328,DAYLIGHT,-87.6788684554,NO INDICATION OF INJURY,2,20,FOLLOWING TOO CLOSELY,NOT ON SCENE (DESK REPORT),NO DEFECTS,DRY,UNABLE TO DETERMINE,,N,DAMEN AVE,4447,NO CONTROLS,NOT DIVIDED,CLEAR,,,,,,,2,2,"{""coordinates"": [-87.678868455436, 41.962847432848], ""type"": ""Point""}","[""REAR""]","[""FIAT""]","[""STRAIGHT AHEAD""]","[""OTHER (EXPLAIN IN NARRATIVE)""]",[],"[""50""]","[""DID NOT DEPLOY""]","[""NONE""]","[""NO INDICATION OF INJURY""]","[""O2156400"", ""O2156401""]"
STRAIGHT AND LEVEL,211,2025-09-22T17:45:00.000,2,17,9,2ed62f2d111ab5733fc57b93e535a586d89a38a0727e5b74783221b4ff578d668eebf646c202337b673063af9456bf1a2e781af2f2ff07d4f6c47b90b6d57281,NO INJURY / DRIVE AWAY,"OVER $1,500",2025-09-22T19:30:00.000,FUNCTIONING PROPERLY,TURNING,,0,0,2,0,0,0,0,41.8382745926,DAYLIGHT,-87.6217807489,NO INDICATION OF INJURY,2,25,UNABLE TO DETERMINE,,NO DEFECTS,DRY,UNABLE TO DETERMINE,,S,INDIANA AVE,3101,TRAFFIC SIGNAL,NOT DIVIDED,CLEAR,,,,,,,2,2,"{""coordinates"": [-87.621780748937, 41.838274592629], ""type"": ""Point""}","[""FRONT-LEFT-CORNER"", ""SIDE-RIGHT""]","[""BMW"", ""MACK TRUCKS, INC.""]","[""TURNING RIGHT""]","[""MACK TRUCKS, INC."", ""OTHER (EXPLAIN IN NARRATIVE)""]",[],"[""46""]","[""DEPLOYMENT UNKNOWN"", ""NOT APPLICABLE""]","[""NONE""]","[""NO INDICATION OF INJURY""]","[""O2156540"", ""O2156541""]"
STRAIGHT AND LEVEL,2024,2025-09-22T17:45:00.000,2,17,9,f27c9b7befa9a438af1fc456b4c420e8a53942f0206c763d28d5aa15959af34134246deea468d12fbfc4c1df2f50d016790d2148672bf3fedf15a8ab9d72fe56,NO INJURY / DRIVE AWAY,"$501 - $1,500",2025-09-22T17:53:00.000,NO CONTROLS,TURNING,,0,0,2,0,0,0,0,41.9762914823,DAYLIGHT,-87.6546452073,NO INDICATION OF INJURY,2,30,FAILING TO REDUCE SPEED TO AVOID CRASH,ON SCENE,NO DEFECTS,DRY,NOT APPLICABLE,,W,FOSTER AVE,955,NO CONTROLS,FOUR WAY,CLEAR,,,,,,,2,2,"{""coordinates"": [-87.654645207284, 41.976291482315], ""type"": ""Point""}","[""FRONT-LEFT-CORNER"", ""REAR-LEFT-CORNER""]","[""FORD"", ""HYUNDAI""]","[""STRAIGHT AHEAD"", ""TURNING LEFT""]","[""FUSION"", ""GENESIS""]",[],"[""36"", ""50""]","[""DID NOT DEPLOY""]","[""NONE""]","[""NO INDICATION OF INJURY""]","[""O2156004"", ""O2156005""]"
STRAIGHT AND LEVEL,1121,2025-09-22T17:46:00.000,2,17,9,b8c63cf0fba76a7dc4c66ca1621a1336184c8c2163371af48db6a62a08bc5c6b7c17fd08cd228ae24a662d14975154a1391265f1340f2d74a6d6bd045dc42691,INJURY AND / OR TOW DUE TO CRASH,"OVER $1,500",2025-09-22T17:53:00.000,FUNCTIONING PROPERLY,REAR END,,0,0,1,0,2,2,0,41.8997415592,DAYLIGHT,-87.7117227022,"REPORTED, NOT EVIDENT",2,30,FOLLOWING TOO CLOSELY,ON SCENE,UNKNOWN,DRY,NOT APPLICABLE,,N,HOMAN AVE,1020,TRAFFIC SIGNAL,NOT DIVIDED,CLEAR,,,,,,,2,3,"{""coordinates"": [-87.711722702172, 41.899741559167], ""type"": ""Point""}","[""FRONT"", ""REAR""]","[""HONDA"", ""SUBARU""]","[""STRAIGHT AHEAD""]","[""OTHER (EXPLAIN IN NARRATIVE)"", ""PILOT""]",[],"[""22"", ""31"", ""55""]","[""NOT APPLICABLE""]","[""NONE""]","[""NO INDICATION OF INJURY"", ""REPORTED, NOT EVIDENT""]","[""O2155976"", ""O2155977"", ""P475852""]"
"CURVE, LEVEL",1914,2025-09-22T17:48:00.000,2,17,9,34cdcac39eb27267608e9c35ef8285e483ec82154e97dd95813832bb1724415311cfb990cb11d27822b1483087efdb361d51853f8d6d9a0f49493538eb6dc2a3,INJURY AND / OR TOW DUE TO CRASH,"OVER $1,500",2025-09-22T17:50:00.000,NO CONTROLS,REAR END,,0,0,1,1,0,1,0,41.9657184879,DAYLIGHT,-87.6474766551,NONINCAPACITATING INJURY,2,40,FAILING TO REDUCE SPEED TO AVOID CRASH,ON SCENE,NO DEFECTS,DRY,NOT APPLICABLE,,N,LAKE SHORE DR NB,4600,NO CONTROLS,DIVIDED - W/MEDIAN BARRIER,CLEAR,,,,,,,2,2,"{""coordinates"": [-87.647476655051, 41.965718487888], ""type"": ""Point""}","[""FRONT"", ""REAR""]","[""MERCEDES-BENZ"", ""TOYOTA""]","[""STRAIGHT AHEAD""]","[""300 SERIES"", ""COROLLA""]","[""Y""]",[],"[""DID NOT DEPLOY""]","[""NONE""]","[""NO INDICATION OF INJURY"", ""NONINCAPACITATING INJURY""]","[""O2156042"", ""O2156043""]"
"CURVE, LEVEL",434,2025-09-22T17:53:00.000,2,17,9,5eb0c2c4e8d859b2c9d973563fe6ee2d4ecb7ab1120a18b6886bb7d3cd1959164d6e656a33d7a1c0b5929065cd59083f95545b2f46f8d55e7a61ed4c6f446598,INJURY AND / OR TOW DUE TO CRASH,"OVER $1,500",2025-09-22T17:53:00.000,NO CONTROLS,HEAD ON,,0,0,5,0,0,0,0,41.6637864084,DAYLIGHT,-87.591554741,NO INDICATION OF INJURY,2,30,DRIVING ON WRONG SIDE/WRONG WAY,ON SCENE,UNKNOWN,DRY,NOT APPLICABLE,,S,DOTY AVE E,12701,NO CONTROLS,NOT DIVIDED,CLEAR,,,,,,,2,5,"{""coordinates"": [-87.591554740959, 41.663786408387], ""type"": ""Point""}","[""FRONT""]","[""CHRYSLER"", ""DODGE""]","[""OTHER"", ""STRAIGHT AHEAD""]","[""CARAVAN"", ""DURANGO""]","[""Y""]",[],"[""DEPLOYMENT UNKNOWN""]","[""UNKNOWN""]","[""NO INDICATION OF INJURY""]","[""O2156032"", ""O2156033"", ""P475865"", ""P475866"", ""P475867""]"