alignment,beat_of_occurrence,crash_date,crash_day_of_week,crash_hour,crash_month,crash_record_id,crash_type,damage,date_police_notified,device_condition,first_crash_type,hit_and_run_i,injuries_fatal,injuries_incapacitating,injuries_no_indication,injuries_non_incapacitating,injuries_reported_not_evident,injuries_total,injuries_unknown,latitude,lighting_condition,longitude,most_severe_injury,num_units,posted_speed_limit,prim_contributory_cause,report_type,road_defect,roadway_surface_cond,sec_contributory_cause,statements_taken_i,street_direction,street_name,street_no,traffic_control_device,trafficway_type,weather_condition,crash_date_est_i,intersection_related_i,photos_taken_i,work_zone_i,dooring_i,private_property_i,veh_count,ppl_count,location_json,veh_first_contact_point_list_json,veh_make_list_json,veh_maneuver_list_json,veh_model_list_json,veh_towed_i_list_json,ppl_age_list_json,ppl_airbag_deployed_list_json,ppl_ejection_list_json,ppl_injury_classification_list_json,ppl_person_id_list_json
STRAIGHT AND LEVEL,1813,2025-09-22T17:55:00.000,2,17,9,aa0bebf3ab9a033ffe7e7876bc7461a77513024deb24563cfb23f2632c55e9d7831df5ef11d9d39c02318322795db885cf59cd23d15434162336e4e7e5ec2986,NO INJURY / DRIVE AWAY,"OVER $1,500",2025-09-22T20:14:00.000,NO CONTROLS,SIDESWIPE SAME DIRECTION,,0,0,3,0,0,0,0,41.9110063367,DAYLIGHT,-87.649736858,NO INDICATION OF INJURY,2,30,IMPROPER LANE USAGE,NOT ON SCENE (DESK REPORT),NO DEFECTS,DRY,DRIVING SKILLS/KNOWLEDGE/EXPERIENCE,,W,NORTH AVE,844,NO CONTROLS,NOT DIVIDED,CLEAR,,,,,,,2,3,"{""coordinates"": [-87.649736858022, 41.911006336744], ""type"": ""Point""}","[""FRONT-LEFT-CORNER"", ""FRONT-RIGHT-CORNER""]","[""FORD"", ""NISSAN""]","[""CHANGING LANES"", ""STRAIGHT AHEAD""]","[""FUSION"", ""NV CARGO""]",[],"[""23"", ""26"", ""30""]","[""DID NOT DEPLOY""]","[""NONE""]","[""NO INDICATION OF INJURY""]","[""O2156044"", ""O2156045"", ""P475859""]"
STRAIGHT AND LEVEL,935,2025-09-22T18:00:00.000,2,18,9,ecf7b6eaf9528a2b6dd2d6ab1dc872ee66a0a14a6e53ac5f5c37e633f556af5117617af3ff9d9014129993d3fb532eaab1b2da096327e7f95df898a83a856e95,NO INJURY / DRIVE AWAY,$500 OR LESS,2025-09-22T18:10:00.000,FUNCTIONING PROPERLY,PEDESTRIAN,Y,0,0,2,0,0,0,0,41.8089080695,DAYLIGHT,-87.6408262161,NO INDICATION OF INJURY,2,30,UNABLE TO DETERMINE,ON SCENE,NO DEFECTS,DRY,NOT APPLICABLE,,S,WALLACE ST,4700,TRAFFIC SIGNAL,FOUR WAY,CLEAR,,,,,,,2,2,"{""coordinates"": [-87.640826216105, 41.808908069506], ""type"": ""Point""}","[""UNKNOWN""]","[""UNKNOWN""]","[""STRAIGHT AHEAD""]","[""OTHER (EXPLAIN IN NARRATIVE)""]",[],"[""23""]","[""DEPLOYMENT UNKNOWN""]","[""NONE""]","[""NO INDICATION OF INJURY""]","[""O2155992"", ""O2155993""]"
STRAIGHT AND LEVEL,2511,2025-09-22T18:07:00.000,2,18,9,1ad32f5cf6aa23521a2c28f81b9a4be72699936e309148418eade42bfbce87992473c111f437f410c51b3bc21816b4e3440304ceb3fbb4abef68cd209410ddbf,NO INJURY / DRIVE AWAY,"OVER $1,500",2025-09-22T19:55:00.000,NO CONTROLS,REAR END,,0,0,2,0,0,0,0,41.9309371601,DUSK,-87.8000986146,NO INDICATION OF INJURY,2,35,UNABLE TO DETERMINE,NOT ON SCENE (DESK REPORT),UNKNOWN,UNKNOWN,UNABLE TO DETERMINE,,W,DIVERSEY AVE,6954,NO CONTROLS,NOT DIVIDED,CLEAR,,,,,,,2,2,"{""coordinates"": [-87.8000986146, 41.930937160101], ""type"": ""Point""}","[""FRONT"", ""REAR""]","[""BUICK"", ""CHEVROLET""]","[""STRAIGHT AHEAD""]","[""OTHER (EXPLAIN IN NARRATIVE)"", ""TRAVERSE""]",[],"[""16"", ""49""]","[""NOT APPLICABLE""]","[""NONE""]","[""NO INDICATION OF INJURY""]","[""O2156040"", ""O2156041""]"
STRAIGHT AND LEVEL,813,2025-09-22T18:10:00.000,2,18,9,07e50b0cdf75668f61ee2905abbfccade41176483297c889ef3253a751ddc2f4e2d1930a1ab52e95331ab8b567009eebde9746e85b5011b1f797e9e9a8270e90,NO INJURY / DRIVE AWAY,"OVER $1,500",2025-09-22T18:58:00.000,NO CONTROLS,ANGLE,,0,0,2,0,0,0,0,41.7805713641,DAYLIGHT,-87.7239730183,NO INDICATION OF INJURY,2,20,FAILING TO YIELD RIGHT-OF-WAY,NOT ON SCENE (DESK REPORT),NO DEFECTS,DRY,FAILING TO YIELD RIGHT-OF-WAY,,W,62ND ST,4024,NO CONTROLS,NOT DIVIDED,CLEAR,,,,,,,2,2,"{""coordinates"": [-87.723973018334, 41.780571364139], ""type"": ""Point""}","[""FRONT-RIGHT-CORNER"", ""SIDE-RIGHT-REAR""]","[""JEEP"", ""TOYOTA""]","[""STRAIGHT AHEAD""]","[""AVALON"", ""WRANGLER""]",[],"[""22"", ""26""]","[""NOT APPLICABLE""]","[""NONE""]","[""NO INDICATION OF INJURY""]","[""O2156000"", ""O2156001""]"
STRAIGHT AND LEVEL,1824,2025-09-22T18:10:00.000,2,18,9,3409d2f3544632d30ff38ec4b6fa66e992bb8f1d27afd93f250182ce0974890882fbc2bdba93937952ae1bc967245df584667d105ae5e7d9e3200e39100c322e,NO INJURY / DRIVE AWAY,"OVER $1,500",2025-09-23T14:20:00.000,NO CONTROLS,SIDESWIPE SAME DIRECTION,Y,0,0,3,0,0,0,0,41.9040223592,DAYLIGHT,-87.6251604244,NO INDICATION OF INJURY,2,45,IMPROPER OVERTAKING/PASSING,NOT ON SCENE (DESK REPORT),UNKNOWN,DRY,NOT APPLICABLE,,N,LAKE SHORE DR,1200,NO CONTROLS,OTHER,CLEAR,Y,,,,,,2,3,"{""coordinates"": [-87.625160424397, 41.90402235915], ""type"": ""Point""}","[""FRONT-LEFT-CORNER"", ""SIDE-RIGHT""]","[""FORD"", ""LINCOLN""]","[""CHANGING LANES"", ""STRAIGHT AHEAD""]","[""ESCAPE"", ""MKX""]",[],"[""55""]","[""DEPLOYMENT UNKNOWN"", ""NOT APPLICABLE""]","[""NONE""]","[""NO INDICATION OF INJURY""]","[""O2156460"", ""O2156461"", ""P475930""]"
STRAIGHT AND LEVEL,933,2025-09-22T18:10:00.000,2,18,9,90327efe365e7bfa45154c5977bd45443d406ef06ae601307e2326b78edc36c95abcac2f7054954a8ca08dcf42c15d94079d5850349072f8cf29f1a966e7c11b,NO INJURY / DRIVE AWAY,"$501 - $1,500",2025-09-22T18:25:00.000,FUNCTIONING PROPERLY,REAR END,Y,0,0,2,0,0,0,0,41.8086878811,DAYLIGHT,-87.6553867772,NO INDICATION OF INJURY,2,30,FOLLOWING TOO CLOSELY,NOT ON SCENE (DESK REPORT),NO DEFECTS,DRY,FOLLOWING TOO CLOSELY,,S,RACINE AVE,4700,TRAFFIC SIGNAL,NOT DIVIDED,CLEAR,,,,,,,2,2,"{""coordinates"": [-87.655386777207, 41.808687881101], ""type"": ""Point""}","[""FRONT"", ""REAR""]","[""FORD"", ""HONDA""]","[""STRAIGHT AHEAD""]","[""ACCORD"", ""ESCAPE""]",[],"[""26""]","[""NOT APPLICABLE""]","[""NONE""]","[""NO INDICATION OF INJURY""]","[""O2155978"", ""O2155979""]"
STRAIGHT AND LEVEL,1831,2025-09-22T18:10:00.000,2,18,9,e1e0603a6702e6ce27886dadf7d2f2acaabc8ce20dc28a14146a5c289f2ab07b821aa8f4826171b16ef9f59c07b1ea38b48024357eb8844a1643eecaa2f044c9,NO INJURY / DRIVE AWAY,"OVER $1,500",2025-09-22T20:22:00.000,NO CONTROLS,REAR END,Y,0,0,2,0,0,0,0,41.8924152017,DAYLIGHT,-87.6369089289,NO INDICATION OF INJURY,2,30,FOLLOWING TOO CLOSELY,NOT ON SCENE (DESK REPORT),NO DEFECTS,DRY,FOLLOWING TOO CLOSELY,,N,ORLEANS ST,601,NO CONTROLS,NOT DIVIDED,CLEAR,,,,,,,2,2,"{""coordinates"": [-87.636908928924, 41.892415201721], ""type"": ""Point""}","[""FRONT"", ""REAR""]","[""FORD"", ""TOYOTA""]","[""SLOW/STOP IN TRAFFIC"", ""STRAIGHT AHEAD""]","[""FUSION"", ""PRIUS""]",[],"[""59""]","[""DEPLOYMENT UNKNOWN"", ""NOT APPLICABLE""]","[""NONE""]","[""NO INDICATION OF INJURY""]","[""O2156050"", ""O2156051""]"
STRAIGHT AND LEVEL,414,2025-09-22T18:15:00.000,2,18,9,6f5c556dd67f1e415a303f15eb0b5e4e8c20f910e357897dbc04df23c032c4b37b532ea97757c5a2f7b7a233f7d5abbe6c8edac2307598278b46dedd899836fd,NO INJURY / DRIVE AWAY,"OVER $1,500",2025-09-22T18:20:00.000,UNKNOWN,SIDESWIPE SAME DIRECTION,Y,0,0,2,0,0,0,0,41.7569700964,DAYLIGHT,-87.5759544623,NO INDICATION OF INJURY,2,25,NOT APPLICABLE,ON SCENE,UNKNOWN,UNKNOWN,NOT APPLICABLE,,S,JEFFERY BLVD,7601,TRAFFIC SIGNAL,NOT DIVIDED,CLEAR,,,,,,,2,2,"{""coordinates"": [-87.575954462331, 41.756970096425], ""type"": ""Point""}","[""FRONT-RIGHT-CORNER"", ""SIDE-LEFT-REAR""]","[""NISSAN"", ""UNKNOWN""]","[""STRAIGHT AHEAD""]","[""ALTIMA"", ""OTHER (EXPLAIN IN NARRATIVE)""]",[],"[""24""]","[""DEPLOYMENT UNKNOWN"", ""DID NOT DEPLOY""]","[""NONE""]","[""NO INDICATION OF INJURY""]","[""O2155965"", ""O2155966""]"
STRAIGHT AND LEVEL,1114,2025-09-22T18:21:00.000,2,18,9,8d426092d861e8fa81f02684c2c852251a9ff7abf8bc50055c29bfcc36f89b7b1eeebb33ea287e19c468fb46761aa92f31e829bd577e6cadbdd1c7856b03ce98,NO INJURY / DRIVE AWAY,"$501 - $1,500",2025-09-22T18:22:00.000,OTHER,REAR END,Y,0,0,4,0,0,0,0,41.8877197331,DAYLIGHT,-87.7260137242,NO INDICATION OF INJURY,2,25,UNABLE TO DETERMINE,ON SCENE,UNKNOWN,UNKNOWN,NOT APPLICABLE,,N,PULASKI RD,398,OTHER,NOT DIVIDED,CLEAR,Y,,,,,,2,4,"{""coordinates"": [-87.726013724191, 41.887719733088], ""type"": ""Point""}","[""FRONT"", ""REAR""]","[""FORD"", ""UNKNOWN""]","[""STRAIGHT AHEAD""]","[""EXPLORER"", ""OTHER (EXPLAIN IN NARRATIVE)""]",[],"[""37"", ""52""]","[""DEPLOYMENT UNKNOWN"", ""DID NOT DEPLOY""]","[""NONE""]","[""NO INDICATION OF INJURY""]","[""O2156010"", ""O2156011"", ""P475857"", ""P475858""]"
STRAIGHT AND LEVEL,1935,2025-09-22T18:22:00.000,2,18,9,1f65c13a749712dda4f412c7b9269e6ba941af007396c85f3850ceb700aef6a755f1d3ff04b5245fe8eab019e7f79412294718dc87c52cb4f827d1da1d175da6,NO INJURY / DRIVE AWAY,"OVER $1,500",2025-09-22T19:55:00.000,NO CONTROLS,ANGLE,,0,0,2,0,0,0,0,41.9326050605,DAYLIGHT,-87.649234823,NO INDICATION OF INJURY,2,30,FAILING TO YIELD RIGHT-OF-WAY,NOT ON SCENE (DESK REPORT),NO DEFECTS,DRY,UNABLE TO DETERMINE,,W,DIVERSEY PKWY,805,NO CONTROLS,NOT DIVIDED,CLEAR,,,,,,,2,2,"{""coordinates"": [-87.649234823032, 41.932605060471], ""type"": ""Point""}","[""FRONT-LEFT-CORNER"", ""FRONT-RIGHT-CORNER""]","[""JEEP"", ""VOLKSWAGEN""]","[""OTHER"", ""STRAIGHT AHEAD""]","[""COMPASS"", ""GOLF""]",[],"[""21"", ""26""]","[""NOT APPLICABLE""]","[""NONE""]","[""NO INDICATION OF INJURY""]","[""O2156038"", ""O2156039""]"
STRAIGHT AND LEVEL,332,2025-09-22T18:25:00.000,2,18,9,e710b3993f934846df344e1414f42dde5a463103743b7eba21f4db01e31f040fa502f331761b6df46b67497bd6af265758b92dc090c6d1996b818cfd5a31ba61,NO INJURY / DRIVE AWAY,"OVER $1,500",2025-09-23T12:07:00.000,NO CONTROLS,FIXED OBJECT,,0,0,1,0,0,0,0,41.7732928959,DAYLIGHT,-87.5864423683,NO INDICATION OF INJURY,1,30,UNABLE TO DETERMINE,NOT ON SCENE (DESK REPORT),NO DEFECTS,DRY,NOT APPLICABLE,,S,STONY ISLAND AVE,6700,NO CONTROLS,DIVIDED - W/MEDIAN (NOT RAISED),CLEAR,,,,,,,1,1,"{""coordinates"": [-87.586442368314, 41.773292895851], ""type"": ""Point""}","[""SIDE-LEFT""]","[""FORD""]","[""STRAIGHT AHEAD""]","[""FUSION""]",[],"[""47""]","[""DID NOT DEPLOY""]","[""NONE""]","[""NO INDICATION OF INJURY""]","[""O2156337""]"
STRAIGHT AND LEVEL,434,2025-09-22T18:30:00.000,2,18,9,2bdf05a8cb2f64355dbb997a3a1fa9742f9c500acfede654fa7a9c0f281ba6be19ee347e26c42263f2356caac1601d9e54331f35a62c54700168626cf533a1b4,NO INJURY / DRIVE AWAY,"OVER $1,500",2025-09-23T12:15:00.000,NO CONTROLS,SIDESWIPE SAME DIRECTION,Y,0,0,2,0,0,0,0,41.648107118,DAYLIGHT,-87.5594373481,NO INDICATION OF INJURY,2,35,DRIVING SKILLS/KNOWLEDGE/EXPERIENCE,NOT ON SCENE (DESK REPORT),NO DEFECTS,DRY,UNABLE TO DETERMINE,,S,TORRENCE AVE,13600,NO CONTROLS,NOT DIVIDED,CLEAR,,,,,,,2,2,"{""coordinates"": [-87.559437348149, 41.648107117972], ""type"": ""Point""}","[""SIDE-LEFT"", ""UNKNOWN""]","[""FRONTIER HOMES CORPORATION"", ""UNKNOWN""]","[""STRAIGHT AHEAD"", ""UNKNOWN/NA""]","[""FRONTIER HOMES CORP."", ""OTHER (EXPLAIN IN NARRATIVE)""]",[],"[""58""]","[""DEPLOYMENT UNKNOWN"", ""DID NOT DEPLOY""]","[""NONE""]","[""NO INDICATION OF INJURY""]","[""O2156345"", ""O2156346""]"
STRAIGHT AND LEVEL,1654,2025-09-22T18:31:00.000,2,18,9,1a401ad50eb6d159bbfb8e9bdde18697ad5e08a425c70935a447cffb08cbdd3481ccddfd62a0c75708ebc7b09665969c2084bfcde51caf9568e051716b944f4f,NO INJURY / DRIVE AWAY,"$501 - $1,500",2025-09-22T19:15:00.000,NO CONTROLS,ANGLE,,0,0,2,0,0,0,0,41.9947933861,"DARKNESS, LIGHTED ROAD",-87.8827076595,NO INDICATION OF INJURY,2,15,UNABLE TO DETERMINE,ON SCENE,UNKNOWN,UNKNOWN,NOT APPLICABLE,,W,ZEMKE RD,10255,NO CONTROLS,PARKING LOT,CLEAR,,,,,,,2,2,"{""coordinates"": [-87.882707659516, 41.994793386112], ""type"": ""Point""}","[""REAR-LEFT-CORNER"", ""REAR-RIGHT-CORNER""]","[""MAZDA"", ""TOYOTA""]","[""BACKING""]","[""CAMRY"", ""MAZDA3""]",[],"[""27"", ""67""]","[""NOT APPLICABLE""]","[""NONE""]","[""NO INDICATION OF INJURY""]","[""O2156014"", ""O2156015""]"
STRAIGHT AND LEVEL,2512,2025-09-22T18:35:00.000,2,18,9,2ad1e17ec64b2926845b7b2ad97e9f548676c55e98308b7b76f78a12adbeb11fdffeca661cb6d6d4c5f655c1c5b2cdb0f36645972ffaff25c2eaa28d70e395cf,NO INJURY / DRIVE AWAY,"OVER $1,500",2025-09-22T18:51:00.000,NO CONTROLS,SIDESWIPE SAME DIRECTION,,0,0,2,0,0,0,0,41.9209888057,DAYLIGHT,-87.7785454497,NO INDICATION OF INJURY,2,30,FAILING TO YIELD RIGHT-OF-WAY,ON SCENE,NO DEFECTS,DRY,FAILING TO YIELD RIGHT-OF-WAY,,W,GRAND AVE,6111,NO CONTROLS,NOT DIVIDED,CLEAR,,,,,,,2,2,"{""coordinates"": [-87.778545449699, 41.920988805652], ""type"": ""Point""}","[""FRONT-LEFT-CORNER"", ""FRONT-RIGHT-CORNER""]","[""CHEVROLET"", ""MERCURY""]","[""STRAIGHT AHEAD""]","[""HHR"", ""MOUNTAINEER""]",[],"[""41"", ""60""]","[""NOT APPLICABLE""]","[""UNKNOWN""]","[""NO INDICATION OF INJURY""]","[""O2156022"", ""O2156023""]"
STRAIGHT AND LEVEL,1654,2025-09-22T18:40:00.000,2,18,9,3b6c2a618e615e7983a340efcdee3e4a3ea76738b2e9efa0e1810689995ece5b66ebdd536d66a4450b45d93a2d526f3cced4f782608dbc9231b5ae9bf8961e66,INJURY AND / OR TOW DUE TO CRASH,"OVER $1,500",2025-09-22T18:46:00.000,FUNCTIONING PROPERLY,REAR END,,0,0,1,1,0,1,0,41.9584075239,DAYLIGHT,-87.8863332475,NONINCAPACITATING INJURY,2,30,FOLLOWING TOO CLOSELY,ON SCENE,NO DEFECTS,DRY,FOLLOWING TOO CLOSELY,,W,IRVING PARK RD,10300,TRAFFIC SIGNAL,DIVIDED - W/MEDIAN (NOT RAISED),CLEAR,Y,,,,,,2,2,"{""coordinates"": [-87.886333247534, 41.958407523899], ""type"": ""Point""}","[""FRONT"", ""REAR""]","[""MERCEDES-BENZ""]","[""STRAIGHT AHEAD""]","[""350 SERIES"", ""500 SERIES""]",[],"[""65""]","[""DID NOT DEPLOY""]","[""NONE""]","[""NO INDICATION OF INJURY"", ""NONINCAPACITATING INJURY""]","[""O2156012"", ""O2156013""]"
STRAIGHT AND LEVEL,121,2025-09-22T18:45:00.000,2,18,9,a9e1e5a6504a6d159dbf6c14935fc091b9c2ced549ad08de4a616ad97d3eda1819e3c6c3312596a9edf7b4d435d21b3532a2373b97422e91e69281abeec72440,NO INJURY / DRIVE AWAY,"OVER $1,500",2025-09-22T18:52:00.000,FUNCTIONING PROPERLY,SIDESWIPE SAME DIRECTION,,0,0,2,0,0,0,0,41.8780527765,DAYLIGHT,-87.6412190249,NO INDICATION OF INJURY,2,30,FOLLOWING TOO CLOSELY,ON SCENE,NO DEFECTS,DRY,UNABLE TO DETERMINE,,S,CLINTON ST,298,TRAFFIC SIGNAL,ONE-WAY,CLEAR,,Y,,,,,2,2,"{""coordinates"": [-87.641219024868, 41.878052776496], ""type"": ""Point""}","[""SIDE-LEFT"", ""SIDE-RIGHT""]","[""LEXUS"", ""NEW FLYER""]","[""ENTERING TRAFFIC LANE FROM PARKING"", ""STRAIGHT AHEAD""]","[""OTHER (EXPLAIN IN NARRATIVE)""]",[],"[""33"", ""54""]","[""DID NOT DEPLOY"", ""NOT APPLICABLE""]","[""NONE""]","[""NO INDICATION OF INJURY""]","[""O2156064"", ""O2156065""]"
STRAIGHT AND LEVEL,1712,2025-09-22T19:00:00.000,2,19,9,0bb50246d5a8c9fea9553406a5984746e66038329202fe12f0203841dec20558067cd722f2888173f2a17d9a65262609bcc9cbe3622ac18756cb8e1f0c5d8714,INJURY AND / OR TOW DUE TO CRASH,"OVER $1,500",2025-09-23T17:35:00.000,FUNCTIONING PROPERLY,REAR END,,0,0,1,0,1,1,0,41.9757465801,"DARKNESS, LIGHTED ROAD",-87.7184866285,"REPORTED, NOT EVIDENT",2,30,UNABLE TO DETERMINE,NOT ON SCENE (DESK REPORT),NO DEFECTS,DRY,UNABLE TO DETERMINE,,W,FOSTER AVE,3600,TRAFFIC SIGNAL,DIVIDED - W/MEDIAN (NOT RAISED),CLEAR,,Y,,,,,2,2,"{""coordinates"": [-87.718486628497, 41.975746580106], ""type"": ""Point""}","[""FRONT"", ""REAR""]","[""BUICK"", ""HYUNDAI""]","[""SLOW/STOP IN TRAFFIC"", ""STRAIGHT AHEAD""]","[""SONATA"", ""VERANO""]",[],"[""33""]","[""DID NOT DEPLOY""]","[""NONE""]","[""NO INDICATION OF INJURY"", ""REPORTED, NOT EVIDENT""]","[""O2156620"", ""O2156621""]"
STRAIGHT AND LEVEL,1935,2025-09-22T19:00:00.000,2,19,9,134bdc711dc7c564ebe5f39a5ee87c8e62cd5c84047a9bc79fcaf0b270c06edc869ecd35c12a4ff5a580e6a5ebafad4f87c8d7071fffa94a5b597a6c56f0f202,NO INJURY / DRIVE AWAY,"OVER $1,500",2025-09-22T20:13:00.000,UNKNOWN,PARKED MOTOR VEHICLE,,0,0,1,0,0,0,0,41.9287326946,UNKNOWN,-87.6425105172,NO INDICATION OF INJURY,2,25,NOT APPLICABLE,NOT ON SCENE (DESK REPORT),UNKNOWN,UNKNOWN,NOT APPLICABLE,,N,CLARK ST,2536,UNKNOWN,NOT DIVIDED,UNKNOWN,,,,,,,2,1,"{""coordinates"": [-87.642510517208, 41.928732694569], ""type"": ""Point""}","[""FRONT"", ""REAR""]","[""CHEVROLET"", ""TESLA""]","[""PARKED"", ""UNKNOWN/NA""]","[""MODEL 3"", ""TAHOE""]",[],"[""63""]","[""NOT APPLICABLE""]","[""NONE""]","[""NO INDICATION OF INJURY""]","[""O2156046""]"
STRAIGHT AND LEVEL,1915,2025-09-22T19:02:00.000,2,19,9,d47e8649c92d3cf7d85cb3f099187647648d8003b59f882dcf40b9b5aa945b6462c190cfe54c9b95f17ad0bebfe464971e22fb8bdb1661d627e616830d2380a3,INJURY AND / OR TOW DUE TO CRASH,"OVER $1,500",2025-09-22T19:04:00.000,NO CONTROLS,PEDALCYCLIST,,0,1,1,0,0,1,0,41.9599873171,DUSK,-87.6374687226,INCAPACITATING INJURY,2,20,UNABLE TO DETERMINE,ON SCENE,NO DEFECTS,DRY,NOT APPLICABLE,,W,MONTROSE HARBOR DR,397,NO CONTROLS,NOT DIVIDED,CLEAR,,,,,,,2,2,"{""coordinates"": [-87.637468722624, 41.959987317149], ""type"": ""Point""}","[""REAR-RIGHT-CORNER""]","[""INFINITI""]","[""SLOW/STOP IN TRAFFIC""]","[""Q60""]",[],"[""49"", ""63""]","[""NOT APPLICABLE""]","[""NONE"", ""UNKNOWN""]","[""INCAPACITATING INJURY"", ""NO INDICATION OF INJURY""]","[""O2156052"", ""O2156053""]"
STRAIGHT AND LEVEL,1433,2025-09-22T19:10:00.000,2,19,9,2efb3b3a5c500a1c6937f01f65243f20add1f3efe962ee7ed1fff3aeacfe31d29f83e7689420b740025762dcf514f81fe0807a69d9b4533bd3d72d2be171657d,NO INJURY / DRIVE AWAY,"$501 - $1,500",2025-09-23T11:50:00.000,NO CONTROLS,REAR TO REAR,,0,0,3,0,0,0,0,41.9035352442,DARKNESS,-87.6619319996,NO INDICATION OF INJURY,2,15,FAILING TO REDUCE SPEED TO AVOID CRASH,NOT ON SCENE (DESK REPORT),UNKNOWN,UNKNOWN,FAILING TO YIELD RIGHT-OF-WAY,,W,DIVISION ST,1334,NO CONTROLS,OTHER,UNKNOWN,,,,,,Y,2,3,"{""coordinates"": [-87.661931999634, 41.903535244224], ""type"": ""Point""}","[""REAR""]","[""NISSAN"", ""TOYOTA""]","[""BACKING"", ""OTHER""]","[""ROGUE"", ""TUNDRA""]",[],"[""26"", ""69""]","[""DEPLOYED, FRONT"", ""DID NOT DEPLOY"", ""NOT APPLICABLE""]","[""NONE""]","[""NO INDICATION OF INJURY""]","[""O2156335"", ""O2156336"", ""P475909""]"
STRAIGHT AND LEVEL,1622,2025-09-22T19:12:00.000,2,19,9,cc81fc047597f25d2acfa6467006c0c3659257fb2720a4a27ec1c60622e402d6f8ddffa937bef4a43394264db8f5c58fb95dba342d131bfd33be77d6b160914f,NO INJURY / DRIVE AWAY,"OVER $1,500",2025-09-22T19:50:00.000,NO CONTROLS,REAR END,,0,0,2,0,0,0,0,41.9605850324,"DARKNESS, LIGHTED ROAD",-87.7679386341,NO INDICATION OF INJURY,2,30,FOLLOWING TOO CLOSELY,NOT ON SCENE (DESK REPORT),NO DEFECTS,DRY,UNABLE TO DETERMINE,,W,MONTROSE AVE,5616,NO CONTROLS,NOT DIVIDED,CLEAR,,,,,,,2,2,"{""coordinates"": [-87.76793863414, 41.960585032433], ""type"": ""Point""}","[""FRONT-LEFT-CORNER"", ""REAR-RIGHT-CORNER""]","[""FORD""]","[""STRAIGHT AHEAD""]","[""EDGE"", ""OTHER (EXPLAIN IN NARRATIVE)""]",[],"[""17"", ""71""]","[""NOT APPLICABLE""]","[""NONE""]","[""NO INDICATION OF INJURY""]","[""O2156028"", ""O2156029""]"
STRAIGHT AND LEVEL,2212,2025-09-22T19:24:00.000,2,19,9,c92978c3b07eb47e7e01812092d343fa157f7bcc3cf5229da4613fcbdd89b83cc4521a22b49bf544d6f8b00b6649b770910ecdb55837ff1ab961cde65471f786,INJURY AND / OR TOW DUE TO CRASH,"OVER $1,500",2025-09-22T19:24:00.000,FUNCTIONING PROPERLY,TURNING,,0,0,3,0,0,0,0,41.6999668548,DUSK,-87.6812693405,NO INDICATION OF INJURY,2,30,FAILING TO YIELD RIGHT-OF-WAY,ON SCENE,UNKNOWN,DRY,UNABLE TO DETERMINE,N,S,WESTERN AVE,10631,TRAFFIC SIGNAL,CENTER TURN LANE,CLEAR,,Y,N,,,,2,3,"{""coordinates"": [-87.68126934047, 41.699966854823], ""type"": ""Point""}","[""FRONT"", ""SIDE-RIGHT-REAR""]","[""FORD""]","[""STRAIGHT AHEAD"", ""TURNING LEFT""]","[""FOCUS"", ""FUSION""]","[""Y""]","[""18"", ""19"", ""39""]","[""DID NOT DEPLOY"", ""NOT APPLICABLE""]","[""NONE""]","[""NO INDICATION OF INJURY""]","[""O2156048"", ""O2156049"", ""P475860""]"
STRAIGHT AND LEVEL,1213,2025-09-22T19:26:00.000,2,19,9,6543a569ed65fb407615856437481cf5a3b2dc556c2ed14bdb0fb9bdce2cc8b3960833175974dab5e8a493c2f54fd3cdbf7180404a5d1da5f2ba3f221218ca88,NO INJURY / DRIVE AWAY,"OVER $1,500",2025-09-22T19:26:00.000,NO CONTROLS,PEDALCYCLIST,,0,0,2,0,0,0,0,41.9012475077,"DARKNESS, LIGHTED ROAD",-87.6634265896,NO INDICATION OF INJURY,2,30,UNABLE TO DETERMINE,ON SCENE,NO DEFECTS,DRY,UNABLE TO DETERMINE,,N,MILWAUKEE AVE,1070,NO CONTROLS,NOT DIVIDED,CLEAR,,,,,,,2,2,"{""coordinates"": [-87.663426589565, 41.901247507672], ""type"": ""Point""}","[""FRONT-RIGHT-CORNER""]","[""HONDA""]","[""STRAIGHT AHEAD""]","[""PILOT""]",[],"[""24"", ""25""]","[""NOT APPLICABLE""]","[""NONE""]","[""NO INDICATION OF INJURY""]","[""O2156058"", ""O2156059""]"
STRAIGHT AND LEVEL,223,2025-09-22T19:33:00.000,2,19,9,4fcb0a49058a522969eca614b0ab28c44b479ec05790d3ad790073b1cd4620aee57f2038d6b57b8ed6912f28cceb7e56532fd41cc5d75de0a38b78e623af8a5f,NO INJURY / DRIVE AWAY,"$501 - $1,500",2025-09-22T19:58:00.000,NO CONTROLS,ANGLE,,0,0,2,0,0,0,0,41.8056724913,DARKNESS,-87.6139235631,NO INDICATION OF INJURY,2,25,FAILING TO YIELD RIGHT-OF-WAY,NOT ON SCENE (DESK REPORT),NO DEFECTS,DRY,FAILING TO YIELD RIGHT-OF-WAY,,E,49TH ST,499,STOP SIGN/FLASHER,FOUR WAY,CLEAR,,,,,,,2,2,"{""coordinates"": [-87.613923563113, 41.805672491266], ""type"": ""Point""}","[""FRONT-LEFT-CORNER"", ""FRONT-RIGHT-CORNER""]","[""CHEVROLET""]","[""SLOW/STOP IN TRAFFIC"", ""STRAIGHT AHEAD""]","[""IMPALA"", ""MALIBU""]",[],"[""49""]","[""DEPLOYED, FRONT"", ""DEPLOYMENT UNKNOWN""]","[""NONE""]","[""NO INDICATION OF INJURY""]","[""O2156069"", ""O2156070""]"