alignment,beat_of_occurrence,crash_date,crash_day_of_week,crash_hour,crash_month,crash_record_id,crash_type,damage,date_police_notified,device_condition,first_crash_type,hit_and_run_i,injuries_fatal,injuries_incapacitating,injuries_no_indication,injuries_non_incapacitating,injuries_reported_not_evident,injuries_total,injuries_unknown,latitude,lighting_condition,longitude,most_severe_injury,num_units,posted_speed_limit,prim_contributory_cause,report_type,road_defect,roadway_surface_cond,sec_contributory_cause,statements_taken_i,street_direction,street_name,street_no,traffic_control_device,trafficway_type,weather_condition,crash_date_est_i,intersection_related_i,photos_taken_i,work_zone_i,dooring_i,private_property_i,veh_count,ppl_count,location_json,veh_first_contact_point_list_json,veh_make_list_json,veh_maneuver_list_json,veh_model_list_json,veh_towed_i_list_json,ppl_age_list_json,ppl_airbag_deployed_list_json,ppl_ejection_list_json,ppl_injury_classification_list_json,ppl_person_id_list_json
STRAIGHT AND LEVEL,2512,2025-09-22T19:40:00.000,2,19,9,4701a92c57368fe037503cffc99ba42861d4e40363d8e1e43dd46d4299ba40b06c0a7f85687c3a1f9a679fbe39fd1e665d7b60c75c6521e8f01f41f743551cb1,NO INJURY / DRIVE AWAY,$500 OR LESS,2025-09-23T08:30:00.000,FUNCTIONING PROPERLY,TURNING,,0,0,2,0,0,0,0,41.9309124009,DARKNESS,-87.7855395382,NO INDICATION OF INJURY,2,30,UNABLE TO DETERMINE,NOT ON SCENE (DESK REPORT),NO DEFECTS,DRY,UNABLE TO DETERMINE,,N,NARRAGANSETT AVE,2799,TRAFFIC SIGNAL,DIVIDED - W/MEDIAN (NOT RAISED),CLEAR,,,,,,,2,2,"{""coordinates"": [-87.785539538239, 41.930912400858], ""type"": ""Point""}","[""FRONT"", ""REAR""]","[""PONTIAC"", ""TOYOTA""]","[""BACKING"", ""TURNING RIGHT""]","[""C-HR"", ""VIBE""]",[],"[""41"", ""56""]","[""NOT APPLICABLE""]","[""NONE""]","[""NO INDICATION OF INJURY""]","[""O2156189"", ""O2156190""]"
STRAIGHT AND LEVEL,2524,2025-09-22T19:44:00.000,2,19,9,4aec46b300a46b17cd9550ff40999895d9e461a366ddcc2aee11c53312b97f2bc06263a21af551977a9ae6db540fa0771235be7b289f5fccde2d25b889ccd884,INJURY AND / OR TOW DUE TO CRASH,$500 OR LESS,2025-09-22T19:45:00.000,NO CONTROLS,PEDESTRIAN,Y,0,0,1,1,0,1,0,41.9244975454,DARKNESS,-87.7348103096,NONINCAPACITATING INJURY,2,30,FAILING TO YIELD RIGHT-OF-WAY,ON SCENE,NO DEFECTS,DRY,FAILING TO YIELD RIGHT-OF-WAY,,W,FULLERTON AVE,4316,NO CONTROLS,NOT DIVIDED,CLEAR,,,,,,,2,2,"{""coordinates"": [-87.734810309616, 41.924497545431], ""type"": ""Point""}","[""FRONT-RIGHT-CORNER""]","[""BMW""]","[""STRAIGHT AHEAD""]","[""325I""]",[],"[""56""]","[""DEPLOYMENT UNKNOWN""]","[""NONE""]","[""NO INDICATION OF INJURY"", ""NONINCAPACITATING INJURY""]","[""O2156068"", ""O2156081""]"
STRAIGHT AND LEVEL,633,2025-09-22T19:46:00.000,2,19,9,01e7db9be6b97c6b848bd111348f83a819fbe707c596276ca2d464786670f762ee2c2e08127e9588d10edae8a8882e97ef2a517b1c4722bd6c3a0758c7ac6ae7,INJURY AND / OR TOW DUE TO CRASH,"OVER $1,500",2025-09-22T19:47:00.000,FUNCTIONING PROPERLY,PARKED MOTOR VEHICLE,,0,0,1,0,0,0,0,41.7235350337,"DARKNESS, LIGHTED ROAD",-87.6185104579,NO INDICATION OF INJURY,2,30,CELL PHONE USE OTHER THAN TEXTING,ON SCENE,NO DEFECTS,DRY,CELL PHONE USE OTHER THAN TEXTING,,E,94TH ST,211,STOP SIGN/FLASHER,UNKNOWN,CLEAR,,Y,,,,,2,1,"{""coordinates"": [-87.618510457945, 41.723535033703], ""type"": ""Point""}","[""FRONT-RIGHT-CORNER"", ""REAR-LEFT-CORNER""]","[""NISSAN"", ""TOYOTA""]","[""PARKED"", ""STRAIGHT AHEAD""]","[""MURANO"", ""TUNDRA""]","[""Y""]","[""20""]","[""DEPLOYED, FRONT""]","[""NONE""]","[""NO INDICATION OF INJURY""]","[""O2156060""]"
STRAIGHT AND LEVEL,2411,2025-09-22T19:50:00.000,2,19,9,df4d64b64a8c0602f0a5aa959c5d1baf06118d12eee7f93216fdc063d3c1da56405642aff6c7b75563e934fad4b9bf26f32ff64c52fb83adb4c2a9b784578807,NO INJURY / DRIVE AWAY,"$501 - $1,500",2025-09-24T17:10:00.000,NO CONTROLS,REAR TO SIDE,,0,0,2,0,0,0,0,42.0118834449,UNKNOWN,-87.6903881345,NO INDICATION OF INJURY,2,15,UNABLE TO DETERMINE,NOT ON SCENE (DESK REPORT),UNKNOWN,UNKNOWN,NOT APPLICABLE,,N,WESTERN AVE,7130,NO CONTROLS,PARKING LOT,UNKNOWN,,,,,,Y,2,2,"{""coordinates"": [-87.690388134457, 42.011883444922], ""type"": ""Point""}","[""REAR"", ""SIDE-RIGHT""]","[""HONDA"", ""LINCOLN""]","[""BACKING"", ""SLOW/STOP IN TRAFFIC""]","[""INSIGHT"", ""MKZ""]",[],"[""31"", ""34""]","[""DEPLOYMENT UNKNOWN""]","[""NONE""]","[""NO INDICATION OF INJURY""]","[""O2157232"", ""O2157233""]"
STRAIGHT AND LEVEL,715,2025-09-22T20:03:00.000,2,20,9,afb13e8e7d9c3c0c3481fb14e8f790c43ff3475229885c5c10d4d170b1ddfe6e41c99b76872da39b484bf69bdac237cd3c45e65d0c26f70e977728c9637c5240,NO INJURY / DRIVE AWAY,"$501 - $1,500",2025-09-22T20:30:00.000,UNKNOWN,TURNING,Y,0,0,2,0,0,0,0,41.7922777271,DAWN,-87.6646872121,NO INDICATION OF INJURY,2,30,UNABLE TO DETERMINE,ON SCENE,NO DEFECTS,DRY,FAILING TO YIELD RIGHT-OF-WAY,,S,ASHLAND AVE,5598,STOP SIGN/FLASHER,DIVIDED - W/MEDIAN (NOT RAISED),CLEAR,,,,,,N,2,2,"{""coordinates"": [-87.664687212058, 41.792277727062], ""type"": ""Point""}","[""FRONT-RIGHT-CORNER"", ""UNKNOWN""]","[""TOYOTA"", ""UNKNOWN""]","[""STRAIGHT AHEAD"", ""TURNING RIGHT""]","[""OTHER (EXPLAIN IN NARRATIVE)"", ""SIENNA""]",[],"[""56""]","[""DEPLOYMENT UNKNOWN"", ""NOT APPLICABLE""]","[""NONE"", ""UNKNOWN""]","[""NO INDICATION OF INJURY""]","[""O2156080"", ""O2156096""]"
STRAIGHT AND LEVEL,2523,2025-09-22T20:10:00.000,2,20,9,d496b1a6bc2feab85c28b279aeb90f37c1496bcb4d13d88e2e71d1f6efda3a16a37c1b938b7d10069c3507bb6bf11576db732b74532c16d11765b4de4c05c32f,NO INJURY / DRIVE AWAY,"OVER $1,500",2025-09-23T14:45:00.000,FUNCTIONING PROPERLY,REAR END,,0,0,2,0,0,0,0,41.9318310256,DAWN,-87.727126873,NO INDICATION OF INJURY,2,30,FOLLOWING TOO CLOSELY,NOT ON SCENE (DESK REPORT),NO DEFECTS,DRY,UNABLE TO DETERMINE,,N,PULASKI RD,2800,TRAFFIC SIGNAL,NOT DIVIDED,CLEAR,,Y,,,,,2,2,"{""coordinates"": [-87.727126873005, 41.931831025615], ""type"": ""Point""}","[""FRONT"", ""REAR""]","[""HONDA"", ""UNKNOWN""]","[""STRAIGHT AHEAD""]","[""CR-V"", ""OTHER (EXPLAIN IN NARRATIVE)""]",[],"[""56""]","[""DEPLOYMENT UNKNOWN"", ""NOT APPLICABLE""]","[""NONE""]","[""NO INDICATION OF INJURY""]","[""O2156479"", ""O2156480""]"
STRAIGHT AND LEVEL,513,2025-09-22T20:17:00.000,2,20,9,025092488c5c8ca2ed47357d8347ee2cf19d6bfac3484f09226a9b7a7d48210fc4d788135567bc878244286ac0f08c9d1007d6c00b40fc2d2bb690d67d6a709d,INJURY AND / OR TOW DUE TO CRASH,"$501 - $1,500",2025-09-22T20:30:00.000,NO CONTROLS,REAR END,,0,0,2,2,0,2,0,41.6962325277,"DARKNESS, LIGHTED ROAD",-87.5958061971,NONINCAPACITATING INJURY,2,15,UNABLE TO DETERMINE,ON SCENE,UNKNOWN,DRY,UNABLE TO DETERMINE,,S,DOTY AVE E,10900,NO CONTROLS,PARKING LOT,CLEAR,,,,,,,2,4,"{""coordinates"": [-87.59580619714, 41.696232527674], ""type"": ""Point""}","[""FRONT-LEFT-CORNER"", ""SIDE-RIGHT""]","[""CHEVROLET""]","[""STRAIGHT AHEAD""]","[""MALIBU"", ""TRAIL BLAZER""]","[""Y""]","[""19"", ""26"", ""27"", ""39""]","[""DID NOT DEPLOY"", ""NOT APPLICABLE""]","[""NONE""]","[""NO INDICATION OF INJURY"", ""NONINCAPACITATING INJURY""]","[""O2156088"", ""O2156089"", ""P475870"", ""P475872""]"
STRAIGHT AND LEVEL,1223,2025-09-22T20:20:00.000,2,20,9,e0e979b8b5268efe0376e91df0657101ce29f493a5ab8ce6a1d335f54300e7d1bbcdd9489cc14c65269abe727a8c0e5dce89c620255a117588789e73ff2beb02,NO INJURY / DRIVE AWAY,"OVER $1,500",2025-09-22T22:15:00.000,NO CONTROLS,PARKED MOTOR VEHICLE,,0,0,1,0,0,0,0,41.879951968,"DARKNESS, LIGHTED ROAD",-87.6764632939,NO INDICATION OF INJURY,2,30,UNABLE TO DETERMINE,NOT ON SCENE (DESK REPORT),NO DEFECTS,DRY,UNABLE TO DETERMINE,,S,DAMEN AVE,101,NO CONTROLS,NOT DIVIDED,CLEAR,,,,,,,2,1,"{""coordinates"": [-87.676463293904, 41.879951968], ""type"": ""Point""}","[""FRONT-LEFT-CORNER"", ""SIDE-RIGHT""]","[""CHEVROLET"", ""HONDA""]","[""PARKED"", ""TURNING RIGHT""]","[""CIVIC"", ""TAHOE""]",[],"[""20""]","[""DID NOT DEPLOY""]","[""NONE""]","[""NO INDICATION OF INJURY""]","[""O2156098""]"
STRAIGHT AND LEVEL,822,2025-09-22T20:44:00.000,2,20,9,c56590cf1b1e86910e8c12c63717dea95405bd059c56443127fd9b86d50edb0f72c32a32babe954bea7ee6c03e2af36944fd9524832d1c86622faddb487296d9,INJURY AND / OR TOW DUE TO CRASH,"OVER $1,500",2025-09-22T20:57:00.000,FUNCTIONING PROPERLY,TURNING,,0,0,1,1,0,1,0,41.7863185189,DARKNESS,-87.705723573,NONINCAPACITATING INJURY,4,30,FAILING TO YIELD RIGHT-OF-WAY,ON SCENE,UNKNOWN,DRY,FAILING TO YIELD RIGHT-OF-WAY,,W,59TH ST,3298,STOP SIGN/FLASHER,UNKNOWN INTERSECTION TYPE,CLEAR,,Y,,,,Y,4,2,"{""coordinates"": [-87.705723572973, 41.786318518915], ""type"": ""Point""}","[""FRONT"", ""REAR"", ""SIDE-RIGHT-REAR""]","[""CHEVROLET"", ""MERCURY"", ""NISSAN""]","[""PARKED"", ""STRAIGHT AHEAD"", ""TURNING LEFT""]","[""ALTIMA"", ""EQUINOX"", ""GRAND MARQUIS"", ""MALIBU""]",[],"[""22"", ""31""]","[""DEPLOYED, FRONT"", ""NOT APPLICABLE""]","[""NONE""]","[""NO INDICATION OF INJURY"", ""NONINCAPACITATING INJURY""]","[""O2156086"", ""O2156097""]"
STRAIGHT AND LEVEL,2514,2025-09-22T20:59:00.000,2,20,9,eed2b195d171e857c75556b03ab5fa8bf783a8e57f57b58e8a5fd5352246250fec5ee20f6faada93bd3a5e558af7788e523f86aff8bfa721c6cd4cefc1bef95e,INJURY AND / OR TOW DUE TO CRASH,"OVER $1,500",2025-09-22T20:59:00.000,FUNCTIONING PROPERLY,ANGLE,,0,0,0,1,3,4,0,41.9330117271,"DARKNESS, LIGHTED ROAD",-87.7661598313,NONINCAPACITATING INJURY,4,30,UNDER THE INFLUENCE OF ALCOHOL/DRUGS (USE WHEN ARREST IS EFFECTED),ON SCENE,NO DEFECTS,DRY,UNABLE TO DETERMINE,,N,CENTRAL AVE,2859,STOP SIGN/FLASHER,FOUR WAY,CLEAR,,Y,,,,,4,4,"{""coordinates"": [-87.766159831288, 41.933011727101], ""type"": ""Point""}","[""FRONT-LEFT-CORNER"", ""REAR-LEFT-CORNER"", ""SIDE-RIGHT-FRONT""]","[""AUDI"", ""HONDA"", ""MAZDA"", ""MITSUBISHI""]","[""PARKED"", ""STRAIGHT AHEAD""]","[""MAZDA6"", ""OUTLANDER"", ""PILOT"", ""S5""]","[""Y""]","[""21"", ""27"", ""33"", ""41""]","[""DEPLOYED, COMBINATION"", ""DID NOT DEPLOY"", ""NOT APPLICABLE""]","[""NONE""]","[""NONINCAPACITATING INJURY"", ""REPORTED, NOT EVIDENT""]","[""O2156092"", ""O2156093"", ""O2156094"", ""P475871""]"
STRAIGHT AND LEVEL,923,2025-09-22T21:00:00.000,2,21,9,71232cfa11e9119a0e1f089f32ee369151b2bc03b701729e92905c906e971e7c8392d403a0871f82f09504e27c023cd8612faff132df8c8976a945682e40eaab,NO INJURY / DRIVE AWAY,"OVER $1,500",2025-09-22T22:00:00.000,FUNCTIONING PROPERLY,ANGLE,Y,0,0,2,0,0,0,0,41.8010528356,"DARKNESS, LIGHTED ROAD",-87.6843676488,NO INDICATION OF INJURY,2,30,DISREGARDING TRAFFIC SIGNALS,NOT ON SCENE (DESK REPORT),NO DEFECTS,DRY,UNABLE TO DETERMINE,,S,WESTERN AVE,5100,TRAFFIC SIGNAL,FOUR WAY,CLEAR,,,,,,,2,2,"{""coordinates"": [-87.684367648824, 41.801052835623], ""type"": ""Point""}","[""FRONT""]","[""FORD"", ""UNKNOWN""]","[""STRAIGHT AHEAD""]","[""ESCAPE"", ""OTHER (EXPLAIN IN NARRATIVE)""]",[],"[""48""]","[""DEPLOYMENT UNKNOWN"", ""NOT APPLICABLE""]","[""NONE""]","[""NO INDICATION OF INJURY""]","[""O2156082"", ""O2156083""]"
STRAIGHT AND LEVEL,1634,2025-09-22T21:25:00.000,2,21,9,669ceac4ebcb0f8113d7824490792c9b4cec8c449f5310138781a9060a793852f5e1878f230d5aae0a0b5303ae27731a25cc022c6b192621fa1df63f6810a0a7,NO INJURY / DRIVE AWAY,"OVER $1,500",2025-09-22T21:30:00.000,NO CONTROLS,PARKED MOTOR VEHICLE,,0,0,1,0,0,0,0,41.9461011524,DARKNESS,-87.7577314189,NO INDICATION OF INJURY,2,30,"VISION OBSCURED (SIGNS, TREE LIMBS, BUILDINGS, ETC.)",ON SCENE,NO DEFECTS,DRY,UNABLE TO DETERMINE,,W,ADDISON ST,5218,NO CONTROLS,NOT DIVIDED,CLEAR,,,,,,,2,1,"{""coordinates"": [-87.757731418927, 41.946101152357], ""type"": ""Point""}","[""FRONT-RIGHT-CORNER"", ""REAR-LEFT-CORNER""]","[""HONDA"", ""NISSAN""]","[""PARKED"", ""STRAIGHT AHEAD""]","[""CIVIC"", ""ROGUE""]",[],"[""22""]","[""NOT APPLICABLE""]","[""NONE""]","[""NO INDICATION OF INJURY""]","[""O2156100""]"
STRAIGHT AND LEVEL,1533,2025-09-22T21:31:00.000,2,21,9,179cb46c897ef16cce4153d830e858c780a06fa8a23eff1d3b3da884885beb6b0b57e539c5807ccc514506e6aabc92b59aef93500384ad208b1457e61634f193,NO INJURY / DRIVE AWAY,"OVER $1,500",2025-09-22T21:31:00.000,FUNCTIONING PROPERLY,PARKED MOTOR VEHICLE,,0,0,1,0,0,0,0,41.8785841086,DUSK,-87.7546685247,NO INDICATION OF INJURY,2,30,DRIVING ON WRONG SIDE/WRONG WAY,ON SCENE,NO DEFECTS,DRY,NOT APPLICABLE,,W,ADAMS ST,5126,STOP SIGN/FLASHER,ONE-WAY,CLEAR,,,,,,,2,1,"{""coordinates"": [-87.754668524663, 41.878584108555], ""type"": ""Point""}","[""FRONT""]","[""BMW"", ""KIA""]","[""PARKED"", ""TURNING LEFT""]","[""328I"", ""OPTIMA / K5""]","[""N""]","[""18""]","[""NOT APPLICABLE""]","[""NONE""]","[""NO INDICATION OF INJURY""]","[""O2156090""]"
STRAIGHT AND LEVEL,324,2025-09-22T21:40:00.000,2,21,9,c3dd321ee615d3fdebcc573daa8453e434d361acf2e1521f21d52d385a726ad9662891ba6a1686f6eae9b586972fa8f24941051c7af060e59408bac12ffcf399,NO INJURY / DRIVE AWAY,"OVER $1,500",2025-09-22T21:44:00.000,NO CONTROLS,SIDESWIPE SAME DIRECTION,Y,0,0,2,0,0,0,0,41.7606624738,"DARKNESS, LIGHTED ROAD",-87.5901148156,NO INDICATION OF INJURY,2,20,"OPERATING VEHICLE IN ERRATIC, RECKLESS, CARELESS, NEGLIGENT OR AGGRESSIVE MANNER",ON SCENE,NO DEFECTS,DRY,FOLLOWING TOO CLOSELY,,E,74TH ST,1416,NO CONTROLS,FOUR WAY,CLEAR,,,,,,,2,2,"{""coordinates"": [-87.590114815641, 41.760662473772], ""type"": ""Point""}","[""FRONT-RIGHT-CORNER"", ""SIDE-LEFT""]","[""HONDA"", ""UNKNOWN""]","[""STRAIGHT AHEAD""]","[""MOTORIZED"", ""PILOT""]",[],"[""47""]","[""DEPLOYMENT UNKNOWN"", ""DID NOT DEPLOY""]","[""NONE""]","[""NO INDICATION OF INJURY""]","[""O2156117"", ""O2156118""]"
STRAIGHT AND LEVEL,732,2025-09-22T21:50:00.000,2,21,9,c094fd68b413408dc84432cee78a5d15ef62238b74c98e0ad1a694b45bffc5ae07e2f77a3b89673712dbead5bcf5720de3a74a1dfcebfa17aeb9465290ab2b60,NO INJURY / DRIVE AWAY,"$501 - $1,500",2025-09-23T20:30:00.000,NO CONTROLS,PARKED MOTOR VEHICLE,,0,0,1,0,0,0,0,41.7588427247,"DARKNESS, LIGHTED ROAD",-87.6431777912,NO INDICATION OF INJURY,2,20,DRIVING SKILLS/KNOWLEDGE/EXPERIENCE,NOT ON SCENE (DESK REPORT),NO DEFECTS,DRY,UNABLE TO DETERMINE,,S,EMERALD AVE,7432,NO CONTROLS,DRIVEWAY,CLEAR,N,,,,,Y,2,1,"{""coordinates"": [-87.643177791159, 41.758842724741], ""type"": ""Point""}","[""FRONT-LEFT-CORNER"", ""REAR""]","[""HONDA"", ""LAND ROVER""]","[""LEAVING TRAFFIC LANE TO PARK"", ""PARKED""]","[""OTHER (EXPLAIN IN NARRATIVE)"", ""RANGE ROVER (EVOQUE / SPORT / VELAR)""]",[],"[""54""]","[""DEPLOYMENT UNKNOWN""]","[""NONE""]","[""NO INDICATION OF INJURY""]","[""O2156720""]"
STRAIGHT AND LEVEL,1213,2025-09-22T22:11:00.000,2,22,9,f4405b92091270f70fabf1551cd77f5f57ecdbaa5fc946c13315c317d585d39fcba146591da12b9de972eddecfd2d22216621ac30954ee3507f420ae9fe1fa1f,NO INJURY / DRIVE AWAY,"$501 - $1,500",2025-09-22T22:45:00.000,FUNCTIONING PROPERLY,REAR END,,0,0,2,0,0,0,0,41.8961138672,"DARKNESS, LIGHTED ROAD",-87.6674395814,NO INDICATION OF INJURY,2,30,FOLLOWING TOO CLOSELY,NOT ON SCENE (DESK REPORT),UNKNOWN,DRY,FOLLOWING TOO CLOSELY,,N,ASHLAND AVE,800,TRAFFIC SIGNAL,FOUR WAY,CLEAR,,Y,,,,,2,2,"{""coordinates"": [-87.6674395814, 41.896113867204], ""type"": ""Point""}","[""FRONT"", ""REAR""]","[""FORD"", ""TOYOTA""]","[""STARTING IN TRAFFIC"", ""UNKNOWN/NA""]","[""ESCAPE"", ""SIENNA""]",[],[],"[""DID NOT DEPLOY"", ""NOT APPLICABLE""]","[""NONE""]","[""NO INDICATION OF INJURY""]","[""O2156102"", ""O2156103""]"
STRAIGHT AND LEVEL,1223,2025-09-22T22:20:00.000,2,22,9,b84e6df76a94f6be304c95be0272c34aabd0343d28045a431a683dffd45f1a71da0f38a985e4b40fa122d07af3d0c3c19b8a7089fd01947a348775eaa9ca9a72,NO INJURY / DRIVE AWAY,"OVER $1,500",2025-09-22T23:50:00.000,NO CONTROLS,TURNING,,0,0,2,0,0,0,0,41.8789909068,"DARKNESS, LIGHTED ROAD",-87.6764381232,NO INDICATION OF INJURY,2,30,IMPROPER LANE USAGE,NOT ON SCENE (DESK REPORT),UNKNOWN,DRY,IMPROPER OVERTAKING/PASSING,,S,DAMEN AVE,133,NO CONTROLS,DIVIDED - W/MEDIAN (NOT RAISED),CLEAR,,,,,,,2,2,"{""coordinates"": [-87.676438123169, 41.878990906802], ""type"": ""Point""}","[""FRONT-LEFT-CORNER"", ""FRONT-RIGHT-CORNER""]","[""CHEVROLET"", ""HONDA""]","[""STRAIGHT AHEAD"", ""TURNING RIGHT""]","[""CIVIC"", ""TAHOE""]",[],"[""20"", ""37""]","[""DID NOT DEPLOY"", ""NOT APPLICABLE""]","[""NONE"", ""UNKNOWN""]","[""NO INDICATION OF INJURY""]","[""O2156111"", ""O2156112""]"
STRAIGHT AND LEVEL,1632,2025-09-22T22:59:00.000,2,22,9,4fd36eee412cf20894d5ed84a27b121a15491f5765f87741256c9f92ea3e6b1ab41e1af4fe0c625ae84393caa141ba320a75ae8b77f28f6737552f1e7f19ddbe,INJURY AND / OR TOW DUE TO CRASH,"OVER $1,500",2025-09-22T22:59:00.000,NO CONTROLS,PARKED MOTOR VEHICLE,,0,0,1,0,0,0,0,41.9452557319,"DARKNESS, LIGHTED ROAD",-87.8018391477,NO INDICATION OF INJURY,2,30,UNABLE TO DETERMINE,ON SCENE,NO DEFECTS,DRY,UNABLE TO DETERMINE,,W,ADDISON ST,7023,NO CONTROLS,NOT DIVIDED,CLEAR,,,,,,,2,1,"{""coordinates"": [-87.801839147683, 41.94525573186], ""type"": ""Point""}","[""FRONT-RIGHT-CORNER"", ""SIDE-LEFT-REAR""]","[""AUDI"", ""CHEVROLET""]","[""PARKED"", ""STRAIGHT AHEAD""]","[""A4"", ""COLORADO""]","[""Y""]","[""31""]","[""DEPLOYED, FRONT""]","[""NONE""]","[""NO INDICATION OF INJURY""]","[""O2156113""]"
STRAIGHT AND LEVEL,1224,2025-09-22T23:00:00.000,2,23,9,5294d22c0cebcf6f48b8d1dec65cf37dd1b2a83b9f8ccee94db1765721d6e04cfe087b6b00fe7e032a5dc80e4cc3236b8ce2048d384a29c4892afd28a785d776,INJURY AND / OR TOW DUE TO CRASH,"OVER $1,500",2025-09-22T23:10:00.000,NO CONTROLS,TURNING,,0,1,1,0,0,1,0,41.880359492,"DARKNESS, LIGHTED ROAD",-87.6694196646,INCAPACITATING INJURY,2,30,FAILING TO YIELD RIGHT-OF-WAY,NOT ON SCENE (DESK REPORT),NO DEFECTS,DRY,FAILING TO REDUCE SPEED TO AVOID CRASH,,S,PAULINA ST,36,NO CONTROLS,T-INTERSECTION,CLEAR,,Y,,,,,2,2,"{""coordinates"": [-87.669419664627, 41.880359491999], ""type"": ""Point""}","[""FRONT""]","[""HONDA"", ""UNKNOWN""]","[""STRAIGHT AHEAD"", ""TURNING LEFT""]","[""CIVIC"", ""OTHER (EXPLAIN IN NARRATIVE)""]",[],"[""22""]","[""NOT APPLICABLE""]","[""NONE"", ""TOTALLY EJECTED""]","[""INCAPACITATING INJURY"", ""NO INDICATION OF INJURY""]","[""O2156123"", ""O2156124""]"
STRAIGHT AND LEVEL,1224,2025-09-22T23:00:00.000,2,23,9,df16f6eaceffcf8d85f7ba95398168a99caa57a0176a8669342833f38ba6c9724274f85a12ac9bdf6f922552d7b8cf7b975a52cb0c79ff2feedb95ff60ddf787,NO INJURY / DRIVE AWAY,"OVER $1,500",2025-09-22T23:30:00.000,UNKNOWN,REAR END,,0,0,3,0,0,0,0,,"DARKNESS, LIGHTED ROAD",,NO INDICATION OF INJURY,2,30,FOLLOWING TOO CLOSELY,NOT ON SCENE (DESK REPORT),UNKNOWN,UNKNOWN,IMPROPER OVERTAKING/PASSING,,S,ASHLAND AVE,1,TRAFFIC SIGNAL,NOT DIVIDED,CLEAR,,,,,,,2,3,,"[""FRONT"", ""SIDE-RIGHT-REAR""]","[""NISSAN"", ""TOYOTA""]","[""PASSING/OVERTAKING"", ""STRAIGHT AHEAD""]","[""COROLLA"", ""SENTRA""]",[],"[""20"", ""28"", ""39""]","[""DEPLOYMENT UNKNOWN"", ""DID NOT DEPLOY""]","[""NONE""]","[""NO INDICATION OF INJURY""]","[""O2156107"", ""O2156108"", ""P475873""]"
STRAIGHT AND LEVEL,1733,2025-09-22T23:29:00.000,2,23,9,9c84f8e32c62b3870d1a9132bd61bdcdbe199247c0cf2cb0859c24a17bc9c40e205f9d3695461ca29a33dd1899e505897655be7dd0f9edf6b19e160d273f18d0,NO INJURY / DRIVE AWAY,$500 OR LESS,2025-09-22T23:51:00.000,NO CONTROLS,REAR TO FRONT,,0,0,2,0,0,0,0,41.9538624003,"DARKNESS, LIGHTED ROAD",-87.6985545933,NO INDICATION OF INJURY,2,30,IMPROPER BACKING,ON SCENE,UNKNOWN,DRY,NOT APPLICABLE,,W,IRVING PARK RD,2807,NO CONTROLS,PARKING LOT,CLEAR,,,,,,Y,2,2,"{""coordinates"": [-87.698554593288, 41.953862400292], ""type"": ""Point""}","[""FRONT-RIGHT-CORNER"", ""REAR-LEFT-CORNER""]","[""FORD"", ""MAZDA""]","[""BACKING"", ""STRAIGHT AHEAD""]","[""ESCAPE"", ""MAZDA3""]",[],"[""27"", ""30""]","[""NOT APPLICABLE""]","[""NONE""]","[""NO INDICATION OF INJURY""]","[""O2156115"", ""O2156116""]"
STRAIGHT AND LEVEL,1831,2025-09-22T23:45:00.000,2,23,9,5068853ebb28f3b2a4fb2208eca9761cbfd504ab7f10ff7c5a11532f3d43c2cc7dd511783b389db4318865f6f5cc158bacdb17ea28f05e1eb9d59dfea5c0a568,NO INJURY / DRIVE AWAY,"OVER $1,500",2025-09-23T00:01:00.000,FUNCTIONING PROPERLY,TURNING,,0,0,4,0,0,0,0,41.8923088047,"DARKNESS, LIGHTED ROAD",-87.6318304392,NO INDICATION OF INJURY,2,30,FAILING TO YIELD RIGHT-OF-WAY,ON SCENE,NO DEFECTS,DRY,IMPROPER TURNING/NO SIGNAL,,W,OHIO ST,115,UNKNOWN,ONE-WAY,CLEAR,,Y,,,,,2,4,"{""coordinates"": [-87.63183043922, 41.892308804747], ""type"": ""Point""}","[""FRONT-LEFT-CORNER"", ""SIDE-RIGHT""]","[""JEEP"", ""KIA""]","[""STRAIGHT AHEAD"", ""TURNING LEFT""]","[""SORENTO"", ""WAGONEER""]",[],"[""20"", ""27"", ""48"", ""50""]","[""DID NOT DEPLOY""]","[""NONE"", ""UNKNOWN""]","[""NO INDICATION OF INJURY""]","[""O2156121"", ""O2156122"", ""P475876"", ""P475877""]"
STRAIGHT AND LEVEL,1513,2025-09-22T23:59:00.000,2,23,9,6c29d288d3f0cd3e50db789e9f1cbcead934b78ba4c511c47f246c2751bb9104d83ba2822a0236f4d6058da1ec7eacc81d75cb2f12e533bc1b4ddb7f42d045b2,NO INJURY / DRIVE AWAY,"$501 - $1,500",2025-09-23T00:35:00.000,FUNCTIONING PROPERLY,SIDESWIPE SAME DIRECTION,,0,0,3,0,0,0,0,41.8726982228,"DARKNESS, LIGHTED ROAD",-87.7742591991,NO INDICATION OF INJURY,2,30,UNABLE TO DETERMINE,NOT ON SCENE (DESK REPORT),UNKNOWN,UNKNOWN,NOT APPLICABLE,,S,AUSTIN BLVD,601,TRAFFIC SIGNAL,DIVIDED - W/MEDIAN (NOT RAISED),CLEAR,,,,,,,2,3,"{""coordinates"": [-87.774259199052, 41.872698222768], ""type"": ""Point""}","[""SIDE-LEFT"", ""SIDE-RIGHT""]","[""CHEVROLET""]","[""MERGING"", ""STRAIGHT AHEAD""]","[""MALIBU"", ""TRAVERSE""]",[],"[""38"", ""47""]","[""NOT APPLICABLE""]","[""NONE""]","[""NO INDICATION OF INJURY""]","[""O2156119"", ""O2156120"", ""P475874""]"