alignment,beat_of_occurrence,crash_date,crash_day_of_week,crash_hour,crash_month,crash_record_id,crash_type,damage,date_police_notified,device_condition,first_crash_type,hit_and_run_i,injuries_fatal,injuries_incapacitating,injuries_no_indication,injuries_non_incapacitating,injuries_reported_not_evident,injuries_total,injuries_unknown,latitude,lighting_condition,longitude,most_severe_injury,num_units,posted_speed_limit,prim_contributory_cause,report_type,road_defect,roadway_surface_cond,sec_contributory_cause,statements_taken_i,street_direction,street_name,street_no,traffic_control_device,trafficway_type,weather_condition,crash_date_est_i,intersection_related_i,photos_taken_i,work_zone_i,dooring_i,private_property_i,veh_count,ppl_count,location_json,veh_first_contact_point_list_json,veh_make_list_json,veh_maneuver_list_json,veh_model_list_json,veh_towed_i_list_json,ppl_age_list_json,ppl_airbag_deployed_list_json,ppl_ejection_list_json,ppl_injury_classification_list_json,ppl_person_id_list_json
CURVE ON GRADE,815,2025-09-23T00:50:00.000,3,0,9,bc31e6ac4eb5ba060b31260da4c7b3b227889ce795b9ce11f2233928dc92d434ad8944e1c4fc2a5eb5e77912c415fa9b2521779b5da342ecceab647b07c048c1,INJURY AND / OR TOW DUE TO CRASH,"OVER $1,500",2025-09-23T01:15:00.000,FUNCTIONING PROPERLY,TURNING,,0,0,2,0,0,0,0,41.8232630737,"DARKNESS, LIGHTED ROAD",-87.7242033708,NO INDICATION OF INJURY,2,30,UNABLE TO DETERMINE,ON SCENE,NO DEFECTS,DRY,UNABLE TO DETERMINE,,S,PULASKI RD,3834,TRAFFIC SIGNAL,DIVIDED - W/MEDIAN (NOT RAISED),CLEAR,,Y,,,,,2,2,"{""coordinates"": [-87.7242033708, 41.823263073704], ""type"": ""Point""}","[""FRONT"", ""SIDE-LEFT-REAR""]","[""DODGE"", ""HONDA""]","[""TURNING LEFT""]","[""CIVIC"", ""RAM 1500 PU""]","[""Y""]","[""40"", ""60""]","[""DID NOT DEPLOY""]","[""NONE""]","[""NO INDICATION OF INJURY""]","[""O2156127"", ""O2156128""]"
STRAIGHT AND LEVEL,813,2025-09-23T01:00:00.000,3,1,9,aa72bb8d7a1b412e0fb785c9870784e4732f81ef5a780174e678f8d154b8978d307ef3c9b61a3e6fe1e3e7a9efa65eb3c075731499a8e4ced9ddb2ba7c6341dd,NO INJURY / DRIVE AWAY,"OVER $1,500",2025-09-23T09:45:00.000,NO CONTROLS,PARKED MOTOR VEHICLE,Y,0,0,1,0,0,0,0,41.7772979814,DARKNESS,-87.7600664562,NO INDICATION OF INJURY,2,20,UNABLE TO DETERMINE,NOT ON SCENE (DESK REPORT),NO DEFECTS,DRY,UNABLE TO DETERMINE,,W,63RD PL,5518,NO CONTROLS,NOT DIVIDED,CLEAR,,,,,,,2,1,"{""coordinates"": [-87.7600664562, 41.7772979814], ""type"": ""Point""}","[""FRONT-LEFT-CORNER"", ""UNKNOWN""]","[""GENERAL MOTORS CORPORATION (GMC)"", ""UNKNOWN""]","[""PARKED"", ""UNKNOWN/NA""]","[""MOTORIZED"", ""SIERRA""]",[],[],"[""DEPLOYMENT UNKNOWN""]","[""NONE""]","[""NO INDICATION OF INJURY""]","[""O2156250""]"
STRAIGHT AND LEVEL,832,2025-09-23T01:00:00.000,3,1,9,dfd19b8bd513a4d354e576c81ff97fad88e4d009ec1da03e0d25a9068f60ca4fb55cbf140d9d5d0a0b2806f9d1e0482d31d11c92b7a0c5aa4e7958cbf125585c,INJURY AND / OR TOW DUE TO CRASH,"OVER $1,500",2025-09-23T09:00:00.000,NO CONTROLS,PARKED MOTOR VEHICLE,Y,0,0,0,1,0,1,0,41.7645494806,DARKNESS,-87.685623645,NONINCAPACITATING INJURY,2,30,UNABLE TO DETERMINE,NOT ON SCENE (DESK REPORT),UNKNOWN,UNKNOWN,UNABLE TO DETERMINE,,W,71ST ST,2459,NO CONTROLS,OTHER,CLEAR,Y,,,,,,2,1,"{""coordinates"": [-87.685623644983, 41.764549480573], ""type"": ""Point""}","[""REAR-LEFT-CORNER"", ""UNKNOWN""]","[""INFINITI"", ""UNKNOWN""]","[""PARKED"", ""UNKNOWN/NA""]","[""OTHER (EXPLAIN IN NARRATIVE)"", ""QX60""]","[""Y""]",[],"[""DEPLOYMENT UNKNOWN""]","[""UNKNOWN""]","[""NONINCAPACITATING INJURY""]","[""O2156238""]"
STRAIGHT AND LEVEL,433,2025-09-23T03:00:00.000,3,3,9,64c41555c1b17e798db6fb0f2fc71219e20cd8a25e8a136a56fab0feeda0ad272ff5794935f59b7ac8ee144836b1432c1c8200c0493acd2ae26d01236afe396c,NO INJURY / DRIVE AWAY,"OVER $1,500",2025-09-23T08:00:00.000,NO CONTROLS,OTHER OBJECT,,,,,,,,,41.6833732999,UNKNOWN,-87.5399730927,,1,30,NOT APPLICABLE,NOT ON SCENE (DESK REPORT),UNKNOWN,DRY,NOT APPLICABLE,,S,AVENUE O,11641,NO CONTROLS,UNKNOWN INTERSECTION TYPE,CLEAR,Y,,,,,,1,,"{""coordinates"": [-87.539973092747, 41.683373299899], ""type"": ""Point""}","[""REAR""]","[""SPARTAN MOTORS, INC. (CHARLOTTE, MI)""]","[""PARKED""]","[""SPARTAN MOTORS, INC. (MFD. IN CHARLOTTE, MI)""]",[],,,,,
STRAIGHT AND LEVEL,2524,2025-09-23T03:00:00.000,3,3,9,b1585188a34ef5ad7908fa6b9931e98b04c6bc812fbce8401667db317f8bafb6ae87fbadc2e2a19e3cf7ad21e3c629272f3968781a1a04cb448b4a567f7cf8db,NO INJURY / DRIVE AWAY,"OVER $1,500",2025-09-23T14:49:00.000,NO CONTROLS,PARKED MOTOR VEHICLE,Y,0,0,1,0,0,0,0,41.9248717939,"DARKNESS, LIGHTED ROAD",-87.7364532111,NO INDICATION OF INJURY,2,25,UNABLE TO DETERMINE,NOT ON SCENE (DESK REPORT),NO DEFECTS,DRY,NOT APPLICABLE,,N,KOSTNER AVE,2415,NO CONTROLS,NOT DIVIDED,CLEAR,N,,,,,,2,1,"{""coordinates"": [-87.736453211102, 41.924871793876], ""type"": ""Point""}","[""UNKNOWN""]","[""DODGE"", ""UNKNOWN""]","[""PARKED"", ""UNKNOWN/NA""]","[""DURANGO"", ""OTHER (EXPLAIN IN NARRATIVE)""]",[],[],"[""DEPLOYMENT UNKNOWN""]","[""UNKNOWN""]","[""NO INDICATION OF INJURY""]","[""O2156477""]"
STRAIGHT AND LEVEL,1031,2025-09-23T03:34:00.000,3,3,9,5f54e8c090c0d48a664293db95a3a58e97026e047ca79af688eea859aa68f5f35a56fa3e7ca4ef81b2870e795f9de4690d904dd878ff780acb6b9cf82b6364c1,INJURY AND / OR TOW DUE TO CRASH,"OVER $1,500",2025-09-23T03:34:00.000,UNKNOWN,ANGLE,,0,0,2,0,0,0,0,41.83053058,"DARKNESS, LIGHTED ROAD",-87.7355759982,NO INDICATION OF INJURY,2,30,ROAD CONSTRUCTION/MAINTENANCE,ON SCENE,OTHER,"SAND, MUD, DIRT",NOT APPLICABLE,,S,KOSTNER AVE,3500,UNKNOWN,T-INTERSECTION,CLEAR,Y,Y,,,,,2,2,"{""coordinates"": [-87.735575998177, 41.830530579976], ""type"": ""Point""}","[""FRONT"", ""SIDE-LEFT-REAR""]","[""BUICK"", ""GENERAL MOTORS CORPORATION (GMC)""]","[""STRAIGHT AHEAD""]","[""REGAL"", ""SIERRA""]","[""Y""]","[""27"", ""34""]","[""DEPLOYED, FRONT"", ""DID NOT DEPLOY""]","[""NONE""]","[""NO INDICATION OF INJURY""]","[""O2156132"", ""O2156133""]"
STRAIGHT AND LEVEL,1411,2025-09-23T03:45:00.000,3,3,9,078e363e2b286e3d4854db643dbd555fe2df18ff4376dff8f63076ba5d43e4839f1c00e49cffb5c9f4702b0c58579b07605f46d3d3864dd318811a28709f690d,INJURY AND / OR TOW DUE TO CRASH,"OVER $1,500",2025-09-23T03:50:00.000,NO CONTROLS,PARKED MOTOR VEHICLE,Y,0,0,1,0,0,0,0,41.9321886591,"DARKNESS, LIGHTED ROAD",-87.7001357251,NO INDICATION OF INJURY,2,30,UNABLE TO DETERMINE,ON SCENE,NO DEFECTS,DRY,NOT APPLICABLE,,W,DIVERSEY AVE,2900,NO CONTROLS,NOT DIVIDED,CLEAR,Y,,,,,,2,1,"{""coordinates"": [-87.700135725098, 41.932188659081], ""type"": ""Point""}","[""FRONT-RIGHT-CORNER"", ""UNKNOWN""]","[""CHEVROLET"", ""FORD""]","[""PARKED"", ""UNKNOWN/NA""]","[""FUSION"", ""VOLT""]","[""Y""]","[""30""]","[""DEPLOYMENT UNKNOWN""]","[""NONE""]","[""NO INDICATION OF INJURY""]","[""O2156136""]"
STRAIGHT AND LEVEL,1822,2025-09-23T03:45:00.000,3,3,9,3ac0115b43dc3e7dca97050c3309da484df017dae15a0c5e168d3fc53c36dbfa4c8bb5550113041b7e1fe876ac668c6110be36f51dfcd4f5e9453542ac7f4b13,INJURY AND / OR TOW DUE TO CRASH,"OVER $1,500",2025-09-23T03:50:00.000,NO CONTROLS,PARKED MOTOR VEHICLE,,0,0,0,1,0,1,0,41.9102047461,"DARKNESS, LIGHTED ROAD",-87.6533732254,NONINCAPACITATING INJURY,2,30,"OPERATING VEHICLE IN ERRATIC, RECKLESS, CARELESS, NEGLIGENT OR AGGRESSIVE MANNER",ON SCENE,NO DEFECTS,DRY,NOT APPLICABLE,,N,KINGSBURY ST,1575,NO CONTROLS,NOT DIVIDED,CLEAR,,,,,,,2,1,"{""coordinates"": [-87.653373225428, 41.910204746102], ""type"": ""Point""}","[""FRONT-RIGHT-CORNER"", ""SIDE-LEFT-REAR""]","[""FORD"", ""TOYOTA""]","[""PARKED"", ""STRAIGHT AHEAD""]","[""CAMRY"", ""OTHER (EXPLAIN IN NARRATIVE)""]","[""N"", ""Y""]","[""35""]","[""DEPLOYED, COMBINATION""]","[""NONE""]","[""NONINCAPACITATING INJURY""]","[""O2156134""]"
STRAIGHT AND LEVEL,922,2025-09-23T04:07:00.000,3,4,9,a1dd81accc0dbcb30562f891edb9389386ce76816da0c36582bafe27e57bd591313b0ea6159cd063dfda308925067a4640ab62d4c5c88bd053e05c4adf9f21bd,INJURY AND / OR TOW DUE TO CRASH,"OVER $1,500",2025-09-23T04:09:00.000,NO CONTROLS,HEAD ON,,0,0,1,0,1,1,0,41.8070366041,DARKNESS,-87.6845307344,"REPORTED, NOT EVIDENT",2,30,UNABLE TO DETERMINE,ON SCENE,NO DEFECTS,DRY,NOT APPLICABLE,,S,WESTERN AVE,4746,NO CONTROLS,DIVIDED - W/MEDIAN BARRIER,CLEAR,,,,,,,2,2,"{""coordinates"": [-87.684530734446, 41.807036604073], ""type"": ""Point""}","[""FRONT"", ""UNKNOWN""]","[""JEEP"", ""NISSAN""]","[""STRAIGHT AHEAD"", ""UNKNOWN/NA""]","[""JEEP"", ""ROGUE""]","[""Y""]","[""26""]","[""DEPLOYMENT UNKNOWN"", ""DID NOT DEPLOY""]","[""NONE""]","[""NO INDICATION OF INJURY"", ""REPORTED, NOT EVIDENT""]","[""O2156138"", ""O2156139""]"
STRAIGHT AND LEVEL,1131,2025-09-23T05:16:00.000,3,5,9,013f4373a76249995b31824fcf05c8eef1531bc4efaa165a4b35ff2637d2aba83adb2688193bf07acba0fed10eb0923fa105ced6edef50bd833d3198f2e5c8ac,INJURY AND / OR TOW DUE TO CRASH,"$501 - $1,500",2025-09-23T05:16:00.000,FUNCTIONING PROPERLY,TURNING,Y,0,0,2,0,0,0,0,41.8728671861,DARKNESS,-87.7350626958,NO INDICATION OF INJURY,2,30,IMPROPER TURNING/NO SIGNAL,ON SCENE,NO DEFECTS,DRY,NOT APPLICABLE,,S,KOSTNER AVE,623,TRAFFIC SIGNAL,T-INTERSECTION,CLEAR,,,,,,,2,2,"{""coordinates"": [-87.73506269576, 41.872867186119], ""type"": ""Point""}","[""FRONT-RIGHT-CORNER"", ""SIDE-LEFT""]","[""DODGE"", ""UNKNOWN""]","[""OTHER"", ""TURNING LEFT""]","[""OTHER (EXPLAIN IN NARRATIVE)"", ""RAM 1500 PU""]","[""Y""]","[""32""]","[""DEPLOYMENT UNKNOWN"", ""DID NOT DEPLOY""]","[""NONE""]","[""NO INDICATION OF INJURY""]","[""O2156144"", ""O2156145""]"
STRAIGHT AND LEVEL,834,2025-09-23T05:53:00.000,3,5,9,0ce263fa066dad826f161b80a15c451cca8c939064e9ae113f8e27f6503e7332db12413fe13dad9eed15149d0f6d4f1523d438a1385ee02735cb5157d23eb0c8,INJURY AND / OR TOW DUE TO CRASH,"OVER $1,500",2025-09-23T05:55:00.000,NO CONTROLS,FIXED OBJECT,,0,0,1,0,0,0,0,41.7494427071,"DARKNESS, LIGHTED ROAD",-87.71456349,NO INDICATION OF INJURY,1,30,"VISION OBSCURED (SIGNS, TREE LIMBS, BUILDINGS, ETC.)",ON SCENE,NO DEFECTS,DRY,NOT APPLICABLE,,W,79TH ST,3699,NO CONTROLS,NOT DIVIDED,CLEAR,,,,,,,1,1,"{""coordinates"": [-87.714563489981, 41.749442707057], ""type"": ""Point""}","[""FRONT-RIGHT-CORNER""]","[""DODGE""]","[""TURNING RIGHT""]","[""OTHER (EXPLAIN IN NARRATIVE)""]","[""Y""]","[""64""]","[""DID NOT DEPLOY""]","[""NONE""]","[""NO INDICATION OF INJURY""]","[""O2156148""]"
STRAIGHT AND LEVEL,1413,2025-09-23T05:53:00.000,3,5,9,20d83f86099d4682169bd95edc25728a68f2c7160ecc4610578c3b3a24007c50ad7e0d11f3738d07e3880ee5c171f9c0223674000d0d697ad77182b7bbb02ea0,INJURY AND / OR TOW DUE TO CRASH,"OVER $1,500",2025-09-23T06:40:00.000,FUNCTIONING PROPERLY,REAR END,,0,0,3,0,0,0,0,41.9247969338,DAWN,-87.7073677247,NO INDICATION OF INJURY,2,30,FAILING TO REDUCE SPEED TO AVOID CRASH,NOT ON SCENE (DESK REPORT),NO DEFECTS,DRY,FAILING TO YIELD RIGHT-OF-WAY,,N,KEDZIE BLVD,2400,TRAFFIC SIGNAL,FOUR WAY,CLEAR,,Y,,,,,2,3,"{""coordinates"": [-87.707367724723, 41.924796933803], ""type"": ""Point""}","[""FRONT-RIGHT-CORNER"", ""REAR""]","[""ACURA"", ""CHEVROLET""]","[""AVOIDING VEHICLES/OBJECTS"", ""STRAIGHT AHEAD""]","[""TLX"", ""TRAIL BLAZER""]","[""Y""]","[""21"", ""42""]","[""DID NOT DEPLOY""]","[""NONE""]","[""NO INDICATION OF INJURY""]","[""O2156159"", ""O2156160"", ""P475885""]"
STRAIGHT AND LEVEL,434,2025-09-23T05:54:00.000,3,5,9,f6bcf23203f9f55f4d9fed921fa2cfd75b2df8389551a7c67d94a9936b5ba38f4359de25e7275425d1f4bccff735494ad7c31d207cee691540d08c5a6f73f3d6,NO INJURY / DRIVE AWAY,"OVER $1,500",2025-09-23T15:52:00.000,UNKNOWN,REAR TO FRONT,,0,0,2,0,0,0,0,41.6590551341,DAYLIGHT,-87.5616380654,NO INDICATION OF INJURY,2,30,DRIVING SKILLS/KNOWLEDGE/EXPERIENCE,NOT ON SCENE (DESK REPORT),UNKNOWN,UNKNOWN,NOT APPLICABLE,,E,130TH ST,2545,TRAFFIC SIGNAL,NOT DIVIDED,UNKNOWN,Y,,,,,,2,2,"{""coordinates"": [-87.561638065366, 41.659055134145], ""type"": ""Point""}","[""FRONT"", ""REAR""]","[""CHEVROLET"", ""FORD""]","[""STRAIGHT AHEAD""]","[""ESCAPE"", ""OTHER (EXPLAIN IN NARRATIVE)""]",[],"[""29"", ""47""]","[""NOT APPLICABLE""]","[""NONE"", ""UNKNOWN""]","[""NO INDICATION OF INJURY""]","[""O2156516"", ""O2156517""]"
STRAIGHT AND LEVEL,222,2025-09-23T06:30:00.000,3,6,9,183c66cb458427cec982c37f1ee203dfff9e09edebecd60339e23347d77353ef04666cef4e7569399c2f50b22c9c88114acf6dcd915b529c7e1cdfc9560a4d58,NO INJURY / DRIVE AWAY,"OVER $1,500",2025-09-23T07:25:00.000,NO CONTROLS,SIDESWIPE SAME DIRECTION,,0,0,2,0,0,0,0,41.8095300491,UNKNOWN,-87.5970274427,NO INDICATION OF INJURY,2,30,DRIVING SKILLS/KNOWLEDGE/EXPERIENCE,NOT ON SCENE (DESK REPORT),UNKNOWN,UNKNOWN,UNABLE TO DETERMINE,,E,47TH ST,1157,NO CONTROLS,NOT DIVIDED,UNKNOWN,,,,,,,2,2,"{""coordinates"": [-87.597027442672, 41.809530049101], ""type"": ""Point""}","[""SIDE-LEFT"", ""SIDE-RIGHT""]","[""CHEVROLET"", ""FORD""]","[""STRAIGHT AHEAD""]","[""IMPALA"", ""OTHER (EXPLAIN IN NARRATIVE)""]",[],"[""53"", ""61""]","[""NOT APPLICABLE""]","[""NONE""]","[""NO INDICATION OF INJURY""]","[""O2156163"", ""O2156164""]"
STRAIGHT AND LEVEL,421,2025-09-23T06:30:00.000,3,6,9,3e913a229281ade70cd8bfd9c3e89d3796ca686086a4488a733064526c115e4c388e064c1ec0d1ce6d876a2d49b61ab20c38d2cab0828e02eb690426335f12a2,INJURY AND / OR TOW DUE TO CRASH,"OVER $1,500",2025-09-23T18:30:00.000,NO CONTROLS,REAR END,,0,0,2,0,0,0,0,41.7574073721,DAYLIGHT,-87.5536892233,NO INDICATION OF INJURY,2,30,FAILING TO REDUCE SPEED TO AVOID CRASH,NOT ON SCENE (DESK REPORT),NO DEFECTS,DRY,FAILING TO REDUCE SPEED TO AVOID CRASH,,S,SOUTH SHORE DR,7667,NO CONTROLS,TRAFFIC ROUTE,CLEAR,,,,,,,2,2,"{""coordinates"": [-87.553689223332, 41.757407372109], ""type"": ""Point""}","[""FRONT"", ""REAR""]","[""FORD"", ""LEXUS""]","[""STRAIGHT AHEAD""]","[""FOCUS"", ""OTHER (EXPLAIN IN NARRATIVE)""]","[""Y""]","[""34""]","[""DEPLOYMENT UNKNOWN"", ""DID NOT DEPLOY""]","[""NONE""]","[""NO INDICATION OF INJURY""]","[""O2156682"", ""O2156683""]"
STRAIGHT AND LEVEL,1024,2025-09-23T06:40:00.000,3,6,9,939db15cdb4af8bc0b245f4aedfa7b7bfea69da54aebc7b4e7e4aa552c233328dfe6b57ab5caad5bd85920e7c228880cffdd1cee3c6d6ec32805525e971e1d10,NO INJURY / DRIVE AWAY,"OVER $1,500",2025-09-23T07:15:00.000,NO CONTROLS,SIDESWIPE SAME DIRECTION,,0,0,2,0,0,0,0,41.8546507076,DAWN,-87.7141411046,NO INDICATION OF INJURY,2,30,UNABLE TO DETERMINE,NOT ON SCENE (DESK REPORT),NO DEFECTS,DRY,NOT APPLICABLE,,W,OGDEN AVE,3549,NO CONTROLS,FOUR WAY,CLEAR,,,,,,,2,2,"{""coordinates"": [-87.714141104582, 41.854650707552], ""type"": ""Point""}","[""FRONT-RIGHT-CORNER"", ""SIDE-LEFT-REAR""]","[""FORD"", ""SUBARU""]","[""CHANGING LANES"", ""STRAIGHT AHEAD""]","[""EXPLORER"", ""TRIBECA""]",[],"[""22"", ""31""]","[""DID NOT DEPLOY""]","[""NONE""]","[""NO INDICATION OF INJURY""]","[""O2156165"", ""O2156166""]"
STRAIGHT AND LEVEL,2513,2025-09-23T06:45:00.000,3,6,9,4bcdba692850ccfbea75b9d8c5bbbb2e8a500bb779c338c4badb988426047a03fbe0d37199a2cd42079747517b6926cf63a0c008277dcd158037766eb5ea9f2a,NO INJURY / DRIVE AWAY,"OVER $1,500",2025-09-23T14:10:00.000,NO CONTROLS,SIDESWIPE SAME DIRECTION,,0,0,2,0,0,0,0,41.9130327272,DAYLIGHT,-87.7950614066,NO INDICATION OF INJURY,2,30,UNABLE TO DETERMINE,NOT ON SCENE (DESK REPORT),UNKNOWN,UNKNOWN,UNABLE TO DETERMINE,,N,OAK PARK AVE,1810,NO CONTROLS,DIVIDED - W/MEDIAN (NOT RAISED),CLOUDY/OVERCAST,,,,,,,2,2,"{""coordinates"": [-87.795061406629, 41.913032727247], ""type"": ""Point""}","[""FRONT-LEFT-CORNER"", ""SIDE-RIGHT""]","[""TOYOTA"", ""UNKNOWN""]","[""ENTERING TRAFFIC LANE FROM PARKING"", ""STRAIGHT AHEAD""]","[""OTHER (EXPLAIN IN NARRATIVE)"", ""PRIUS""]",[],"[""59"", ""75""]","[""DEPLOYMENT UNKNOWN""]","[""NONE""]","[""NO INDICATION OF INJURY""]","[""O2156450"", ""O2156451""]"
STRAIGHT AND LEVEL,2521,2025-09-23T06:58:00.000,3,6,9,8e3249ca44c09a366115cf0c0f527d8d901d5dc7472dca933915668989d2f52f20b128ce609b0312d7edcc99843fd84a8dad5d9f51a72d2cae7d77754d3b7405,INJURY AND / OR TOW DUE TO CRASH,"OVER $1,500",2025-09-23T06:59:00.000,NO CONTROLS,TURNING,,0,0,2,0,0,0,0,41.9304749573,DAYLIGHT,-87.7498256089,NO INDICATION OF INJURY,2,30,FAILING TO REDUCE SPEED TO AVOID CRASH,ON SCENE,NO DEFECTS,DRY,FAILING TO YIELD RIGHT-OF-WAY,,W,PARKER AVE,4919,NO CONTROLS,ALLEY,CLEAR,,,,,,,2,2,"{""coordinates"": [-87.749825608912, 41.930474957302], ""type"": ""Point""}","[""FRONT"", ""FRONT-RIGHT-CORNER""]","[""FORD"", ""SUBARU""]","[""STRAIGHT AHEAD"", ""TURNING LEFT""]","[""OTHER (EXPLAIN IN NARRATIVE)""]","[""Y""]","[""34"", ""40""]","[""DID NOT DEPLOY""]","[""NONE""]","[""NO INDICATION OF INJURY""]","[""O2156215"", ""O2156216""]"
STRAIGHT AND LEVEL,1122,2025-09-23T07:00:00.000,3,7,9,2628414cdb6691bfe46b50c77f2313c8a4a14e6eed4397ea50d81cd5a977cd25bf1eaa5574def68059236515a5cd95a4f58463ad4f7de03356d57866f1e1b571,NO INJURY / DRIVE AWAY,"OVER $1,500",2025-09-23T12:00:00.000,NO CONTROLS,PARKED MOTOR VEHICLE,Y,0,0,1,0,0,0,0,41.8931247281,"DARKNESS, LIGHTED ROAD",-87.7221989626,NO INDICATION OF INJURY,2,30,UNABLE TO DETERMINE,NOT ON SCENE (DESK REPORT),NO DEFECTS,DRY,NOT APPLICABLE,,N,AVERS AVE,645,NO CONTROLS,ONE-WAY,CLEAR,,,,,,,2,1,"{""coordinates"": [-87.722198962583, 41.893124728143], ""type"": ""Point""}","[""SIDE-RIGHT"", ""UNKNOWN""]","[""JAGUAR"", ""UNKNOWN""]","[""PARKED"", ""UNKNOWN/NA""]","[""ENCLOSED BODY"", ""F-PACE""]",[],[],"[""DEPLOYMENT UNKNOWN""]","[""NONE""]","[""NO INDICATION OF INJURY""]","[""O2156333""]"
STRAIGHT AND LEVEL,1133,2025-09-23T07:00:00.000,3,7,9,6d6ce4b45c4803df27f8e08f07da9708488f6cbd176ec055ed6df7c44f84e0160bbb85ceb21299a81aa66d5512dee9b022c6aa6dd9dc5ccb29dd79c91c0a2b06,NO INJURY / DRIVE AWAY,"OVER $1,500",2025-09-23T17:00:00.000,NO CONTROLS,PARKED MOTOR VEHICLE,Y,0,0,1,0,0,0,0,41.8722467349,"DARKNESS, LIGHTED ROAD",-87.7179054982,NO INDICATION OF INJURY,2,20,UNABLE TO DETERMINE,NOT ON SCENE (DESK REPORT),UNKNOWN,UNKNOWN,NOT APPLICABLE,,S,LAWNDALE AVE,711,NO CONTROLS,NOT DIVIDED,CLEAR,,,,,,,2,1,"{""coordinates"": [-87.717905498249, 41.87224673492], ""type"": ""Point""}","[""REAR-LEFT-CORNER"", ""UNKNOWN""]","[""CHEVROLET"", ""UNKNOWN""]","[""PARKED"", ""UNKNOWN/NA""]","[""MALIBU"", ""OTHER (EXPLAIN IN NARRATIVE)""]",[],[],"[""DEPLOYMENT UNKNOWN""]","[""NONE""]","[""NO INDICATION OF INJURY""]","[""O2156571""]"
STRAIGHT AND LEVEL,1654,2025-09-23T07:06:00.000,3,7,9,73d7920e14ede63faa0cf4d15c7b5542a420af14cfa9f9f7b512bb925f3700a1ae71d26a55490ccb705f44b31cfd77aaf7442b5596254718bfa7318967eb8824,INJURY AND / OR TOW DUE TO CRASH,"OVER $1,500",2025-09-23T07:10:00.000,FUNCTIONING PROPERLY,TURNING,,0,0,1,1,0,1,0,41.9950223305,DAYLIGHT,-87.8846128887,NONINCAPACITATING INJURY,2,45,IMPROPER TURNING/NO SIGNAL,ON SCENE,NO DEFECTS,DRY,FAILING TO YIELD RIGHT-OF-WAY,,W,ZEMKE RD,10400,TRAFFIC SIGNAL,FOUR WAY,CLEAR,,Y,,,,,2,2,"{""coordinates"": [-87.884612888742, 41.995022330494], ""type"": ""Point""}","[""FRONT"", ""REAR-RIGHT-CORNER""]","[""CHEVROLET"", ""TOYOTA""]","[""STRAIGHT AHEAD"", ""TURNING LEFT""]","[""PRIUS"", ""SILVERADO""]","[""Y""]","[""47"", ""48""]","[""DEPLOYED, COMBINATION"", ""DEPLOYED, FRONT""]","[""NONE""]","[""NO INDICATION OF INJURY"", ""NONINCAPACITATING INJURY""]","[""O2156179"", ""O2156180""]"
STRAIGHT AND LEVEL,1434,2025-09-23T07:20:00.000,3,7,9,d74770928887a3f63111702bb726dd38cc2a23cb03625a7f32a91d44ffe6b4bc501b59373d1267f1594be9650b628c06a7e8b67149f6a846b96e1616755c1c18,NO INJURY / DRIVE AWAY,"OVER $1,500",2025-09-23T07:30:00.000,FUNCTIONING PROPERLY,SIDESWIPE SAME DIRECTION,,0,0,2,0,0,0,0,41.9104298624,DAYLIGHT,-87.6872842205,NO INDICATION OF INJURY,2,20,FAILING TO YIELD RIGHT-OF-WAY,ON SCENE,NO DEFECTS,DRY,FAILING TO YIELD RIGHT-OF-WAY,,W,NORTH AVE,2400,TRAFFIC SIGNAL,T-INTERSECTION,CLEAR,,,,,,,2,2,"{""coordinates"": [-87.687284220508, 41.910429862359], ""type"": ""Point""}","[""NONE"", ""SIDE-LEFT-REAR""]","[""MACK TRUCKS, INC."", ""MAZDA""]","[""STRAIGHT AHEAD""]","[""MACK TRUCKS, INC."", ""MAZDA3""]",[],"[""33"", ""54""]","[""DID NOT DEPLOY"", ""NOT APPLICABLE""]","[""NONE""]","[""NO INDICATION OF INJURY""]","[""O2156177"", ""O2156178""]"
STRAIGHT AND LEVEL,1222,2025-09-23T07:25:00.000,3,7,9,04adb6808d57e256fd6f0576e39b24e276017e49f6302cc6dc4e1d582c21660dae05a7709989d23cac6d5832a6520f92a2cfc84267c75ebcd3294e7c5d2cf2cd,INJURY AND / OR TOW DUE TO CRASH,"OVER $1,500",2025-09-23T07:31:00.000,FUNCTIONING PROPERLY,ANGLE,,0,0,2,0,0,0,0,41.8820492907,DAYLIGHT,-87.7013564212,NO INDICATION OF INJURY,2,30,UNABLE TO DETERMINE,ON SCENE,NO DEFECTS,DRY,DISREGARDING OTHER TRAFFIC SIGNS,,W,WARREN BLVD,3000,TRAFFIC SIGNAL,FOUR WAY,CLEAR,,Y,,,,,2,2,"{""coordinates"": [-87.701356421227, 41.882049290742], ""type"": ""Point""}","[""FRONT"", ""FRONT-LEFT-CORNER""]","[""JEEP"", ""TOYOTA""]","[""STRAIGHT AHEAD""]","[""COMPASS"", ""PRIUS""]","[""Y""]","[""28"", ""38""]","[""NOT APPLICABLE""]","[""NONE""]","[""NO INDICATION OF INJURY""]","[""O2156209"", ""O2156210""]"