alignment,beat_of_occurrence,crash_date,crash_day_of_week,crash_hour,crash_month,crash_record_id,crash_type,damage,date_police_notified,device_condition,first_crash_type,hit_and_run_i,injuries_fatal,injuries_incapacitating,injuries_no_indication,injuries_non_incapacitating,injuries_reported_not_evident,injuries_total,injuries_unknown,latitude,lighting_condition,longitude,most_severe_injury,num_units,posted_speed_limit,prim_contributory_cause,report_type,road_defect,roadway_surface_cond,sec_contributory_cause,statements_taken_i,street_direction,street_name,street_no,traffic_control_device,trafficway_type,weather_condition,crash_date_est_i,intersection_related_i,photos_taken_i,work_zone_i,dooring_i,private_property_i,veh_count,ppl_count,location_json,veh_first_contact_point_list_json,veh_make_list_json,veh_maneuver_list_json,veh_model_list_json,veh_towed_i_list_json,ppl_age_list_json,ppl_airbag_deployed_list_json,ppl_ejection_list_json,ppl_injury_classification_list_json,ppl_person_id_list_json
STRAIGHT AND LEVEL,821,2025-09-23T07:25:00.000,3,7,9,edc536fee46dc1d45be291f952c1509bd7df453e640cf40a73754da881862cce93f112820f0f6942543d6084c6c9726235b09c411593e8205d4ee2ee06a02c0b,NO INJURY / DRIVE AWAY,$500 OR LESS,2025-09-23T10:55:00.000,FUNCTIONING PROPERLY,TURNING,Y,0,0,2,0,0,0,0,41.8079772027,DAYLIGHT,-87.7234428552,NO INDICATION OF INJURY,2,30,UNABLE TO DETERMINE,NOT ON SCENE (DESK REPORT),NO DEFECTS,DRY,UNABLE TO DETERMINE,,S,PULASKI RD,4659,TRAFFIC SIGNAL,FOUR WAY,CLOUDY/OVERCAST,,Y,,,,,2,2,"{""coordinates"": [-87.723442855227, 41.807977202659], ""type"": ""Point""}","[""SIDE-LEFT"", ""SIDE-RIGHT-REAR""]","[""FORD"", ""UNKNOWN""]","[""TURNING RIGHT""]","[""OTHER (EXPLAIN IN NARRATIVE)"", ""TRANSIT""]",[],"[""28""]","[""DEPLOYMENT UNKNOWN"", ""DID NOT DEPLOY""]","[""NONE""]","[""NO INDICATION OF INJURY""]","[""O2156304"", ""O2156305""]"
STRAIGHT AND LEVEL,815,2025-09-23T07:30:00.000,3,7,9,2462a323c0e8d409835a647fa9870abdefee5b8af9dc92a77f315d9031ae778f6b231c90623e63e9a68f1edf90dc17856e573ec5a9cf034aef22184272a64ed7,INJURY AND / OR TOW DUE TO CRASH,"OVER $1,500",2025-09-23T17:20:00.000,NO CONTROLS,REAR END,Y,0,0,1,0,1,1,0,41.8076584994,DAYLIGHT,-87.7317553314,"REPORTED, NOT EVIDENT",2,35,UNABLE TO DETERMINE,NOT ON SCENE (DESK REPORT),NO DEFECTS,DRY,UNABLE TO DETERMINE,,W,47TH ST,4319,NO CONTROLS,NOT DIVIDED,CLEAR,,,,,,,2,2,"{""coordinates"": [-87.731755331397, 41.807658499411], ""type"": ""Point""}","[""FRONT"", ""REAR""]","[""HONDA"", ""NISSAN""]","[""SLOW/STOP IN TRAFFIC"", ""STRAIGHT AHEAD""]","[""ACCORD"", ""SENTRA""]",[],"[""27""]","[""DEPLOYMENT UNKNOWN"", ""NOT APPLICABLE""]","[""NONE""]","[""NO INDICATION OF INJURY"", ""REPORTED, NOT EVIDENT""]","[""O2156604"", ""O2156605""]"
STRAIGHT AND LEVEL,1512,2025-09-23T07:30:00.000,3,7,9,c4e8cfc93a12f28046ace8abe0e012e01b1ce852ddd5dc48ee5163a9703ddb42b155c253ccfbdae817392224e565cc136f0f6cee7844e38613820f462209fbff,NO INJURY / DRIVE AWAY,"OVER $1,500",2025-09-23T08:13:00.000,FUNCTIONING PROPERLY,REAR END,,0,0,2,0,0,0,0,41.8843442063,DAYLIGHT,-87.7650866819,NO INDICATION OF INJURY,2,25,FOLLOWING TOO CLOSELY,NOT ON SCENE (DESK REPORT),NO DEFECTS,DRY,NOT APPLICABLE,,W,WEST END AVE,5600,NO CONTROLS,FOUR WAY,CLEAR,,,,,,,2,2,"{""coordinates"": [-87.76508668194, 41.884344206285], ""type"": ""Point""}","[""FRONT"", ""REAR""]","[""CHRYSLER"", ""FORD""]","[""STRAIGHT AHEAD""]","[""BRONCO / BRONCO II"", ""TRUCK""]",[],"[""28"", ""34""]","[""DID NOT DEPLOY"", ""NOT APPLICABLE""]","[""NONE""]","[""NO INDICATION OF INJURY""]","[""O2156183"", ""O2156184""]"
STRAIGHT AND LEVEL,1013,2025-09-23T07:30:00.000,3,7,9,f6c307a6cf92c0f55768335b532657b2e443e6576439566d7223aaf89c5cf16df9b73fd7ed71f22b783fbe83c8765dfb17dcffdc853eeec8adc481712c3c89f4,INJURY AND / OR TOW DUE TO CRASH,"OVER $1,500",2025-09-23T07:59:00.000,FUNCTIONING PROPERLY,ANGLE,,0,0,1,2,0,2,0,41.8515143382,DAYLIGHT,-87.7185910842,NONINCAPACITATING INJURY,2,30,UNABLE TO DETERMINE,ON SCENE,NO DEFECTS,DRY,UNABLE TO DETERMINE,,W,CERMAK RD,3725,STOP SIGN/FLASHER,FOUR WAY,CLEAR,,Y,,,,,2,3,"{""coordinates"": [-87.718591084158, 41.851514338241], ""type"": ""Point""}","[""FRONT"", ""SIDE-LEFT""]","[""DODGE"", ""TOYOTA""]","[""STARTING IN TRAFFIC"", ""STRAIGHT AHEAD""]","[""CHARGER"", ""RAV4""]","[""Y""]","[""16"", ""22"", ""35""]","[""DEPLOYED, COMBINATION""]","[""NONE""]","[""NO INDICATION OF INJURY"", ""NONINCAPACITATING INJURY""]","[""O2156229"", ""O2156230"", ""P475896""]"
STRAIGHT AND LEVEL,2521,2025-09-23T07:33:00.000,3,7,9,1ed3c82a3cc2a33f118e323ea5d29d8e1244f71b35f7bf94f3aefab6d146454e59cd590fda0d7a0133bf3e31516a06a90d204f65c863e305748d5ecd73eb05de,INJURY AND / OR TOW DUE TO CRASH,"OVER $1,500",2025-09-23T07:41:00.000,NO CONTROLS,ANGLE,,0,0,5,0,0,0,0,41.9355700675,DAYLIGHT,-87.7456314515,NO INDICATION OF INJURY,2,15,FAILING TO YIELD RIGHT-OF-WAY,ON SCENE,UNKNOWN,DRY,NOT APPLICABLE,,N,KEATING AVE,3010,NO CONTROLS,ALLEY,CLEAR,,,,,,,2,5,"{""coordinates"": [-87.745631451452, 41.935570067482], ""type"": ""Point""}","[""FRONT-LEFT-CORNER"", ""SIDE-RIGHT-FRONT""]","[""GENERAL MOTORS CORPORATION (GMC)"", ""NISSAN""]","[""STRAIGHT AHEAD""]","[""SENTRA"", ""TERRAIN""]","[""Y""]","[""10"", ""12"", ""17"", ""56""]","[""NOT APPLICABLE""]","[""NONE"", ""UNKNOWN""]","[""NO INDICATION OF INJURY""]","[""O2156201"", ""O2156202"", ""P475889"", ""P475891"", ""P475892""]"
STRAIGHT AND LEVEL,323,2025-09-23T07:35:00.000,3,7,9,bb473198713a69122060116dc832c03e159bc1247762392147933c7186086a051e2e3ac0a05ba8e548e068290aaccfdae3f705f71d2e260fcac755a0e6b958e7,NO INJURY / DRIVE AWAY,"OVER $1,500",2025-09-23T07:42:00.000,UNKNOWN,SIDESWIPE SAME DIRECTION,,0,0,2,0,0,0,0,41.7603720323,DAYLIGHT,-87.5981273553,NO INDICATION OF INJURY,2,30,NOT APPLICABLE,NOT ON SCENE (DESK REPORT),UNKNOWN,DRY,NOT APPLICABLE,,S,SOUTH CHICAGO AVE,7400,UNKNOWN,NOT DIVIDED,CLEAR,,,,,,,2,2,"{""coordinates"": [-87.598127355305, 41.760372032331], ""type"": ""Point""}","[""FRONT"", ""REAR""]","[""BUICK"", ""CHEVROLET""]","[""STRAIGHT AHEAD""]","[""COLORADO"", ""PARK AVENUE""]",[],"[""55"", ""57""]","[""DID NOT DEPLOY""]","[""NONE""]","[""NO INDICATION OF INJURY""]","[""O2156169"", ""O2156170""]"
STRAIGHT AND LEVEL,1022,2025-09-23T07:40:00.000,3,7,9,acd200ed50423a28055fc18e6914b1d1e287eb1056fe172a9e838b08133b2d1c0dcf4b94d2edae1edcd976427f7e55017066b17f85adfb98d43e708bcc3acbef,NO INJURY / DRIVE AWAY,"OVER $1,500",2025-09-23T09:30:00.000,FUNCTIONING PROPERLY,SIDESWIPE SAME DIRECTION,Y,0,0,2,0,0,0,0,41.8572480877,DAYLIGHT,-87.7052648401,NO INDICATION OF INJURY,2,30,UNABLE TO DETERMINE,NOT ON SCENE (DESK REPORT),NO DEFECTS,DRY,NOT APPLICABLE,,S,KEDZIE AVE,1815,TRAFFIC SIGNAL,DIVIDED - W/MEDIAN (NOT RAISED),CLOUDY/OVERCAST,,,,,,,2,2,"{""coordinates"": [-87.705264840107, 41.857248087678], ""type"": ""Point""}","[""FRONT-LEFT-CORNER"", ""SIDE-RIGHT""]","[""FORD"", ""KIA""]","[""STRAIGHT AHEAD""]","[""ESCAPE"", ""OPTIMA / K5""]",[],"[""62""]","[""DEPLOYMENT UNKNOWN"", ""DID NOT DEPLOY""]","[""NONE""]","[""NO INDICATION OF INJURY""]","[""O2156244"", ""O2156245""]"
STRAIGHT AND LEVEL,1731,2025-09-23T07:40:00.000,3,7,9,d5f6cb6b23cde3a5eac80da40c3cafc84a4c75bf969f9c2fc6133fe60190a11d32bf360f289a1b4ad5369dceb3308b4f31951f38f42f8f2d5e7bbd17c57502bd,NO INJURY / DRIVE AWAY,$500 OR LESS,2025-09-23T07:40:00.000,NO CONTROLS,SIDESWIPE SAME DIRECTION,,0,0,2,0,0,0,0,41.9516909726,DAYLIGHT,-87.7312772413,NO INDICATION OF INJURY,2,25,UNABLE TO DETERMINE,ON SCENE,NO DEFECTS,DRY,UNABLE TO DETERMINE,,W,BYRON ST,4155,NO CONTROLS,DIVIDED - W/MEDIAN (NOT RAISED),CLEAR,,,,,,,2,2,"{""coordinates"": [-87.731277241268, 41.951690972578], ""type"": ""Point""}","[""SIDE-LEFT"", ""SIDE-RIGHT""]","[""AUDI"", ""HYUNDAI""]","[""OTHER"", ""STRAIGHT AHEAD""]","[""A4"", ""ELANTRA""]",[],"[""34"", ""55""]","[""DID NOT DEPLOY""]","[""NONE""]","[""NO INDICATION OF INJURY""]","[""O2156187"", ""O2156188""]"
STRAIGHT AND LEVEL,1433,2025-09-23T07:40:00.000,3,7,9,e0b1f141da4c88108bad36614a951c1ad4801e68dd3459fc41d815067120b2cea3008539ca63d1bf4ef1fa4faf9258d59907033864c1ed07bb7c652882074892,NO INJURY / DRIVE AWAY,"$501 - $1,500",2025-09-23T08:10:00.000,FUNCTIONING PROPERLY,REAR END,,0,0,2,0,0,0,0,41.9161402866,DAYLIGHT,-87.6716462656,NO INDICATION OF INJURY,2,30,FAILING TO REDUCE SPEED TO AVOID CRASH,NOT ON SCENE (DESK REPORT),NO DEFECTS,DRY,FAILING TO YIELD RIGHT-OF-WAY,,N,HERMITAGE AVE,1900,STOP SIGN/FLASHER,FOUR WAY,CLEAR,,Y,,,,,2,2,"{""coordinates"": [-87.671646265554, 41.916140286632], ""type"": ""Point""}","[""FRONT"", ""REAR""]","[""CHEVROLET"", ""TESLA""]","[""SLOW/STOP IN TRAFFIC"", ""STRAIGHT AHEAD""]","[""EQUINOX"", ""MODEL X""]",[],"[""49"", ""50""]","[""DID NOT DEPLOY"", ""NOT APPLICABLE""]","[""NONE""]","[""NO INDICATION OF INJURY""]","[""O2156186"", ""O2156191""]"
STRAIGHT AND LEVEL,2233,2025-09-23T07:45:00.000,3,7,9,a451afd40d98d7b64366694bb9bc00a00cc74702b9f112af5b56225ed8b4f43c57712cc73354bde2f55db1cd398109c30cb5a9a17ab95194128b9ff516b3b566,NO INJURY / DRIVE AWAY,"OVER $1,500",2025-09-23T12:50:00.000,NO CONTROLS,SIDESWIPE SAME DIRECTION,Y,0,0,2,0,0,0,0,41.6995175998,DAYLIGHT,-87.6442916881,NO INDICATION OF INJURY,2,30,"OPERATING VEHICLE IN ERRATIC, RECKLESS, CARELESS, NEGLIGENT OR AGGRESSIVE MANNER",NOT ON SCENE (DESK REPORT),NO DEFECTS,DRY,"OPERATING VEHICLE IN ERRATIC, RECKLESS, CARELESS, NEGLIGENT OR AGGRESSIVE MANNER",,W,107TH ST,845,NO CONTROLS,DIVIDED - W/MEDIAN (NOT RAISED),CLEAR,,,,,,,2,2,"{""coordinates"": [-87.644291688101, 41.699517599763], ""type"": ""Point""}","[""FRONT-LEFT-CORNER"", ""SIDE-RIGHT""]","[""LEXUS"", ""NISSAN""]","[""CHANGING LANES"", ""STRAIGHT AHEAD""]","[""ALTIMA"", ""OTHER (EXPLAIN IN NARRATIVE)""]",[],"[""45""]","[""DEPLOYMENT UNKNOWN"", ""NOT APPLICABLE""]","[""NONE""]","[""NO INDICATION OF INJURY""]","[""O2156789"", ""O2156790""]"
STRAIGHT AND LEVEL,1111,2025-09-23T07:46:00.000,3,7,9,931549669d65adecd2bed8a896935736d4260530a9e06b9d763b2002d051d0ac25128b7ea33ea1c511e0bdbe53325b6d235fcb77cbd7fae8ec0a5ed0f0cc818e,NO INJURY / DRIVE AWAY,"OVER $1,500",2025-09-23T08:10:00.000,NO CONTROLS,REAR END,,0,0,2,0,0,0,0,41.8938778422,DAYLIGHT,-87.7456240862,NO INDICATION OF INJURY,2,30,FOLLOWING TOO CLOSELY,ON SCENE,NO DEFECTS,DRY,FOLLOWING TOO CLOSELY,,N,CICERO AVE,721,NO CONTROLS,NOT DIVIDED,CLEAR,,,,,,,2,2,"{""coordinates"": [-87.745624086176, 41.893877842226], ""type"": ""Point""}","[""FRONT"", ""REAR""]","[""(RECONSTRUCTED TRAILERS)"", ""CHEVROLET""]","[""SLOW/STOP IN TRAFFIC"", ""STRAIGHT AHEAD""]","[""(RECONSTRUCTED TRAILERS)"", ""MALIBU""]",[],"[""39"", ""64""]","[""DID NOT DEPLOY""]","[""NONE""]","[""NO INDICATION OF INJURY""]","[""O2156181"", ""O2156182""]"
STRAIGHT AND LEVEL,2223,2025-09-23T08:00:00.000,3,8,9,14fbc5461f4d15f1bc0f271e6d5203d07322fefda0fdc50d598c589d0a4ace5c464d290e1262c3b22c4e83de5d850dd058969f4ad1bf97428860718202382eb7,NO INJURY / DRIVE AWAY,"OVER $1,500",2025-09-23T08:06:00.000,NO CONTROLS,TURNING,,0,0,2,0,0,0,0,41.719789844,DAYLIGHT,-87.6433156586,NO INDICATION OF INJURY,2,35,IMPROPER TURNING/NO SIGNAL,ON SCENE,NO DEFECTS,DRY,FAILING TO REDUCE SPEED TO AVOID CRASH,,S,HALSTED ST,9558,NO CONTROLS,T-INTERSECTION,CLEAR,,N,,,,,2,2,"{""coordinates"": [-87.643315658568, 41.719789843998], ""type"": ""Point""}","[""FRONT"", ""REAR-LEFT-CORNER""]","[""NEW FLYER"", ""NISSAN""]","[""SLOW/STOP IN TRAFFIC"", ""U-TURN""]","[""OTHER (EXPLAIN IN NARRATIVE)"", ""PATHFINDER""]",[],"[""38"", ""59""]","[""DID NOT DEPLOY""]","[""NONE""]","[""NO INDICATION OF INJURY""]","[""O2156323"", ""O2156324""]"
STRAIGHT AND LEVEL,812,2025-09-23T08:00:00.000,3,8,9,e15a08f24de7721e17485c485028519207033ac02db1051c36b0fd57d517755b854dbefbf5c1d0932e3dc5847d0f8c6d9c778f986b2eb250ffcc633ab749176c,INJURY AND / OR TOW DUE TO CRASH,"OVER $1,500",2025-09-23T08:15:00.000,FUNCTIONING PROPERLY,TURNING,,0,0,2,0,0,0,0,41.7737481481,DAYLIGHT,-87.8006609159,NO INDICATION OF INJURY,2,30,FAILING TO YIELD RIGHT-OF-WAY,ON SCENE,UNKNOWN,WET,UNABLE TO DETERMINE,,S,HARLEM AVE,6459,TRAFFIC SIGNAL,FOUR WAY,RAIN,,Y,,,,,2,2,"{""coordinates"": [-87.800660915884, 41.77374814808], ""type"": ""Point""}","[""FRONT-LEFT-CORNER"", ""SIDE-RIGHT""]","[""KENWORTH MOTOR TRUCK COMPANY"", ""NISSAN""]","[""STRAIGHT AHEAD"", ""TURNING RIGHT""]","[""ALTIMA"", ""KENWORTH MOTOR TRUCK CO.""]","[""Y""]","[""24"", ""42""]","[""DID NOT DEPLOY""]","[""NONE""]","[""NO INDICATION OF INJURY""]","[""O2156211"", ""O2156212""]"
STRAIGHT AND LEVEL,132,2025-09-23T08:10:00.000,3,8,9,0282268d93fb97a1d190d758ffee7ed02c0d3609517dd159ed24e00570c873fe65f1361f2cf347ded738a9c8d200045c785adb303b3f1d61a0fa0ac34e5a8acd,NO INJURY / DRIVE AWAY,"OVER $1,500",2025-09-23T15:39:00.000,UNKNOWN,REAR END,Y,0,0,2,0,0,0,0,41.8674707758,UNKNOWN,-87.6202190599,NO INDICATION OF INJURY,2,25,NOT APPLICABLE,NOT ON SCENE (DESK REPORT),UNKNOWN,UNKNOWN,NOT APPLICABLE,,S,COLUMBUS DR,1201,UNKNOWN,NOT DIVIDED,UNKNOWN,,,,,,,2,2,"{""coordinates"": [-87.620219059938, 41.867470775841], ""type"": ""Point""}","[""FRONT"", ""REAR""]","[""FORD"", ""UNKNOWN""]","[""STRAIGHT AHEAD"", ""UNKNOWN/NA""]","[""OTHER (EXPLAIN IN NARRATIVE)"", ""TRANSIT""]",[],"[""39""]","[""DEPLOYMENT UNKNOWN"", ""NOT APPLICABLE""]","[""NONE"", ""UNKNOWN""]","[""NO INDICATION OF INJURY""]","[""O2156508"", ""O2156509""]"
STRAIGHT AND LEVEL,614,2025-09-23T08:10:00.000,3,8,9,72fc38566040ba8c979f49645262138277ac8181bb287a521672d3d55e9adf9be46d6f9b8a8e9a39789583da57e98412b578d210392f38ba169d122f4841f8d4,NO INJURY / DRIVE AWAY,"$501 - $1,500",2025-09-23T08:40:00.000,NO CONTROLS,REAR TO FRONT,,0,0,2,0,0,0,0,41.7448361596,DAYLIGHT,-87.6610159086,NO INDICATION OF INJURY,2,30,IMPROPER BACKING,NOT ON SCENE (DESK REPORT),NO DEFECTS,DRY,IMPROPER BACKING,Y,S,LAFLIN ST,8200,STOP SIGN/FLASHER,ONE-WAY,CLEAR,,,Y,,,,2,2,"{""coordinates"": [-87.661015908555, 41.744836159615], ""type"": ""Point""}","[""FRONT"", ""REAR""]","[""LEXUS"", ""MERCURY""]","[""BACKING"", ""STRAIGHT AHEAD""]","[""MOUNTAINEER"", ""RX350""]",[],"[""57""]","[""DID NOT DEPLOY"", ""NOT APPLICABLE""]","[""NONE""]","[""NO INDICATION OF INJURY""]","[""O2156213"", ""O2156214""]"
STRAIGHT AND LEVEL,1711,2025-09-23T08:12:00.000,3,8,9,19c8bd028a262626022f665863f5c6ca6015f9283977de806fecdc7a0acfc2a7ecc56703a614bc58c4c76dbdda4e1cae4e782642f004d97208042f29fc0d308f,INJURY AND / OR TOW DUE TO CRASH,"OVER $1,500",2025-09-23T08:16:00.000,FUNCTIONING PROPERLY,REAR END,,0,0,1,1,0,1,0,41.9972271906,DAYLIGHT,-87.7125146801,NONINCAPACITATING INJURY,2,30,FAILING TO REDUCE SPEED TO AVOID CRASH,ON SCENE,NO DEFECTS,DRY,DRIVING SKILLS/KNOWLEDGE/EXPERIENCE,,W,DEVON AVE,3319,TRAFFIC SIGNAL,FOUR WAY,CLEAR,,,,,,,2,2,"{""coordinates"": [-87.712514680112, 41.997227190571], ""type"": ""Point""}","[""REAR-LEFT-CORNER"", ""SIDE-RIGHT""]","[""MAZDA"", ""TOYOTA""]","[""STRAIGHT AHEAD""]","[""MAZDA3"", ""YARIS""]",[],"[""21"", ""39""]","[""DID NOT DEPLOY""]","[""NONE""]","[""NO INDICATION OF INJURY"", ""NONINCAPACITATING INJURY""]","[""O2156242"", ""O2156243""]"
STRAIGHT AND LEVEL,2432,2025-09-23T08:12:00.000,3,8,9,5020f2d653126a535851356bee277ace2f74518dcafd32da2b607c3c996cd4718cd8ca0ec0e867e581b8ec5cf78a7c75560e443acffed57a30b1e88fedeab45e,NO INJURY / DRIVE AWAY,"OVER $1,500",2025-09-23T08:48:00.000,NO CONTROLS,PARKED MOTOR VEHICLE,Y,0,0,1,0,0,0,0,42.0029177292,UNKNOWN,-87.6609437861,NO INDICATION OF INJURY,3,30,FAILING TO REDUCE SPEED TO AVOID CRASH,ON SCENE,NO DEFECTS,UNKNOWN,UNABLE TO DETERMINE,,N,SHERIDAN RD,6610,NO CONTROLS,NOT DIVIDED,UNKNOWN,,,,,,,3,1,"{""coordinates"": [-87.660943786087, 42.002917729172], ""type"": ""Point""}","[""FRONT"", ""UNKNOWN""]","[""DODGE"", ""HONDA"", ""UNKNOWN""]","[""DIVERGING"", ""PARKED""]","[""CARAVAN"", ""CR-V"", ""OTHER (EXPLAIN IN NARRATIVE)""]",[],[],"[""DEPLOYMENT UNKNOWN""]","[""NONE""]","[""NO INDICATION OF INJURY""]","[""O2156235""]"
STRAIGHT AND LEVEL,1612,2025-09-23T08:13:00.000,3,8,9,f11786cd5d1cb0531fd2dd27ec435abce04f19c739ad7858ff2f6a727a6970ace505d6675ad73a57fd15df06b60fa989f3813455f0203f7b68de45c6d7e2fb60,NO INJURY / DRIVE AWAY,"OVER $1,500",2025-09-23T08:15:00.000,FUNCTIONING PROPERLY,TURNING,,0,0,2,0,0,0,0,41.9902844961,DAYLIGHT,-87.8224005481,NO INDICATION OF INJURY,2,30,UNABLE TO DETERMINE,ON SCENE,NO DEFECTS,WET,UNABLE TO DETERMINE,,N,CANFIELD AVE,6101,TRAFFIC SIGNAL,DIVIDED - W/MEDIAN (NOT RAISED),RAIN,,Y,,,,,2,2,"{""coordinates"": [-87.822400548149, 41.990284496125], ""type"": ""Point""}","[""FRONT"", ""FRONT-RIGHT-CORNER""]","[""HONDA"", ""NISSAN""]","[""STRAIGHT AHEAD"", ""TURNING LEFT""]","[""ACCORD"", ""VERSA""]",[],"[""51"", ""61""]","[""DID NOT DEPLOY"", ""NOT APPLICABLE""]","[""NONE""]","[""NO INDICATION OF INJURY""]","[""O2156207"", ""O2156208""]"
STRAIGHT AND LEVEL,1823,2025-09-23T08:14:00.000,3,8,9,d760bbf2c5d899b78f22227ffe3058751a4f8f7a73e430d458ee73d3e120093c5489c3034f0dc50e7050c4a272b68604a7a95379e40983873dfa8e172da0fab0,NO INJURY / DRIVE AWAY,"$501 - $1,500",2025-09-23T08:16:00.000,NO CONTROLS,REAR TO FRONT,,0,0,2,0,0,0,0,41.8992554712,DAYLIGHT,-87.6401449153,NO INDICATION OF INJURY,2,15,IMPROPER BACKING,ON SCENE,UNKNOWN,DRY,FAILING TO YIELD RIGHT-OF-WAY,,N,HUDSON AVE,906,NO CONTROLS,NOT DIVIDED,CLEAR,,,,,,,2,2,"{""coordinates"": [-87.640144915252, 41.899255471179], ""type"": ""Point""}","[""FRONT"", ""REAR""]","[""BUICK"", ""FORD""]","[""BACKING"", ""STRAIGHT AHEAD""]","[""ENCORE"", ""OTHER (EXPLAIN IN NARRATIVE)""]",[],"[""34"", ""61""]","[""DID NOT DEPLOY""]","[""NONE""]","[""NO INDICATION OF INJURY""]","[""O2156205"", ""O2156206""]"
STRAIGHT AND LEVEL,723,2025-09-23T08:15:00.000,3,8,9,0c931a6db3297b48e1f10ecd5eb20645e9cd1cf75dd6fbd9ce485ee6291ad03bcd887363a0d16a9c69cf89d66c4d23495905db2e15d6dff835f89c3c7b9d93ee,NO INJURY / DRIVE AWAY,"OVER $1,500",2025-09-23T08:20:00.000,NO CONTROLS,TURNING,Y,0,0,2,0,0,0,0,41.7757812695,DAYLIGHT,-87.644886323,NO INDICATION OF INJURY,2,30,UNABLE TO DETERMINE,ON SCENE,NO DEFECTS,DRY,UNABLE TO DETERMINE,,S,HALSTED ST,6510,NO CONTROLS,DIVIDED - W/MEDIAN (NOT RAISED),CLEAR,,,,,,,2,2,"{""coordinates"": [-87.644886323031, 41.775781269464], ""type"": ""Point""}","[""SIDE-RIGHT"", ""UNKNOWN""]","[""JEEP"", ""UNKNOWN""]","[""STRAIGHT AHEAD"", ""U-TURN""]","[""CHEROKEE"", ""OTHER (EXPLAIN IN NARRATIVE)""]",[],"[""50""]","[""DEPLOYMENT UNKNOWN"", ""DID NOT DEPLOY""]","[""NONE""]","[""NO INDICATION OF INJURY""]","[""O2156195"", ""O2156196""]"
STRAIGHT AND LEVEL,1523,2025-09-23T08:17:00.000,3,8,9,fc22ffefcbd09a4f70487a22d7cd06ad68ec6f4312e71dde6b12c83a6e0af243374626b78ed5fa2dbdf42c73d7c7a3f5feb9be9bb2465c34ed4e6c0b4bbc8545,NO INJURY / DRIVE AWAY,$500 OR LESS,2025-09-23T09:30:00.000,FUNCTIONING PROPERLY,ANGLE,Y,0,0,2,0,0,0,0,41.8877721028,DAYLIGHT,-87.7576363591,NO INDICATION OF INJURY,2,25,UNABLE TO DETERMINE,NOT ON SCENE (DESK REPORT),UNKNOWN,DRY,UNABLE TO DETERMINE,,N,LOCKWOOD AVE,399,STOP SIGN/FLASHER,NOT DIVIDED,CLEAR,,,,,,,2,2,"{""coordinates"": [-87.757636359097, 41.887772102827], ""type"": ""Point""}","[""FRONT-LEFT-CORNER"", ""FRONT-RIGHT-CORNER""]","[""FORD"", ""UNKNOWN""]","[""STRAIGHT AHEAD""]","[""ECONOLINE E550"", ""OTHER (EXPLAIN IN NARRATIVE)""]",[],"[""59""]","[""DEPLOYMENT UNKNOWN"", ""NOT APPLICABLE""]","[""NONE""]","[""NO INDICATION OF INJURY""]","[""O2156248"", ""O2156249""]"
STRAIGHT AND LEVEL,835,2025-09-23T08:20:00.000,3,8,9,81cf4bce6792d900979e592833841c9472b7e96dc85601284563e980aa0add237ec9fd18ee5961753aa75f3fd000e65ece1963a585d4edff644956ee6fd1693d,NO INJURY / DRIVE AWAY,"OVER $1,500",2025-09-23T08:40:00.000,FUNCTIONING PROPERLY,REAR END,,0,0,2,0,0,0,0,41.7497284151,DAYLIGHT,-87.7022464674,NO INDICATION OF INJURY,2,30,FOLLOWING TOO CLOSELY,NOT ON SCENE (DESK REPORT),NO DEFECTS,DRY,FAILING TO REDUCE SPEED TO AVOID CRASH,,S,KEDZIE AVE,7901,TRAFFIC SIGNAL,NOT DIVIDED,CLOUDY/OVERCAST,,,,,,,2,2,"{""coordinates"": [-87.702246467369, 41.749728415098], ""type"": ""Point""}","[""FRONT-LEFT-CORNER"", ""REAR-RIGHT-CORNER""]","[""CHEVROLET"", ""NISSAN""]","[""SLOW/STOP IN TRAFFIC"", ""STRAIGHT AHEAD""]","[""BLAZER"", ""OTHER (EXPLAIN IN NARRATIVE)""]",[],"[""31""]","[""DID NOT DEPLOY""]","[""NONE""]","[""NO INDICATION OF INJURY""]","[""O2156193"", ""O2156194""]"
STRAIGHT AND LEVEL,612,2025-09-23T08:21:00.000,3,8,9,9329ab8442f62f2fb93356fe6a584719a0dd1b0aae714734abd93b34ac5c6f92a698df960ef773ad5ab16b22cbb8e61f648b8388bc8cdcfc61201f17d447be89,INJURY AND / OR TOW DUE TO CRASH,"OVER $1,500",2025-09-23T08:31:00.000,NO CONTROLS,REAR END,Y,0,0,1,3,0,3,0,41.7559065857,DAYLIGHT,-87.65387467,NONINCAPACITATING INJURY,2,30,FOLLOWING TOO CLOSELY,ON SCENE,NO DEFECTS,DRY,NOT APPLICABLE,,W,76TH ST,1199,NO CONTROLS,NOT DIVIDED,CLEAR,,,,,,,2,4,"{""coordinates"": [-87.653874670026, 41.755906585695], ""type"": ""Point""}","[""TOTAL (ALL AREAS)"", ""UNKNOWN""]","[""DODGE"", ""UNKNOWN""]","[""STRAIGHT AHEAD"", ""UNKNOWN/NA""]","[""JOURNEY"", ""OTHER (EXPLAIN IN NARRATIVE)""]","[""Y""]","[""31""]","[""DEPLOYMENT UNKNOWN"", ""NOT APPLICABLE""]","[""NONE"", ""UNKNOWN""]","[""NO INDICATION OF INJURY"", ""NONINCAPACITATING INJURY""]","[""O2156283"", ""O2156284"", ""P475903"", ""P475904""]"