alignment,beat_of_occurrence,crash_date,crash_day_of_week,crash_hour,crash_month,crash_record_id,crash_type,damage,date_police_notified,device_condition,first_crash_type,hit_and_run_i,injuries_fatal,injuries_incapacitating,injuries_no_indication,injuries_non_incapacitating,injuries_reported_not_evident,injuries_total,injuries_unknown,latitude,lighting_condition,longitude,most_severe_injury,num_units,posted_speed_limit,prim_contributory_cause,report_type,road_defect,roadway_surface_cond,sec_contributory_cause,statements_taken_i,street_direction,street_name,street_no,traffic_control_device,trafficway_type,weather_condition,crash_date_est_i,intersection_related_i,photos_taken_i,work_zone_i,dooring_i,private_property_i,veh_count,ppl_count,location_json,veh_first_contact_point_list_json,veh_make_list_json,veh_maneuver_list_json,veh_model_list_json,veh_towed_i_list_json,ppl_age_list_json,ppl_airbag_deployed_list_json,ppl_ejection_list_json,ppl_injury_classification_list_json,ppl_person_id_list_json
STRAIGHT AND LEVEL,1133,2025-09-23T08:25:00.000,3,8,9,5219014f2353ee7f7b6aaf1731a2510f812c2e7b7ee75214a3e1ea73244b68482f7cb558d15890fa44891282612ad44f09c2169f55ec42145e18c669242ba2ca,NO INJURY / DRIVE AWAY,"OVER $1,500",2025-09-24T07:53:00.000,NO CONTROLS,PARKED MOTOR VEHICLE,Y,0,0,1,0,0,0,0,41.8701917955,"DARKNESS, LIGHTED ROAD",-87.7153943282,NO INDICATION OF INJURY,2,25,NOT APPLICABLE,NOT ON SCENE (DESK REPORT),NO DEFECTS,UNKNOWN,NOT APPLICABLE,Y,S,CENTRAL PARK AVE,819,NO CONTROLS,NOT DIVIDED,CLEAR,,,,,,,2,1,"{""coordinates"": [-87.715394328173, 41.870191795509], ""type"": ""Point""}","[""SIDE-LEFT"", ""UNKNOWN""]","[""JEEP"", ""UNKNOWN""]","[""PARKED"", ""STRAIGHT AHEAD""]","[""CHEROKEE"", ""OTHER (EXPLAIN IN NARRATIVE)""]",[],[],"[""DEPLOYMENT UNKNOWN""]","[""UNKNOWN""]","[""NO INDICATION OF INJURY""]","[""O2156804""]"
STRAIGHT AND LEVEL,2533,2025-09-23T08:25:00.000,3,8,9,9e0eb0ce6037abd8dfbb6409d80e85fbcfdf6de94853c9022cafcb30d25a166162aa431d06c96353197e2e418668442cdb6388f34f700a56ea4ac0e81dc65694,NO INJURY / DRIVE AWAY,$500 OR LESS,2025-09-23T08:29:00.000,FUNCTIONING PROPERLY,REAR END,,0,0,3,0,0,0,0,41.9030804648,DAYLIGHT,-87.7461340022,NO INDICATION OF INJURY,2,30,UNABLE TO DETERMINE,ON SCENE,UNKNOWN,DRY,NOT APPLICABLE,,N,CICERO AVE,1220,TRAFFIC SIGNAL,UNKNOWN INTERSECTION TYPE,CLEAR,,Y,,,,,2,3,"{""coordinates"": [-87.746134002182, 41.90308046483], ""type"": ""Point""}","[""FRONT"", ""REAR""]","[""DODGE"", ""FORD""]","[""SLOW/STOP IN TRAFFIC"", ""STRAIGHT AHEAD""]","[""DURANGO"", ""ESCAPE""]",[],"[""31"", ""46"", ""67""]","[""DID NOT DEPLOY"", ""NOT APPLICABLE""]","[""NONE""]","[""NO INDICATION OF INJURY""]","[""O2156275"", ""O2156276"", ""P475898""]"
STRAIGHT AND LEVEL,1923,2025-09-23T08:25:00.000,3,8,9,daa2dd65666efc697e5b8ccb6aae36c88b670633b33b330a445b395a41273905f1e6297549a4198d0efbfc5eaf8ff29d54f48c7bd27ca264b696dbbfa74b1ad2,INJURY AND / OR TOW DUE TO CRASH,"OVER $1,500",2025-09-23T08:25:00.000,UNKNOWN,ANGLE,,0,0,3,0,1,1,0,41.947338645,DAYLIGHT,-87.6552953927,"REPORTED, NOT EVIDENT",2,30,UNABLE TO DETERMINE,ON SCENE,UNKNOWN,UNKNOWN,NOT APPLICABLE,,W,ADDISON ST,1026,UNKNOWN,DIVIDED - W/MEDIAN (NOT RAISED),CLEAR,,,,,,,2,4,"{""coordinates"": [-87.655295392728, 41.947338644977], ""type"": ""Point""}","[""FRONT-LEFT-CORNER"", ""SIDE-RIGHT""]","[""MERCURY"", ""NISSAN""]","[""ENTERING TRAFFIC LANE FROM PARKING"", ""STRAIGHT AHEAD""]","[""MARINER"", ""MURANO""]",[],"[""12"", ""31"", ""50"", ""68""]","[""DID NOT DEPLOY"", ""NOT APPLICABLE""]","[""NONE"", ""UNKNOWN""]","[""NO INDICATION OF INJURY"", ""REPORTED, NOT EVIDENT""]","[""O2156219"", ""O2156220"", ""P475890"", ""P475893""]"
STRAIGHT AND LEVEL,1933,2025-09-23T08:35:00.000,3,8,9,0e04fbac3403201f4991812a1924bae36b59db19afa3eab3cf624a0048c1f8ff33be567aabfffb214cf42d6ba992892eb57165ab33629ac7139cbb8dafe05e27,INJURY AND / OR TOW DUE TO CRASH,$500 OR LESS,2025-09-23T10:20:00.000,UNKNOWN,PEDESTRIAN,Y,0,0,1,0,1,1,0,41.9369470355,DAYLIGHT,-87.6538579936,"REPORTED, NOT EVIDENT",2,30,UNABLE TO DETERMINE,NOT ON SCENE (DESK REPORT),UNKNOWN,UNKNOWN,UNABLE TO DETERMINE,,N,SHEFFIELD AVE,3021,UNKNOWN,T-INTERSECTION,UNKNOWN,,,,,,,2,2,"{""coordinates"": [-87.653857993607, 41.936947035524], ""type"": ""Point""}","[""UNKNOWN""]","[""JEEP""]","[""UNKNOWN/NA""]","[""JEEP""]",[],"[""82""]","[""DEPLOYMENT UNKNOWN""]","[""UNKNOWN""]","[""NO INDICATION OF INJURY"", ""REPORTED, NOT EVIDENT""]","[""O2156293"", ""O2156294""]"
STRAIGHT AND LEVEL,1214,2025-09-23T08:35:00.000,3,8,9,4362afde993b29222aaa11767805f0b7b62e562ad3919dc4c6c5bd427e2dcf09d82537f2c4c6e18ebd5a49e2c9fb3f4584ffb85938a330edafa591d4bb8dee76,NO INJURY / DRIVE AWAY,"OVER $1,500",2025-09-23T09:30:00.000,FUNCTIONING PROPERLY,TURNING,,0,0,2,0,0,0,0,41.8858070197,DAYLIGHT,-87.6441718947,NO INDICATION OF INJURY,2,30,DISREGARDING TRAFFIC SIGNALS,NOT ON SCENE (DESK REPORT),UNKNOWN,DRY,UNABLE TO DETERMINE,,W,LAKE ST,632,TRAFFIC SIGNAL,DIVIDED - W/MEDIAN (NOT RAISED),CLOUDY/OVERCAST,,,,,,,2,2,"{""coordinates"": [-87.644171894657, 41.885807019662], ""type"": ""Point""}","[""FRONT-LEFT-CORNER"", ""FRONT-RIGHT-CORNER""]","[""MERCEDES-BENZ"", ""SUBARU""]","[""STRAIGHT AHEAD"", ""TURNING LEFT""]","[""FORESTER"", ""OTHER (EXPLAIN IN NARRATIVE)""]",[],"[""39"", ""48""]","[""NOT APPLICABLE""]","[""NONE""]","[""NO INDICATION OF INJURY""]","[""O2156246"", ""O2156247""]"
STRAIGHT AND LEVEL,1711,2025-09-23T08:35:00.000,3,8,9,7b7b652203afd7752db94fc721edaa6870d8d55a0042149419086ef2076fc06d4bb598f4971ede87dcf188ae98d6cb78163aca912bef8a4c97c6993368eb2297,NO INJURY / DRIVE AWAY,"OVER $1,500",2025-09-23T09:28:00.000,NO CONTROLS,REAR TO FRONT,,0,0,2,0,0,0,0,41.9909376311,DAYLIGHT,-87.7302207367,NO INDICATION OF INJURY,2,30,IMPROPER BACKING,ON SCENE,NO DEFECTS,DRY,UNABLE TO DETERMINE,,N,KEYSTONE AVE,6024,NO CONTROLS,NOT DIVIDED,CLEAR,,,,,,,2,2,"{""coordinates"": [-87.730220736722, 41.990937631091], ""type"": ""Point""}","[""FRONT"", ""REAR-LEFT-CORNER""]","[""ISUZU"", ""LEXUS""]","[""BACKING"", ""STRAIGHT AHEAD""]","[""RX300"", ""TRUCK""]",[],"[""16"", ""36""]","[""DID NOT DEPLOY""]","[""NONE""]","[""NO INDICATION OF INJURY""]","[""O2156281"", ""O2156282""]"
STRAIGHT AND LEVEL,613,2025-09-23T08:37:00.000,3,8,9,ff7727aaeafd5e606fd8fb1837b6e230eb49a47db0030986641d56832a203a0c43a0f327aa274ed906b7be6b080b2f8c348aaf0ead3b80339206f6f644323fe2,INJURY AND / OR TOW DUE TO CRASH,"OVER $1,500",2025-09-23T08:40:00.000,NO CONTROLS,REAR END,,0,0,3,0,0,0,0,41.7360072434,DAYLIGHT,-87.6558341749,NO INDICATION OF INJURY,3,30,UNABLE TO DETERMINE,ON SCENE,NO DEFECTS,DRY,UNABLE TO DETERMINE,,W,87TH ST,1300,NO CONTROLS,NOT DIVIDED,CLEAR,,,,,,,3,3,"{""coordinates"": [-87.655834174885, 41.736007243437], ""type"": ""Point""}","[""FRONT"", ""REAR""]","[""CADILLAC"", ""CHEVROLET"", ""DODGE""]","[""STRAIGHT AHEAD""]","[""CHARGER"", ""ESCALADE"", ""TAHOE""]","[""Y""]","[""31"", ""54""]","[""DID NOT DEPLOY"", ""NOT APPLICABLE""]","[""NONE""]","[""NO INDICATION OF INJURY""]","[""O2156263"", ""O2156264"", ""O2156265""]"
STRAIGHT AND LEVEL,2013,2025-09-23T08:38:00.000,3,8,9,29a1c2ea0065200aa87a4d235201ecc1f1918d6da4b43788fccae6dc9a64089813ea62e8ba3bdebaa185faf93d982ce1edb5748e826e438db3b364ee4b948875,NO INJURY / DRIVE AWAY,$500 OR LESS,2025-09-23T08:40:00.000,FUNCTIONING IMPROPERLY,SIDESWIPE SAME DIRECTION,,0,0,2,0,0,0,0,41.9849421111,DAYLIGHT,-87.6619890572,NO INDICATION OF INJURY,2,25,EQUIPMENT - VEHICLE CONDITION,ON SCENE,NO DEFECTS,WET,NOT APPLICABLE,,N,RIDGE AVE,5661,TRAFFIC SIGNAL,DIVIDED - W/MEDIAN (NOT RAISED),CLOUDY/OVERCAST,,,,,,,2,2,"{""coordinates"": [-87.661989057176, 41.984942111084], ""type"": ""Point""}","[""SIDE-LEFT"", ""SIDE-RIGHT""]","[""MERCEDES-BENZ"", ""THOMAS & COMPANY""]","[""STRAIGHT AHEAD""]","[""GLE"", ""THOMAS & CO.""]",[],"[""28"", ""29""]","[""NOT APPLICABLE""]","[""NONE""]","[""NO INDICATION OF INJURY""]","[""O2156231"", ""O2156232""]"
STRAIGHT AND LEVEL,513,2025-09-23T08:40:00.000,3,8,9,0a394ce3c37a244fa8a6368372487b3bc19d947400ae1370e4878045da8854e2a152104d76a2dcdc82796560234678a32904410795d2c7c2cb43b7e901c56069,NO INJURY / DRIVE AWAY,"$501 - $1,500",2025-09-23T10:30:00.000,NO CONTROLS,ANGLE,Y,0,0,2,0,0,0,0,41.6980137403,DAYLIGHT,-87.5957162753,NO INDICATION OF INJURY,2,15,FAILING TO YIELD RIGHT-OF-WAY,NOT ON SCENE (DESK REPORT),NO DEFECTS,DRY,NOT APPLICABLE,,S,DOTY AVE W,10808,NO CONTROLS,PARKING LOT,CLEAR,,,,,,,2,2,"{""coordinates"": [-87.595716275323, 41.69801374029], ""type"": ""Point""}","[""REAR"", ""SIDE-RIGHT""]","[""DODGE"", ""NISSAN""]","[""BACKING"", ""STRAIGHT AHEAD""]","[""OTHER (EXPLAIN IN NARRATIVE)"", ""ROGUE""]",[],"[""83""]","[""DID NOT DEPLOY"", ""NOT APPLICABLE""]","[""NONE""]","[""NO INDICATION OF INJURY""]","[""O2156285"", ""O2156286""]"
STRAIGHT AND LEVEL,1214,2025-09-23T08:40:00.000,3,8,9,bfe4a43f35cd012e48c7dabc453485ba0bf9ce3a1caf7e5d4f32db8f3101d505860b3fb168051c971c19c0fd34c38e245b43b4afc424fc3c96482b71aa047a45,INJURY AND / OR TOW DUE TO CRASH,"$501 - $1,500",2025-09-23T08:47:00.000,NO CONTROLS,SIDESWIPE SAME DIRECTION,,0,0,1,1,0,1,0,41.8906162186,DAYLIGHT,-87.6524272086,NONINCAPACITATING INJURY,3,25,IMPROPER OVERTAKING/PASSING,ON SCENE,NO DEFECTS,DRY,DRIVING ON WRONG SIDE/WRONG WAY,,N,MORGAN ST,456,STOP SIGN/FLASHER,NOT DIVIDED,CLEAR,,,,,,,3,2,"{""coordinates"": [-87.652427208608, 41.890616218646], ""type"": ""Point""}","[""FRONT"", ""FRONT-LEFT-CORNER"", ""OTHER""]","[""JEEP"", ""YAMAHA""]","[""PARKED"", ""SLOW/STOP IN TRAFFIC"", ""STRAIGHT AHEAD""]","[""CHEROKEE"", ""YAMAHA""]","[""Y""]","[""34"", ""38""]","[""DID NOT DEPLOY"", ""NOT APPLICABLE""]","[""NONE"", ""TOTALLY EJECTED""]","[""NO INDICATION OF INJURY"", ""NONINCAPACITATING INJURY""]","[""O2156256"", ""O2156257""]"
STRAIGHT AND LEVEL,1713,2025-09-23T08:46:00.000,3,8,9,174ebe5af534eb09c4e74a4fba7e123a7cdeb52a8701104c166e56940679e31d50105ac65be7502711a85a0a8acf48c981790a2bb063c9cfc75bbf51259f7c8f,INJURY AND / OR TOW DUE TO CRASH,"$501 - $1,500",2025-09-23T08:47:00.000,NO CONTROLS,PEDALCYCLIST,,0,0,1,1,0,1,0,41.9654811695,DAYLIGHT,-87.7082352995,NONINCAPACITATING INJURY,2,30,NOT APPLICABLE,ON SCENE,NO DEFECTS,DRY,NOT APPLICABLE,Y,N,KEDZIE AVE,4625,NO CONTROLS,DIVIDED - W/MEDIAN (NOT RAISED),CLEAR,,,,,N,,2,2,"{""coordinates"": [-87.708235299512, 41.965481169489], ""type"": ""Point""}","[""SIDE-RIGHT-FRONT""]","[""LEXUS""]","[""TURNING RIGHT""]","[""RX350""]",[],"[""17"", ""34""]","[""NOT APPLICABLE""]","[""NONE"", ""UNKNOWN""]","[""NO INDICATION OF INJURY"", ""NONINCAPACITATING INJURY""]","[""O2156259"", ""O2156260""]"
STRAIGHT AND LEVEL,1722,2025-09-23T08:48:00.000,3,8,9,8e5f1ab99b7611496b29e94db3d11068a22980e2a6075ba6e4c2d777a66e094298f441bc61a4a6070c805f60e7cdcc4b6bffcc9c1c2e4ae415f493689085cdea,NO INJURY / DRIVE AWAY,"OVER $1,500",2025-09-23T09:20:00.000,FUNCTIONING PROPERLY,REAR END,,0,0,3,0,0,0,0,41.964295766,DAYLIGHT,-87.745031434,NO INDICATION OF INJURY,2,30,UNABLE TO DETERMINE,NOT ON SCENE (DESK REPORT),UNKNOWN,DRY,UNABLE TO DETERMINE,,W,WILSON AVE,4657,TRAFFIC SIGNAL,NOT DIVIDED,CLEAR,,,,,,,2,3,"{""coordinates"": [-87.745031433958, 41.964295765982], ""type"": ""Point""}","[""FRONT"", ""REAR""]","[""MAZDA"", ""TOYOTA""]","[""STRAIGHT AHEAD""]","[""MAZDA3"", ""RAV4""]",[],"[""24"", ""34"", ""44""]","[""NOT APPLICABLE""]","[""NONE""]","[""NO INDICATION OF INJURY""]","[""O2156225"", ""O2156226"", ""P475894""]"
STRAIGHT AND LEVEL,1411,2025-09-23T08:50:00.000,3,8,9,c3f1710e525153fc98144ea9865806398649eda0042194a223a49c8eb008e0ce20d3876b962806d3a95a853dff3866eb8d7b67fc8c3d166ad9477dcea98eeec0,NO INJURY / DRIVE AWAY,"$501 - $1,500",2025-09-23T08:50:00.000,NO CONTROLS,TURNING,,0,0,2,0,0,0,0,41.9287440784,DAYLIGHT,-87.7025753021,NO INDICATION OF INJURY,2,30,UNABLE TO DETERMINE,NOT ON SCENE (DESK REPORT),NO DEFECTS,DRY,NOT APPLICABLE,,N,SACRAMENTO AVE,2600,NO CONTROLS,NOT DIVIDED,CLEAR,,,,,,,2,2,"{""coordinates"": [-87.702575302053, 41.928744078365], ""type"": ""Point""}","[""SIDE-LEFT-FRONT"", ""SIDE-RIGHT""]","[""AUDI"", ""VOLKSWAGEN""]","[""MERGING"", ""TURNING LEFT""]","[""A3"", ""OTHER (EXPLAIN IN NARRATIVE)""]",[],"[""40"", ""57""]","[""DID NOT DEPLOY""]","[""NONE""]","[""NO INDICATION OF INJURY""]","[""O2156254"", ""O2156255""]"
STRAIGHT AND LEVEL,1613,2025-09-23T08:52:00.000,3,8,9,9927238d153bd850dfefa8840a0356f19cc672cc34bdd53a77c8618b4af0902466420d475230a8a282d027e2934e7e2bbce668f899b10cb8309f44e007495472,NO INJURY / DRIVE AWAY,"OVER $1,500",2025-09-23T09:45:00.000,FUNCTIONING PROPERLY,TURNING,,0,0,3,0,0,0,0,41.9756856697,DAYLIGHT,-87.7880204062,NO INDICATION OF INJURY,2,30,IMPROPER OVERTAKING/PASSING,NOT ON SCENE (DESK REPORT),NO DEFECTS,DRY,FAILING TO YIELD RIGHT-OF-WAY,,N,NAGLE AVE,5200,TRAFFIC SIGNAL,NOT DIVIDED,CLOUDY/OVERCAST,,,,,,,2,3,"{""coordinates"": [-87.788020406203, 41.975685669719], ""type"": ""Point""}","[""FRONT-RIGHT-CORNER"", ""SIDE-LEFT""]","[""FORD"", ""MITSUBISHI""]","[""STRAIGHT AHEAD"", ""TURNING RIGHT""]","[""FLEX"", ""OUTLANDER""]",[],"[""35"", ""59""]","[""DID NOT DEPLOY"", ""NOT APPLICABLE""]","[""NONE""]","[""NO INDICATION OF INJURY""]","[""O2156261"", ""O2156262"", ""P475899""]"
STRAIGHT AND LEVEL,1133,2025-09-23T08:55:00.000,3,8,9,49818dc5884a976dabf8902e4e9cda711babcfc35194c48629f1542d98195dfe78fb7b1a56dfbd9acce53cc35ad9b2e3cab9543271dcbed0d2f81e11f78913e5,NO INJURY / DRIVE AWAY,"OVER $1,500",2025-09-23T09:15:00.000,UNKNOWN,TURNING,,0,0,3,0,0,0,0,41.8737367309,DAYLIGHT,-87.7109060035,NO INDICATION OF INJURY,2,30,UNABLE TO DETERMINE,NOT ON SCENE (DESK REPORT),NO DEFECTS,DRY,UNABLE TO DETERMINE,Y,W,HARRISON ST,3400,UNKNOWN,T-INTERSECTION,CLEAR,,Y,Y,,,,2,3,"{""coordinates"": [-87.710906003482, 41.873736730932], ""type"": ""Point""}","[""FRONT-RIGHT-CORNER"", ""SIDE-LEFT""]","[""MERCEDES-BENZ"", ""NISSAN""]","[""TURNING RIGHT""]","[""C-CLASS"", ""VERSA""]",[],"[""29"", ""37""]","[""DID NOT DEPLOY""]","[""NONE""]","[""NO INDICATION OF INJURY""]","[""O2156252"", ""O2156253"", ""P475897""]"
STRAIGHT AND LEVEL,1831,2025-09-23T09:00:00.000,3,9,9,d6aae772e34cd5044377af6934bff90ad92053656866c45ed094fa6c3ad451cd1459e45c5006955ffc5235b04c7798645527b9ec225b8487144a31a01089eaba,NO INJURY / DRIVE AWAY,"$501 - $1,500",2025-09-23T09:05:00.000,FUNCTIONING PROPERLY,SIDESWIPE SAME DIRECTION,,0,0,2,0,0,0,0,41.8891784369,DAYLIGHT,-87.6365902934,NO INDICATION OF INJURY,2,35,IMPROPER OVERTAKING/PASSING,ON SCENE,NO DEFECTS,DRY,UNABLE TO DETERMINE,,N,ORLEANS ST,401,OTHER,NOT DIVIDED,CLEAR,,,,,,,2,2,"{""coordinates"": [-87.636590293353, 41.889178436896], ""type"": ""Point""}","[""FRONT-LEFT-CORNER"", ""FRONT-RIGHT-CORNER""]","[""FORD"", ""LINCOLN""]","[""PASSING/OVERTAKING"", ""STRAIGHT AHEAD""]","[""ECONOLINE E450"", ""NAVIGATOR""]",[],"[""50"", ""56""]","[""NOT APPLICABLE""]","[""NONE""]","[""NO INDICATION OF INJURY""]","[""O2156221"", ""O2156222""]"
STRAIGHT AND LEVEL,1912,2025-09-23T09:00:00.000,3,9,9,dbdaad41ce75008f74553747b60de023affe21158f7486cfcb26633376708fa617d2764035a93f8e32acf0f0e1a71a1de016cadfcdbaaad27e0de3683b05dbf8,NO INJURY / DRIVE AWAY,"OVER $1,500",2025-09-23T19:00:00.000,UNKNOWN,PARKED MOTOR VEHICLE,,0,0,1,0,0,0,0,41.9672946884,UNKNOWN,-87.6711254832,NO INDICATION OF INJURY,2,30,IMPROPER OVERTAKING/PASSING,NOT ON SCENE (DESK REPORT),UNKNOWN,UNKNOWN,IMPROPER OVERTAKING/PASSING,,N,PAULINA ST,4706,NO CONTROLS,ONE-WAY,UNKNOWN,,,,,,,2,1,"{""coordinates"": [-87.671125483153, 41.967294688379], ""type"": ""Point""}","[""SIDE-LEFT-FRONT"", ""UNKNOWN""]","[""HONDA"", ""ISUZU""]","[""PARKED"", ""STRAIGHT AHEAD""]","[""ACCORD"", ""TRUCK""]",[],[],"[""DEPLOYMENT UNKNOWN""]","[""NONE""]","[""NO INDICATION OF INJURY""]","[""O2156676""]"
STRAIGHT AND LEVEL,1622,2025-09-23T09:10:00.000,3,9,9,04422cbadc34f74f365b17c9195b6e1290220a30c6ba7baaa8c8a80c289eb66fa430f24a1e112500d04a2c27053bba41baa51f990dbcfeacb3adc97380b0724f,NO INJURY / DRIVE AWAY,"OVER $1,500",2025-09-23T09:25:00.000,NO CONTROLS,TURNING,,0,0,2,0,0,0,0,41.9762311112,DAYLIGHT,-87.7873253083,NO INDICATION OF INJURY,2,30,IMPROPER TURNING/NO SIGNAL,NOT ON SCENE (DESK REPORT),NO DEFECTS,DRY,UNABLE TO DETERMINE,,W,HIGGINS AVE,6356,NO CONTROLS,DIVIDED - W/MEDIAN (NOT RAISED),CLEAR,,,,,,,2,2,"{""coordinates"": [-87.787325308257, 41.976231111186], ""type"": ""Point""}","[""FRONT"", ""SIDE-RIGHT-FRONT""]","[""HYUNDAI"", ""TOYOTA""]","[""STRAIGHT AHEAD"", ""TURNING LEFT""]","[""ELANTRA"", ""OTHER (EXPLAIN IN NARRATIVE)""]",[],"[""34"", ""36""]","[""DID NOT DEPLOY""]","[""NONE""]","[""NO INDICATION OF INJURY""]","[""O2156233"", ""O2156234""]"
STRAIGHT AND LEVEL,1232,2025-09-23T09:15:00.000,3,9,9,3b1d963b13a4b8b2b0d1a09fb9c6f0fac39db4279132cc8a8966f93a7c44bc73c316c9c76094d9bda5b722d1a948282237b63750cfa746d723f8df485faa9b31,NO INJURY / DRIVE AWAY,"OVER $1,500",2025-09-23T10:00:00.000,NO CONTROLS,PARKED MOTOR VEHICLE,Y,0,0,1,0,0,0,0,41.8809239593,DAYLIGHT,-87.6506918332,NO INDICATION OF INJURY,2,30,IMPROPER OVERTAKING/PASSING,NOT ON SCENE (DESK REPORT),NO DEFECTS,DRY,IMPROPER LANE USAGE,,S,SANGAMON ST,25,NO CONTROLS,DIVIDED - W/MEDIAN (NOT RAISED),CLEAR,,,,,,,2,1,"{""coordinates"": [-87.650691833189, 41.88092395932], ""type"": ""Point""}","[""FRONT-LEFT-CORNER"", ""SIDE-RIGHT""]","[""CHEVROLET"", ""FORD""]","[""PARKED"", ""PASSING/OVERTAKING""]","[""RANGER"", ""TRAX""]",[],[],"[""DID NOT DEPLOY""]","[""NONE""]","[""NO INDICATION OF INJURY""]","[""O2156266""]"
STRAIGHT AND LEVEL,1925,2025-09-23T09:20:00.000,3,9,9,1aa59968633e2468956f4d6dfb06cc81654ed6bd8fc74be84d13b2109e3643a6d8bf376f94b1fb2fce392abcf33f3d64a44bbbbe495136002a92eaa0ad43cd52,INJURY AND / OR TOW DUE TO CRASH,"OVER $1,500",2025-09-23T13:30:00.000,UNKNOWN,SIDESWIPE OPPOSITE DIRECTION,,0,0,1,0,1,1,0,41.9401983227,DAYLIGHT,-87.6415450199,"REPORTED, NOT EVIDENT",2,30,UNABLE TO DETERMINE,,UNKNOWN,UNKNOWN,UNABLE TO DETERMINE,,W,BELMONT AVE,450,UNKNOWN,NOT DIVIDED,CLEAR,,,,,,,2,2,"{""coordinates"": [-87.641545019915, 41.940198322732], ""type"": ""Point""}","[""FRONT-RIGHT-CORNER"", ""REAR-RIGHT-CORNER""]","[""JEEP"", ""TOYOTA""]","[""CHANGING LANES"", ""STRAIGHT AHEAD""]","[""PATRIOT"", ""PRIUS""]",[],"[""30"", ""38""]","[""DEPLOYMENT UNKNOWN""]","[""UNKNOWN""]","[""NO INDICATION OF INJURY"", ""REPORTED, NOT EVIDENT""]","[""O2157270"", ""O2157271""]"
STRAIGHT AND LEVEL,1925,2025-09-23T09:20:00.000,3,9,9,960919d342e8a01e7f24540e55d8d072a3aeab4f5516e1266df56486840cc41233cc241f7c6a71ae53a96ab054c5ddfb128661d5398ff1dafbfc941fe70b4d39,NO INJURY / DRIVE AWAY,"OVER $1,500",2025-09-23T16:45:00.000,UNKNOWN,ANGLE,,0,0,2,0,0,0,0,41.9401983227,UNKNOWN,-87.6415450199,NO INDICATION OF INJURY,2,30,UNABLE TO DETERMINE,NOT ON SCENE (DESK REPORT),UNKNOWN,UNKNOWN,UNABLE TO DETERMINE,,W,BELMONT AVE,450,UNKNOWN,NOT DIVIDED,UNKNOWN,,,,,,,2,2,"{""coordinates"": [-87.641545019915, 41.940198322732], ""type"": ""Point""}","[""FRONT"", ""SIDE-RIGHT""]","[""JEEP"", ""TOYOTA""]","[""UNKNOWN/NA""]","[""PATRIOT"", ""PRIUS""]",[],"[""30"", ""38""]","[""DEPLOYMENT UNKNOWN""]","[""UNKNOWN""]","[""NO INDICATION OF INJURY""]","[""O2156569"", ""O2156570""]"
STRAIGHT AND LEVEL,1215,2025-09-23T09:30:00.000,3,9,9,203dbd63b9655bef7fc42a6f57fe2410f889f313caa1a6164d896bd3a3fd36fb3cd04a0dc1ef38d8840df48bd9b73566ad390b3ced02d2ce5966aa11e053a770,NO INJURY / DRIVE AWAY,$500 OR LESS,2025-09-23T10:38:00.000,NO CONTROLS,SIDESWIPE SAME DIRECTION,,0,0,2,0,0,0,0,41.8916241257,DAYLIGHT,-87.6685321636,NO INDICATION OF INJURY,2,15,IMPROPER OVERTAKING/PASSING,NOT ON SCENE (DESK REPORT),NO DEFECTS,DRY,NOT APPLICABLE,,N,MARSHFIELD AVE,520,NO CONTROLS,ONE-WAY,CLOUDY/OVERCAST,,,,,,,2,2,"{""coordinates"": [-87.668532163583, 41.891624125683], ""type"": ""Point""}","[""SIDE-LEFT"", ""SIDE-RIGHT""]","[""FORD"", ""NOVA BUS""]","[""STRAIGHT AHEAD""]","[""OTHER (EXPLAIN IN NARRATIVE)"", ""TRANSIT""]",[],"[""68""]","[""DEPLOYMENT UNKNOWN"", ""NOT APPLICABLE""]","[""NONE""]","[""NO INDICATION OF INJURY""]","[""O2156287"", ""O2156288""]"
STRAIGHT AND LEVEL,1831,2025-09-23T09:30:00.000,3,9,9,34be7c2db3e3075bdd7085c876ca916b7a378b0e6378c295f846630ca254962b4852c8a30df8f499240d6baf724917aedf94d19417b05cd5d3946e8322dd0faa,NO INJURY / DRIVE AWAY,"OVER $1,500",2025-09-24T18:15:00.000,NO CONTROLS,PARKED MOTOR VEHICLE,Y,0,0,1,0,0,0,0,41.8942097339,DAYLIGHT,-87.6369624484,NO INDICATION OF INJURY,2,30,FAILING TO REDUCE SPEED TO AVOID CRASH,NOT ON SCENE (DESK REPORT),UNKNOWN,UNKNOWN,UNABLE TO DETERMINE,,N,ORLEANS ST,665,NO CONTROLS,DIVIDED - W/MEDIAN (NOT RAISED),UNKNOWN,,,,,,,2,1,"{""coordinates"": [-87.636962448449, 41.894209733924], ""type"": ""Point""}","[""UNKNOWN""]","[""MAZDA"", ""UNKNOWN""]","[""PARKED"", ""UNKNOWN/NA""]","[""MAZDA3"", ""OTHER (EXPLAIN IN NARRATIVE)""]",[],[],"[""DEPLOYMENT UNKNOWN""]","[""NONE""]","[""NO INDICATION OF INJURY""]","[""O2157264""]"