alignment,beat_of_occurrence,crash_date,crash_day_of_week,crash_hour,crash_month,crash_record_id,crash_type,damage,date_police_notified,device_condition,first_crash_type,hit_and_run_i,injuries_fatal,injuries_incapacitating,injuries_no_indication,injuries_non_incapacitating,injuries_reported_not_evident,injuries_total,injuries_unknown,latitude,lighting_condition,longitude,most_severe_injury,num_units,posted_speed_limit,prim_contributory_cause,report_type,road_defect,roadway_surface_cond,sec_contributory_cause,statements_taken_i,street_direction,street_name,street_no,traffic_control_device,trafficway_type,weather_condition,crash_date_est_i,intersection_related_i,photos_taken_i,work_zone_i,dooring_i,private_property_i,veh_count,ppl_count,location_json,veh_first_contact_point_list_json,veh_make_list_json,veh_maneuver_list_json,veh_model_list_json,veh_towed_i_list_json,ppl_age_list_json,ppl_airbag_deployed_list_json,ppl_ejection_list_json,ppl_injury_classification_list_json,ppl_person_id_list_json
STRAIGHT AND LEVEL,1712,2025-09-23T09:30:00.000,3,9,9,8ae47b27ed9e7c57f80d99bcf131591d37e4b5ba55aafd496905027c7e8a9a9874ae5c8d2d78c10b321ad7b2689f489ea940a924ae630b9e7ba896ffe3188021,NO INJURY / DRIVE AWAY,"OVER $1,500",2025-09-23T17:30:00.000,NO CONTROLS,PARKED MOTOR VEHICLE,Y,0,0,1,0,0,0,0,41.9720054071,DAYLIGHT,-87.7271379595,NO INDICATION OF INJURY,2,20,UNABLE TO DETERMINE,NOT ON SCENE (DESK REPORT),NO DEFECTS,WET,NOT APPLICABLE,,W,ARGYLE ST,3934,NO CONTROLS,DIVIDED - W/MEDIAN (NOT RAISED),RAIN,,,,,,,2,1,"{""coordinates"": [-87.72713795952, 41.972005407104], ""type"": ""Point""}","[""REAR-LEFT-CORNER"", ""UNKNOWN""]","[""TOYOTA"", ""UNKNOWN""]","[""PARKED"", ""UNKNOWN/NA""]","[""CAMRY"", ""OTHER (EXPLAIN IN NARRATIVE)""]",[],[],"[""DEPLOYMENT UNKNOWN""]","[""UNKNOWN""]","[""NO INDICATION OF INJURY""]","[""O2156608""]"
STRAIGHT AND LEVEL,1633,2025-09-23T09:30:00.000,3,9,9,fd63740e7b53e3f6d3b0042cd1822fff984f78bb733008f90bef2b2e58e05d61867acecaddbe9bf8ca1dcd87ff1035f43f88a11c187678b810ebe53587bcf4bc,NO INJURY / DRIVE AWAY,"OVER $1,500",2025-09-23T09:35:00.000,NO CONTROLS,PARKED MOTOR VEHICLE,,0,0,1,0,0,0,0,41.9448461391,DAYLIGHT,-87.7673731352,NO INDICATION OF INJURY,3,35,PHYSICAL CONDITION OF DRIVER,ON SCENE,NO DEFECTS,WET,NOT APPLICABLE,,W,EDDY ST,5615,NO CONTROLS,NOT DIVIDED,RAIN,,,,,,,3,1,"{""coordinates"": [-87.76737313516, 41.944846139062], ""type"": ""Point""}","[""FRONT-RIGHT-CORNER"", ""REAR"", ""REAR-LEFT-CORNER""]","[""HYUNDAI"", ""MAZDA"", ""SUBARU""]","[""PARKED"", ""U-TURN""]","[""CROSSTREK"", ""MAZDA2"", ""SANTA FE""]",[],"[""55""]","[""NOT APPLICABLE""]","[""NONE""]","[""NO INDICATION OF INJURY""]","[""O2156301""]"
STRAIGHT AND LEVEL,1624,2025-09-23T09:45:00.000,3,9,9,97fc0b7b12ca6dc7c69d86bf58e9a9345e160d78ec86dcc076e5bd7e889f40d28e10ee28a5a7e02f06ba12c710d676bd064b69ebe833bb0159d8b473047ff06c,INJURY AND / OR TOW DUE TO CRASH,"OVER $1,500",2025-09-23T09:50:00.000,FUNCTIONING PROPERLY,HEAD ON,,0,0,2,0,0,0,0,41.9606690343,DUSK,-87.7476776088,NO INDICATION OF INJURY,2,30,FAILING TO YIELD RIGHT-OF-WAY,ON SCENE,NO DEFECTS,WET,NOT APPLICABLE,,N,CICERO AVE,4398,TRAFFIC SIGNAL,NOT DIVIDED,RAIN,,Y,,,,,2,2,"{""coordinates"": [-87.747677608769, 41.960669034258], ""type"": ""Point""}","[""FRONT""]","[""TOYOTA""]","[""OTHER"", ""STRAIGHT AHEAD""]","[""AVALON"", ""SIENNA""]","[""Y""]","[""61"", ""70""]","[""DEPLOYED, FRONT"", ""DID NOT DEPLOY""]","[""NONE""]","[""NO INDICATION OF INJURY""]","[""O2156316"", ""O2156317""]"
STRAIGHT AND LEVEL,831,2025-09-23T09:45:00.000,3,9,9,f19d3a82181254d1ef96df1a522580b2700918ed79f8f9c3c594755f8b622138c7c9558776ea7637d573a21875950e595e139f75f8c4c83f00aae986be6d940f,INJURY AND / OR TOW DUE TO CRASH,"OVER $1,500",2025-09-23T11:10:00.000,UNKNOWN,PARKED MOTOR VEHICLE,,0,0,1,0,0,0,0,41.761890845,DAYLIGHT,-87.7077747933,NO INDICATION OF INJURY,2,30,UNABLE TO DETERMINE,NOT ON SCENE (DESK REPORT),UNKNOWN,DRY,NOT APPLICABLE,,S,HOMAN AVE,7216,UNKNOWN,NOT DIVIDED,CLEAR,,,,,,,2,1,"{""coordinates"": [-87.707774793258, 41.761890845027], ""type"": ""Point""}","[""FRONT-LEFT-CORNER""]","[""GENERAL MOTORS CORPORATION (GMC)"", ""HONDA""]","[""OTHER"", ""PARKED""]","[""ACADIA"", ""ODYSSEY""]","[""Y""]","[""45""]","[""DEPLOYMENT UNKNOWN""]","[""NONE""]","[""NO INDICATION OF INJURY""]","[""O2156314""]"
STRAIGHT AND LEVEL,413,2025-09-23T10:00:00.000,3,10,9,6b318815e8577c7cf18c8040d5f194ddcb778070f99c8c5e3ee4d37b2a4652115795ccea78f04099b1f8924e3bce60524db8c66dfc105d7726a7b0b65554f0e4,NO INJURY / DRIVE AWAY,"OVER $1,500",2025-09-23T10:45:00.000,FUNCTIONING PROPERLY,TURNING,,0,0,3,0,0,0,0,41.7223866861,DAYLIGHT,-87.5849837002,NO INDICATION OF INJURY,2,30,IMPROPER TURNING/NO SIGNAL,NOT ON SCENE (DESK REPORT),NO DEFECTS,DRY,NOT APPLICABLE,,S,STONY ISLAND AVE,9499,TRAFFIC SIGNAL,NOT DIVIDED,CLEAR,,Y,,,,,2,3,"{""coordinates"": [-87.584983700227, 41.722386686132], ""type"": ""Point""}","[""FRONT-RIGHT-CORNER"", ""SIDE-LEFT""]","[""NISSAN"", ""VOLKSWAGEN""]","[""TURNING LEFT""]","[""ATLAS"", ""ROGUE""]",[],"[""36"", ""46""]","[""DID NOT DEPLOY"", ""NOT APPLICABLE""]","[""NONE""]","[""NO INDICATION OF INJURY""]","[""O2156299"", ""O2156300"", ""P475901""]"
STRAIGHT AND LEVEL,711,2025-09-23T10:00:00.000,3,10,9,7ad08dedec81731487880dc1d788a6f93edacf13abdba27b6238dd550a5d5f6debed43f8cf7cbda007eeb37f1884761439ccb5af271b1fc033d6a9e9b5b10a55,NO INJURY / DRIVE AWAY,"$501 - $1,500",2025-09-23T10:25:00.000,FUNCTIONING PROPERLY,SIDESWIPE SAME DIRECTION,,0,0,2,0,0,0,0,41.7940818811,DAYLIGHT,-87.6331347033,NO INDICATION OF INJURY,2,30,WEATHER,NOT ON SCENE (DESK REPORT),UNKNOWN,WET,UNABLE TO DETERMINE,,S,PRINCETON AVE,5500,STOP SIGN/FLASHER,UNKNOWN INTERSECTION TYPE,RAIN,,Y,,,,,2,2,"{""coordinates"": [-87.633134703265, 41.794081881074], ""type"": ""Point""}","[""OTHER""]","[""CHEVROLET"", ""FORD""]","[""STRAIGHT AHEAD""]","[""OTHER (EXPLAIN IN NARRATIVE)"", ""SUBURBAN""]",[],"[""53""]","[""DEPLOYMENT UNKNOWN"", ""NOT APPLICABLE""]","[""NONE""]","[""NO INDICATION OF INJURY""]","[""O2156295"", ""O2156296""]"
STRAIGHT AND LEVEL,413,2025-09-23T10:00:00.000,3,10,9,921d12f7843a0b6f7ff2956c2fa92ef20c1a3a8801488dcda286652a4d6ca8bb1895b1ae93db1638f51cc89c46fa179354ff06886f8da9fbe303f9a7f6127c00,NO INJURY / DRIVE AWAY,"OVER $1,500",2025-09-23T10:30:00.000,FUNCTIONING PROPERLY,SIDESWIPE SAME DIRECTION,,0,0,2,0,0,0,0,41.722449457,DAYLIGHT,-87.5850035691,NO INDICATION OF INJURY,2,35,DRIVING SKILLS/KNOWLEDGE/EXPERIENCE,NOT ON SCENE (DESK REPORT),NO DEFECTS,DRY,UNABLE TO DETERMINE,,E,95TH ST,1600,TRAFFIC SIGNAL,NOT DIVIDED,CLEAR,,,,,,,2,2,"{""coordinates"": [-87.585003569109, 41.722449457011], ""type"": ""Point""}","[""FRONT-RIGHT-CORNER"", ""SIDE-LEFT-REAR""]","[""NISSAN"", ""VOLKSWAGEN""]","[""STRAIGHT AHEAD""]","[""ATLAS"", ""ROGUE""]",[],"[""36"", ""46""]","[""DID NOT DEPLOY"", ""NOT APPLICABLE""]","[""NONE""]","[""NO INDICATION OF INJURY""]","[""O2156291"", ""O2156292""]"
STRAIGHT AND LEVEL,331,2025-09-23T10:00:00.000,3,10,9,c64e464879ca0fe9134de412f1be245188213f73df026e7dc7016d050a3f59e2462d1f433db11906b24ed9c3df1b5f3b1db6d6e36a8c8a07b6cd57171ce6cf30,NO INJURY / DRIVE AWAY,"$501 - $1,500",2025-09-23T10:06:00.000,NO CONTROLS,TURNING,,0,0,3,0,0,0,0,41.7733831153,DAYLIGHT,-87.5741918671,NO INDICATION OF INJURY,2,30,IMPROPER TURNING/NO SIGNAL,ON SCENE,NO DEFECTS,WET,NOT APPLICABLE,,S,CLYDE AVE,6700,NO CONTROLS,ONE-WAY,RAIN,Y,,,,,,2,3,"{""coordinates"": [-87.574191867149, 41.773383115302], ""type"": ""Point""}","[""SIDE-LEFT"", ""SIDE-RIGHT""]","[""JEEP"", ""MITSUBISHI""]","[""TURNING RIGHT""]","[""GRAND CHEROKEE"", ""OTHER (EXPLAIN IN NARRATIVE)""]",[],"[""48"", ""51""]","[""DID NOT DEPLOY"", ""NOT APPLICABLE""]","[""NONE""]","[""NO INDICATION OF INJURY""]","[""O2156308"", ""O2156309"", ""P475908""]"
STRAIGHT AND LEVEL,2522,2025-09-23T10:00:00.000,3,10,9,c9bdae3f2f3aee5ce34ea3e3030031ebbd7a92fd56fb154911300f86e8a8bce08ad98cf3edf9de7cc399ad178fb7d4dee91cca7c29a56118103e8f0333cc17cc,NO INJURY / DRIVE AWAY,"OVER $1,500",2025-09-23T14:20:00.000,NO CONTROLS,PARKED MOTOR VEHICLE,Y,0,0,1,0,0,0,0,41.9187270738,UNKNOWN,-87.7397310745,NO INDICATION OF INJURY,2,35,UNABLE TO DETERMINE,NOT ON SCENE (DESK REPORT),UNKNOWN,UNKNOWN,UNABLE TO DETERMINE,,W,DICKENS AVE,4521,NO CONTROLS,ONE-WAY,UNKNOWN,,,,,,,2,1,"{""coordinates"": [-87.739731074542, 41.918727073848], ""type"": ""Point""}","[""FRONT"", ""UNKNOWN""]","[""TOYOTA"", ""UNKNOWN""]","[""BACKING"", ""PARKED""]","[""OTHER (EXPLAIN IN NARRATIVE)"", ""RAV4""]",[],[],"[""DEPLOYMENT UNKNOWN""]","[""NONE""]","[""NO INDICATION OF INJURY""]","[""O2156456""]"
STRAIGHT AND LEVEL,1014,2025-09-23T10:00:00.000,3,10,9,da6b106e88a7331e40be46fc5db42820972ecce8e7737715292c60ce8586c35b96dbbcee568ac902d1201ae2c5a484337f7d13dc79c0dabed28b8a7b5460bc5a,NO INJURY / DRIVE AWAY,"OVER $1,500",2025-09-24T13:20:00.000,NO CONTROLS,PARKED MOTOR VEHICLE,Y,0,0,1,0,0,0,0,41.8517414578,DAYLIGHT,-87.7176782758,NO INDICATION OF INJURY,2,25,UNABLE TO DETERMINE,NOT ON SCENE (DESK REPORT),UNKNOWN,UNKNOWN,UNABLE TO DETERMINE,,W,CERMAK RD,3704,NO CONTROLS,NOT DIVIDED,CLEAR,,,,,,,2,1,"{""coordinates"": [-87.717678275774, 41.851741457784], ""type"": ""Point""}","[""FRONT"", ""UNKNOWN""]","[""HYUNDAI"", ""UNKNOWN""]","[""PARKED"", ""UNKNOWN/NA""]","[""ELANTRA"", ""OTHER (EXPLAIN IN NARRATIVE)""]",[],[],"[""DEPLOYMENT UNKNOWN""]","[""NONE""]","[""NO INDICATION OF INJURY""]","[""O2157018""]"
STRAIGHT AND LEVEL,935,2025-09-23T10:05:00.000,3,10,9,a1b80e1ffab8a8537ebc74218a36ad976491d029f3dc6548c2980275ec17335f56508ae2b50972a27a413c60b6aba14a81a3b32a26fb7b155afab724e67aaede,INJURY AND / OR TOW DUE TO CRASH,"OVER $1,500",2025-09-23T11:00:00.000,NO CONTROLS,FIXED OBJECT,,0,0,1,0,0,0,0,41.8046699066,DAYLIGHT,-87.6452766673,NO INDICATION OF INJURY,1,35,UNABLE TO DETERMINE,ON SCENE,NO DEFECTS,DRY,UNABLE TO DETERMINE,,S,HALSTED ST,4915,NO CONTROLS,NOT DIVIDED,CLEAR,,,,,,,1,1,"{""coordinates"": [-87.645276667339, 41.804669906582], ""type"": ""Point""}","[""TOP""]","[""BLUEBIRD INTERNATIONAL""]","[""STRAIGHT AHEAD""]","[""BLUEBIRD INTERNATIONAL""]","[""Y""]","[""38""]","[""DID NOT DEPLOY""]","[""NONE""]","[""NO INDICATION OF INJURY""]","[""O2156370""]"
STRAIGHT AND LEVEL,621,2025-09-23T10:06:00.000,3,10,9,1a9ca32f531178cd5d78a9fc9eef8ade7e2808fb00418221dccbcb178d861f30ab3eed3720e09aaa6205ddf52413703151297273170e3ab6ae3730393f74be7f,INJURY AND / OR TOW DUE TO CRASH,"OVER $1,500",2025-09-23T10:06:00.000,FUNCTIONING PROPERLY,REAR END,,0,0,2,1,0,1,0,41.74906391,DAYLIGHT,-87.6348132892,NONINCAPACITATING INJURY,2,30,FAILING TO REDUCE SPEED TO AVOID CRASH,ON SCENE,NO DEFECTS,WET,WEATHER,,S,VINCENNES AVE,7958,STOP SIGN/FLASHER,FOUR WAY,RAIN,,Y,,,,,2,3,"{""coordinates"": [-87.634813289233, 41.749063909951], ""type"": ""Point""}","[""FRONT"", ""REAR""]","[""KIA"", ""SATURN""]","[""SLOW/STOP IN TRAFFIC"", ""STRAIGHT AHEAD""]","[""FORTE"", ""ION""]",[],"[""26"", ""45"", ""55""]","[""DID NOT DEPLOY""]","[""NONE""]","[""NO INDICATION OF INJURY"", ""NONINCAPACITATING INJURY""]","[""O2156366"", ""O2156367"", ""P475917""]"
STRAIGHT AND LEVEL,1115,2025-09-23T10:13:00.000,3,10,9,f9a3a431312f58f0f7eadf727f87cf0be4ecbb56be6b4cc2918715cb3667709997f442c7004ad02ee0e9326beb23c1d14e371997567b9473624a50fbf50ad78c,NO INJURY / DRIVE AWAY,"OVER $1,500",2025-09-23T10:23:00.000,NO CONTROLS,PARKED MOTOR VEHICLE,,0,0,2,0,0,0,0,41.8805729149,DAYLIGHT,-87.7293055839,NO INDICATION OF INJURY,2,30,EQUIPMENT - VEHICLE CONDITION,ON SCENE,NO DEFECTS,WET,NOT APPLICABLE,,W,MADISON ST,4129,NO CONTROLS,DIVIDED - W/MEDIAN (NOT RAISED),RAIN,,,,,,,2,2,"{""coordinates"": [-87.729305583937, 41.880572914876], ""type"": ""Point""}","[""OTHER"", ""SIDE-LEFT""]","[""FORD"", ""MAZDA""]","[""PARKED"", ""STRAIGHT AHEAD""]","[""CX-5"", ""F450""]",[],"[""22"", ""24""]","[""DID NOT DEPLOY""]","[""NONE""]","[""NO INDICATION OF INJURY""]","[""O2156297"", ""P475902""]"
STRAIGHT AND LEVEL,233,2025-09-23T10:20:00.000,3,10,9,b09fd6f869f21fb2e1a7e68323595817e9eadada7f768a9bd746de55d13e7e46e7137d49f7358c56598aec6e7bacf962a67744abd20d39ee1c063904cd2c7899,NO INJURY / DRIVE AWAY,"OVER $1,500",2025-09-23T18:30:00.000,UNKNOWN,REAR END,,0,0,2,0,0,0,0,41.8022206334,DAYLIGHT,-87.60655293,NO INDICATION OF INJURY,2,25,UNABLE TO DETERMINE,NOT ON SCENE (DESK REPORT),UNKNOWN,UNKNOWN,UNABLE TO DETERMINE,,S,COTTAGE GROVE AVE,5100,UNKNOWN,UNKNOWN,UNKNOWN,,,,,,,2,2,"{""coordinates"": [-87.606552929969, 41.802220633425], ""type"": ""Point""}","[""FRONT"", ""REAR""]","[""LEXUS"", ""TOYOTA""]","[""UNKNOWN/NA""]","[""300"", ""SOLARA""]",[],"[""41""]","[""DEPLOYMENT UNKNOWN""]","[""NONE""]","[""NO INDICATION OF INJURY""]","[""O2156664"", ""O2156665""]"
STRAIGHT AND LEVEL,1212,2025-09-23T10:20:00.000,3,10,9,d144092f0a1bc5b10f44b690d85c15b31e6fbd707b40249f6764ad7ab8fc6a5cfde3656ff032f19684a294eba1f3215d18bfbc276400498f954cc39f1eec4bfc,INJURY AND / OR TOW DUE TO CRASH,"OVER $1,500",2025-09-23T10:50:00.000,NO CONTROLS,REAR END,,0,0,3,0,1,1,0,41.9029129194,DAYLIGHT,-87.6867479807,"REPORTED, NOT EVIDENT",2,30,FAILING TO REDUCE SPEED TO AVOID CRASH,NOT ON SCENE (DESK REPORT),NO DEFECTS,WET,FOLLOWING TOO CLOSELY,,W,DIVISION ST,2355,NO CONTROLS,NOT DIVIDED,RAIN,,,,,,,2,4,"{""coordinates"": [-87.686747980706, 41.902912919391], ""type"": ""Point""}","[""FRONT"", ""REAR""]","[""HONDA"", ""NISSAN""]","[""SLOW/STOP IN TRAFFIC"", ""STRAIGHT AHEAD""]","[""CR-V"", ""ROGUE""]",[],"[""43"", ""53"", ""59"", ""74""]","[""DID NOT DEPLOY"", ""NOT APPLICABLE""]","[""NONE""]","[""NO INDICATION OF INJURY"", ""REPORTED, NOT EVIDENT""]","[""O2156306"", ""O2156307"", ""P475906"", ""P475907""]"
STRAIGHT AND LEVEL,2033,2025-09-23T10:24:00.000,3,10,9,fa54dfbd1a7394184a91f65de8240d7c3eeef40d36c0bfb8005093ebadaa1d87862cd2f1696ba487792c9c2c06e8be03cbc19b9073e1a1bd777ea1f198754804,NO INJURY / DRIVE AWAY,"OVER $1,500",2025-09-23T10:38:00.000,NO CONTROLS,PARKED MOTOR VEHICLE,,0,0,1,0,0,0,0,41.9721527685,DAYLIGHT,-87.6612736407,NO INDICATION OF INJURY,3,25,IMPROPER BACKING,,NO DEFECTS,WET,NOT APPLICABLE,,N,MAGNOLIA AVE,4916,NO CONTROLS,NOT DIVIDED,CLOUDY/OVERCAST,,,,,,,3,1,"{""coordinates"": [-87.661273640687, 41.972152768527], ""type"": ""Point""}","[""REAR-LEFT-CORNER"", ""UNKNOWN""]","[""AUDI"", ""HONDA"", ""KIA""]","[""BACKING"", ""PARKED""]","[""HR-V"", ""Q5"", ""SPORTAGE""]",[],"[""76""]","[""NOT APPLICABLE""]","[""NONE""]","[""NO INDICATION OF INJURY""]","[""O2156953""]"
STRAIGHT AND LEVEL,1434,2025-09-23T10:52:00.000,3,10,9,332ddb9dc146628060cd5eac49cc67dae79b1ff55149f36c645170c8644880f2936e2bf9447c87c64443426f72d7a381f7e3c9e0e7856c3fb2e5ef366cf7927c,INJURY AND / OR TOW DUE TO CRASH,"OVER $1,500",2025-09-23T10:52:00.000,NO CONTROLS,REAR END,,0,0,2,0,0,0,0,41.9116764278,DAYLIGHT,-87.6792460546,NO INDICATION OF INJURY,2,30,UNABLE TO DETERMINE,ON SCENE,NO DEFECTS,WET,NOT APPLICABLE,,N,MILWAUKEE AVE,1661,NO CONTROLS,NOT DIVIDED,RAIN,,,,,,,2,2,"{""coordinates"": [-87.679246054633, 41.911676427823], ""type"": ""Point""}","[""FRONT"", ""REAR""]","[""MINI"", ""TOYOTA""]","[""SLOW/STOP IN TRAFFIC"", ""STRAIGHT AHEAD""]","[""AVALON"", ""COOPER""]","[""Y""]","[""28"", ""63""]","[""DEPLOYED, FRONT"", ""DID NOT DEPLOY""]","[""NONE""]","[""NO INDICATION OF INJURY""]","[""O2156321"", ""O2156322""]"
STRAIGHT AND LEVEL,111,2025-09-23T10:57:00.000,3,10,9,7e750538c14ec8dbe5f29375f8064986d0eb722d2098e0f86e26bdfd2d6e6f3e82cf15c789fe68d94de5b5dee40daee80cdfb561c3c020111665dbd7ea73bbbb,NO INJURY / DRIVE AWAY,"OVER $1,500",2025-09-23T11:40:00.000,NO CONTROLS,SIDESWIPE SAME DIRECTION,,0,0,2,0,0,0,0,41.8869192334,DAYLIGHT,-87.624625556,NO INDICATION OF INJURY,2,30,FAILING TO YIELD RIGHT-OF-WAY,ON SCENE,NO DEFECTS,WET,NOT APPLICABLE,,E,WACKER PL,80,NO CONTROLS,NOT DIVIDED,CLEAR,,,,,,,2,2,"{""coordinates"": [-87.624625555986, 41.886919233411], ""type"": ""Point""}","[""FRONT-LEFT-CORNER"", ""SIDE-RIGHT-FRONT""]","[""JEEP"", ""VOLKSWAGEN""]","[""CHANGING LANES"", ""STRAIGHT AHEAD""]","[""GRAND CHEROKEE"", ""TIGUAN""]",[],"[""39"", ""55""]","[""DID NOT DEPLOY"", ""NOT APPLICABLE""]","[""NONE""]","[""NO INDICATION OF INJURY""]","[""O2156368"", ""O2156369""]"
STRAIGHT AND LEVEL,1613,2025-09-23T11:00:00.000,3,11,9,437b29c45b40babc4cdf839af7a6ea63c760d192b406d9170e606a012ba1aa7612e34bb2339e7e4a798dd0d61668e55fdc07fa968ecb5dde82891adae088f016,NO INJURY / DRIVE AWAY,"OVER $1,500",2025-09-23T11:03:00.000,NO CONTROLS,PARKED MOTOR VEHICLE,Y,0,0,1,0,0,0,0,41.9792169069,DAYLIGHT,-87.8068381631,NO INDICATION OF INJURY,2,20,DRIVING SKILLS/KNOWLEDGE/EXPERIENCE,ON SCENE,NO DEFECTS,DRY,UNABLE TO DETERMINE,,N,HARLEM AVE,5401,NO CONTROLS,PARKING LOT,CLEAR,Y,,,,,N,2,1,"{""coordinates"": [-87.806838163137, 41.979216906928], ""type"": ""Point""}","[""REAR""]","[""FORD"", ""TOYOTA""]","[""BACKING"", ""PARKED""]","[""ESCAPE"", ""SIENNA""]",[],[],"[""NOT APPLICABLE""]","[""NONE""]","[""NO INDICATION OF INJURY""]","[""O2156327""]"
STRAIGHT AND LEVEL,1214,2025-09-23T11:00:00.000,3,11,9,836a5fa396b4273df9597c7d3d3077f9cf0c2fb42a28acd1fbf1dd69919a63731156a582e40d167414893d90164486f60e3464a35b3786ff432a5a1d254f0756,NO INJURY / DRIVE AWAY,"OVER $1,500",2025-09-23T13:45:00.000,NO CONTROLS,FIXED OBJECT,,0,0,1,0,0,0,0,41.8912081398,DAYLIGHT,-87.6557343427,NO INDICATION OF INJURY,1,30,UNABLE TO DETERMINE,NOT ON SCENE (DESK REPORT),NO DEFECTS,DRY,UNABLE TO DETERMINE,,W,GRAND AVE,1124,NO CONTROLS,NOT DIVIDED,CLEAR,,,,,,Y,1,1,"{""coordinates"": [-87.655734342734, 41.891208139797], ""type"": ""Point""}","[""SIDE-LEFT-REAR""]","[""HONDA""]","[""BACKING""]","[""CR-V""]",[],"[""64""]","[""NOT APPLICABLE""]","[""NONE""]","[""NO INDICATION OF INJURY""]","[""O2156434""]"
STRAIGHT AND LEVEL,132,2025-09-23T11:00:00.000,3,11,9,f560149639b4a3cc503d73fcd0e4eba30766a137b9675d52292f1d85cde8582a80390aeda369ddc9d01676d046a050c0dba2e7cecd61d253579ffef8278edfc5,INJURY AND / OR TOW DUE TO CRASH,"OVER $1,500",2025-09-23T11:10:00.000,FUNCTIONING PROPERLY,REAR END,Y,0,0,2,0,0,0,0,41.8674842272,DAYLIGHT,-87.6191503834,NO INDICATION OF INJURY,2,40,FOLLOWING TOO CLOSELY,ON SCENE,NO DEFECTS,WET,FAILING TO REDUCE SPEED TO AVOID CRASH,,S,LAKE SHORE DR SB,1200,TRAFFIC SIGNAL,DIVIDED - W/MEDIAN BARRIER,CLEAR,,,,,,,2,2,"{""coordinates"": [-87.619150383382, 41.867484227164], ""type"": ""Point""}","[""FRONT"", ""REAR""]","[""HYUNDAI"", ""UNKNOWN""]","[""STRAIGHT AHEAD""]","[""ELANTRA"", ""OTHER (EXPLAIN IN NARRATIVE)""]","[""Y""]","[""30""]","[""DEPLOYMENT UNKNOWN"", ""DID NOT DEPLOY""]","[""NONE""]","[""NO INDICATION OF INJURY""]","[""O2156348"", ""O2156349""]"
STRAIGHT AND LEVEL,1111,2025-09-23T11:05:00.000,3,11,9,39a767acc2e17847feb3084285fe228b7601ce3e8da71377679d557f552672ea52e25b4f03345f2f31247f8071871a3a8e444b904f557b300e431df6fb5aeb96,NO INJURY / DRIVE AWAY,"OVER $1,500",2025-09-23T11:49:00.000,NO CONTROLS,TURNING,Y,0,0,2,0,0,0,0,41.8955133451,DAYLIGHT,-87.726232516,NO INDICATION OF INJURY,2,30,FAILING TO YIELD RIGHT-OF-WAY,ON SCENE,UNKNOWN,DRY,NOT APPLICABLE,,N,PULASKI RD,802,NO CONTROLS,NOT DIVIDED,CLEAR,,,,,,,2,2,"{""coordinates"": [-87.726232516007, 41.895513345053], ""type"": ""Point""}","[""FRONT"", ""FRONT-RIGHT-CORNER""]","[""KIA"", ""UNKNOWN""]","[""STRAIGHT AHEAD"", ""TURNING LEFT""]","[""OTHER (EXPLAIN IN NARRATIVE)"", ""SORENTO""]",[],"[""35""]","[""DEPLOYMENT UNKNOWN"", ""NOT APPLICABLE""]","[""NONE""]","[""NO INDICATION OF INJURY""]","[""O2156382"", ""O2156383""]"
STRAIGHT AND LEVEL,511,2025-09-23T11:12:00.000,3,11,9,be5f74d9fc75c15639bb938cd7850ab23e2dc191a53d317a8725c5cb30c4f786118fb37ff2c2959c997dca4aeaae931d9c0e63a1f6914c7a21ae21fc9905c24d,NO INJURY / DRIVE AWAY,"$501 - $1,500",2025-09-23T11:24:00.000,NO CONTROLS,FIXED OBJECT,,0,0,1,0,0,0,0,41.7129086148,DAYLIGHT,-87.59229973,NO INDICATION OF INJURY,1,30,"VISION OBSCURED (SIGNS, TREE LIMBS, BUILDINGS, ETC.)",ON SCENE,UNKNOWN,UNKNOWN,NOT APPLICABLE,,S,WOODLAWN AVE,10001,NO CONTROLS,OTHER,RAIN,,,,,,,1,1,"{""coordinates"": [-87.592299730039, 41.712908614763], ""type"": ""Point""}","[""FRONT-LEFT-CORNER""]","[""CHEVROLET""]","[""TURNING LEFT""]","[""SUBURBAN""]",[],"[""36""]","[""DID NOT DEPLOY""]","[""NONE""]","[""NO INDICATION OF INJURY""]","[""O2156347""]"
STRAIGHT AND LEVEL,814,2025-09-23T11:13:00.000,3,11,9,aaa8223edae84dbbcaa72615553e9769834e4be6038f8d9e183f5c88bb9c19cba87fafff3e914c1e720b96899771a1a062da643b21260435001645f860ecc2a7,INJURY AND / OR TOW DUE TO CRASH,"OVER $1,500",2025-09-23T11:13:00.000,FUNCTIONING PROPERLY,TURNING,Y,0,0,2,0,0,0,0,41.7928466399,DAYLIGHT,-87.7622449615,NO INDICATION OF INJURY,2,30,UNABLE TO DETERMINE,ON SCENE,UNKNOWN,DRY,UNABLE TO DETERMINE,,W,55TH ST,5558,TRAFFIC SIGNAL,FOUR WAY,CLEAR,,Y,,,,N,2,2,"{""coordinates"": [-87.762244961478, 41.792846639911], ""type"": ""Point""}","[""FRONT"", ""SIDE-LEFT-REAR""]","[""JEEP"", ""PETERBILT MOTORS COMPANY (DIVISION OF PACCAR, INC.)""]","[""STRAIGHT AHEAD"", ""TURNING RIGHT""]","[""GRAND CHEROKEE"", ""PETERBILT MOTORS CO., DIVISION PACCAR, INC.""]","[""Y""]","[""34"", ""44""]","[""DEPLOYED, COMBINATION"", ""DID NOT DEPLOY""]","[""NONE""]","[""NO INDICATION OF INJURY""]","[""O2156377"", ""O2156378""]"