alignment,beat_of_occurrence,crash_date,crash_day_of_week,crash_hour,crash_month,crash_record_id,crash_type,damage,date_police_notified,device_condition,first_crash_type,hit_and_run_i,injuries_fatal,injuries_incapacitating,injuries_no_indication,injuries_non_incapacitating,injuries_reported_not_evident,injuries_total,injuries_unknown,latitude,lighting_condition,longitude,most_severe_injury,num_units,posted_speed_limit,prim_contributory_cause,report_type,road_defect,roadway_surface_cond,sec_contributory_cause,statements_taken_i,street_direction,street_name,street_no,traffic_control_device,trafficway_type,weather_condition,crash_date_est_i,intersection_related_i,photos_taken_i,work_zone_i,dooring_i,private_property_i,veh_count,ppl_count,location_json,veh_first_contact_point_list_json,veh_make_list_json,veh_maneuver_list_json,veh_model_list_json,veh_towed_i_list_json,ppl_age_list_json,ppl_airbag_deployed_list_json,ppl_ejection_list_json,ppl_injury_classification_list_json,ppl_person_id_list_json
STRAIGHT AND LEVEL,2411,2025-09-23T12:15:00.000,3,12,9,77018eb0606c8f03f9b290b5ff48e1083fac28ee8e6d4be2c926c3a5591d1eaf571e5132f2ba896d28168a69c748f7c03459c083521845430f19c9d0d6767b68,NO INJURY / DRIVE AWAY,"$501 - $1,500",2025-09-23T15:10:00.000,NO CONTROLS,ANGLE,,0,0,2,0,0,0,0,42.0141839829,DAYLIGHT,-87.6903783498,NO INDICATION OF INJURY,2,15,UNABLE TO DETERMINE,NOT ON SCENE (DESK REPORT),UNKNOWN,DRY,UNABLE TO DETERMINE,,N,WESTERN AVE,7300,NO CONTROLS,PARKING LOT,CLEAR,,,,,,Y,2,2,"{""coordinates"": [-87.69037834982, 42.014183982852], ""type"": ""Point""}","[""REAR"", ""REAR-RIGHT-CORNER""]","[""LEXUS""]","[""STRAIGHT AHEAD"", ""UNKNOWN/NA""]","[""RX350""]",[],"[""49"", ""55""]","[""DID NOT DEPLOY"", ""NOT APPLICABLE""]","[""NONE""]","[""NO INDICATION OF INJURY""]","[""O2156591"", ""O2156592""]"
STRAIGHT AND LEVEL,913,2025-09-23T12:15:00.000,3,12,9,c0b96a820ea7ccb2cd41a750a278e1bd0d7eb3f25a13404bb0aaef78b8674a6bc07a9922e76d21d9afda7fd341302d9f37f1b88fc29c1ec2b4e234a96ed139d6,INJURY AND / OR TOW DUE TO CRASH,"$501 - $1,500",2025-09-23T12:16:00.000,FUNCTIONING PROPERLY,TURNING,,0,0,1,1,0,1,0,41.8470808327,DAYLIGHT,-87.6464577026,NONINCAPACITATING INJURY,2,30,FOLLOWING TOO CLOSELY,ON SCENE,NO DEFECTS,DRY,UNABLE TO DETERMINE,,S,ARCHER AVE,2501,TRAFFIC SIGNAL,FOUR WAY,CLEAR,,Y,,,,,2,2,"{""coordinates"": [-87.646457702574, 41.847080832688], ""type"": ""Point""}","[""FRONT"", ""REAR""]","[""NEW FLYER"", ""TOYOTA""]","[""TURNING RIGHT""]","[""HIGHLANDER"", ""OTHER (EXPLAIN IN NARRATIVE)""]",[],"[""30"", ""44""]","[""DID NOT DEPLOY""]","[""NONE""]","[""NO INDICATION OF INJURY"", ""NONINCAPACITATING INJURY""]","[""O2156417"", ""O2156418""]"
STRAIGHT AND LEVEL,1614,2025-09-23T12:15:00.000,3,12,9,f4b21b5ce3608ed8a85be989961a2022fbf7ee4625de7e8156d219e4ac3ca0e7a9d051d60a3a590e9ba6b1ef630acc0d0a8609e73dbf9361bc72af850e0aa2a2,NO INJURY / DRIVE AWAY,"$501 - $1,500",2025-09-23T14:30:00.000,NO CONTROLS,PARKED MOTOR VEHICLE,Y,0,0,1,0,0,0,0,41.978973027,DAYLIGHT,-87.836733659,NO INDICATION OF INJURY,2,35,UNABLE TO DETERMINE,NOT ON SCENE (DESK REPORT),NO DEFECTS,DRY,NOT APPLICABLE,,N,CUMBERLAND AVE,5450,NO CONTROLS,NOT DIVIDED,CLEAR,,,,,,,2,1,"{""coordinates"": [-87.83673365898, 41.978973026997], ""type"": ""Point""}","[""SIDE-LEFT-REAR"", ""UNKNOWN""]","[""HYUNDAI"", ""TOYOTA""]","[""PARKED"", ""STRAIGHT AHEAD""]","[""SANTA FE"", ""YARIS""]",[],[],"[""DEPLOYMENT UNKNOWN""]","[""NONE""]","[""NO INDICATION OF INJURY""]","[""O2156462""]"
STRAIGHT AND LEVEL,2213,2025-09-23T12:24:00.000,3,12,9,8f116700e8344b32c35b6f02802a90e68bf804a438ae473b2f7db8132f539ee5ab09c5f90f4b4f35b42d9bb3b90a0242a34a58519bf83a2ebbbf96961a584619,NO INJURY / DRIVE AWAY,"OVER $1,500",2025-09-23T12:48:00.000,NO CONTROLS,PARKED MOTOR VEHICLE,Y,0,0,1,0,0,0,0,41.721150404,DAYLIGHT,-87.658966651,NO INDICATION OF INJURY,2,15,UNABLE TO DETERMINE,ON SCENE,NO DEFECTS,DRY,UNABLE TO DETERMINE,,W,95TH ST,1431,NO CONTROLS,PARKING LOT,CLEAR,,,,,,Y,2,1,"{""coordinates"": [-87.658966651043, 41.721150403976], ""type"": ""Point""}","[""SIDE-LEFT-REAR"", ""UNKNOWN""]","[""TOYOTA"", ""UNKNOWN""]","[""PARKED"", ""UNKNOWN/NA""]","[""COROLLA"", ""OTHER (EXPLAIN IN NARRATIVE)""]",[],[],"[""DEPLOYMENT UNKNOWN""]","[""UNKNOWN""]","[""NO INDICATION OF INJURY""]","[""O2156410""]"
STRAIGHT AND LEVEL,413,2025-09-23T12:25:00.000,3,12,9,82b983ec2880ab0bb31d8d6e8b3c153f1a93dc2e2a5dc13ad72c94a6ba09d9066c290b9ff17ef556df176d198fe3159aa67f64db15c93d8df26c598e741f5868,NO INJURY / DRIVE AWAY,"$501 - $1,500",2025-09-23T12:33:00.000,NO CONTROLS,PARKED MOTOR VEHICLE,Y,0,0,1,0,0,0,0,41.7328693696,DAWN,-87.5849748024,NO INDICATION OF INJURY,2,10,FAILING TO REDUCE SPEED TO AVOID CRASH,ON SCENE,NO DEFECTS,WET,UNABLE TO DETERMINE,,S,STONY ISLAND AVE,8915,NO CONTROLS,PARKING LOT,CLEAR,,,,,,,2,1,"{""coordinates"": [-87.584974802365, 41.732869369592], ""type"": ""Point""}","[""FRONT"", ""REAR""]","[""FORD"", ""JEEP""]","[""BACKING"", ""PARKED""]","[""ESCAPE"", ""GRAND CHEROKEE""]",[],[],"[""DEPLOYMENT UNKNOWN""]","[""NONE""]","[""NO INDICATION OF INJURY""]","[""O2156421""]"
STRAIGHT AND LEVEL,131,2025-09-23T12:30:00.000,3,12,9,22bf0ff46839d417c63e6aeba502b7165608ed824169a44d2e80dcfc813114b7671580cf9035acfdb5d07357efb0b7d9d8a7e96ed6ed204b4ce19e935fe4f4fc,NO INJURY / DRIVE AWAY,"OVER $1,500",2025-09-23T13:43:00.000,FUNCTIONING PROPERLY,PEDALCYCLIST,,0,0,3,0,0,0,0,41.867377773,DAYLIGHT,-87.6242830157,NO INDICATION OF INJURY,2,30,DISREGARDING TRAFFIC SIGNALS,NOT ON SCENE (DESK REPORT),NO DEFECTS,DRY,NOT APPLICABLE,,S,MICHIGAN AVE,1200,TRAFFIC SIGNAL,NOT DIVIDED,CLEAR,,,,,,,2,3,"{""coordinates"": [-87.624283015693, 41.867377772988], ""type"": ""Point""}","[""SIDE-LEFT-REAR""]","[""HONDA""]","[""TURNING RIGHT""]","[""ODYSSEY""]",[],"[""3"", ""32""]","[""NOT APPLICABLE""]","[""NONE"", ""UNKNOWN""]","[""NO INDICATION OF INJURY""]","[""O2156431"", ""O2156432"", ""P475934""]"
STRAIGHT AND LEVEL,1712,2025-09-23T12:30:00.000,3,12,9,366ed8a855d0a1559a975f117b6f348f927f5f80dafd6c0456d24ecf9f7c2f638d0dd7dac38625de515a91e5de185e67f31e9cdab23836ef014bff055267b033,NO INJURY / DRIVE AWAY,"OVER $1,500",2025-09-23T13:40:00.000,FUNCTIONING PROPERLY,ANGLE,Y,0,0,2,0,0,0,0,41.9699817428,DAYLIGHT,-87.7257130336,NO INDICATION OF INJURY,2,20,FAILING TO YIELD RIGHT-OF-WAY,NOT ON SCENE (DESK REPORT),NO DEFECTS,DRY,NOT APPLICABLE,,W,AINSLIE ST,3901,STOP SIGN/FLASHER,NOT DIVIDED,CLEAR,,,,,,,2,2,"{""coordinates"": [-87.72571303361, 41.969981742805], ""type"": ""Point""}","[""FRONT"", ""SIDE-RIGHT""]","[""HONDA"", ""UNKNOWN""]","[""STRAIGHT AHEAD""]","[""ODYSSEY"", ""OTHER (EXPLAIN IN NARRATIVE)""]",[],"[""34""]","[""DEPLOYMENT UNKNOWN"", ""NOT APPLICABLE""]","[""NONE""]","[""NO INDICATION OF INJURY""]","[""O2156425"", ""O2156426""]"
STRAIGHT AND LEVEL,1232,2025-09-23T12:30:00.000,3,12,9,891140d115a97100f6273ea3c059210347f6cae593efa6f3b936f2ff3fd7b6781ed2329af3eea324635c8e3d318dc5c4d7f7bafec123b81858eb891fce6bcf5e,NO INJURY / DRIVE AWAY,"OVER $1,500",2025-09-23T13:00:00.000,FUNCTIONING PROPERLY,SIDESWIPE SAME DIRECTION,,0,0,2,0,0,0,0,41.8753553844,DAYLIGHT,-87.6568243277,NO INDICATION OF INJURY,2,30,UNABLE TO DETERMINE,NOT ON SCENE (DESK REPORT),NO DEFECTS,DRY,UNABLE TO DETERMINE,,S,RACINE AVE,499,TRAFFIC SIGNAL,NOT DIVIDED,CLEAR,,Y,,,,,2,2,"{""coordinates"": [-87.656824327741, 41.875355384373], ""type"": ""Point""}","[""SIDE-LEFT"", ""SIDE-RIGHT""]","[""MERCEDES-BENZ"", ""TOYOTA""]","[""MERGING"", ""STRAIGHT AHEAD""]","[""4RUNNER"", ""OTHER (EXPLAIN IN NARRATIVE)""]",[],"[""46""]","[""DID NOT DEPLOY""]","[""NONE""]","[""NO INDICATION OF INJURY""]","[""O2156392"", ""O2156393""]"
STRAIGHT AND LEVEL,2033,2025-09-23T12:30:00.000,3,12,9,fc94673a8ac0f64f22a2dbd9a3c0cdee00a7b179e43dab4d2a892d518a0512e480495d30d9e077b828b4df73c8ad3cdac380ebec21ec0003d120e84c3ef0d44b,NO INJURY / DRIVE AWAY,"OVER $1,500",2025-09-23T13:27:00.000,OTHER,ANGLE,,0,0,2,0,0,0,0,41.9762124084,DAYLIGHT,-87.6599281051,NO INDICATION OF INJURY,2,30,UNABLE TO DETERMINE,NOT ON SCENE (DESK REPORT),UNKNOWN,UNKNOWN,NOT APPLICABLE,,W,FOSTER AVE,1201,OTHER,FOUR WAY,UNKNOWN,,Y,,,,,2,2,"{""coordinates"": [-87.659928105138, 41.976212408391], ""type"": ""Point""}","[""FRONT"", ""SIDE-RIGHT-REAR""]","[""HONDA"", ""TOYOTA""]","[""STRAIGHT AHEAD""]","[""CAMRY"", ""HR-V""]",[],"[""25"", ""29""]","[""DID NOT DEPLOY""]","[""NONE""]","[""NO INDICATION OF INJURY""]","[""O2156408"", ""O2156409""]"
STRAIGHT AND LEVEL,1231,2025-09-23T12:45:00.000,3,12,9,0d970e494cd7106604870a04b44caed23dd038e964bb135ca12aeef9d3583e6d41ac10d53c9fa44f0f14af6733637ec566946d7edf4af541ebc74913106aa19a,NO INJURY / DRIVE AWAY,"OVER $1,500",2025-09-23T13:20:00.000,NO CONTROLS,SIDESWIPE SAME DIRECTION,,0,0,4,0,0,0,0,41.8690662954,DAYLIGHT,-87.6723769942,NO INDICATION OF INJURY,2,25,UNABLE TO DETERMINE,NOT ON SCENE (DESK REPORT),NO DEFECTS,DRY,NOT APPLICABLE,,W,TAYLOR ST,1825,NO CONTROLS,NOT DIVIDED,CLEAR,,,,,,,2,4,"{""coordinates"": [-87.672376994198, 41.869066295437], ""type"": ""Point""}","[""FRONT-LEFT-CORNER"", ""FRONT-RIGHT-CORNER""]","[""CHEVROLET"", ""DODGE""]","[""ENTERING TRAFFIC LANE FROM PARKING"", ""STRAIGHT AHEAD""]","[""CHARGER"", ""TRAX""]",[],"[""1"", ""31"", ""51"", ""72""]","[""NOT APPLICABLE""]","[""NONE""]","[""NO INDICATION OF INJURY""]","[""O2156398"", ""O2156399"", ""P475923"", ""P475924""]"
"CURVE, LEVEL",1824,2025-09-23T12:50:00.000,3,12,9,bb6966b08b199ce9d3d5c34f55a7589e4738802fde76707be2e619a40a10bd40a7d693a9bedeccf04076ff1ad19795de161e047656c652930808320b77ce3c2a,NO INJURY / DRIVE AWAY,"OVER $1,500",2025-09-24T12:15:00.000,NO CONTROLS,REAR END,,0,0,2,0,0,0,0,41.900752974,DAYLIGHT,-87.6242349998,NO INDICATION OF INJURY,2,45,FOLLOWING TOO CLOSELY,NOT ON SCENE (DESK REPORT),UNKNOWN,WET,WEATHER,,N,LAKE SHORE DR,1000,NO CONTROLS,DIVIDED - W/MEDIAN BARRIER,RAIN,,,,,,,2,2,"{""coordinates"": [-87.62423499978, 41.900752974042], ""type"": ""Point""}","[""FRONT"", ""REAR""]","[""CHEVROLET"", ""TOYOTA""]","[""SKIDDING/CONTROL LOSS"", ""STRAIGHT AHEAD""]","[""EQUINOX"", ""TACOMA""]",[],"[""43"", ""68""]","[""DID NOT DEPLOY""]","[""NONE""]","[""NO INDICATION OF INJURY""]","[""O2157001"", ""O2157002""]"
STRAIGHT AND LEVEL,2515,2025-09-23T12:52:00.000,3,12,9,ae5aa8a2315ba7fd5e69587f7b19218f51a7e3c6dd56e78ceacf3eea560eec3d9f412f0fe13f9c502e441484f96de3daffdba1e9166f0a0ea906b9dbb28a5036,INJURY AND / OR TOW DUE TO CRASH,"OVER $1,500",2025-09-23T13:04:00.000,FUNCTIONING PROPERLY,PEDALCYCLIST,,0,0,1,1,0,1,0,41.9238522215,DAYLIGHT,-87.7755693877,NONINCAPACITATING INJURY,2,20,FAILING TO YIELD RIGHT-OF-WAY,ON SCENE,NO DEFECTS,DRY,FAILING TO YIELD RIGHT-OF-WAY,,N,AUSTIN AVE,2401,TRAFFIC SIGNAL,NOT DIVIDED,CLEAR,,Y,,,,,2,2,"{""coordinates"": [-87.775569387712, 41.923852221499], ""type"": ""Point""}","[""FRONT""]","[""HONDA""]","[""TURNING RIGHT""]","[""ACCORD""]",[],"[""18"", ""52""]","[""DID NOT DEPLOY""]","[""NONE""]","[""NO INDICATION OF INJURY"", ""NONINCAPACITATING INJURY""]","[""O2156439"", ""O2156440""]"
STRAIGHT AND LEVEL,2013,2025-09-23T13:00:00.000,3,13,9,05e3106316c89f8fd8938f578b8ae595fd5018c032c424fb4cc421d8e3cf9a8dce707f91180427d9ab21c1a632aa82d9ce08fe583cca055431dda987cc5407c7,INJURY AND / OR TOW DUE TO CRASH,"OVER $1,500",2025-09-23T13:01:00.000,FUNCTIONING PROPERLY,PEDESTRIAN,,0,0,1,1,0,1,0,41.9798437805,DAYLIGHT,-87.6611760861,NONINCAPACITATING INJURY,2,20,UNABLE TO DETERMINE,ON SCENE,UNKNOWN,DRY,UNABLE TO DETERMINE,,W,BALMORAL AVE,1227,STOP SIGN/FLASHER,ROUNDABOUT,CLEAR,,,,,,,2,2,"{""coordinates"": [-87.661176086137, 41.979843780493], ""type"": ""Point""}","[""NONE""]","[""LINCOLN""]","[""TURNING LEFT""]","[""AVIATOR""]",[],"[""28"", ""36""]","[""NOT APPLICABLE""]","[""NONE""]","[""NO INDICATION OF INJURY"", ""NONINCAPACITATING INJURY""]","[""O2156791"", ""O2156792""]"
STRAIGHT AND LEVEL,1225,2025-09-23T13:00:00.000,3,13,9,8be72f59b76560504ede0b188b276d670d355ce96290f51420a5d8de1bf157fdc64b17082ad0ec4e51ea2b86b3e4e42b134f91105a58cc1e7abce8197841d78b,INJURY AND / OR TOW DUE TO CRASH,"OVER $1,500",2025-09-23T13:57:00.000,FUNCTIONING PROPERLY,REAR END,,0,0,2,0,0,0,0,41.8708894961,DAYLIGHT,-87.6765126502,NO INDICATION OF INJURY,2,30,FOLLOWING TOO CLOSELY,ON SCENE,NO DEFECTS,DRY,NOT APPLICABLE,,S,DAMEN AVE,820,YIELD,DIVIDED - W/MEDIAN BARRIER,CLEAR,,,,,,,2,2,"{""coordinates"": [-87.676512650226, 41.870889496052], ""type"": ""Point""}","[""FRONT"", ""REAR""]","[""CHEVROLET"", ""HYUNDAI""]","[""SLOW/STOP IN TRAFFIC"", ""STRAIGHT AHEAD""]","[""ELANTRA"", ""SUBURBAN""]","[""Y""]","[""32"", ""42""]","[""DEPLOYMENT UNKNOWN""]","[""NONE"", ""UNKNOWN""]","[""NO INDICATION OF INJURY""]","[""O2156452"", ""O2156453""]"
STRAIGHT AND LEVEL,1733,2025-09-23T13:00:00.000,3,13,9,ebc58183e4976a13c91ebc007a88047df17302735e071a0291457ee1b7d803d10db51859940b3fb6713f381fdc8adec9606e5f949e277a11ceb27e603f8475b5,NO INJURY / DRIVE AWAY,"$501 - $1,500",2025-09-23T14:00:00.000,NO CONTROLS,REAR END,,0,0,3,0,0,0,0,41.9465285252,DAYLIGHT,-87.7099750799,NO INDICATION OF INJURY,2,15,DRIVING SKILLS/KNOWLEDGE/EXPERIENCE,NOT ON SCENE (DESK REPORT),NO DEFECTS,DRY,DRIVING SKILLS/KNOWLEDGE/EXPERIENCE,,N,SPAULDING AVE,3558,NO CONTROLS,DIVIDED - W/MEDIAN (NOT RAISED),CLEAR,,,,,,,2,3,"{""coordinates"": [-87.709975079944, 41.946528525249], ""type"": ""Point""}","[""FRONT-RIGHT-CORNER"", ""REAR-RIGHT-CORNER""]","[""CHRYSLER"", ""VOLKSWAGEN""]","[""BACKING"", ""ENTERING TRAFFIC LANE FROM PARKING""]","[""JETTA"", ""TOWN & COUNTRY""]",[],"[""27"", ""81""]","[""NOT APPLICABLE""]","[""NONE""]","[""NO INDICATION OF INJURY""]","[""O2156442"", ""O2156443"", ""P475928""]"
STRAIGHT AND LEVEL,833,2025-09-23T13:15:00.000,3,13,9,965452157d28ec6dceba7b5923c17829ea4891d391135daa21cf441cbf70c9b4b533b7a20e10fbd18ed50afc6b30555fde45232c27e0a2a8725f61d591a6b3ff,INJURY AND / OR TOW DUE TO CRASH,"OVER $1,500",2025-09-23T13:24:00.000,FUNCTIONING PROPERLY,FIXED OBJECT,,0,0,0,1,0,1,0,41.7746945416,DAYLIGHT,-87.7420133008,NONINCAPACITATING INJURY,1,30,UNABLE TO DETERMINE,ON SCENE,UNKNOWN,DRY,UNABLE TO DETERMINE,,S,CICERO AVE,6501,TRAFFIC SIGNAL,FOUR WAY,CLEAR,,Y,,,,,1,1,"{""coordinates"": [-87.742013300808, 41.774694541589], ""type"": ""Point""}","[""SIDE-RIGHT""]","[""FORD""]","[""STRAIGHT AHEAD""]","[""F150""]","[""Y""]","[""21""]","[""DID NOT DEPLOY""]","[""NONE""]","[""NONINCAPACITATING INJURY""]","[""O2156500""]"
STRAIGHT AND LEVEL,2432,2025-09-23T13:20:00.000,3,13,9,8cac0f7d13fe9d21b9be8a2db7bf21fa497df2e0896f0c0c999704341419cf1cf3da221ba58dc5c7dbd0651f379273121235a4798186aa135f9001c89ef07094,INJURY AND / OR TOW DUE TO CRASH,"OVER $1,500",2025-09-23T17:34:00.000,NO CONTROLS,PEDESTRIAN,Y,0,0,1,1,0,1,0,41.9999880148,DAYLIGHT,-87.6710944899,NONINCAPACITATING INJURY,2,15,UNABLE TO DETERMINE,ON SCENE,UNKNOWN,DRY,UNABLE TO DETERMINE,,N,CLARK ST,6501,NO CONTROLS,PARKING LOT,CLEAR,,,,,,Y,2,2,"{""coordinates"": [-87.671094489865, 41.999988014812], ""type"": ""Point""}","[""UNKNOWN""]","[""TOYOTA""]","[""UNKNOWN/NA""]","[""C-HR""]",[],"[""65""]","[""DEPLOYMENT UNKNOWN""]","[""UNKNOWN""]","[""NO INDICATION OF INJURY"", ""NONINCAPACITATING INJURY""]","[""O2156662"", ""O2156663""]"
STRAIGHT AND LEVEL,122,2025-09-23T13:25:00.000,3,13,9,4cef286de5286959dc19e3126d7c11bbbbf218a4a9951c9f16cd278fda8f67d38c20e49cb34c71a433c1c301e61aa04b6cea4262c7d505dd918d4297f11d3cc1,INJURY AND / OR TOW DUE TO CRASH,$500 OR LESS,2025-09-23T13:27:00.000,FUNCTIONING PROPERLY,PEDESTRIAN,,0,1,1,0,0,1,0,41.8856168978,DAYLIGHT,-87.6367192483,INCAPACITATING INJURY,2,30,UNABLE TO DETERMINE,ON SCENE,NO DEFECTS,DRY,NOT APPLICABLE,,W,LAKE ST,349,STOP SIGN/FLASHER,NOT DIVIDED,CLEAR,,Y,,,,,2,2,"{""coordinates"": [-87.636719248301, 41.885616897838], ""type"": ""Point""}","[""FRONT""]","[""LINCOLN""]","[""TURNING LEFT""]","[""NAVIGATOR""]",[],"[""36"", ""47""]","[""DID NOT DEPLOY""]","[""NONE""]","[""INCAPACITATING INJURY"", ""NO INDICATION OF INJURY""]","[""O2156444"", ""O2156445""]"
STRAIGHT AND LEVEL,1834,2025-09-23T13:38:00.000,3,13,9,de20b869c6347c7f15bb1f522d240dbda87ffcdae591cf5e74d3e8f58899b04c77879b30f4671555ca9c020e62aa0cbf7eba9d5b49661b16220c0d84273827e5,NO INJURY / DRIVE AWAY,"$501 - $1,500",2025-09-23T15:10:00.000,NO CONTROLS,PARKED MOTOR VEHICLE,,0,0,1,0,0,0,0,41.8930893505,DAYLIGHT,-87.6279721581,NO INDICATION OF INJURY,2,30,FOLLOWING TOO CLOSELY,ON SCENE,NO DEFECTS,DRY,NOT APPLICABLE,,N,STATE ST,617,NO CONTROLS,NOT DIVIDED,CLEAR,,,,,,,2,1,"{""coordinates"": [-87.627972158096, 41.893089350511], ""type"": ""Point""}","[""FRONT-LEFT-CORNER"", ""REAR-RIGHT-CORNER""]","[""NOVA BUS"", ""TOYOTA""]","[""PARKED"", ""PASSING/OVERTAKING""]","[""4RUNNER"", ""LFX""]",[],"[""62""]","[""NOT APPLICABLE""]","[""NONE""]","[""NO INDICATION OF INJURY""]","[""O2156506""]"
STRAIGHT AND LEVEL,1712,2025-09-23T13:45:00.000,3,13,9,c813d692b487bfb834e4ce1538f2857f0c1925c625c8ccc71a038bc7a4b4415ef884609af77a6c53b91374380f58fbe937cea018e14d09eb82794f7e13cdd067,NO INJURY / DRIVE AWAY,"OVER $1,500",2025-09-23T16:00:00.000,OTHER,ANGLE,,0,0,3,0,0,0,0,41.9752335879,UNKNOWN,-87.747783884,NO INDICATION OF INJURY,2,30,UNABLE TO DETERMINE,NOT ON SCENE (DESK REPORT),UNKNOWN,UNKNOWN,NOT APPLICABLE,,W,FOSTER AVE,4755,UNKNOWN,UNKNOWN,UNKNOWN,,,,,,,2,3,"{""coordinates"": [-87.747783883995, 41.975233587862], ""type"": ""Point""}","[""FRONT"", ""FRONT-RIGHT-CORNER""]","[""HONDA"", ""TOYOTA""]","[""ENTER FROM DRIVE/ALLEY"", ""STRAIGHT AHEAD""]","[""CAMRY"", ""PILOT""]",[],"[""25"", ""31""]","[""DEPLOYED, FRONT"", ""DID NOT DEPLOY""]","[""NONE""]","[""NO INDICATION OF INJURY""]","[""O2156527"", ""O2156528"", ""P475940""]"
STRAIGHT AND LEVEL,123,2025-09-23T13:46:00.000,3,13,9,dd6f9ecfea0cdd2e2e6f17cea1ea9614664bc4f39b381261a965b956307d4243d10c2316a4d332b93d10bf301969647271b456a7e323473a6a187b37ddce428e,NO INJURY / DRIVE AWAY,"OVER $1,500",2025-09-23T13:50:00.000,NO CONTROLS,PARKED MOTOR VEHICLE,,0,0,1,0,0,0,0,41.8726286771,DAYLIGHT,-87.6274031157,NO INDICATION OF INJURY,2,15,NOT APPLICABLE,ON SCENE,UNKNOWN,WET,NOT APPLICABLE,Y,S,STATE ST,719,NO CONTROLS,ALLEY,CLOUDY/OVERCAST,,,,,,,2,1,"{""coordinates"": [-87.6274031157, 41.872628677092], ""type"": ""Point""}","[""FRONT-LEFT-CORNER"", ""SIDE-RIGHT""]","[""FORD"", ""LEXUS""]","[""PARKED"", ""STRAIGHT AHEAD""]","[""F750"", ""RX450H""]",[],"[""38""]","[""NOT APPLICABLE""]","[""UNKNOWN""]","[""NO INDICATION OF INJURY""]","[""O2156454""]"
STRAIGHT AND LEVEL,433,2025-09-23T13:47:00.000,3,13,9,fd31612ef9140a645fd51bf5be88d6b42b20792ca3e58e452dc24fdfe6c45b14de064c21fc61ef5e8609af4892cb24a825b486945e5f5021e982a667a0e2045f,INJURY AND / OR TOW DUE TO CRASH,"OVER $1,500",2025-09-23T13:47:00.000,NO CONTROLS,HEAD ON,,0,0,1,1,0,1,0,41.6550570029,DAYLIGHT,-87.5542597821,NONINCAPACITATING INJURY,2,30,UNABLE TO DETERMINE,ON SCENE,NO DEFECTS,DRY,NOT APPLICABLE,,S,BRAINARD AVE,13209,NO CONTROLS,DIVIDED - W/MEDIAN (NOT RAISED),CLEAR,,,,,,,2,2,"{""coordinates"": [-87.554259782092, 41.655057002888], ""type"": ""Point""}","[""FRONT"", ""FRONT-LEFT-CORNER""]","[""FORD"", ""LEXUS""]","[""STRAIGHT AHEAD""]","[""ESCAPE"", ""RX400H""]","[""Y""]","[""30"", ""68""]","[""DEPLOYED, COMBINATION"", ""DEPLOYED, FRONT""]","[""NONE""]","[""NO INDICATION OF INJURY"", ""NONINCAPACITATING INJURY""]","[""O2156546"", ""O2156547""]"
STRAIGHT AND LEVEL,1921,2025-09-23T13:53:00.000,3,13,9,3230d652776732cb38ae44f992f1b8f5570c9305df5298a322eb90f13f8993e87d761f958da2d3fcd2d9a1ed502d773d4b0c7f81a2f53b67154eabd7a4e77a8f,NO INJURY / DRIVE AWAY,"OVER $1,500",2025-09-23T14:35:00.000,FUNCTIONING PROPERLY,SIDESWIPE SAME DIRECTION,,0,0,2,0,0,0,0,41.9468373907,DAYLIGHT,-87.6906968293,NO INDICATION OF INJURY,2,30,FAILING TO YIELD RIGHT-OF-WAY,NOT ON SCENE (DESK REPORT),NO DEFECTS,DRY,DRIVING SKILLS/KNOWLEDGE/EXPERIENCE,,W,ADDISON ST,2500,TRAFFIC SIGNAL,DIVIDED - W/MEDIAN (NOT RAISED),CLEAR,,Y,,,,,2,2,"{""coordinates"": [-87.690696829341, 41.946837390731], ""type"": ""Point""}","[""FRONT"", ""FRONT-LEFT-CORNER""]","[""HONDA"", ""NISSAN""]","[""CHANGING LANES"", ""STRAIGHT AHEAD""]","[""CR-V"", ""MURANO""]",[],"[""19"", ""21""]","[""NOT APPLICABLE""]","[""NONE""]","[""NO INDICATION OF INJURY""]","[""O2156464"", ""O2156465""]"
STRAIGHT AND LEVEL,914,2025-09-23T14:00:00.000,3,14,9,2f57749efb8de59c5786e44fc8aa2c56bb214f1d036c82d571c115635f9e63468b40e67798eb1cc82fbc081011eaf3ba44435c20cbb0d2efbf7018a8c5fc0827,NO INJURY / DRIVE AWAY,"OVER $1,500",2025-09-23T15:45:00.000,FUNCTIONING PROPERLY,SIDESWIPE SAME DIRECTION,,0,0,4,0,0,0,0,41.8454195229,DAYLIGHT,-87.6318836145,NO INDICATION OF INJURY,2,25,DRIVING SKILLS/KNOWLEDGE/EXPERIENCE,NOT ON SCENE (DESK REPORT),NO DEFECTS,DRY,UNABLE TO DETERMINE,,W,26TH ST,201,TRAFFIC SIGNAL,NOT DIVIDED,CLEAR,,,,,,,2,4,"{""coordinates"": [-87.631883614549, 41.845419522863], ""type"": ""Point""}","[""FRONT-LEFT-CORNER"", ""SIDE-RIGHT""]","[""KIA"", ""TOYOTA""]","[""STRAIGHT AHEAD""]","[""CAMRY"", ""SELTOS""]",[],"[""18"", ""20"", ""53"", ""62""]","[""NOT APPLICABLE""]","[""NONE""]","[""NO INDICATION OF INJURY""]","[""O2156514"", ""O2156515"", ""P475938"", ""P475939""]"