alignment,beat_of_occurrence,crash_date,crash_day_of_week,crash_hour,crash_month,crash_record_id,crash_type,damage,date_police_notified,device_condition,first_crash_type,hit_and_run_i,injuries_fatal,injuries_incapacitating,injuries_no_indication,injuries_non_incapacitating,injuries_reported_not_evident,injuries_total,injuries_unknown,latitude,lighting_condition,longitude,most_severe_injury,num_units,posted_speed_limit,prim_contributory_cause,report_type,road_defect,roadway_surface_cond,sec_contributory_cause,statements_taken_i,street_direction,street_name,street_no,traffic_control_device,trafficway_type,weather_condition,crash_date_est_i,intersection_related_i,photos_taken_i,work_zone_i,dooring_i,private_property_i,veh_count,ppl_count,location_json,veh_first_contact_point_list_json,veh_make_list_json,veh_maneuver_list_json,veh_model_list_json,veh_towed_i_list_json,ppl_age_list_json,ppl_airbag_deployed_list_json,ppl_ejection_list_json,ppl_injury_classification_list_json,ppl_person_id_list_json
STRAIGHT AND LEVEL,431,2025-09-23T16:45:00.000,3,16,9,fd95140fec9208f44dbc2c7815bd554b04a7b06e6b335ef30a8c4c059aeb971ad95292680a0a446acd6022ac5261abf9d86dda15d4a1c22b491e4cf83a66f5fc,NO INJURY / DRIVE AWAY,"$501 - $1,500",2025-09-23T17:15:00.000,FUNCTIONING PROPERLY,TURNING,Y,0,0,2,0,0,0,0,41.7222615186,DAYLIGHT,-87.5830719441,NO INDICATION OF INJURY,2,10,FAILING TO YIELD RIGHT-OF-WAY,NOT ON SCENE (DESK REPORT),NO DEFECTS,DRY,NOT APPLICABLE,,E,95TH ST,1651,STOP SIGN/FLASHER,PARKING LOT,CLEAR,,,,,,Y,2,2,"{""coordinates"": [-87.583071944146, 41.722261518618], ""type"": ""Point""}","[""FRONT-LEFT-CORNER"", ""SIDE-RIGHT""]","[""CHEVROLET"", ""FORD""]","[""PASSING/OVERTAKING"", ""TURNING LEFT""]","[""FUSION"", ""OTHER (EXPLAIN IN NARRATIVE)""]",[],"[""26""]","[""DEPLOYMENT UNKNOWN"", ""DID NOT DEPLOY""]","[""NONE""]","[""NO INDICATION OF INJURY""]","[""O2156610"", ""O2156611""]"
STRAIGHT AND LEVEL,2212,2025-09-23T16:55:00.000,3,16,9,e7809627d96974467202482c172699c432638cf169770bd27f5bed78a9473ee525a1f8aeaed9b37c0615242ba89c37ae22f39d2020ba698d9e3dc79f2778b40b,NO INJURY / DRIVE AWAY,"OVER $1,500",2025-09-23T17:01:00.000,NO CONTROLS,PARKED MOTOR VEHICLE,,0,0,1,0,0,0,0,41.6843079596,DAYLIGHT,-87.6807747217,NO INDICATION OF INJURY,2,30,UNABLE TO DETERMINE,ON SCENE,NO DEFECTS,DRY,UNABLE TO DETERMINE,,S,WESTERN AVE,11505,NO CONTROLS,PARKING LOT,CLEAR,,,,,,N,2,1,"{""coordinates"": [-87.680774721691, 41.68430795958], ""type"": ""Point""}","[""FRONT-LEFT-CORNER"", ""SIDE-RIGHT""]","[""GENERAL MOTORS CORPORATION (GMC)"", ""TESLA""]","[""BACKING"", ""PARKED""]","[""MODEL Y"", ""YUKON""]",[],"[""40""]","[""DID NOT DEPLOY""]","[""NONE""]","[""NO INDICATION OF INJURY""]","[""O2156624""]"
STRAIGHT AND LEVEL,1232,2025-09-23T17:00:00.000,3,17,9,151aec536cc80254d6cdea838548dcca0528cb6fa4cd0311a3f3a696c6c0389585abfa36e1d5ee46f98f7391af8449c67f4e5ca9eed2adfa6b36ef53d0c988d1,NO INJURY / DRIVE AWAY,"OVER $1,500",2025-09-23T19:15:00.000,FUNCTIONING PROPERLY,SIDESWIPE SAME DIRECTION,Y,0,0,2,0,0,0,0,41.8674620829,DAYLIGHT,-87.6467725632,NO INDICATION OF INJURY,2,30,UNABLE TO DETERMINE,NOT ON SCENE (DESK REPORT),NO DEFECTS,DRY,NOT APPLICABLE,,S,HALSTED ST,1149,TRAFFIC SIGNAL,NOT DIVIDED,CLEAR,,,,,,,2,2,"{""coordinates"": [-87.646772563225, 41.867462082851], ""type"": ""Point""}","[""FRONT-LEFT-CORNER"", ""SIDE-RIGHT""]","[""KIA"", ""UNKNOWN""]","[""CHANGING LANES"", ""STRAIGHT AHEAD""]","[""OTHER (EXPLAIN IN NARRATIVE)"", ""SORENTO""]",[],"[""68""]","[""DEPLOYMENT UNKNOWN"", ""NOT APPLICABLE""]","[""NONE"", ""UNKNOWN""]","[""NO INDICATION OF INJURY""]","[""O2156689"", ""O2156690""]"
STRAIGHT AND LEVEL,1021,2025-09-23T17:00:00.000,3,17,9,28c0b23c0167af8e509d37e0c149d046d7320722645794f357647848e5edd33bbed5a84c24ffb5d9cbc9fb6cab5a8415a70d5e2f9aed617e474f43f4e7f1b273,INJURY AND / OR TOW DUE TO CRASH,"OVER $1,500",2025-09-23T17:55:00.000,NO CONTROLS,REAR END,,0,0,2,0,0,0,0,41.8596276994,DAYLIGHT,-87.7104993729,NO INDICATION OF INJURY,2,30,FOLLOWING TOO CLOSELY,NOT ON SCENE (DESK REPORT),NO DEFECTS,DRY,NOT APPLICABLE,,S,HOMAN AVE,1540,NO CONTROLS,NOT DIVIDED,CLEAR,,,,,,,2,2,"{""coordinates"": [-87.710499372937, 41.859627699384], ""type"": ""Point""}","[""FRONT"", ""REAR""]","[""FORD"", ""JEEP""]","[""STRAIGHT AHEAD""]","[""ESCAPE"", ""GRAND CHEROKEE""]","[""Y""]","[""54""]","[""NOT APPLICABLE""]","[""NONE""]","[""NO INDICATION OF INJURY""]","[""O2156625"", ""O2156626""]"
STRAIGHT AND LEVEL,531,2025-09-23T17:00:00.000,3,17,9,c92c5780c45336d5ac1fbf361ea6462c3a837678b1fbee4e26193650be40b58a290ab40e187ca2e216258179a42b7bb582aa7303f8a72459697e29aa54dbe77c,NO INJURY / DRIVE AWAY,"OVER $1,500",2025-09-23T17:28:00.000,NO CONTROLS,PARKED MOTOR VEHICLE,Y,0,0,1,0,0,0,0,41.6927233639,DAYLIGHT,-87.6045058667,NO INDICATION OF INJURY,2,10,UNABLE TO DETERMINE,NOT ON SCENE (DESK REPORT),NO DEFECTS,DRY,UNABLE TO DETERMINE,,E,111TH ST,727,NO CONTROLS,PARKING LOT,CLEAR,,,,,,,2,1,"{""coordinates"": [-87.60450586672, 41.692723363896], ""type"": ""Point""}","[""FRONT-LEFT-CORNER"", ""UNKNOWN""]","[""TOYOTA"", ""UNKNOWN""]","[""PARKED"", ""UNKNOWN/NA""]","[""CAMRY"", ""OTHER (EXPLAIN IN NARRATIVE)""]",[],[],"[""DEPLOYMENT UNKNOWN""]","[""UNKNOWN""]","[""NO INDICATION OF INJURY""]","[""O2156612""]"
STRAIGHT AND LEVEL,1624,2025-09-23T17:11:00.000,3,17,9,7492c7aedbc5ffd81afee517419e6bc3f0fcba73ab72673f2fd60aa52931b19de0d4472485eae515e65ff083ca3aa95994f6719bf8bbcef75db1d4f6538da837,INJURY AND / OR TOW DUE TO CRASH,"OVER $1,500",2025-09-23T17:24:00.000,NO CONTROLS,REAR END,,0,0,2,0,0,0,0,41.9605972551,DAYLIGHT,-87.748537119,NO INDICATION OF INJURY,2,25,FOLLOWING TOO CLOSELY,ON SCENE,UNKNOWN,DRY,NOT APPLICABLE,N,W,MONTROSE AVE,4825,NO CONTROLS,NOT DIVIDED,CLEAR,,,,,,,2,2,"{""coordinates"": [-87.748537118994, 41.9605972551], ""type"": ""Point""}","[""FRONT"", ""REAR""]","[""HONDA"", ""TOYOTA""]","[""STRAIGHT AHEAD""]","[""ACCORD"", ""CAMRY""]","[""Y""]","[""26"", ""57""]","[""NOT APPLICABLE""]","[""NONE""]","[""NO INDICATION OF INJURY""]","[""O2156649"", ""O2156650""]"
STRAIGHT AND LEVEL,2512,2025-09-23T17:13:00.000,3,17,9,a69c2d94df08d9bd21fea173d8b0737fcf187c3f597de3e1a3c3d8636e0de4d4fc315a3c8714b604959dd269125f3297255fd555db3d84560bff3f500de640d7,NO INJURY / DRIVE AWAY,"OVER $1,500",2025-09-23T19:00:00.000,UNKNOWN,REAR END,Y,0,0,2,0,0,0,0,41.9309076045,"DARKNESS, LIGHTED ROAD",-87.7858334631,NO INDICATION OF INJURY,2,30,UNABLE TO DETERMINE,NOT ON SCENE (DESK REPORT),UNKNOWN,UNKNOWN,UNABLE TO DETERMINE,,N,NARRAGANSETT AVE,2798,UNKNOWN,NOT DIVIDED,CLEAR,,,,,,,2,2,"{""coordinates"": [-87.785833463057, 41.930907604483], ""type"": ""Point""}","[""FRONT"", ""REAR""]","[""CHRYSLER"", ""PORSCHE""]","[""STRAIGHT AHEAD""]","[""300M"", ""CAYENNE""]",[],"[""56""]","[""DEPLOYMENT UNKNOWN"", ""NOT APPLICABLE""]","[""NONE""]","[""NO INDICATION OF INJURY""]","[""O2156678"", ""O2156679""]"
STRAIGHT ON GRADE,2211,2025-09-23T17:20:00.000,3,17,9,7fc21bc7d5f9f49815763b76e7883a17c2f81ec7146724110f65d82b9d979b32f2aab7b0a2d2ccde3432c3cac76906c89a78fbd0f2229e87ad8633187fb64614,INJURY AND / OR TOW DUE TO CRASH,"OVER $1,500",2025-09-23T17:22:00.000,NO CONTROLS,PARKED MOTOR VEHICLE,,0,0,1,0,0,0,0,41.6844654086,DAYLIGHT,-87.7101562501,NO INDICATION OF INJURY,2,25,UNABLE TO DETERMINE,ON SCENE,NO DEFECTS,DRY,TEXTING,,S,CENTRAL PARK AVE,11449,NO CONTROLS,NOT DIVIDED,CLOUDY/OVERCAST,,,,,,,2,1,"{""coordinates"": [-87.710156250092, 41.684465408597], ""type"": ""Point""}","[""FRONT-RIGHT-CORNER"", ""REAR-LEFT-CORNER""]","[""CHEVROLET"", ""JEEP""]","[""PARKED"", ""STRAIGHT AHEAD""]","[""COMPASS"", ""TRAIL BLAZER""]","[""Y""]","[""34""]","[""NOT APPLICABLE""]","[""NONE""]","[""NO INDICATION OF INJURY""]","[""O2156629""]"
STRAIGHT AND LEVEL,725,2025-09-23T17:22:00.000,3,17,9,250f17610bf913d27a5f0847ceeac67c95bd2bd23c5be22c4212d25e8af8e1a8b102fb58c13c55322a1a274e56da92db45c546033b73fab333f98b4e837c3686,NO INJURY / DRIVE AWAY,"OVER $1,500",2025-09-23T17:22:00.000,UNKNOWN,REAR END,,0,0,2,0,0,0,0,41.7739190108,DAYLIGHT,-87.6642139276,NO INDICATION OF INJURY,2,30,UNABLE TO DETERMINE,ON SCENE,NO DEFECTS,DRY,NOT APPLICABLE,,S,ASHLAND AVE,6600,NO CONTROLS,NOT DIVIDED,CLEAR,,,,,,,2,2,"{""coordinates"": [-87.664213927644, 41.77391901084], ""type"": ""Point""}","[""FRONT"", ""REAR""]","[""CHEVROLET"", ""FORD""]","[""STRAIGHT AHEAD""]","[""F150"", ""TAHOE""]",[],"[""39"", ""50""]","[""NOT APPLICABLE""]","[""NONE""]","[""NO INDICATION OF INJURY""]","[""O2156640"", ""O2156641""]"
STRAIGHT AND LEVEL,434,2025-09-23T17:22:00.000,3,17,9,a6b92a49d062d4450549c893541199d865cc0f4850cb678f7acda6593d666d6bc70e078ae83db8fa0261bc278e536244ab3f25a3a1a6a71c3e4d7fd638f94f25,NO INJURY / DRIVE AWAY,"OVER $1,500",2025-09-23T17:24:00.000,FUNCTIONING PROPERLY,REAR END,,0,0,4,0,0,0,0,41.648107118,DAYLIGHT,-87.5594373481,NO INDICATION OF INJURY,3,30,FOLLOWING TOO CLOSELY,ON SCENE,UNKNOWN,DRY,FAILING TO REDUCE SPEED TO AVOID CRASH,,S,TORRENCE AVE,13600,TRAFFIC SIGNAL,NOT DIVIDED,CLEAR,,,,,,,3,4,"{""coordinates"": [-87.559437348149, 41.648107117972], ""type"": ""Point""}","[""FRONT-LEFT-CORNER"", ""FRONT-RIGHT-CORNER"", ""REAR""]","[""ACURA"", ""CHEVROLET"", ""DODGE""]","[""UNKNOWN/NA""]","[""IMPALA"", ""JOURNEY"", ""ZDX""]",[],"[""16"", ""34"", ""41""]","[""DID NOT DEPLOY"", ""NOT APPLICABLE""]","[""NONE"", ""UNKNOWN""]","[""NO INDICATION OF INJURY""]","[""O2156686"", ""O2156688"", ""O2156708"", ""P475959""]"
STRAIGHT AND LEVEL,1011,2025-09-23T17:24:00.000,3,17,9,2cdcb36c1031a1912865a1320eecbed55f5328b257bca61c6ab33e19ff25ac41371ea2684a780ab2b490262c53ee5fcc60fe88b4aac8487a41d59eadf6b09f66,INJURY AND / OR TOW DUE TO CRASH,"OVER $1,500",2025-09-23T17:24:00.000,NO CONTROLS,TURNING,,0,0,3,0,0,0,0,41.8658551473,DAYLIGHT,-87.7395697991,NO INDICATION OF INJURY,3,30,FAILING TO REDUCE SPEED TO AVOID CRASH,ON SCENE,NO DEFECTS,DRY,NOT APPLICABLE,,W,ROOSEVELT RD,4553,NO CONTROLS,DIVIDED - W/MEDIAN (NOT RAISED),CLEAR,,Y,,,,,3,3,"{""coordinates"": [-87.739569799087, 41.865855147302], ""type"": ""Point""}","[""FRONT-LEFT-CORNER"", ""FRONT-RIGHT-CORNER"", ""REAR-RIGHT-CORNER""]","[""KENWORTH MOTOR TRUCK COMPANY"", ""KIA"", ""VOLKSWAGEN""]","[""AVOIDING VEHICLES/OBJECTS"", ""STRAIGHT AHEAD"", ""TURNING LEFT""]","[""JETTA"", ""KENWORTH MOTOR TRUCK CO."", ""OTHER (EXPLAIN IN NARRATIVE)""]","[""Y""]","[""19"", ""22"", ""42""]","[""DEPLOYED, COMBINATION"", ""DID NOT DEPLOY""]","[""NONE""]","[""NO INDICATION OF INJURY""]","[""O2156715"", ""O2156716"", ""O2156717""]"
STRAIGHT AND LEVEL,1723,2025-09-23T17:25:00.000,3,17,9,e03837858d0c7724cf81f301c8cac7b769f899e5b37405a1e965a3e0a92d17f7d7f1762c10a36fd8b5d9c3013d1251172a61daf832f0f23aa4ea9226fa6eb112,NO INJURY / DRIVE AWAY,"OVER $1,500",2025-09-24T18:14:00.000,FUNCTIONING PROPERLY,REAR TO FRONT,,0,0,3,0,0,0,0,41.9541060493,DAYLIGHT,-87.7176755555,NO INDICATION OF INJURY,2,30,IMPROPER BACKING,NOT ON SCENE (DESK REPORT),NO DEFECTS,DRY,NOT APPLICABLE,,N,CENTRAL PARK AVE,4009,TRAFFIC SIGNAL,DIVIDED - W/MEDIAN (NOT RAISED),CLEAR,,,,,,,2,3,"{""coordinates"": [-87.717675555454, 41.954106049314], ""type"": ""Point""}","[""FRONT-RIGHT-CORNER"", ""REAR-LEFT-CORNER""]","[""CHEVROLET"", ""MAZDA""]","[""BACKING"", ""SLOW/STOP IN TRAFFIC""]","[""CX-5"", ""EQUINOX""]",[],"[""38"", ""67""]","[""DID NOT DEPLOY""]","[""NONE""]","[""NO INDICATION OF INJURY""]","[""O2157258"", ""O2157259"", ""P476075""]"
STRAIGHT AND LEVEL,2013,2025-09-23T17:28:00.000,3,17,9,fa929d5ab6795257a87ec78636b1e88c112c8ec17f66f15f995b159f04fb88b9dd1372b1f1d1c9f467a05beb9e8a26d6ee256ef78dc94c0efb387c2a8d918cc9,NO INJURY / DRIVE AWAY,"$501 - $1,500",2025-09-23T17:29:00.000,NO CONTROLS,PARKED MOTOR VEHICLE,,0,0,2,0,0,0,0,41.9787998335,DAYLIGHT,-87.6600834936,NO INDICATION OF INJURY,2,10,UNABLE TO DETERMINE,ON SCENE,NO DEFECTS,DRY,NOT APPLICABLE,,N,BROADWAY,5320,NO CONTROLS,PARKING LOT,CLEAR,,,,,,,2,2,"{""coordinates"": [-87.660083493635, 41.978799833537], ""type"": ""Point""}","[""REAR-LEFT-CORNER"", ""REAR-RIGHT-CORNER""]","[""FORD"", ""TOYOTA""]","[""BACKING"", ""PARKED""]","[""E-TRANSIT"", ""PRIUS""]",[],"[""27"", ""62""]","[""DID NOT DEPLOY""]","[""NONE""]","[""NO INDICATION OF INJURY""]","[""O2156642"", ""P475956""]"
STRAIGHT AND LEVEL,611,2025-09-23T17:31:00.000,3,17,9,1942f23f2511beb5aa935ed0f65d2b14da7740492dc2e92f871527ea4139903bdefa1c9d992bd9484c4ea405e28ea8845102f8f262987f39846b76f0c9c09520,NO INJURY / DRIVE AWAY,"OVER $1,500",2025-09-23T18:00:00.000,NO CONTROLS,REAR END,Y,0,0,3,0,0,0,0,41.7521403439,DAYLIGHT,-87.6733309283,NO INDICATION OF INJURY,3,30,FOLLOWING TOO CLOSELY,ON SCENE,NO DEFECTS,DRY,NOT APPLICABLE,,S,DAMEN AVE,7758,NO CONTROLS,DIVIDED - W/MEDIAN (NOT RAISED),CLEAR,,,,,,,3,3,"{""coordinates"": [-87.673330928287, 41.752140343911], ""type"": ""Point""}","[""FRONT"", ""REAR-RIGHT-CORNER""]","[""ACURA"", ""LEXUS"", ""UNKNOWN""]","[""SLOW/STOP IN TRAFFIC"", ""STRAIGHT AHEAD""]","[""ADX"", ""OTHER (EXPLAIN IN NARRATIVE)""]",[],"[""55""]","[""DEPLOYMENT UNKNOWN"", ""NOT APPLICABLE""]","[""NONE""]","[""NO INDICATION OF INJURY""]","[""O2156659"", ""O2156660"", ""O2156661""]"
STRAIGHT AND LEVEL,2234,2025-09-23T17:43:00.000,3,17,9,c735c7eaaec6ecbb7191d17ff469f5849905ebfd1e1342ab94b14bf38b75bdb2267cff96f52174b85de7bcad4b0b5a05a527dfb8e07f8f31863b393e402a998a,NO INJURY / DRIVE AWAY,"OVER $1,500",2025-09-23T18:45:00.000,NO CONTROLS,SIDESWIPE OPPOSITE DIRECTION,,0,0,2,0,0,0,0,41.6775145941,DAYLIGHT,-87.668694755,NO INDICATION OF INJURY,2,30,UNABLE TO DETERMINE,NOT ON SCENE (DESK REPORT),UNKNOWN,DRY,NOT APPLICABLE,,W,119TH ST,1900,NO CONTROLS,NOT DIVIDED,CLEAR,,,,,,,2,2,"{""coordinates"": [-87.668694755002, 41.677514594134], ""type"": ""Point""}","[""REAR-LEFT-CORNER"", ""SIDE-LEFT""]","[""HYUNDAI"", ""MAZDA""]","[""STRAIGHT AHEAD""]","[""CX-5"", ""EQUUS""]",[],[],"[""DID NOT DEPLOY""]","[""NONE""]","[""NO INDICATION OF INJURY""]","[""O2156657"", ""O2156658""]"
STRAIGHT AND LEVEL,234,2025-09-23T17:45:00.000,3,17,9,cf5e3050409665b3ea8772c9cbe693a97a4ce945192acb92b724e482e25ce15eb537657dd654b8c368ec15105d28a97db7d2929063a4a3666e1155882b8b1a3c,NO INJURY / DRIVE AWAY,"OVER $1,500",2025-09-23T18:30:00.000,NO CONTROLS,REAR TO FRONT,,0,0,2,0,0,0,0,41.7971518018,DAYLIGHT,-87.5874175701,NO INDICATION OF INJURY,2,10,IMPROPER BACKING,NOT ON SCENE (DESK REPORT),NO DEFECTS,DRY,NOT APPLICABLE,,S,LAKE PARK AVE,5430,NO CONTROLS,PARKING LOT,CLEAR,,,,,,,2,2,"{""coordinates"": [-87.587417570123, 41.797151801783], ""type"": ""Point""}","[""FRONT"", ""REAR""]","[""BMW"", ""FORD""]","[""BACKING"", ""SLOW/STOP IN TRAFFIC""]","[""328I"", ""ESCAPE""]",[],"[""22"", ""58""]","[""DID NOT DEPLOY""]","[""NONE""]","[""NO INDICATION OF INJURY""]","[""O2156684"", ""O2156685""]"
STRAIGHT AND LEVEL,1712,2025-09-23T17:50:00.000,3,17,9,26b4d913a2c23ba0a2a9afc389d727cc0dd190236017d0ae346d4720bd80c41349fa1e1a3cce3c63ccf9c6c57491bcd9371e63b53831dc8f0c65df813356b97c,NO INJURY / DRIVE AWAY,"OVER $1,500",2025-09-23T18:11:00.000,NO CONTROLS,SIDESWIPE SAME DIRECTION,,0,0,2,0,0,0,0,41.9685064157,DAYLIGHT,-87.7139343668,NO INDICATION OF INJURY,2,30,FAILING TO YIELD RIGHT-OF-WAY,NOT ON SCENE (DESK REPORT),NO DEFECTS,DRY,UNABLE TO DETERMINE,,W,LAWRENCE AVE,3412,NO CONTROLS,DIVIDED - W/MEDIAN (NOT RAISED),CLEAR,,,,,,,2,2,"{""coordinates"": [-87.713934366838, 41.968506415729], ""type"": ""Point""}","[""FRONT-LEFT-CORNER"", ""SIDE-RIGHT-REAR""]","[""HONDA"", ""TOYOTA""]","[""MERGING"", ""STRAIGHT AHEAD""]","[""ACCORD"", ""SIENNA""]",[],"[""39"", ""42""]","[""DID NOT DEPLOY""]","[""NONE""]","[""NO INDICATION OF INJURY""]","[""O2156639"", ""O2156648""]"
STRAIGHT AND LEVEL,812,2025-09-23T17:50:00.000,3,17,9,d96485a20bb03f37bb42b41b09713f15764f9a5fb14ea6fda7d84507695b893dd9a22f6a02adf456d7b95d813d97541583864ff08796c6a21e9dafa7e7577d05,NO INJURY / DRIVE AWAY,"$501 - $1,500",2025-09-23T18:00:00.000,NO CONTROLS,REAR END,,0,0,2,0,0,0,0,41.7775792949,DAYLIGHT,-87.7933053186,NO INDICATION OF INJURY,2,30,FOLLOWING TOO CLOSELY,ON SCENE,NO DEFECTS,DRY,FOLLOWING TOO CLOSELY,,W,63RD ST,6858,NO CONTROLS,DIVIDED - W/MEDIAN (NOT RAISED),CLEAR,,,,,,,2,2,"{""coordinates"": [-87.793305318591, 41.777579294907], ""type"": ""Point""}","[""NONE"", ""REAR""]","[""KIA"", ""NOVA BUS""]","[""SLOW/STOP IN TRAFFIC""]","[""OPTIMA / K5"", ""OTHER (EXPLAIN IN NARRATIVE)""]",[],"[""20"", ""37""]","[""DID NOT DEPLOY""]","[""NONE""]","[""NO INDICATION OF INJURY""]","[""O2156668"", ""O2156669""]"
STRAIGHT AND LEVEL,1533,2025-09-23T17:52:00.000,3,17,9,ca32329b0995f62d88aec295ee95892fbfcf8481fda904a0f1d7f6151eaa17e26fd54912a2914c4d4f7332c446622794d451a7fd56aee56623ac60d351b53b14,INJURY AND / OR TOW DUE TO CRASH,"$501 - $1,500",2025-09-23T17:59:00.000,FUNCTIONING PROPERLY,FIXED OBJECT,,0,0,1,0,0,0,0,41.8660052639,DAYLIGHT,-87.7448908042,NO INDICATION OF INJURY,1,30,UNABLE TO DETERMINE,ON SCENE,NO DEFECTS,DRY,NOT APPLICABLE,,W,ROOSEVELT RD,4802,STOP SIGN/FLASHER,ONE-WAY,CLEAR,,,,,,Y,1,1,"{""coordinates"": [-87.744890804215, 41.866005263925], ""type"": ""Point""}","[""FRONT""]","[""KIA""]","[""STRAIGHT AHEAD""]","[""OPTIMA / K5""]","[""Y""]","[""54""]","[""NOT APPLICABLE""]","[""NONE""]","[""NO INDICATION OF INJURY""]","[""O2156734""]"
STRAIGHT AND LEVEL,2513,2025-09-23T17:54:00.000,3,17,9,ab64cd7e3247bb882bd904902bb3da4175367b3dd1c3e8f855fd2fc44516fc613e886f4a716a95e99f24730c4da710287d39f1692196f1e69750165da99eff21,NO INJURY / DRIVE AWAY,"OVER $1,500",2025-09-23T18:30:00.000,FUNCTIONING PROPERLY,TURNING,,0,0,2,0,0,0,0,41.9092852407,DAYLIGHT,-87.78025811,NO INDICATION OF INJURY,2,25,UNABLE TO DETERMINE,,NO DEFECTS,DRY,UNABLE TO DETERMINE,,N,MELVINA AVE,1600,STOP SIGN/FLASHER,ONE-WAY,CLEAR,,Y,,,,,2,2,"{""coordinates"": [-87.780258110026, 41.909285240747], ""type"": ""Point""}","[""FRONT-LEFT-CORNER"", ""FRONT-RIGHT-CORNER""]","[""JEEP"", ""TOYOTA""]","[""PASSING/OVERTAKING"", ""TURNING RIGHT""]","[""CAMRY"", ""CHEROKEE""]",[],"[""23"", ""49""]","[""NOT APPLICABLE""]","[""NONE""]","[""NO INDICATION OF INJURY""]","[""O2157043"", ""O2157044""]"
STRAIGHT ON HILLCREST,2424,2025-09-23T18:00:00.000,3,18,9,d7c70bec86c2cae7bbba92050f09f8904dcadce7d406db8bf7f8ee4a54f5dfe8d41b3e568f06329b882331628c0e6caade8dc48d23ee4e30d854b74b4438237a,NO INJURY / DRIVE AWAY,$500 OR LESS,2025-09-23T18:23:00.000,NO CONTROLS,PARKED MOTOR VEHICLE,N,0,0,1,0,0,0,0,42.0111713253,DUSK,-87.6817375795,NO INDICATION OF INJURY,2,15,UNABLE TO DETERMINE,ON SCENE,UNKNOWN,DRY,UNABLE TO DETERMINE,,W,ESTES AVE,2037,NO CONTROLS,ONE-WAY,CLOUDY/OVERCAST,,,,,,,2,1,"{""coordinates"": [-87.681737579494, 42.011171325332], ""type"": ""Point""}","[""FRONT"", ""REAR""]","[""NISSAN"", ""TOYOTA""]","[""OTHER"", ""PARKED""]","[""4RUNNER"", ""OTHER (EXPLAIN IN NARRATIVE)""]",[],[],"[""DEPLOYMENT UNKNOWN""]","[""NONE""]","[""NO INDICATION OF INJURY""]","[""O2156670""]"
STRAIGHT AND LEVEL,814,2025-09-23T18:05:00.000,3,18,9,ca949c9ff977c76988a15f209aa958eaf9d62151683e5d7d12684b294ca6cac2621edab0c54536a26eb34518007c1e7ab4bb06b152aedf65abd12e7155ffde20,INJURY AND / OR TOW DUE TO CRASH,$500 OR LESS,2025-09-23T18:09:00.000,NO CONTROLS,PEDESTRIAN,,0,0,0,2,0,2,0,41.7930028559,DAYLIGHT,-87.7521195809,NONINCAPACITATING INJURY,2,15,"VISION OBSCURED (SIGNS, TREE LIMBS, BUILDINGS, ETC.)",ON SCENE,UNKNOWN,DRY,"VISION OBSCURED (SIGNS, TREE LIMBS, BUILDINGS, ETC.)",,W,55TH ST,5150,NO CONTROLS,OTHER,CLEAR,,,,,,N,2,2,"{""coordinates"": [-87.752119580929, 41.793002855945], ""type"": ""Point""}","[""REAR-RIGHT-CORNER""]","[""CHRYSLER""]","[""BACKING""]","[""PACIFICA""]",[],"[""53"", ""70""]","[""DID NOT DEPLOY""]","[""NONE""]","[""NONINCAPACITATING INJURY""]","[""O2156696"", ""O2156697""]"
STRAIGHT AND LEVEL,314,2025-09-23T18:13:00.000,3,18,9,e9d31b1975d03cdb119d013bd8f036f6fef559ef0812c5f2b8a1cc5e6a0d26b960a2841e8d9b7abcaf7e5026bdfeab0774c237395991ceea6c375aebd6d1d131,INJURY AND / OR TOW DUE TO CRASH,"OVER $1,500",2025-09-23T18:13:00.000,FUNCTIONING PROPERLY,FIXED OBJECT,,0,0,1,1,0,1,0,41.7786346401,DAYLIGHT,-87.5947551564,NONINCAPACITATING INJURY,1,20,DISTRACTION - FROM OUTSIDE VEHICLE,ON SCENE,NO DEFECTS,DRY,NOT APPLICABLE,,S,KIMBARK AVE,6400,STOP SIGN/FLASHER,FOUR WAY,CLEAR,,,,,,,1,2,"{""coordinates"": [-87.594755156434, 41.778634640081], ""type"": ""Point""}","[""FRONT""]","[""CHEVROLET""]","[""TURNING RIGHT""]","[""TRAX""]",[],"[""16"", ""17""]","[""DEPLOYED, FRONT""]","[""NONE""]","[""NO INDICATION OF INJURY"", ""NONINCAPACITATING INJURY""]","[""O2156724"", ""P475968""]"