alignment,beat_of_occurrence,crash_date,crash_day_of_week,crash_hour,crash_month,crash_record_id,crash_type,damage,date_police_notified,device_condition,first_crash_type,hit_and_run_i,injuries_fatal,injuries_incapacitating,injuries_no_indication,injuries_non_incapacitating,injuries_reported_not_evident,injuries_total,injuries_unknown,latitude,lighting_condition,longitude,most_severe_injury,num_units,posted_speed_limit,prim_contributory_cause,report_type,road_defect,roadway_surface_cond,sec_contributory_cause,statements_taken_i,street_direction,street_name,street_no,traffic_control_device,trafficway_type,weather_condition,crash_date_est_i,intersection_related_i,photos_taken_i,work_zone_i,dooring_i,private_property_i,veh_count,ppl_count,location_json,veh_first_contact_point_list_json,veh_make_list_json,veh_maneuver_list_json,veh_model_list_json,veh_towed_i_list_json,ppl_age_list_json,ppl_airbag_deployed_list_json,ppl_ejection_list_json,ppl_injury_classification_list_json,ppl_person_id_list_json
STRAIGHT AND LEVEL,613,2025-09-23T18:15:00.000,3,18,9,a2adfad6bd1aac9f0a7a633e40ba9b19afa16ce57bd9ff23b0d331b5a001335331733616aef664319950d78b7fb6f39660d1621e8376355af34a27a8d7fcfeec,NO INJURY / DRIVE AWAY,"OVER $1,500",2025-09-24T16:00:00.000,FUNCTIONING PROPERLY,REAR TO FRONT,,0,0,2,0,0,0,0,41.7361825711,DAYLIGHT,-87.6436598151,NO INDICATION OF INJURY,2,30,IMPROPER OVERTAKING/PASSING,NOT ON SCENE (DESK REPORT),NO DEFECTS,DRY,NOT APPLICABLE,,W,87TH ST,800,TRAFFIC SIGNAL,FOUR WAY,CLEAR,,,,,,,2,2,"{""coordinates"": [-87.643659815136, 41.736182571052], ""type"": ""Point""}","[""FRONT"", ""REAR""]","[""SUBARU"", ""VOLKSWAGEN""]","[""BACKING"", ""STRAIGHT AHEAD""]","[""FORESTER"", ""TIGUAN""]",[],"[""33"", ""48""]","[""DID NOT DEPLOY"", ""NOT APPLICABLE""]","[""NONE""]","[""NO INDICATION OF INJURY""]","[""O2157250"", ""O2157251""]"
STRAIGHT AND LEVEL,2535,2025-09-23T18:24:00.000,3,18,9,0bf6d3a91ab184f78dd70f38f9a3128d69347cc2843953402466d186416ed70cf0e38b095ddeffa1dc3b6d32a7665bbea21b951f12bca08d807efe55e1fb9f75,NO INJURY / DRIVE AWAY,"OVER $1,500",2025-09-23T18:24:00.000,NO CONTROLS,PARKED MOTOR VEHICLE,Y,0,0,1,0,0,0,0,41.9146755752,DAYLIGHT,-87.7192870977,NO INDICATION OF INJURY,2,25,UNABLE TO DETERMINE,ON SCENE,NO DEFECTS,DRY,NOT APPLICABLE,,N,LAWNDALE AVE,1834,NO CONTROLS,NOT DIVIDED,CLEAR,,,,,,,2,1,"{""coordinates"": [-87.719287097714, 41.914675575161], ""type"": ""Point""}","[""SIDE-LEFT-REAR"", ""UNKNOWN""]","[""SUBARU"", ""UNKNOWN""]","[""PARKED"", ""UNKNOWN/NA""]","[""LEGACY"", ""OTHER (EXPLAIN IN NARRATIVE)""]",[],[],"[""DEPLOYMENT UNKNOWN""]","[""UNKNOWN""]","[""NO INDICATION OF INJURY""]","[""O2156704""]"
STRAIGHT AND LEVEL,2533,2025-09-23T18:30:00.000,3,18,9,072eae51f1d11c79972cac801cc44a40c926ba9c2d4c055600bb85609f3652ebad5fae8200388841a3022e95bd667205d74e86c517552987246ad3570a4f8e3f,NO INJURY / DRIVE AWAY,"OVER $1,500",2025-09-23T19:00:00.000,NO CONTROLS,REAR END,,0,0,2,0,0,0,0,41.9097403479,DUSK,-87.7457416028,NO INDICATION OF INJURY,2,30,UNABLE TO DETERMINE,NOT ON SCENE (DESK REPORT),NO DEFECTS,DRY,UNABLE TO DETERMINE,,W,NORTH AVE,4750,NO CONTROLS,DIVIDED - W/MEDIAN (NOT RAISED),CLOUDY/OVERCAST,,,,,,,2,2,"{""coordinates"": [-87.74574160284, 41.909740347917], ""type"": ""Point""}","[""FRONT"", ""REAR""]","[""HYUNDAI"", ""LEXUS""]","[""SLOW/STOP IN TRAFFIC"", ""STRAIGHT AHEAD""]","[""OTHER (EXPLAIN IN NARRATIVE)"", ""RX350""]",[],"[""45"", ""49""]","[""DEPLOYMENT UNKNOWN""]","[""NONE""]","[""NO INDICATION OF INJURY""]","[""O2156672"", ""O2156673""]"
STRAIGHT AND LEVEL,1824,2025-09-23T18:30:00.000,3,18,9,2c71eb1122abe4640823f4d18ebb79f1310f8f4a38b8b0c1a2147064fb1133f35425e24581f270a8b78d5963a59b642458b767894e47e126a95f4da5e95579de,NO INJURY / DRIVE AWAY,"OVER $1,500",2025-09-23T19:19:00.000,UNKNOWN,PARKED MOTOR VEHICLE,,0,0,1,0,0,0,0,41.9005848002,UNKNOWN,-87.63298607,NO INDICATION OF INJURY,2,25,NOT APPLICABLE,NOT ON SCENE (DESK REPORT),UNKNOWN,UNKNOWN,NOT APPLICABLE,,N,LA SALLE DR,1000,UNKNOWN,NOT DIVIDED,UNKNOWN,,,,,,,2,1,"{""coordinates"": [-87.632986070025, 41.900584800211], ""type"": ""Point""}","[""FRONT-RIGHT-CORNER"", ""SIDE-LEFT""]","[""FORD"", ""HONDA""]","[""PARKED"", ""UNKNOWN/NA""]","[""ECOSPORT"", ""OTHER (EXPLAIN IN NARRATIVE)""]",[],"[""38""]","[""NOT APPLICABLE""]","[""NONE""]","[""NO INDICATION OF INJURY""]","[""O2156691""]"
STRAIGHT AND LEVEL,231,2025-09-23T18:30:00.000,3,18,9,7bb67455d467a4790a5c967d29b2da9646b6fa1580aaba57d3a5a2f2a8ab36310115dfecc30f262a9dfdfe36fdc01db873b9251b785a9743aab4895fe45335bb,INJURY AND / OR TOW DUE TO CRASH,"OVER $1,500",2025-09-23T19:05:00.000,FUNCTIONING PROPERLY,PARKED MOTOR VEHICLE,,0,0,1,0,0,0,0,41.7984918431,DAWN,-87.6194677987,NO INDICATION OF INJURY,2,30,EQUIPMENT - VEHICLE CONDITION,ON SCENE,NO DEFECTS,DRY,NOT APPLICABLE,,S,PRAIRIE AVE,5258,STOP SIGN/FLASHER,NOT DIVIDED,CLEAR,,,,,,,2,1,"{""coordinates"": [-87.619467798686, 41.798491843116], ""type"": ""Point""}","[""FRONT-RIGHT-CORNER"", ""REAR-LEFT-CORNER""]","[""HYUNDAI"", ""VOLVO""]","[""PARKED"", ""STRAIGHT AHEAD""]","[""SANTA FE"", ""V70""]","[""Y""]","[""40""]","[""NOT APPLICABLE""]","[""NONE""]","[""NO INDICATION OF INJURY""]","[""O2156706""]"
STRAIGHT AND LEVEL,1914,2025-09-23T18:30:00.000,3,18,9,a6f22b3c9274e99f27a86e19db47a4f4d120012c242c67ea0102637e424d417c1721aa6772a53b73b93a968a19205614f613a579109fe06de67e28a58bb8ee8f,NO INJURY / DRIVE AWAY,"OVER $1,500",2025-09-24T21:00:00.000,NO CONTROLS,ANGLE,Y,0,0,2,0,0,0,0,41.9619905058,"DARKNESS, LIGHTED ROAD",-87.6475171934,NO INDICATION OF INJURY,2,20,UNABLE TO DETERMINE,NOT ON SCENE (DESK REPORT),UNKNOWN,UNKNOWN,UNABLE TO DETERMINE,,W,MONTROSE AVE,676,NO CONTROLS,PARKING LOT,CLEAR,,,,,,,2,2,"{""coordinates"": [-87.647517193427, 41.961990505752], ""type"": ""Point""}","[""FRONT-LEFT-CORNER"", ""FRONT-RIGHT-CORNER""]","[""LEXUS"", ""TESLA""]","[""ENTERING TRAFFIC LANE FROM PARKING"", ""STRAIGHT AHEAD""]","[""MODEL 3"", ""OTHER (EXPLAIN IN NARRATIVE)""]",[],"[""41""]","[""DEPLOYMENT UNKNOWN"", ""DID NOT DEPLOY""]","[""NONE""]","[""NO INDICATION OF INJURY""]","[""O2157374"", ""O2157375""]"
STRAIGHT AND LEVEL,632,2025-09-23T18:39:00.000,3,18,9,478627188a2d934b23ca48da35e59885878415eff4184e82fbbbad50ae0dfd2a98c96f18a6502b1b1f22ae8d20a28e57f8d4da7ebee281b8aa55e42929b45a55,INJURY AND / OR TOW DUE TO CRASH,"OVER $1,500",2025-09-23T18:39:00.000,FUNCTIONING PROPERLY,TURNING,,0,0,4,0,0,0,0,41.7366015585,DARKNESS,-87.6049681002,NO INDICATION OF INJURY,2,30,UNABLE TO DETERMINE,ON SCENE,NO DEFECTS,DRY,UNABLE TO DETERMINE,,S,COTTAGE GROVE AVE,8700,TRAFFIC SIGNAL,FOUR WAY,CLEAR,,Y,,,,,2,4,"{""coordinates"": [-87.604968100168, 41.736601558476], ""type"": ""Point""}","[""FRONT""]","[""BUICK"", ""NISSAN""]","[""STRAIGHT AHEAD"", ""TURNING LEFT""]","[""ALTIMA"", ""CENTURY""]","[""Y""]","[""1"", ""22"", ""35"", ""4""]","[""DEPLOYED, FRONT"", ""DID NOT DEPLOY""]","[""NONE""]","[""NO INDICATION OF INJURY""]","[""O2156702"", ""O2156703"", ""P475961"", ""P475962""]"
STRAIGHT AND LEVEL,1112,2025-09-23T18:40:00.000,3,18,9,bab02f2196b48c9fd9e88af094efa1df969c5fd5988d354364c869e5bbd88e3ef02ed60d87968919ef2de882e85a56fb436b3e3e44aa95f95d9f3f6f5db92501,INJURY AND / OR TOW DUE TO CRASH,"OVER $1,500",2025-09-23T18:49:00.000,FUNCTIONING PROPERLY,ANGLE,,0,0,2,0,0,0,0,41.8973461652,DUSK,-87.7213151329,NO INDICATION OF INJURY,2,30,FAILING TO YIELD RIGHT-OF-WAY,ON SCENE,NO DEFECTS,DRY,NOT APPLICABLE,,W,IOWA ST,3800,STOP SIGN/FLASHER,FOUR WAY,CLEAR,,Y,,,,,2,2,"{""coordinates"": [-87.721315132894, 41.897346165154], ""type"": ""Point""}","[""FRONT-LEFT-CORNER"", ""FRONT-RIGHT-CORNER""]","[""NISSAN""]","[""STRAIGHT AHEAD""]","[""MURANO"", ""PATHFINDER""]","[""Y""]","[""18"", ""38""]","[""NOT APPLICABLE""]","[""NONE""]","[""NO INDICATION OF INJURY""]","[""O2156709"", ""O2156710""]"
STRAIGHT AND LEVEL,2433,2025-09-23T18:45:00.000,3,18,9,07f854cd6cd6baa197015d10e754a77e2b8f01bbe0bcb9858ec5c273c308df009fde5ce58b692c3ec7399707fd784aaf33a85b285b7aba8df9f722584e8f0395,NO INJURY / DRIVE AWAY,"OVER $1,500",2025-09-23T19:37:00.000,NO CONTROLS,SIDESWIPE SAME DIRECTION,,0,0,3,0,0,0,0,41.9975075311,UNKNOWN,-87.6557622948,NO INDICATION OF INJURY,2,30,IMPROPER OVERTAKING/PASSING,NOT ON SCENE (DESK REPORT),UNKNOWN,UNKNOWN,IMPROPER OVERTAKING/PASSING,,N,SHERIDAN RD,6340,NO CONTROLS,NOT DIVIDED,UNKNOWN,,,,,,,2,3,"{""coordinates"": [-87.655762294812, 41.997507531059], ""type"": ""Point""}","[""SIDE-LEFT"", ""UNKNOWN""]","[""HONDA"", ""NISSAN""]","[""PASSING/OVERTAKING"", ""STRAIGHT AHEAD""]","[""OTHER (EXPLAIN IN NARRATIVE)"", ""ROGUE""]",[],"[""30"", ""80""]","[""NOT APPLICABLE""]","[""NONE""]","[""NO INDICATION OF INJURY""]","[""O2156700"", ""O2156701"", ""P475958""]"
STRAIGHT AND LEVEL,1834,2025-09-23T19:12:00.000,3,19,9,dda6aaf4c2f36b60d65e8196e8df1e7123d316af8c876693eaae19e1930364cfed197128fadf0a9f7ee35ec33649f8a5b08e07915411988f7fd8788c6744ba5b,INJURY AND / OR TOW DUE TO CRASH,"OVER $1,500",2025-09-23T19:17:00.000,FUNCTIONING PROPERLY,SIDESWIPE SAME DIRECTION,,0,0,1,0,2,2,0,41.8932535646,"DARKNESS, LIGHTED ROAD",-87.6225942872,"REPORTED, NOT EVIDENT",2,30,IMPROPER TURNING/NO SIGNAL,ON SCENE,NO DEFECTS,DRY,IMPROPER LANE USAGE,Y,E,ONTARIO ST,201,TRAFFIC SIGNAL,ONE-WAY,CLEAR,,,,,,,2,3,"{""coordinates"": [-87.622594287209, 41.893253564575], ""type"": ""Point""}","[""SIDE-LEFT"", ""SIDE-RIGHT""]","[""CHRYSLER"", ""TOYOTA""]","[""CHANGING LANES"", ""STRAIGHT AHEAD""]","[""RAV4"", ""SEBRING""]",[],"[""28"", ""41"", ""42""]","[""DID NOT DEPLOY""]","[""NONE""]","[""NO INDICATION OF INJURY"", ""REPORTED, NOT EVIDENT""]","[""O2156728"", ""O2156729"", ""P475969""]"
STRAIGHT AND LEVEL,2412,2025-09-23T19:13:00.000,3,19,9,b71577de5bc84aca7c9f54dcdeedbac813cc4a9e0b1415cdc7db7317785347ff9f91da27f9557352c9ba8029b8dd26e8e320d02d3c9535545f24ca080f9bd9fd,NO INJURY / DRIVE AWAY,"$501 - $1,500",2025-09-23T20:20:00.000,UNKNOWN,REAR END,,0,0,4,0,0,0,0,42.0008881095,UNKNOWN,-87.6995859642,NO INDICATION OF INJURY,2,30,FOLLOWING TOO CLOSELY,NOT ON SCENE (DESK REPORT),UNKNOWN,UNKNOWN,FOLLOWING TOO CLOSELY,,N,CALIFORNIA AVE,6551,STOP SIGN/FLASHER,NOT DIVIDED,UNKNOWN,,Y,,,,,2,4,"{""coordinates"": [-87.699585964214, 42.00088810948], ""type"": ""Point""}","[""FRONT"", ""REAR""]","[""HONDA"", ""TESLA""]","[""STRAIGHT AHEAD""]","[""ACCORD"", ""MODEL Y""]",[],"[""37"", ""44""]","[""NOT APPLICABLE""]","[""NONE""]","[""NO INDICATION OF INJURY""]","[""O2156718"", ""O2156719"", ""P475964"", ""P475965""]"
STRAIGHT AND LEVEL,832,2025-09-23T19:15:00.000,3,19,9,64718d15847c9cab9ffde2ef68b14e3d6d75c59304f2fe902d809699e75141608c5500a5b8c59bb174338ad5990e82a72e1401e47a9531f6d81402af0375bac7,INJURY AND / OR TOW DUE TO CRASH,"OVER $1,500",2025-09-23T22:40:00.000,FUNCTIONING PROPERLY,PARKED MOTOR VEHICLE,Y,0,0,1,0,0,0,0,41.7611602269,"DARKNESS, LIGHTED ROAD",-87.6819694759,NO INDICATION OF INJURY,2,35,FAILING TO REDUCE SPEED TO AVOID CRASH,NOT ON SCENE (DESK REPORT),NO DEFECTS,DRY,UNABLE TO DETERMINE,,S,CLAREMONT AVE,7258,STOP SIGN/FLASHER,ONE-WAY,CLEAR,Y,,,,,,2,1,"{""coordinates"": [-87.681969475942, 41.761160226892], ""type"": ""Point""}","[""SIDE-RIGHT"", ""UNKNOWN""]","[""KIA"", ""UNKNOWN""]","[""PARKED"", ""UNKNOWN/NA""]","[""MOTORIZED"", ""OTHER (EXPLAIN IN NARRATIVE)""]","[""Y""]",[],"[""DEPLOYMENT UNKNOWN""]","[""UNKNOWN""]","[""NO INDICATION OF INJURY""]","[""O2156757""]"
STRAIGHT AND LEVEL,821,2025-09-23T19:26:00.000,3,19,9,91872ef8efde8fa2c4994d19b6b3b63731207f282fdcc3e37767b5ba712ca9884b592c59c69ccf38549414c73af7ccd3e1e6a912ea262fef22190d6a01a36193,NO INJURY / DRIVE AWAY,"OVER $1,500",2025-09-23T19:26:00.000,OTHER,TURNING,,0,0,2,0,0,0,0,41.8078569293,"DARKNESS, LIGHTED ROAD",-87.7161250932,NO INDICATION OF INJURY,2,30,FAILING TO YIELD RIGHT-OF-WAY,ON SCENE,NO DEFECTS,DRY,NOT APPLICABLE,,W,47TH ST,3699,OTHER,OTHER,CLEAR,,,,,,,2,2,"{""coordinates"": [-87.716125093195, 41.807856929254], ""type"": ""Point""}","[""FRONT""]","[""HYUNDAI"", ""LINCOLN""]","[""STRAIGHT AHEAD"", ""TURNING LEFT""]","[""ELANTRA"", ""TOWNCAR""]",[],"[""0"", ""27""]","[""DID NOT DEPLOY"", ""NOT APPLICABLE""]","[""NONE""]","[""NO INDICATION OF INJURY""]","[""O2156722"", ""O2156723""]"
STRAIGHT AND LEVEL,312,2025-09-23T19:30:00.000,3,19,9,286347c96cc3dc614d3165c9d7bc62526b0f8a65fc9fa4947c5aa13704a8debe37971d137e099600aff34f2e93b1ebf875a5df0d6af4142ed0bf3d596322e7d1,INJURY AND / OR TOW DUE TO CRASH,"OVER $1,500",2025-09-23T19:30:00.000,UNKNOWN,SIDESWIPE SAME DIRECTION,Y,0,0,3,0,0,0,0,41.7801135699,UNKNOWN,-87.616477731,NO INDICATION OF INJURY,2,30,UNABLE TO DETERMINE,NOT ON SCENE (DESK REPORT),UNKNOWN,UNKNOWN,NOT APPLICABLE,,E,63RD ST,359,TRAFFIC SIGNAL,FOUR WAY,UNKNOWN,,,,,,,2,3,"{""coordinates"": [-87.616477730968, 41.780113569917], ""type"": ""Point""}","[""FRONT-LEFT-CORNER"", ""FRONT-RIGHT-CORNER""]","[""LEXUS"", ""NISSAN""]","[""STRAIGHT AHEAD""]","[""IS"", ""ROGUE""]","[""Y""]","[""19"", ""23""]","[""DEPLOYMENT UNKNOWN""]","[""UNKNOWN""]","[""NO INDICATION OF INJURY""]","[""O2156761"", ""O2156762"", ""P475974""]"
STRAIGHT AND LEVEL,331,2025-09-23T19:30:00.000,3,19,9,7a385053b4dd93f5849aa22f9c048707c02956eb6d037a6a97773b9a037c3d18c7ac47aebb764124459e8c6ac62652f63937bcfcd27bb38a24308ab4d866ad60,NO INJURY / DRIVE AWAY,"$501 - $1,500",2025-09-23T23:00:00.000,FUNCTIONING PROPERLY,REAR END,,0,0,2,0,0,0,0,,DUSK,,NO INDICATION OF INJURY,2,30,IMPROPER LANE USAGE,NOT ON SCENE (DESK REPORT),NO DEFECTS,DRY,UNABLE TO DETERMINE,,S,LAKE SHORE DR,6299,TRAFFIC SIGNAL,NOT DIVIDED,CLEAR,,Y,,,,,2,2,,"[""FRONT"", ""REAR""]","[""HYUNDAI"", ""MERCEDES-BENZ""]","[""STRAIGHT AHEAD""]","[""OTHER (EXPLAIN IN NARRATIVE)""]",[],"[""52"", ""67""]","[""DEPLOYMENT UNKNOWN""]","[""UNKNOWN""]","[""NO INDICATION OF INJURY""]","[""O2156759"", ""O2156760""]"
STRAIGHT AND LEVEL,2511,2025-09-23T19:38:00.000,3,19,9,e762d60041da3f50f12d1630d63571c3fe7feda5612b95f62382f56c664a6dc292a355057475b065e003f7c2ba7261b27c4b81779d9743126612c7cdf1e438e0,INJURY AND / OR TOW DUE TO CRASH,"OVER $1,500",2025-09-23T19:41:00.000,FUNCTIONING PROPERLY,TURNING,,0,0,3,0,0,0,0,41.9310604463,"DARKNESS, LIGHTED ROAD",-87.7885897167,NO INDICATION OF INJURY,2,30,FAILING TO YIELD RIGHT-OF-WAY,ON SCENE,NO DEFECTS,DRY,UNABLE TO DETERMINE,,W,DIVERSEY AVE,6510,STOP SIGN/FLASHER,FOUR WAY,CLEAR,,Y,,,,,2,3,"{""coordinates"": [-87.788589716669, 41.931060446329], ""type"": ""Point""}","[""FRONT"", ""SIDE-RIGHT""]","[""GENESIS"", ""HONDA""]","[""STRAIGHT AHEAD"", ""TURNING LEFT""]","[""CR-V"", ""G80""]","[""Y""]","[""46"", ""48"", ""69""]","[""DEPLOYED, SIDE"", ""DID NOT DEPLOY""]","[""NONE""]","[""NO INDICATION OF INJURY""]","[""O2156711"", ""O2156712"", ""P475963""]"
STRAIGHT AND LEVEL,1623,2025-09-23T19:47:00.000,3,19,9,f7295814d5bb8f924f642ded9c221b5b9c7b26208b7086702ae15e1a86e1588dbbcf583518cb3f789c5520678451a1420c89507e3c45a62242edd9599ced433d,INJURY AND / OR TOW DUE TO CRASH,"$501 - $1,500",2025-09-23T19:47:00.000,UNKNOWN,SIDESWIPE OPPOSITE DIRECTION,,0,1,2,0,0,1,0,41.9606856097,DUSK,-87.759424642,INCAPACITATING INJURY,3,30,PHYSICAL CONDITION OF DRIVER,ON SCENE,UNKNOWN,DRY,NOT APPLICABLE,Y,W,MONTROSE AVE,5250,UNKNOWN,NOT DIVIDED,CLEAR,,,,,,,3,3,"{""coordinates"": [-87.759424642049, 41.960685609679], ""type"": ""Point""}","[""FRONT-LEFT-CORNER"", ""FRONT-RIGHT-CORNER"", ""SIDE-RIGHT-REAR""]","[""CHEVROLET"", ""HONDA"", ""TOYOTA""]","[""SKIDDING/CONTROL LOSS"", ""STRAIGHT AHEAD""]","[""ACCORD"", ""CAMRY"", ""TRAVERSE""]",[],"[""28"", ""49"", ""55""]","[""NOT APPLICABLE""]","[""NONE""]","[""INCAPACITATING INJURY"", ""NO INDICATION OF INJURY""]","[""O2156725"", ""O2156726"", ""O2156727""]"
STRAIGHT AND LEVEL,1922,2025-09-23T20:00:00.000,3,20,9,47c382c64150186a0cd85baeab6881f6c5144f9af2d08ac71a29f846761659cfa4270d49a09ddaf4175ca43bad0a5b036a20e4fc8d6865369ed1a1c9e8f638a8,NO INJURY / DRIVE AWAY,"OVER $1,500",2025-09-24T13:10:00.000,NO CONTROLS,PARKED MOTOR VEHICLE,Y,0,0,1,0,0,0,0,41.9423405291,DAYLIGHT,-87.6703510661,NO INDICATION OF INJURY,2,25,NOT APPLICABLE,NOT ON SCENE (DESK REPORT),NO DEFECTS,DRY,NOT APPLICABLE,,N,LINCOLN AVE,3333,NO CONTROLS,NOT DIVIDED,CLEAR,,,,,,,2,1,"{""coordinates"": [-87.670351066133, 41.942340529086], ""type"": ""Point""}","[""REAR-LEFT-CORNER"", ""UNKNOWN""]","[""HONDA"", ""UNKNOWN""]","[""PARKED"", ""UNKNOWN/NA""]","[""HR-V"", ""OTHER (EXPLAIN IN NARRATIVE)""]",[],[],"[""NOT APPLICABLE""]","[""NONE""]","[""NO INDICATION OF INJURY""]","[""O2157014""]"
STRAIGHT AND LEVEL,1214,2025-09-23T20:15:00.000,3,20,9,aedb73a5555d99986e65056df5415fc49d7d5d200abece255c24b9e0b519e9c6f88db502e37dcd9d1964c491b38143b06e86693ae94587ee0b5ca5009af53d2b,NO INJURY / DRIVE AWAY,"OVER $1,500",2025-09-24T16:30:00.000,NO CONTROLS,OTHER OBJECT,,0,0,1,0,0,0,0,41.8962685501,DARKNESS,-87.6488769293,NO INDICATION OF INJURY,1,30,UNABLE TO DETERMINE,NOT ON SCENE (DESK REPORT),"RUT, HOLES",DRY,UNABLE TO DETERMINE,,W,CHICAGO AVE,825,NO CONTROLS,NOT DIVIDED,UNKNOWN,,,,,,,1,1,"{""coordinates"": [-87.648876929268, 41.896268550108], ""type"": ""Point""}","[""OTHER""]","[""NISSAN""]","[""STRAIGHT AHEAD""]","[""SENTRA""]",[],"[""50""]","[""NOT APPLICABLE""]","[""UNKNOWN""]","[""NO INDICATION OF INJURY""]","[""O2157157""]"
STRAIGHT AND LEVEL,322,2025-09-23T21:00:00.000,3,21,9,99ab4ca54e0353d993f65b2a66609ebd34437ca6d62215f0034aab38165b17adcb78b0620eec24ec3352ecf519e6f1231671c0178cac4c9673736155e4ce619e,NO INJURY / DRIVE AWAY,"OVER $1,500",2025-09-23T21:19:00.000,NO CONTROLS,SIDESWIPE SAME DIRECTION,Y,0,0,2,0,0,0,0,41.7705690462,DUSK,-87.6154059876,NO INDICATION OF INJURY,2,30,IMPROPER LANE USAGE,NOT ON SCENE (DESK REPORT),NO DEFECTS,DRY,UNABLE TO DETERMINE,,S,ANTHONY AVE,6800,NO CONTROLS,NOT DIVIDED,CLEAR,,,,,,,2,2,"{""coordinates"": [-87.615405987633, 41.770569046186], ""type"": ""Point""}","[""SIDE-LEFT-REAR"", ""SIDE-RIGHT-REAR""]","[""NISSAN"", ""UNKNOWN""]","[""STRAIGHT AHEAD""]","[""OTHER (EXPLAIN IN NARRATIVE)"", ""VERSA""]",[],"[""21""]","[""DEPLOYMENT UNKNOWN"", ""NOT APPLICABLE""]","[""NONE"", ""UNKNOWN""]","[""NO INDICATION OF INJURY""]","[""O2156732"", ""O2156733""]"
STRAIGHT AND LEVEL,1233,2025-09-23T21:40:00.000,3,21,9,a94246e188eadbd9cdea69f825bcc3c9098edfd3831371a7198b89aaa3ebf983d2a5100e067074fed4554d6bac838c4ba9060fc596a813a01fc9b366b196b0ab,INJURY AND / OR TOW DUE TO CRASH,"OVER $1,500",2025-09-23T21:40:00.000,FUNCTIONING PROPERLY,FIXED OBJECT,,0,0,0,1,0,1,0,41.8641611045,"DARKNESS, LIGHTED ROAD",-87.6749899349,NONINCAPACITATING INJURY,1,30,PHYSICAL CONDITION OF DRIVER,ON SCENE,NO DEFECTS,DRY,IMPROPER LANE USAGE,,W,HASTINGS ST,1930,STOP SIGN/FLASHER,NOT DIVIDED,CLEAR,,,,,,,1,1,"{""coordinates"": [-87.674989934878, 41.864161104469], ""type"": ""Point""}","[""FRONT-RIGHT-CORNER""]","[""TOYOTA""]","[""STRAIGHT AHEAD""]","[""CAMRY""]","[""Y""]","[""57""]","[""DEPLOYED, COMBINATION""]","[""NONE""]","[""NONINCAPACITATING INJURY""]","[""O2156744""]"
STRAIGHT AND LEVEL,1834,2025-09-23T21:51:00.000,3,21,9,0f3eef4d06b358a96c910722197ccc9359f00a745b2ec3e4a5e30c34c7bd0e07c15642ea49a5b97b37dbb145cb909b7157338ce9efe31464fd4d5cc3792b8b3f,INJURY AND / OR TOW DUE TO CRASH,"$501 - $1,500",2025-09-23T21:54:00.000,FUNCTIONING PROPERLY,PEDESTRIAN,,0,0,1,1,0,1,0,41.8915657621,"DARKNESS, LIGHTED ROAD",-87.6279928832,NONINCAPACITATING INJURY,2,30,DISREGARDING OTHER TRAFFIC SIGNS,ON SCENE,UNKNOWN,DRY,NOT APPLICABLE,,E,GRAND AVE,1,TRAFFIC SIGNAL,FOUR WAY,CLEAR,,Y,,,,,2,2,"{""coordinates"": [-87.62799288322, 41.891565762144], ""type"": ""Point""}","[""FRONT""]","[""PORSCHE""]","[""STRAIGHT AHEAD""]","[""MACAN""]",[],"[""26""]","[""DID NOT DEPLOY""]","[""NONE""]","[""NO INDICATION OF INJURY"", ""NONINCAPACITATING INJURY""]","[""O2156740"", ""O2156741""]"
STRAIGHT AND LEVEL,2223,2025-09-23T22:15:00.000,3,22,9,0b8cae24e971e80df56c8a781acdbf8ea759b8d85c27982d06276dc4f3219a03770f49462b7f5d6c1c1d865f776d02b4d237954468ff9e6ccbd0c0b2ce6e38b1,NO INJURY / DRIVE AWAY,"$501 - $1,500",2025-09-24T08:45:00.000,NO CONTROLS,PARKED MOTOR VEHICLE,Y,0,0,1,0,0,0,0,41.7344629704,"DARKNESS, LIGHTED ROAD",-87.6409928016,NO INDICATION OF INJURY,2,20,UNABLE TO DETERMINE,NOT ON SCENE (DESK REPORT),UNKNOWN,DRY,UNABLE TO DETERMINE,,S,UNION AVE,8749,NO CONTROLS,NOT DIVIDED,CLEAR,,,,,,,2,1,"{""coordinates"": [-87.640992801628, 41.734462970361], ""type"": ""Point""}","[""FRONT-LEFT-CORNER"", ""UNKNOWN""]","[""JEEP"", ""UNKNOWN""]","[""PARKED"", ""UNKNOWN/NA""]","[""COMPASS"", ""MOTORIZED""]",[],[],"[""DEPLOYMENT UNKNOWN""]","[""NONE""]","[""NO INDICATION OF INJURY""]","[""O2156847""]"
STRAIGHT AND LEVEL,822,2025-09-23T22:20:00.000,3,22,9,8ae29e25e4720b62e7df821aa7b5e6ccd00d8f09d790ebd3341aa84a413b7d84dd0516828a54bab81dfc708828868219d07873227781172efc9f873e40c80d30,INJURY AND / OR TOW DUE TO CRASH,"OVER $1,500",2025-09-23T22:25:00.000,FUNCTIONING PROPERLY,ANGLE,Y,0,0,0,3,0,3,0,41.789734344,"DARKNESS, LIGHTED ROAD",-87.7035974603,NONINCAPACITATING INJURY,2,30,DISREGARDING TRAFFIC SIGNALS,ON SCENE,NO DEFECTS,DRY,FAILING TO REDUCE SPEED TO AVOID CRASH,,S,KEDZIE AVE,5702,TRAFFIC SIGNAL,NOT DIVIDED,CLEAR,,,,,,,2,3,"{""coordinates"": [-87.703597460267, 41.789734343981], ""type"": ""Point""}","[""FRONT"", ""SIDE-LEFT""]","[""CHEVROLET"", ""TOYOTA""]","[""STRAIGHT AHEAD""]","[""PRIUS"", ""TRAVERSE""]","[""Y""]","[""19"", ""21""]","[""DEPLOYED, FRONT"", ""DEPLOYMENT UNKNOWN""]","[""NONE""]","[""NONINCAPACITATING INJURY""]","[""O2156748"", ""O2156749"", ""P475976""]"