alignment,beat_of_occurrence,crash_date,crash_day_of_week,crash_hour,crash_month,crash_record_id,crash_type,damage,date_police_notified,device_condition,first_crash_type,hit_and_run_i,injuries_fatal,injuries_incapacitating,injuries_no_indication,injuries_non_incapacitating,injuries_reported_not_evident,injuries_total,injuries_unknown,latitude,lighting_condition,longitude,most_severe_injury,num_units,posted_speed_limit,prim_contributory_cause,report_type,road_defect,roadway_surface_cond,sec_contributory_cause,statements_taken_i,street_direction,street_name,street_no,traffic_control_device,trafficway_type,weather_condition,crash_date_est_i,intersection_related_i,photos_taken_i,work_zone_i,dooring_i,private_property_i,veh_count,ppl_count,location_json,veh_first_contact_point_list_json,veh_make_list_json,veh_maneuver_list_json,veh_model_list_json,veh_towed_i_list_json,ppl_age_list_json,ppl_airbag_deployed_list_json,ppl_ejection_list_json,ppl_injury_classification_list_json,ppl_person_id_list_json
STRAIGHT AND LEVEL,1811,2025-09-23T22:38:00.000,3,22,9,09831b793ba0a87e404f47ca4e8688b4e188284b8986fbc46be947b32ccfc69e37e514708c244f14dee7be26087a6b5258ba3dc80127d5ee683158bbfd68bc8d,INJURY AND / OR TOW DUE TO CRASH,"$501 - $1,500",2025-09-23T23:53:00.000,FUNCTIONING IMPROPERLY,REAR END,Y,0,0,1,1,0,1,0,41.9250503149,"DARKNESS, LIGHTED ROAD",-87.6679951575,NONINCAPACITATING INJURY,2,30,UNABLE TO DETERMINE,NOT ON SCENE (DESK REPORT),NO DEFECTS,DRY,NOT APPLICABLE,,N,ASHLAND AVE,2357,TRAFFIC SIGNAL,DIVIDED - W/MEDIAN (NOT RAISED),CLEAR,,Y,,,,,2,2,"{""coordinates"": [-87.667995157505, 41.925050314854], ""type"": ""Point""}","[""REAR"", ""UNKNOWN""]","[""FORD"", ""TOYOTA""]","[""SLOW/STOP IN TRAFFIC"", ""STRAIGHT AHEAD""]","[""FREESTAR"", ""RAV4""]",[],"[""21""]","[""DEPLOYMENT UNKNOWN"", ""DID NOT DEPLOY""]","[""NONE""]","[""NO INDICATION OF INJURY"", ""NONINCAPACITATING INJURY""]","[""O2156752"", ""O2156753""]"
STRAIGHT AND LEVEL,2212,2025-09-23T22:40:00.000,3,22,9,2c8c168ad6d03e11e807d02acfc49c610ca245a898e3392b6d935493fb953dfad4ded2baa833a1c419516e3abec65e7c5bbc98b0a8ad178f0a099d14f36b3318,NO INJURY / DRIVE AWAY,"OVER $1,500",2025-09-23T22:40:00.000,NO CONTROLS,SIDESWIPE SAME DIRECTION,Y,0,0,3,0,0,0,0,41.6916672313,"DARKNESS, LIGHTED ROAD",-87.6809040827,NO INDICATION OF INJURY,2,30,FAILING TO REDUCE SPEED TO AVOID CRASH,ON SCENE,NO DEFECTS,DRY,NOT APPLICABLE,,W,111TH ST,2355,NO CONTROLS,NOT DIVIDED,CLEAR,,,,,,,2,3,"{""coordinates"": [-87.680904082749, 41.691667231286], ""type"": ""Point""}","[""FRONT-LEFT-CORNER"", ""SIDE-RIGHT""]","[""DODGE"", ""FORD""]","[""STRAIGHT AHEAD""]","[""AVENGER"", ""F150""]",[],"[""17"", ""19""]","[""NOT APPLICABLE""]","[""NONE""]","[""NO INDICATION OF INJURY""]","[""O2156745"", ""O2156746"", ""P475972""]"
STRAIGHT AND LEVEL,2511,2025-09-23T22:58:00.000,3,22,9,3479c4e8d948cf5c7585f335f2601157dc6078f4dc7a351d17c4e6f697fc833650b4cd245789a4f96e6cfea4569644cc86b57721c7358842b8c6f41fce74be78,NO INJURY / DRIVE AWAY,"OVER $1,500",2025-09-23T23:01:00.000,NO CONTROLS,PARKED MOTOR VEHICLE,,0,0,1,0,0,0,0,41.9378581482,"DARKNESS, LIGHTED ROAD",-87.8136901414,NO INDICATION OF INJURY,2,30,UNABLE TO DETERMINE,ON SCENE,UNKNOWN,DRY,UNABLE TO DETERMINE,,W,BELMONT AVE,7457,NO CONTROLS,DIVIDED - W/MEDIAN (NOT RAISED),CLEAR,,,,,,,2,1,"{""coordinates"": [-87.813690141397, 41.937858148231], ""type"": ""Point""}","[""SIDE-LEFT-REAR"", ""UNKNOWN""]","[""TOYOTA"", ""UNKNOWN""]","[""PARKED"", ""UNKNOWN/NA""]","[""COROLLA"", ""OTHER (EXPLAIN IN NARRATIVE)""]",[],[],"[""DEPLOYMENT UNKNOWN""]","[""UNKNOWN""]","[""NO INDICATION OF INJURY""]","[""O2156754""]"
STRAIGHT AND LEVEL,331,2025-09-23T23:10:00.000,3,23,9,af8ac87554e002555150b13b69bd65bf9b55d73891558b3a16b2a782895aad09cf680c246e323b877636b00bb740495ba6db65bbd20550fca812e8aec62ded93,INJURY AND / OR TOW DUE TO CRASH,"OVER $1,500",2025-09-23T23:19:00.000,NO CONTROLS,OVERTURNED,,0,0,2,0,0,0,0,41.7802479732,"DARKNESS, LIGHTED ROAD",-87.5783232489,NO INDICATION OF INJURY,2,35,IMPROPER LANE USAGE,ON SCENE,NO DEFECTS,DRY,NOT APPLICABLE,,E,HAYES DR,1930,NO CONTROLS,NOT DIVIDED,CLEAR,,,,,,,2,2,"{""coordinates"": [-87.578323248918, 41.780247973246], ""type"": ""Point""}","[""FRONT-RIGHT-CORNER"", ""NONE""]","[""MAZDA"", ""UNKNOWN""]","[""PASSING/OVERTAKING"", ""STRAIGHT AHEAD""]","[""CX-5"", ""MOTORIZED""]","[""Y""]","[""30""]","[""DEPLOYED, COMBINATION"", ""DEPLOYMENT UNKNOWN""]","[""NONE"", ""UNKNOWN""]","[""NO INDICATION OF INJURY""]","[""O2156765"", ""O2156766""]"
STRAIGHT AND LEVEL,831,2025-09-23T23:26:00.000,3,23,9,19659242b864d892ae9831bc180858d1118bc5fc324bd84cf65ee6a89b080a535891b7f685a61d3c54762e3550822fec10192e5b75ed1f9a975aee9fed8efc84,NO INJURY / DRIVE AWAY,$500 OR LESS,2025-09-23T23:26:00.000,NO CONTROLS,OTHER OBJECT,,0,0,2,0,0,0,0,41.7718537002,DARKNESS,-87.6981578935,NO INDICATION OF INJURY,1,25,UNABLE TO DETERMINE,NOT ON SCENE (DESK REPORT),NO DEFECTS,DRY,UNABLE TO DETERMINE,,W,MARQUETTE RD,3000,NO CONTROLS,ALLEY,CLEAR,,,,,,,1,2,"{""coordinates"": [-87.698157893495, 41.771853700154], ""type"": ""Point""}","[""SIDE-RIGHT-FRONT""]","[""FORD""]","[""STRAIGHT AHEAD""]","[""EXPLORER""]",[],[],"[""DID NOT DEPLOY""]","[""NONE""]","[""NO INDICATION OF INJURY""]","[""O2156756"", ""P475973""]"
STRAIGHT AND LEVEL,131,2025-09-23T23:41:00.000,3,23,9,31a7432fa3230988d7578d62278f10764ca2792f395a1eccc19e6a85713352608efb314691013e3b3baf1cc9c6d3e314528911095b75d2d39f5bc9873287afe3,NO INJURY / DRIVE AWAY,"$501 - $1,500",2025-09-24T00:12:00.000,FUNCTIONING PROPERLY,REAR END,Y,0,0,2,0,0,0,0,41.8578360645,"DARKNESS, LIGHTED ROAD",-87.6303745744,NO INDICATION OF INJURY,2,30,UNABLE TO DETERMINE,NOT ON SCENE (DESK REPORT),UNKNOWN,DRY,UNABLE TO DETERMINE,,S,CLARK ST,1768,TRAFFIC SIGNAL,NOT DIVIDED,CLEAR,,,,,,,2,2,"{""coordinates"": [-87.630374574357, 41.857836064476], ""type"": ""Point""}","[""FRONT"", ""REAR""]","[""TESLA"", ""TOYOTA""]","[""SLOW/STOP IN TRAFFIC"", ""STRAIGHT AHEAD""]","[""MODEL Y"", ""RAV4""]",[],"[""37""]","[""DEPLOYMENT UNKNOWN"", ""DID NOT DEPLOY""]","[""NONE""]","[""NO INDICATION OF INJURY""]","[""O2156763"", ""O2156764""]"
STRAIGHT AND LEVEL,1621,2025-09-24T00:04:00.000,4,0,9,56fb70aed4cb83cdb7f8b6a64f25121a4d6333347bc8c2049191af02c8253562eda6455e95073940301080f716a56af3edf25b396eb2233f2ffcd9311569484f,INJURY AND / OR TOW DUE TO CRASH,"OVER $1,500",2025-09-24T00:04:00.000,NO CONTROLS,FIXED OBJECT,,0,0,1,0,0,0,0,41.9900168806,"DARKNESS, LIGHTED ROAD",-87.749138079,NO INDICATION OF INJURY,1,35,EQUIPMENT - VEHICLE CONDITION,ON SCENE,UNKNOWN,DRY,UNABLE TO DETERMINE,,W,PETERSON AVE,4826,NO CONTROLS,DIVIDED - W/MEDIAN (NOT RAISED),CLEAR,,,,,,,1,1,"{""coordinates"": [-87.749138079026, 41.990016880591], ""type"": ""Point""}","[""SIDE-LEFT""]","[""FORD""]","[""STRAIGHT AHEAD""]","[""FUSION""]","[""Y""]","[""20""]","[""DEPLOYED, FRONT""]","[""NONE""]","[""NO INDICATION OF INJURY""]","[""O2156769""]"
STRAIGHT AND LEVEL,1212,2025-09-24T00:15:00.000,4,0,9,80c9e39ce72a9b87da5802135493a518876a9342035cce1f4117b062ecfc224b6663bbbd86c2202397e09cde4ef27e6a2a8f670a3582cded7bb3b0143c74276d,NO INJURY / DRIVE AWAY,$500 OR LESS,2025-09-24T00:17:00.000,FUNCTIONING PROPERLY,REAR END,,0,0,5,0,0,0,0,41.9029719978,"DARKNESS, LIGHTED ROAD",-87.6868785445,NO INDICATION OF INJURY,2,30,UNABLE TO DETERMINE,ON SCENE,UNKNOWN,DRY,NOT APPLICABLE,,N,WESTERN AVE,1159,TRAFFIC SIGNAL,DIVIDED - W/MEDIAN (NOT RAISED),CLEAR,,,,,,,2,5,"{""coordinates"": [-87.686878544526, 41.902971997805], ""type"": ""Point""}","[""FRONT"", ""REAR""]","[""BUICK"", ""NISSAN""]","[""SLOW/STOP IN TRAFFIC"", ""STRAIGHT AHEAD""]","[""ALTIMA"", ""OTHER (EXPLAIN IN NARRATIVE)""]",[],"[""18"", ""28"", ""44"", ""46""]","[""DID NOT DEPLOY""]","[""NONE""]","[""NO INDICATION OF INJURY""]","[""O2156772"", ""O2156773"", ""P475975"", ""P475977"", ""P475978""]"
STRAIGHT AND LEVEL,1214,2025-09-24T00:23:00.000,4,0,9,d5cedcaa0765fc8c7b1620affbe5d178a9a78589322f4e39dd60fd34bf0382e06a7cc01d444db6b30c17b0277273b5259cf411dca0697db52251a0f7ce8cb3f9,INJURY AND / OR TOW DUE TO CRASH,"OVER $1,500",2025-09-24T00:24:00.000,NO CONTROLS,TURNING,Y,0,0,2,0,0,0,0,41.885805743,"DARKNESS, LIGHTED ROAD",-87.6443022139,NO INDICATION OF INJURY,2,30,IMPROPER TURNING/NO SIGNAL,ON SCENE,NO DEFECTS,DRY,NOT APPLICABLE,,W,LAKE ST,640,NO CONTROLS,CENTER TURN LANE,CLEAR,,,,,,,2,2,"{""coordinates"": [-87.644302213908, 41.885805742998], ""type"": ""Point""}","[""REAR-LEFT-CORNER"", ""UNKNOWN""]","[""BUICK"", ""FORD""]","[""STRAIGHT AHEAD"", ""TURNING LEFT""]","[""REGAL"", ""TAURUS""]","[""Y""]","[""17""]","[""DEPLOYED, COMBINATION"", ""DEPLOYMENT UNKNOWN""]","[""NONE""]","[""NO INDICATION OF INJURY""]","[""O2156770"", ""O2156771""]"
STRAIGHT AND LEVEL,2022,2025-09-24T00:30:00.000,4,0,9,04abcbfd3db9abfc1d80446e1b682417f0be73b0f866702ae571844ad450e39a9efcde46f202f92cc99e26c3bdd0090e2c2479c14bd29c67a52be41509242313,NO INJURY / DRIVE AWAY,"OVER $1,500",2025-09-24T15:00:00.000,FUNCTIONING PROPERLY,SIDESWIPE SAME DIRECTION,Y,0,0,2,0,0,0,0,41.985419563,"DARKNESS, LIGHTED ROAD",-87.6554804589,NO INDICATION OF INJURY,2,30,UNABLE TO DETERMINE,NOT ON SCENE (DESK REPORT),NO DEFECTS,DRY,FOLLOWING TOO CLOSELY,,W,HOLLYWOOD AVE,1005,TRAFFIC SIGNAL,NOT DIVIDED,CLEAR,,N,,,,,2,2,"{""coordinates"": [-87.655480458943, 41.985419562992], ""type"": ""Point""}","[""FRONT-LEFT-CORNER"", ""UNKNOWN""]","[""TOYOTA"", ""UNKNOWN""]","[""STRAIGHT AHEAD"", ""UNKNOWN/NA""]","[""MOTORIZED"", ""RAV4""]",[],"[""57""]","[""NOT APPLICABLE""]","[""NONE""]","[""NO INDICATION OF INJURY""]","[""O2157089"", ""O2157090""]"
STRAIGHT AND LEVEL,2523,2025-09-24T02:00:00.000,4,2,9,0870efb3cd9136d33fa550b49028e2df48f0c16e22da411b53122fda6a125fca4714526af1ee72b733f2bf9c1b0fb6f06805428b68ccbd4f80fb6e534aa85280,NO INJURY / DRIVE AWAY,"$501 - $1,500",2025-09-24T02:01:00.000,NO CONTROLS,PARKED MOTOR VEHICLE,,0,0,1,0,0,0,0,41.9379244242,"DARKNESS, LIGHTED ROAD",-87.7272974368,NO INDICATION OF INJURY,2,20,IMPROPER BACKING,ON SCENE,NO DEFECTS,DRY,NOT APPLICABLE,,N,PULASKI RD,3120,NO CONTROLS,PARKING LOT,CLEAR,,,,,,,2,1,"{""coordinates"": [-87.727297436758, 41.937924424195], ""type"": ""Point""}","[""REAR-LEFT-CORNER"", ""REAR-RIGHT-CORNER""]","[""NISSAN"", ""TOYOTA""]","[""BACKING"", ""PARKED""]","[""ALTIMA"", ""CAMRY""]",[],"[""48""]","[""DID NOT DEPLOY""]","[""NONE""]","[""NO INDICATION OF INJURY""]","[""O2156775""]"
STRAIGHT AND LEVEL,1712,2025-09-24T02:10:00.000,4,2,9,87725c55f435d8c3145a39aa737fe6712e8a826d88d907f80bfebbac6cdd8b0183a908abdd4fcbcef1401a769e17097ecebf7e118d4ffc262f935c3a2e533f2d,INJURY AND / OR TOW DUE TO CRASH,"OVER $1,500",2025-09-24T02:16:00.000,NO CONTROLS,PARKED MOTOR VEHICLE,,0,0,0,0,2,2,0,41.9699140927,DUSK,-87.7230392396,"REPORTED, NOT EVIDENT",3,25,NOT APPLICABLE,ON SCENE,UNKNOWN,DRY,NOT APPLICABLE,,N,HAMLIN AVE,4855,NO CONTROLS,OTHER,CLEAR,,,,,,,3,2,"{""coordinates"": [-87.723039239554, 41.969914092726], ""type"": ""Point""}","[""FRONT-LEFT-CORNER"", ""FRONT-RIGHT-CORNER"", ""SIDE-RIGHT-REAR""]","[""INFINITI"", ""KIA"", ""MERCEDES-BENZ""]","[""PARKED"", ""UNKNOWN/NA""]","[""GLK350"", ""OTHER (EXPLAIN IN NARRATIVE)"", ""SORENTO""]","[""Y""]","[""16""]","[""DEPLOYMENT UNKNOWN"", ""DID NOT DEPLOY""]","[""NONE""]","[""REPORTED, NOT EVIDENT""]","[""O2156793"", ""P475993""]"
STRAIGHT AND LEVEL,621,2025-09-24T02:27:00.000,4,2,9,1158ee70447d81a29b7ef7ad35f0782310254efa9e736e1e2b8ab174d32fa810ac035865c84a8809816989f2d5586d37d097826a3bdfbecd3a6abb66c28fcd87,INJURY AND / OR TOW DUE TO CRASH,"OVER $1,500",2025-09-24T02:27:00.000,NO CONTROLS,FIXED OBJECT,,0,0,1,0,0,0,0,41.7561275695,"DARKNESS, LIGHTED ROAD",-87.6367225468,NO INDICATION OF INJURY,2,35,UNABLE TO DETERMINE,ON SCENE,NO DEFECTS,DRY,UNABLE TO DETERMINE,,S,NORMAL AVE,7601,NO CONTROLS,DIVIDED - W/MEDIAN BARRIER,CLEAR,,,,,,,2,1,"{""coordinates"": [-87.636722546807, 41.756127569522], ""type"": ""Point""}","[""FRONT-RIGHT-CORNER""]","[""BUICK""]","[""UNKNOWN/NA""]","[""ENVISION""]","[""Y""]",[],"[""DEPLOYMENT UNKNOWN""]","[""UNKNOWN""]","[""NO INDICATION OF INJURY""]","[""O2156778""]"
STRAIGHT AND LEVEL,1031,2025-09-24T02:37:00.000,4,2,9,5594a271eef85ad441826d6e0f81748034e636147606e24c2a5b0952e70754e3353ab0f79f1290c6c55152248e01fb0f9c0ddf8c4bdd51f1094c5205ee5865b6,INJURY AND / OR TOW DUE TO CRASH,"OVER $1,500",2025-09-24T02:38:00.000,NO CONTROLS,PARKED MOTOR VEHICLE,,0,0,1,0,0,0,0,41.8388685732,"DARKNESS, LIGHTED ROAD",-87.7342783274,NO INDICATION OF INJURY,2,30,FAILING TO REDUCE SPEED TO AVOID CRASH,ON SCENE,NO DEFECTS,DRY,UNABLE TO DETERMINE,,S,KOSTNER AVE,2852,NO CONTROLS,NOT DIVIDED,CLEAR,,,,,,,2,1,"{""coordinates"": [-87.734278327361, 41.838868573153], ""type"": ""Point""}","[""FRONT-RIGHT-CORNER"", ""SIDE-LEFT""]","[""ACURA"", ""GENERAL MOTORS CORPORATION (GMC)""]","[""PARKED"", ""STRAIGHT AHEAD""]","[""ACADIA"", ""ADX""]","[""Y""]","[""28""]","[""DEPLOYMENT UNKNOWN""]","[""NONE""]","[""NO INDICATION OF INJURY""]","[""O2156779""]"
STRAIGHT AND LEVEL,422,2025-09-24T02:50:00.000,4,2,9,d6633565b9f3408faba54117b9abaa9accc903cdad75971976d2424e3f26600936cda62dca08e5aa51eac0dcede1d6d84a8d602dafe2ebde29f9ea27f88b86a6,NO INJURY / DRIVE AWAY,"OVER $1,500",2025-09-24T02:54:00.000,NO CONTROLS,FIXED OBJECT,,0,0,3,0,0,0,0,41.7518209021,"DARKNESS, LIGHTED ROAD",-87.5527510825,NO INDICATION OF INJURY,1,30,NOT APPLICABLE,ON SCENE,UNKNOWN,DRY,NOT APPLICABLE,,S,EXCHANGE AVE,7901,NO CONTROLS,T-INTERSECTION,CLEAR,,Y,,,,,1,3,"{""coordinates"": [-87.552751082487, 41.751820902083], ""type"": ""Point""}","[""FRONT""]","[""CHEVROLET""]","[""TURNING LEFT""]","[""MALIBU""]",[],"[""22"", ""25"", ""35""]","[""DEPLOYED, COMBINATION"", ""DEPLOYED, FRONT"", ""NOT APPLICABLE""]","[""NONE""]","[""NO INDICATION OF INJURY""]","[""O2156781"", ""P475981"", ""P475982""]"
STRAIGHT AND LEVEL,1613,2025-09-24T03:26:00.000,4,3,9,93a3183ff74ad6ede31582119a7070c3cf2549181675621da43e4ca400b0e31fac6be0e35f0c1a22e04af76ad390c0376a2938de063c8081454c9abaf0fc4036,INJURY AND / OR TOW DUE TO CRASH,"OVER $1,500",2025-09-24T03:27:00.000,UNKNOWN,ANGLE,,0,0,0,1,1,2,0,41.974558469,"DARKNESS, LIGHTED ROAD",-87.8066105605,NONINCAPACITATING INJURY,2,30,FAILING TO YIELD RIGHT-OF-WAY,ON SCENE,UNKNOWN,UNKNOWN,DRIVING SKILLS/KNOWLEDGE/EXPERIENCE,,W,FOSTER PL,7155,TRAFFIC SIGNAL,FOUR WAY,CLEAR,,Y,,,,,2,2,"{""coordinates"": [-87.806610560476, 41.974558468993], ""type"": ""Point""}","[""FRONT-RIGHT-CORNER"", ""SIDE-LEFT-REAR""]","[""DODGE"", ""HONDA""]","[""STRAIGHT AHEAD""]","[""DURANGO"", ""HR-V""]","[""Y""]","[""48"", ""68""]","[""DEPLOYED, SIDE"", ""DEPLOYMENT UNKNOWN""]","[""NONE""]","[""NONINCAPACITATING INJURY"", ""REPORTED, NOT EVIDENT""]","[""O2156785"", ""O2156786""]"
STRAIGHT AND LEVEL,914,2025-09-24T04:16:00.000,4,4,9,298ef0a68307cae7b81ee33e8b38683f9e980a97a587527d3b5c7ec1f3024290b743c2a5d15330740f2ee55b99596f45c06d4306ab0833f1753fd7b21c491e3d,INJURY AND / OR TOW DUE TO CRASH,"OVER $1,500",2025-09-24T04:18:00.000,NO CONTROLS,FIXED OBJECT,,0,0,2,0,0,0,0,41.8506671382,"DARKNESS, LIGHTED ROAD",-87.63963252,NO INDICATION OF INJURY,1,30,UNABLE TO DETERMINE,ON SCENE,NO DEFECTS,DRY,UNABLE TO DETERMINE,,S,ARCHER AVE,2320,NO CONTROLS,DIVIDED - W/MEDIAN (NOT RAISED),CLEAR,,,,,,,1,2,"{""coordinates"": [-87.639632520023, 41.850667138197], ""type"": ""Point""}","[""UNKNOWN""]","[""LEXUS""]","[""STRAIGHT AHEAD""]","[""GX470""]","[""Y""]","[""35""]","[""DID NOT DEPLOY""]","[""NONE""]","[""NO INDICATION OF INJURY""]","[""O2156782"", ""P475980""]"
STRAIGHT AND LEVEL,431,2025-09-24T05:33:00.000,4,5,9,a6f393b5ec00bb512c9981fab40c30a83bb50d5fc5a0bf88a0fb6e11ccf0590249abbfa4673617ba058f6c2ed14089ab7901614833549410f9fba04f70302cc0,NO INJURY / DRIVE AWAY,"OVER $1,500",2025-09-24T06:10:00.000,FUNCTIONING PROPERLY,TURNING,,0,0,2,0,0,0,0,41.70794229,DAYLIGHT,-87.5830342121,NO INDICATION OF INJURY,2,30,FAILING TO YIELD RIGHT-OF-WAY,NOT ON SCENE (DESK REPORT),NO DEFECTS,DRY,FAILING TO REDUCE SPEED TO AVOID CRASH,,E,103RD ST,1700,TRAFFIC SIGNAL,NOT DIVIDED,CLEAR,,,,,,,2,2,"{""coordinates"": [-87.583034212094, 41.707942290045], ""type"": ""Point""}","[""FRONT"", ""FRONT-RIGHT-CORNER""]","[""CHEVROLET"", ""DODGE""]","[""STRAIGHT AHEAD"", ""TURNING LEFT""]","[""EQUINOX"", ""JOURNEY""]",[],"[""44"", ""52""]","[""DID NOT DEPLOY""]","[""NONE""]","[""NO INDICATION OF INJURY""]","[""O2156800"", ""O2156801""]"
STRAIGHT AND LEVEL,124,2025-09-24T05:50:00.000,4,5,9,ce89222799fee18054c03e73339d71b34651433761ebf89d3797a6f5cfca432a22003b1f5c4ed74a5333d754f41717c98388b840d91d823327784204f37ed294,INJURY AND / OR TOW DUE TO CRASH,"OVER $1,500",2025-09-24T07:06:00.000,FUNCTIONING PROPERLY,ANGLE,Y,0,0,2,0,0,0,0,41.8670852232,DAYLIGHT,-87.6439684381,NO INDICATION OF INJURY,2,30,DISREGARDING TRAFFIC SIGNALS,ON SCENE,UNKNOWN,DRY,UNABLE TO DETERMINE,,W,ROOSEVELT RD,645,TRAFFIC SIGNAL,CENTER TURN LANE,CLEAR,,Y,,,,,2,2,"{""coordinates"": [-87.643968438055, 41.867085223165], ""type"": ""Point""}","[""FRONT"", ""UNKNOWN""]","[""NISSAN"", ""UNKNOWN""]","[""STRAIGHT AHEAD""]","[""OTHER (EXPLAIN IN NARRATIVE)"", ""VERSA""]","[""Y""]","[""37""]","[""DEPLOYMENT UNKNOWN"", ""DID NOT DEPLOY""]","[""NONE""]","[""NO INDICATION OF INJURY""]","[""O2156858"", ""O2156859""]"
STRAIGHT AND LEVEL,1834,2025-09-24T06:35:00.000,4,6,9,a8c7ad361be81dc40f4046a6bf20130617e989888b2e2ad03eb8cb2271a77ff2d45a686b614683b13497bac99150de3859fb2ca3250b556434c9c65984bcbd2b,NO INJURY / DRIVE AWAY,"OVER $1,500",2025-09-24T06:41:00.000,FUNCTIONING PROPERLY,SIDESWIPE SAME DIRECTION,,0,0,2,0,0,0,0,41.8941588656,DAYLIGHT,-87.620438461,NO INDICATION OF INJURY,2,25,IMPROPER OVERTAKING/PASSING,ON SCENE,NO DEFECTS,DRY,NOT APPLICABLE,,N,FAIRBANKS CT,654,TRAFFIC SIGNAL,DIVIDED - W/MEDIAN (NOT RAISED),CLEAR,,,,,,,2,2,"{""coordinates"": [-87.620438460957, 41.894158865635], ""type"": ""Point""}","[""REAR-RIGHT-CORNER"", ""SIDE-LEFT-FRONT""]","[""ACURA"", ""NOVA BUS""]","[""PASSING/OVERTAKING"", ""STRAIGHT AHEAD""]","[""OTHER (EXPLAIN IN NARRATIVE)"", ""ZDX""]",[],"[""35"", ""37""]","[""NOT APPLICABLE""]","[""NONE""]","[""NO INDICATION OF INJURY""]","[""O2156827"", ""O2156828""]"
STRAIGHT AND LEVEL,1214,2025-09-24T06:45:00.000,4,6,9,234794683d17659b361b9eb5e41d5ea1a79b1f3a89adeb5b4ab4782dacbbb2183ee115601c6c671b731fce1a194542d662493cff879339fc09d1bea619084b28,NO INJURY / DRIVE AWAY,$500 OR LESS,2025-09-24T08:00:00.000,NO CONTROLS,PARKED MOTOR VEHICLE,,0,0,1,0,0,0,0,41.8912056088,DAYLIGHT,-87.6559566951,NO INDICATION OF INJURY,2,30,NOT APPLICABLE,NOT ON SCENE (DESK REPORT),NO DEFECTS,DRY,NOT APPLICABLE,,W,GRAND AVE,1134,NO CONTROLS,NOT DIVIDED,CLEAR,,,,,,,2,1,"{""coordinates"": [-87.655956695079, 41.891205608825], ""type"": ""Point""}","[""FRONT"", ""REAR""]","[""HONDA"", ""ISUZU""]","[""BACKING"", ""PARKED""]","[""OTHER (EXPLAIN IN NARRATIVE)""]",[],"[""69""]","[""NOT APPLICABLE""]","[""NONE""]","[""NO INDICATION OF INJURY""]","[""O2156808""]"
STRAIGHT AND LEVEL,1732,2025-09-24T06:48:00.000,4,6,9,6b1b465d3a31a1486724f77c8f0dd726360d9b60f57d894093a97abbf5b7c5a2b2d40f275a23db5be888b4d91e4fd0e9ee82da8d6e0f70031d292e3c7773c53a,NO INJURY / DRIVE AWAY,$500 OR LESS,2025-09-24T06:50:00.000,NO CONTROLS,SIDESWIPE SAME DIRECTION,,0,0,3,0,0,0,0,41.9537218747,DAYLIGHT,-87.7146610273,NO INDICATION OF INJURY,2,30,IMPROPER OVERTAKING/PASSING,ON SCENE,NO DEFECTS,DRY,UNABLE TO DETERMINE,,W,IRVING PARK RD,3443,NO CONTROLS,DIVIDED - W/MEDIAN (NOT RAISED),CLEAR,Y,,,,,,2,3,"{""coordinates"": [-87.714661027293, 41.953721874744], ""type"": ""Point""}","[""REAR-RIGHT-CORNER"", ""SIDE-LEFT-FRONT""]","[""TOYOTA""]","[""STRAIGHT AHEAD""]","[""COROLLA"", ""RAV4""]",[],"[""41"", ""64"", ""68""]","[""DID NOT DEPLOY"", ""NOT APPLICABLE""]","[""NONE""]","[""NO INDICATION OF INJURY""]","[""O2156802"", ""O2156803"", ""P475984""]"
STRAIGHT AND LEVEL,2211,2025-09-24T06:50:00.000,4,6,9,7374f5cb8880fe5d49564e525105f1be80446ca53a9e235eb3d9a34f2398f4f0095cadeda5f40858d9e1bec9a50947e88946db5a7d2e780fc0c112f3e808c570,INJURY AND / OR TOW DUE TO CRASH,"OVER $1,500",2025-09-24T07:00:00.000,NO CONTROLS,PARKED MOTOR VEHICLE,,0,0,1,0,0,0,0,41.6990215929,DAYLIGHT,-87.6989707474,NO INDICATION OF INJURY,2,25,DRIVING SKILLS/KNOWLEDGE/EXPERIENCE,ON SCENE,NO DEFECTS,DRY,FAILING TO REDUCE SPEED TO AVOID CRASH,,W,107TH ST,3104,NO CONTROLS,NOT DIVIDED,CLEAR,,,,,,,2,1,"{""coordinates"": [-87.69897074744, 41.699021592889], ""type"": ""Point""}","[""FRONT"", ""REAR-LEFT-CORNER""]","[""BUICK"", ""HYUNDAI""]","[""OTHER"", ""PARKED""]","[""ENCORE"", ""TUCSON""]","[""Y""]","[""17""]","[""DEPLOYED, FRONT""]","[""NONE""]","[""NO INDICATION OF INJURY""]","[""O2157031""]"