alignment,beat_of_occurrence,crash_date,crash_day_of_week,crash_hour,crash_month,crash_record_id,crash_type,damage,date_police_notified,device_condition,first_crash_type,hit_and_run_i,injuries_fatal,injuries_incapacitating,injuries_no_indication,injuries_non_incapacitating,injuries_reported_not_evident,injuries_total,injuries_unknown,latitude,lighting_condition,longitude,most_severe_injury,num_units,posted_speed_limit,prim_contributory_cause,report_type,road_defect,roadway_surface_cond,sec_contributory_cause,statements_taken_i,street_direction,street_name,street_no,traffic_control_device,trafficway_type,weather_condition,crash_date_est_i,intersection_related_i,photos_taken_i,work_zone_i,dooring_i,private_property_i,veh_count,ppl_count,location_json,veh_first_contact_point_list_json,veh_make_list_json,veh_maneuver_list_json,veh_model_list_json,veh_towed_i_list_json,ppl_age_list_json,ppl_airbag_deployed_list_json,ppl_ejection_list_json,ppl_injury_classification_list_json,ppl_person_id_list_json
STRAIGHT AND LEVEL,1115,2025-09-24T06:56:00.000,4,6,9,da4ebc0d237471e4c67172668f8b6fac84ee616fc79c76a2398502d9a86b49757573cf394dcbe1871ce6117d600e04e298cdfd49219a3b96ad944bf05637b653,NO INJURY / DRIVE AWAY,"OVER $1,500",2025-09-24T07:01:00.000,FUNCTIONING PROPERLY,SIDESWIPE SAME DIRECTION,,0,0,3,0,0,0,0,41.8818742677,DAYLIGHT,-87.7307352497,NO INDICATION OF INJURY,2,30,IMPROPER OVERTAKING/PASSING,ON SCENE,NO DEFECTS,DRY,NOT APPLICABLE,,W,WASHINGTON BLVD,4201,TRAFFIC SIGNAL,DIVIDED - W/MEDIAN (NOT RAISED),CLEAR,,,,,,,2,3,"{""coordinates"": [-87.73073524966, 41.881874267749], ""type"": ""Point""}","[""FRONT-LEFT-CORNER"", ""SIDE-RIGHT-REAR""]","[""CHEVROLET"", ""TOYOTA""]","[""PASSING/OVERTAKING"", ""STRAIGHT AHEAD""]","[""CAMRY"", ""SILVERADO""]",[],"[""35"", ""48"", ""5""]","[""DID NOT DEPLOY""]","[""NONE""]","[""NO INDICATION OF INJURY""]","[""O2156796"", ""O2156797"", ""P475983""]"
STRAIGHT AND LEVEL,433,2025-09-24T07:00:00.000,4,7,9,ecbb35863869afe2f3bf507cb7eb259aee8e24dfb580b4a3e6dfc6db165f4db298694873b6b60a134702c14ff9dd96445497f2cd875e5b587f0307239b7391c8,NO INJURY / DRIVE AWAY,"OVER $1,500",2025-09-24T13:04:00.000,UNKNOWN,REAR END,,0,0,4,0,0,0,0,41.6954062444,DAYLIGHT,-87.540249742,NO INDICATION OF INJURY,2,30,UNABLE TO DETERMINE,NOT ON SCENE (DESK REPORT),UNKNOWN,DRY,NOT APPLICABLE,,S,AVENUE O,11000,STOP SIGN/FLASHER,FOUR WAY,CLEAR,,,,,,,2,4,"{""coordinates"": [-87.540249741986, 41.695406244353], ""type"": ""Point""}","[""REAR"", ""UNKNOWN""]","[""CHEVROLET""]","[""STRAIGHT AHEAD""]","[""CRUZE"", ""EQUINOX""]",[],"[""27"", ""57""]","[""DID NOT DEPLOY""]","[""NONE""]","[""NO INDICATION OF INJURY""]","[""O2157012"", ""O2157013"", ""P476039"", ""P476040""]"
STRAIGHT ON GRADE,614,2025-09-24T07:13:00.000,4,7,9,8f58192e2bfeccb7b57b2fd3ff74db8e10226098f2a364772ac8c0f2646ac96ed32b5cd38934d5e8c9c91b3bdf85da68bd4deaee0956d459e386e42b87822434,NO INJURY / DRIVE AWAY,"OVER $1,500",2025-09-24T20:15:00.000,FUNCTIONING PROPERLY,REAR END,,0,0,2,0,0,0,0,41.7358986171,DAYLIGHT,-87.6631287809,NO INDICATION OF INJURY,2,30,FAILING TO REDUCE SPEED TO AVOID CRASH,NOT ON SCENE (DESK REPORT),NO DEFECTS,DRY,FOLLOWING TOO CLOSELY,,W,87TH ST,1600,TRAFFIC SIGNAL,FOUR WAY,CLEAR,,Y,,,,,2,2,"{""coordinates"": [-87.663128780901, 41.735898617066], ""type"": ""Point""}","[""FRONT"", ""REAR""]","[""LEXUS"", ""MERCEDES-BENZ""]","[""OTHER"", ""STRAIGHT AHEAD""]","[""OTHER (EXPLAIN IN NARRATIVE)""]",[],"[""19"", ""57""]","[""DID NOT DEPLOY""]","[""NONE""]","[""NO INDICATION OF INJURY""]","[""O2157355"", ""O2157356""]"
STRAIGHT AND LEVEL,2432,2025-09-24T07:15:00.000,4,7,9,5248ad74455027174f2ff9cc51bc4f5ffe503f08ed054889b45c06678967eecf46b989ba1bc8ffd18caa1563aaf328fcbf845dcffae5766930ff86ee55dd55be,NO INJURY / DRIVE AWAY,"$501 - $1,500",2025-09-24T10:00:00.000,NO CONTROLS,PARKED MOTOR VEHICLE,Y,0,0,1,0,0,0,0,42.0044227426,DAYLIGHT,-87.6609914887,NO INDICATION OF INJURY,2,10,NOT APPLICABLE,ON SCENE,NO DEFECTS,DRY,NOT APPLICABLE,,N,SHERIDAN RD,6726,NO CONTROLS,PARKING LOT,CLEAR,,,,,,Y,2,1,"{""coordinates"": [-87.660991488697, 42.004422742635], ""type"": ""Point""}","[""FRONT-LEFT-CORNER"", ""UNKNOWN""]","[""AUDI"", ""BMW""]","[""PARKED"", ""UNKNOWN/NA""]","[""OTHER (EXPLAIN IN NARRATIVE)"", ""Q5""]",[],[],"[""DEPLOYMENT UNKNOWN""]","[""UNKNOWN""]","[""NO INDICATION OF INJURY""]","[""O2156906""]"
STRAIGHT AND LEVEL,1423,2025-09-24T07:15:00.000,4,7,9,6b2e5b77c7c2e178462418bae0791ab8cc9becc7f70cde2b5dfb7e478075e3d4c91efacec02a57af691c3b429200bdd8ff81359b15ce3950315b9b88458c7eae,NO INJURY / DRIVE AWAY,$500 OR LESS,2025-09-24T09:05:00.000,NO CONTROLS,REAR END,,0,0,3,0,0,0,0,41.9051415167,DAYLIGHT,-87.6967878058,NO INDICATION OF INJURY,2,30,UNABLE TO DETERMINE,NOT ON SCENE (DESK REPORT),NO DEFECTS,DRY,NOT APPLICABLE,,N,CALIFORNIA AVE,1311,NO CONTROLS,NOT DIVIDED,CLEAR,,,,,,,2,3,"{""coordinates"": [-87.69678780578, 41.90514151674], ""type"": ""Point""}","[""FRONT"", ""REAR""]","[""BUICK"", ""FORD""]","[""STRAIGHT AHEAD""]","[""OTHER (EXPLAIN IN NARRATIVE)""]",[],"[""24"", ""66""]","[""DID NOT DEPLOY""]","[""NONE""]","[""NO INDICATION OF INJURY""]","[""O2156856"", ""O2156857"", ""P475997""]"
STRAIGHT AND LEVEL,815,2025-09-24T07:20:00.000,4,7,9,8dc890ccc9bf60b8736c0a4d7bb018cf3c27fc5f47de4cb22542cacdea084c8e7e6ee07812f5a041011995fa93d60702509e3c6b14136ba75f37b78b1f45743c,NO INJURY / DRIVE AWAY,"OVER $1,500",2025-09-24T08:40:00.000,NO CONTROLS,SIDESWIPE SAME DIRECTION,Y,0,0,3,0,0,0,0,41.8009226425,DAYLIGHT,-87.7277035767,NO INDICATION OF INJURY,2,30,IMPROPER OVERTAKING/PASSING,NOT ON SCENE (DESK REPORT),NO DEFECTS,DRY,FAILING TO REDUCE SPEED TO AVOID CRASH,,S,ARCHER AVE,5075,NO CONTROLS,NOT DIVIDED,CLEAR,,,,,,,2,3,"{""coordinates"": [-87.727703576704, 41.800922642496], ""type"": ""Point""}","[""FRONT-RIGHT-CORNER"", ""SIDE-LEFT""]","[""CHEVROLET""]","[""PASSING/OVERTAKING"", ""SLOW/STOP IN TRAFFIC""]","[""SILVERADO"", ""TAHOE""]",[],"[""16"", ""36""]","[""DID NOT DEPLOY""]","[""NONE""]","[""NO INDICATION OF INJURY""]","[""O2156840"", ""O2156841"", ""P475994""]"
STRAIGHT AND LEVEL,2523,2025-09-24T07:26:00.000,4,7,9,4ca6c6f01addb884eceafac8d68bf4e0a7b0efa16a001ed8d101392dbd4ee43bb644f3142600f42477dcb2850a6ae58381c87cdd6dcab4dffffc08861295cfd4,NO INJURY / DRIVE AWAY,"OVER $1,500",2025-09-24T07:32:00.000,NO CONTROLS,REAR TO FRONT,,0,0,2,0,0,0,0,41.931914858,DAYLIGHT,-87.7258240123,NO INDICATION OF INJURY,2,30,IMPROPER LANE USAGE,NOT ON SCENE (DESK REPORT),NO DEFECTS,DRY,IMPROPER BACKING,,W,DIVERSEY AVE,3930,NO CONTROLS,ALLEY,CLEAR,,,,,,,2,2,"{""coordinates"": [-87.725824012259, 41.931914858005], ""type"": ""Point""}","[""SIDE-LEFT-REAR"", ""SIDE-RIGHT-REAR""]","[""CHEVROLET"", ""GENERAL MOTORS CORPORATION (GMC)""]","[""BACKING"", ""STRAIGHT AHEAD""]","[""ACADIA"", ""CRUZE""]",[],"[""42"", ""43""]","[""NOT APPLICABLE""]","[""NONE""]","[""NO INDICATION OF INJURY""]","[""O2156833"", ""O2156834""]"
STRAIGHT AND LEVEL,1921,2025-09-24T07:28:00.000,4,7,9,577af78bbae4fb0c5dca87f5932965d6220f90099f0a1663a06de62b5ee80ab714d230062810ecd1ca4541d0fb47ffffd87bcc9836506fc36d1c121b7ab565a8,INJURY AND / OR TOW DUE TO CRASH,$500 OR LESS,2025-09-24T07:31:00.000,FUNCTIONING PROPERLY,PEDESTRIAN,,0,0,1,1,0,1,0,41.9396519315,DAYLIGHT,-87.6809032053,NONINCAPACITATING INJURY,2,30,FAILING TO YIELD RIGHT-OF-WAY,ON SCENE,NO DEFECTS,DRY,FAILING TO YIELD RIGHT-OF-WAY,,W,BELMONT AVE,2100,YIELD,DIVIDED - W/MEDIAN (NOT RAISED),CLEAR,,,,,,,2,2,"{""coordinates"": [-87.680903205327, 41.939651931538], ""type"": ""Point""}","[""SIDE-RIGHT-FRONT""]","[""NISSAN""]","[""STRAIGHT AHEAD""]","[""FRONTIER""]",[],"[""14"", ""78""]","[""DID NOT DEPLOY""]","[""NONE""]","[""NO INDICATION OF INJURY"", ""NONINCAPACITATING INJURY""]","[""O2156879"", ""O2156880""]"
STRAIGHT AND LEVEL,1632,2025-09-24T07:30:00.000,4,7,9,8a2f4da9ed6192f908b7720f54795431a29594ece383258d9462a11b67accab72ed37368220a849643e2120417aa6fc45bef8705898d2119dc23fd7b6a5afad2,NO INJURY / DRIVE AWAY,$500 OR LESS,2025-09-24T20:30:00.000,NO CONTROLS,PARKED MOTOR VEHICLE,Y,0,0,1,0,0,0,0,41.9530102332,UNKNOWN,-87.7877071626,NO INDICATION OF INJURY,2,10,UNABLE TO DETERMINE,NOT ON SCENE (DESK REPORT),UNKNOWN,DRY,UNABLE TO DETERMINE,,W,IRVING PARK RD,6430,NO CONTROLS,PARKING LOT,CLEAR,Y,,,,,,2,1,"{""coordinates"": [-87.787707162599, 41.953010233235], ""type"": ""Point""}","[""SIDE-RIGHT"", ""UNKNOWN""]","[""DODGE"", ""UNKNOWN""]","[""PARKED"", ""UNKNOWN/NA""]","[""MOTORIZED"", ""RAM 1500 VAN""]",[],[],"[""DEPLOYMENT UNKNOWN""]","[""NONE""]","[""NO INDICATION OF INJURY""]","[""O2157353""]"
STRAIGHT AND LEVEL,2512,2025-09-24T07:30:00.000,4,7,9,d8d9ae776eb374c9738f9961e8b54724d58acd70db925552b1942cb6ea54eb8244ba4bf009387f284a2f164da3b2883363a7d8d2d1f2004404c1b45ac9560ecb,NO INJURY / DRIVE AWAY,$500 OR LESS,2025-09-24T15:15:00.000,UNKNOWN,TURNING,,0,0,2,0,0,0,0,41.9178000794,DAYLIGHT,-87.7755736442,NO INDICATION OF INJURY,2,25,UNABLE TO DETERMINE,NOT ON SCENE (DESK REPORT),UNKNOWN,UNKNOWN,NOT APPLICABLE,,W,DICKENS AVE,6001,UNKNOWN,FOUR WAY,UNKNOWN,,,,,,,2,2,"{""coordinates"": [-87.775573644236, 41.917800079362], ""type"": ""Point""}","[""FRONT"", ""REAR""]","[""JEEP"", ""TOYOTA""]","[""TURNING RIGHT""]","[""COMPASS"", ""HIGHLANDER""]",[],"[""31"", ""50""]","[""DEPLOYMENT UNKNOWN"", ""NOT APPLICABLE""]","[""NONE""]","[""NO INDICATION OF INJURY""]","[""O2157087"", ""O2157088""]"
STRAIGHT AND LEVEL,1034,2025-09-24T07:36:00.000,4,7,9,6db2d075d2554c17e1c38d5bcb2bc223c3b86d99afca3275171f0c694f0ab13c1d69fe4f908d1e6bb1aa88d15eaa243dfb63b186f84ef151a34734636fa38567,NO INJURY / DRIVE AWAY,$500 OR LESS,2025-09-24T07:44:00.000,FUNCTIONING PROPERLY,PEDESTRIAN,,0,0,3,0,0,0,0,41.8520640214,DAYLIGHT,-87.6759594013,NO INDICATION OF INJURY,2,30,DISREGARDING TRAFFIC SIGNALS,ON SCENE,NO DEFECTS,DRY,FAILING TO YIELD RIGHT-OF-WAY,,W,CERMAK RD,2001,TRAFFIC SIGNAL,NOT DIVIDED,CLEAR,,Y,,,,,2,3,"{""coordinates"": [-87.675959401283, 41.852064021354], ""type"": ""Point""}","[""FRONT""]","[""HONDA""]","[""STRAIGHT AHEAD""]","[""ODYSSEY""]",[],"[""14"", ""27"", ""46""]","[""DID NOT DEPLOY""]","[""NONE""]","[""NO INDICATION OF INJURY""]","[""O2156866"", ""O2156867"", ""P476006""]"
STRAIGHT AND LEVEL,1731,2025-09-24T07:38:00.000,4,7,9,128eb7757b34ead952ee3daa6229315d56825ee918717ecccb21f46d74d5d2a80dab1e159b8707e9e2ae5a4e2ec3175bf4b2426117132161868dc50e952d392f,INJURY AND / OR TOW DUE TO CRASH,"OVER $1,500",2025-09-24T07:44:00.000,NO CONTROLS,PARKED MOTOR VEHICLE,,0,0,2,0,0,0,0,41.9391066811,DAYLIGHT,-87.7467284071,NO INDICATION OF INJURY,2,30,UNDER THE INFLUENCE OF ALCOHOL/DRUGS (USE WHEN ARREST IS EFFECTED),ON SCENE,NO DEFECTS,DRY,UNDER THE INFLUENCE OF ALCOHOL/DRUGS (USE WHEN ARREST IS EFFECTED),,N,CICERO AVE,3209,NO CONTROLS,NOT DIVIDED,CLEAR,,,N,,,,2,2,"{""coordinates"": [-87.746728407119, 41.939106681075], ""type"": ""Point""}","[""FRONT-RIGHT-CORNER"", ""REAR-RIGHT-CORNER""]","[""CHEVROLET"", ""TOYOTA""]","[""PARKED"", ""STRAIGHT AHEAD""]","[""MALIBU"", ""SIENNA""]","[""Y""]","[""49"", ""54""]","[""NOT APPLICABLE""]","[""NONE""]","[""NO INDICATION OF INJURY""]","[""O2156900"", ""P476026""]"
STRAIGHT AND LEVEL,823,2025-09-24T07:40:00.000,4,7,9,4f1ac3b42042a8c8982df14fb7a539f36eaf44a4c134964b19c76052f941668e0dd5c95d4207b8fd7ea3ae616f9d39305d0cab3e3cf41afd815f0edc5591380b,INJURY AND / OR TOW DUE TO CRASH,"OVER $1,500",2025-09-24T07:50:00.000,NO CONTROLS,SIDESWIPE SAME DIRECTION,,0,0,4,0,0,0,0,41.7784213364,DAYLIGHT,-87.7029760581,NO INDICATION OF INJURY,3,35,IMPROPER LANE USAGE,ON SCENE,NO DEFECTS,DRY,UNABLE TO DETERMINE,,S,KEDZIE AVE,6315,NO CONTROLS,NOT DIVIDED,CLEAR,,,,,,,3,4,"{""coordinates"": [-87.702976058137, 41.77842133639], ""type"": ""Point""}","[""FRONT-LEFT-CORNER"", ""FRONT-RIGHT-CORNER"", ""REAR-LEFT-CORNER""]","[""BUICK"", ""CHEVROLET"", ""JEEP""]","[""CHANGING LANES"", ""STRAIGHT AHEAD""]","[""BLAZER"", ""GRAND CHEROKEE"", ""OTHER (EXPLAIN IN NARRATIVE)""]","[""Y""]","[""26"", ""30"", ""49""]","[""DID NOT DEPLOY""]","[""NONE""]","[""NO INDICATION OF INJURY""]","[""O2156842"", ""O2156843"", ""O2156844"", ""P475995""]"
STRAIGHT AND LEVEL,2522,2025-09-24T07:40:00.000,4,7,9,a75dcfe46c6b7b0801f4d87b90874b4e92435cb149b876763a5df4eb1b15b3defa57c4cc9310faabc324caaacc840d0f9bdd711767f9d9692a72945f2ca2ffd9,NO INJURY / DRIVE AWAY,"$501 - $1,500",2025-09-24T09:10:00.000,NO CONTROLS,ANGLE,,0,0,3,0,0,0,0,41.9240269333,DAYLIGHT,-87.7540324647,NO INDICATION OF INJURY,2,30,DRIVING SKILLS/KNOWLEDGE/EXPERIENCE,NOT ON SCENE (DESK REPORT),NO DEFECTS,DRY,DRIVING SKILLS/KNOWLEDGE/EXPERIENCE,,W,FULLERTON AVE,5107,NO CONTROLS,DIVIDED - W/MEDIAN (NOT RAISED),CLEAR,,,,,,,2,3,"{""coordinates"": [-87.754032464684, 41.92402693335], ""type"": ""Point""}","[""FRONT"", ""SIDE-RIGHT""]","[""NISSAN"", ""TOYOTA""]","[""STRAIGHT AHEAD""]","[""RAV4"", ""ROGUE""]",[],"[""28"", ""68""]","[""NOT APPLICABLE""]","[""NONE""]","[""NO INDICATION OF INJURY""]","[""O2156864"", ""O2156865"", ""P476012""]"
STRAIGHT AND LEVEL,714,2025-09-24T07:44:00.000,4,7,9,78fcbb6de3e364fb23f152559a9b22a4e8c14535b31e23b9757af59d70cbc864623d945601d416c49a9c3e9d84714ddcb8551a42e2bac9cd9132ddbfccd894c8,INJURY AND / OR TOW DUE TO CRASH,"OVER $1,500",2025-09-24T07:44:00.000,FUNCTIONING PROPERLY,ANGLE,,0,0,6,1,0,1,0,41.7849795702,DAYLIGHT,-87.6691409701,NONINCAPACITATING INJURY,2,30,FAILING TO YIELD RIGHT-OF-WAY,ON SCENE,UNKNOWN,DRY,UNABLE TO DETERMINE,Y,W,60TH ST,1784,STOP SIGN/FLASHER,UNKNOWN INTERSECTION TYPE,CLEAR,,Y,,,,,2,7,"{""coordinates"": [-87.669140970058, 41.784979570224], ""type"": ""Point""}","[""FRONT"", ""SIDE-LEFT""]","[""GENERAL MOTORS CORPORATION (GMC)"", ""TOYOTA""]","[""STRAIGHT AHEAD""]","[""4RUNNER"", ""ACADIA""]",[],"[""0"", ""16"", ""24"", ""27"", ""38"", ""7"", ""8""]","[""DEPLOYED, COMBINATION"", ""DEPLOYED, SIDE"", ""DID NOT DEPLOY""]","[""NONE""]","[""NO INDICATION OF INJURY"", ""NONINCAPACITATING INJURY""]","[""O2156890"", ""O2156891"", ""P476009"", ""P476011"", ""P476014"", ""P476015"", ""P476017""]"
STRAIGHT AND LEVEL,1032,2025-09-24T07:45:00.000,4,7,9,90fb7ab9b9598126fe8d76967277f71290f5721cc591bce7d572b08b784193d05b7653f56107a57a82cf5fa7d547672588ca0bf6154144e8e80794dd67a60ad1,INJURY AND / OR TOW DUE TO CRASH,"OVER $1,500",2025-09-24T07:47:00.000,NO CONTROLS,REAR END,,0,0,2,0,2,2,0,41.8351780708,DAYLIGHT,-87.7049085626,"REPORTED, NOT EVIDENT",2,30,FOLLOWING TOO CLOSELY,ON SCENE,OTHER,DRY,DRIVING SKILLS/KNOWLEDGE/EXPERIENCE,,S,KEDZIE AVE,3200,NO CONTROLS,NOT DIVIDED,CLEAR,,,,,,,2,4,"{""coordinates"": [-87.704908562627, 41.835178070832], ""type"": ""Point""}","[""FRONT"", ""REAR""]","[""CHEVROLET"", ""FORD""]","[""STRAIGHT AHEAD""]","[""ESCAPE"", ""SILVERADO""]",[],"[""31"", ""41"", ""54"", ""8""]","[""DID NOT DEPLOY""]","[""NONE""]","[""NO INDICATION OF INJURY"", ""REPORTED, NOT EVIDENT""]","[""O2156853"", ""O2156854"", ""P475999"", ""P476000""]"
STRAIGHT AND LEVEL,923,2025-09-24T07:45:00.000,4,7,9,9afa89e83e3f3b545673b8b7ab656db746edd43462dbcd8cb453b8b919d086bc2a830fbb6ac848a266673062ac4b242fdcdc70c7f853950ac145e8118868afb0,NO INJURY / DRIVE AWAY,"$501 - $1,500",2025-09-24T08:11:00.000,FUNCTIONING PROPERLY,ANGLE,N,0,0,6,0,0,0,0,41.7937578413,UNKNOWN,-87.6963045282,NO INDICATION OF INJURY,2,30,UNABLE TO DETERMINE,NOT ON SCENE (DESK REPORT),UNKNOWN,UNKNOWN,NOT APPLICABLE,,W,55TH ST,2900,STOP SIGN/FLASHER,NOT DIVIDED,UNKNOWN,,,,,,,2,6,"{""coordinates"": [-87.696304528186, 41.793757841261], ""type"": ""Point""}","[""FRONT-RIGHT-CORNER"", ""SIDE-RIGHT""]","[""CHEVROLET"", ""HONDA""]","[""SLOW/STOP IN TRAFFIC"", ""STRAIGHT AHEAD""]","[""CIVIC"", ""TRAVERSE""]",[],"[""10"", ""14"", ""17"", ""3"", ""31"", ""5""]","[""DEPLOYMENT UNKNOWN""]","[""NONE""]","[""NO INDICATION OF INJURY""]","[""O2156874"", ""O2156875"", ""P476020"", ""P476021"", ""P476022"", ""P476023""]"
STRAIGHT AND LEVEL,1921,2025-09-24T07:50:00.000,4,7,9,5f0933f842b30157d9d500cbf6739866716af4bb78809980d109823adc12b085a712f292d95a0b312bdc6967634dceb908aa3b57ea3e71d365468745ccb47b59,INJURY AND / OR TOW DUE TO CRASH,"OVER $1,500",2025-09-24T07:54:00.000,NO CONTROLS,ANGLE,,0,0,0,0,5,5,0,41.946872369,DAYLIGHT,-87.6847685993,"REPORTED, NOT EVIDENT",2,30,FAILING TO YIELD RIGHT-OF-WAY,ON SCENE,NO DEFECTS,DRY,NOT APPLICABLE,,N,BELL AVE,3600,NO CONTROLS,FOUR WAY,CLEAR,,Y,,,,,2,5,"{""coordinates"": [-87.684768599339, 41.946872369031], ""type"": ""Point""}","[""FRONT"", ""SIDE-RIGHT""]","[""MAZDA"", ""TOYOTA""]","[""SLOW/STOP IN TRAFFIC"", ""STRAIGHT AHEAD""]","[""MAZDA2"", ""RAV4""]","[""Y""]","[""33"", ""66""]","[""DEPLOYED, SIDE"", ""NOT APPLICABLE""]","[""NONE""]","[""REPORTED, NOT EVIDENT""]","[""O2156872"", ""O2156873"", ""P476013"", ""P476016"", ""P476018""]"
STRAIGHT AND LEVEL,1113,2025-09-24T07:52:00.000,4,7,9,f9110df11f2f9df1b34eb515eb4b33fafb643959e6bde00dc1934913758e2f69310116b2b60ed34b4c812ebd15c713289ef1483fb7da5879a5f82899b79fe130,NO INJURY / DRIVE AWAY,"OVER $1,500",2025-09-24T08:08:00.000,NO CONTROLS,SIDESWIPE OPPOSITE DIRECTION,,0,0,3,0,0,0,0,41.8862941787,DAYLIGHT,-87.742205731,NO INDICATION OF INJURY,2,25,UNABLE TO DETERMINE,NOT ON SCENE (DESK REPORT),NO DEFECTS,DRY,NOT APPLICABLE,,W,LAKE ST,4647,NO CONTROLS,NOT DIVIDED,CLEAR,,,,,,,2,3,"{""coordinates"": [-87.742205730955, 41.88629417866], ""type"": ""Point""}","[""SIDE-LEFT""]","[""CHEVROLET"", ""DODGE""]","[""STRAIGHT AHEAD""]","[""EXPRESS"", ""RAM 1500 PU""]",[],"[""25"", ""55"", ""60""]","[""DID NOT DEPLOY""]","[""NONE""]","[""NO INDICATION OF INJURY""]","[""O2156829"", ""O2156830"", ""P475996""]"
STRAIGHT AND LEVEL,911,2025-09-24T07:55:00.000,4,7,9,90f25057b3e826cd7422bebb0ddb1d03bf7539fb4c3f7f0dfc1050cd5f052ff3a54aedd7d1d514c2b3352ce44e8ddb4a14a2a0e6aa1b7f3648616c503fe3606f,NO INJURY / DRIVE AWAY,"OVER $1,500",2025-09-24T08:35:00.000,NO CONTROLS,SIDESWIPE SAME DIRECTION,,0,0,2,0,0,0,0,41.827218667,DAYLIGHT,-87.694591777,NO INDICATION OF INJURY,2,30,UNABLE TO DETERMINE,NOT ON SCENE (DESK REPORT),UNKNOWN,DRY,UNABLE TO DETERMINE,,S,CALIFORNIA AVE,3635,NO CONTROLS,DIVIDED - W/MEDIAN (NOT RAISED),CLEAR,,,,,,,2,2,"{""coordinates"": [-87.694591777024, 41.827218666962], ""type"": ""Point""}","[""FRONT-RIGHT-CORNER"", ""REAR-LEFT-CORNER""]","[""CHEVROLET"", ""TOYOTA""]","[""UNKNOWN/NA""]","[""RAV4"", ""TRAIL BLAZER""]",[],"[""23"", ""28""]","[""NOT APPLICABLE""]","[""NONE""]","[""NO INDICATION OF INJURY""]","[""O2156831"", ""O2156832""]"
STRAIGHT AND LEVEL,113,2025-09-24T07:59:00.000,4,7,9,f9bbbc1589d95f53bb1cc6aed945cffc0723ee42113832f9ebcebf39c4b7fffebd370b8ea0f10087cef71b75b28add08ea1aba67523f8287390a54e6e1eda229,INJURY AND / OR TOW DUE TO CRASH,"OVER $1,500",2025-09-24T17:28:00.000,NO CONTROLS,PEDESTRIAN,Y,0,0,1,1,0,1,0,41.8770014386,DAYLIGHT,-87.6297762539,NONINCAPACITATING INJURY,2,30,UNABLE TO DETERMINE,NOT ON SCENE (DESK REPORT),UNKNOWN,DRY,NOT APPLICABLE,,W,VAN BUREN ST,60,NO CONTROLS,FOUR WAY,CLEAR,,,,,,,2,2,"{""coordinates"": [-87.62977625391, 41.877001438608], ""type"": ""Point""}","[""FRONT-LEFT-CORNER""]","[""UNKNOWN""]","[""STRAIGHT AHEAD""]","[""OTHER (EXPLAIN IN NARRATIVE)""]",[],[],"[""DEPLOYMENT UNKNOWN""]","[""NONE""]","[""NO INDICATION OF INJURY"", ""NONINCAPACITATING INJURY""]","[""O2157212"", ""O2157224""]"
STRAIGHT AND LEVEL,2514,2025-09-24T08:00:00.000,4,8,9,7b828314de5cd462323603607a7467e6ba57b4ba8abdfa223407e526b50c4fefcde1d6485bfc4e8de9e3cf58d2abed7af920212843076899375b965f038c7f69,INJURY AND / OR TOW DUE TO CRASH,"OVER $1,500",2025-09-24T08:06:00.000,NO CONTROLS,REAR END,,0,0,4,1,0,1,0,41.9313325121,DAYLIGHT,-87.7701107488,NONINCAPACITATING INJURY,3,30,FAILING TO REDUCE SPEED TO AVOID CRASH,ON SCENE,UNKNOWN,UNKNOWN,NOT APPLICABLE,,W,DIVERSEY AVE,5734,NO CONTROLS,DIVIDED - W/MEDIAN (NOT RAISED),CLEAR,Y,,,,,,3,5,"{""coordinates"": [-87.770110748785, 41.931332512055], ""type"": ""Point""}","[""FRONT"", ""REAR"", ""UNKNOWN""]","[""TOYOTA"", ""UNKNOWN"", ""VOLKSWAGEN""]","[""STRAIGHT AHEAD"", ""UNKNOWN/NA""]","[""BEETLE"", ""OTHER (EXPLAIN IN NARRATIVE)"", ""RAV4""]","[""Y""]","[""28"", ""29"", ""4"", ""5""]","[""DEPLOYMENT UNKNOWN"", ""DID NOT DEPLOY"", ""NOT APPLICABLE""]","[""NONE""]","[""NO INDICATION OF INJURY"", ""NONINCAPACITATING INJURY""]","[""O2156876"", ""O2156877"", ""O2156878"", ""P476007"", ""P476008""]"
STRAIGHT AND LEVEL,1633,2025-09-24T08:00:00.000,4,8,9,8622158c02410c4b025261ab700756e86618bd535686d5e478b4adbe4e7cbad0acf06b8a5af4d01d30ab81e4daa9381d70b3c13167523f12906901f178563d41,NO INJURY / DRIVE AWAY,"OVER $1,500",2025-09-24T09:14:00.000,NO CONTROLS,SIDESWIPE SAME DIRECTION,,0,0,3,0,0,0,0,41.9459051816,DAYLIGHT,-87.7741887646,NO INDICATION OF INJURY,2,30,IMPROPER LANE USAGE,NOT ON SCENE (DESK REPORT),NO DEFECTS,DRY,UNABLE TO DETERMINE,,W,ADDISON ST,5900,NO CONTROLS,DIVIDED - W/MEDIAN (NOT RAISED),CLEAR,,,,,,,2,3,"{""coordinates"": [-87.774188764562, 41.945905181612], ""type"": ""Point""}","[""FRONT-RIGHT-CORNER"", ""SIDE-LEFT-REAR""]","[""GENERAL MOTORS CORPORATION (GMC)"", ""JEEP""]","[""STRAIGHT AHEAD""]","[""GLADIATOR"", ""TRUCK""]",[],"[""39"", ""53""]","[""NOT APPLICABLE""]","[""NONE""]","[""NO INDICATION OF INJURY""]","[""O2156862"", ""O2156863"", ""P476004""]"