alignment,beat_of_occurrence,crash_date,crash_day_of_week,crash_hour,crash_month,crash_record_id,crash_type,damage,date_police_notified,device_condition,first_crash_type,hit_and_run_i,injuries_fatal,injuries_incapacitating,injuries_no_indication,injuries_non_incapacitating,injuries_reported_not_evident,injuries_total,injuries_unknown,latitude,lighting_condition,longitude,most_severe_injury,num_units,posted_speed_limit,prim_contributory_cause,report_type,road_defect,roadway_surface_cond,sec_contributory_cause,statements_taken_i,street_direction,street_name,street_no,traffic_control_device,trafficway_type,weather_condition,crash_date_est_i,intersection_related_i,photos_taken_i,work_zone_i,dooring_i,private_property_i,veh_count,ppl_count,location_json,veh_first_contact_point_list_json,veh_make_list_json,veh_maneuver_list_json,veh_model_list_json,veh_towed_i_list_json,ppl_age_list_json,ppl_airbag_deployed_list_json,ppl_ejection_list_json,ppl_injury_classification_list_json,ppl_person_id_list_json
STRAIGHT AND LEVEL,812,2025-09-24T08:00:00.000,4,8,9,9797e63468ce1a4d3124175c54c44297a347d4d32f60496ce7d9a9567a1898638b562b6b5dd20e45a6391a6354547a1ff16cc05322f2e30fa2216b103be6ad92,NO INJURY / DRIVE AWAY,"OVER $1,500",2025-09-24T08:48:00.000,NO CONTROLS,REAR END,Y,0,0,3,0,0,0,0,41.7779350205,DAYLIGHT,-87.7621420085,NO INDICATION OF INJURY,3,30,UNABLE TO DETERMINE,NOT ON SCENE (DESK REPORT),NO DEFECTS,DRY,UNABLE TO DETERMINE,,W,63RD ST,5611,NO CONTROLS,NOT DIVIDED,CLEAR,,,,,,,3,3,"{""coordinates"": [-87.762142008467, 41.777935020506], ""type"": ""Point""}","[""REAR"", ""UNKNOWN""]","[""INFINITI"", ""TOYOTA"", ""UNKNOWN""]","[""SLOW/STOP IN TRAFFIC"", ""STRAIGHT AHEAD""]","[""HIGHLANDER"", ""OTHER (EXPLAIN IN NARRATIVE)"", ""QX60""]",[],[],"[""DEPLOYMENT UNKNOWN"", ""DID NOT DEPLOY""]","[""NONE"", ""UNKNOWN""]","[""NO INDICATION OF INJURY""]","[""O2156837"", ""O2156838"", ""O2156839""]"
STRAIGHT AND LEVEL,112,2025-09-24T08:00:00.000,4,8,9,e665f6eb932f9af88eab107695844427e5b5bd353d5d737d968760dea23a8cf0fe0a2b535e86bd66d2d0ff4c86bcc42dad3fc22f0789bbe5618496e75b5469f1,NO INJURY / DRIVE AWAY,"$501 - $1,500",2025-09-24T18:00:00.000,NO CONTROLS,SIDESWIPE SAME DIRECTION,,0,0,2,0,0,0,0,41.8818187662,DAYLIGHT,-87.6263531729,NO INDICATION OF INJURY,2,15,UNABLE TO DETERMINE,NOT ON SCENE (DESK REPORT),UNKNOWN,DRY,UNABLE TO DETERMINE,,S,WABASH AVE,10,NO CONTROLS,ONE-WAY,CLEAR,,,,,,,2,2,"{""coordinates"": [-87.626353172901, 41.881818766167], ""type"": ""Point""}","[""FRONT-LEFT-CORNER"", ""SIDE-RIGHT""]","[""CHEVROLET"", ""VOLVO""]","[""PASSING/OVERTAKING"", ""STRAIGHT AHEAD""]","[""SUBURBAN"", ""V90""]",[],"[""50"", ""57""]","[""DID NOT DEPLOY""]","[""NONE""]","[""NO INDICATION OF INJURY""]","[""O2157242"", ""O2157243""]"
STRAIGHT AND LEVEL,1834,2025-09-24T08:05:00.000,4,8,9,1a2e3ccfc54a47eabd0e673d056ba463277eb0d717a02172911813122eb1fc1a54eff26aea19f66c3336dcc829dd6ad07a59c366a1c855348b936e3e720a9226,NO INJURY / DRIVE AWAY,"OVER $1,500",2025-09-24T08:45:00.000,FUNCTIONING PROPERLY,SIDESWIPE SAME DIRECTION,,0,0,2,0,0,0,0,41.8925204807,DAYLIGHT,-87.6240374098,NO INDICATION OF INJURY,2,30,IMPROPER TURNING/NO SIGNAL,NOT ON SCENE (DESK REPORT),NO DEFECTS,DRY,NOT APPLICABLE,,N,MICHIGAN AVE,555,TRAFFIC SIGNAL,DIVIDED - W/MEDIAN (NOT RAISED),CLEAR,,,,,,,2,2,"{""coordinates"": [-87.624037409786, 41.892520480718], ""type"": ""Point""}","[""SIDE-LEFT-FRONT"", ""SIDE-RIGHT-REAR""]","[""FORD"", ""TOYOTA""]","[""STRAIGHT AHEAD""]","[""OTHER (EXPLAIN IN NARRATIVE)"", ""RAV4""]",[],"[""37"", ""48""]","[""NOT APPLICABLE""]","[""NONE"", ""UNKNOWN""]","[""NO INDICATION OF INJURY""]","[""O2156860"", ""O2156861""]"
STRAIGHT AND LEVEL,1034,2025-09-24T08:05:00.000,4,8,9,c6f15ad78d62ff6c58761c7eebf29bd19780040db9259a6524ee596cbe86af7aa9a0d58bfa2182656642580ae52da8de50eef47351fb38eb6ec5b2fda15990d8,NO INJURY / DRIVE AWAY,"OVER $1,500",2025-09-24T10:00:00.000,NO CONTROLS,PARKED MOTOR VEHICLE,,0,0,1,0,0,0,0,41.8493242457,UNKNOWN,-87.6920361168,NO INDICATION OF INJURY,2,15,UNABLE TO DETERMINE,ON SCENE,NO DEFECTS,UNKNOWN,UNABLE TO DETERMINE,,W,23RD PL,2638,NO CONTROLS,OTHER,UNKNOWN,,,,,,Y,2,1,"{""coordinates"": [-87.692036116787, 41.849324245691], ""type"": ""Point""}","[""SIDE-RIGHT"", ""UNKNOWN""]","[""KIA"", ""UNKNOWN""]","[""PARKED"", ""UNKNOWN/NA""]","[""OTHER (EXPLAIN IN NARRATIVE)"", ""SORENTO""]",[],[],"[""DEPLOYMENT UNKNOWN""]","[""NONE""]","[""NO INDICATION OF INJURY""]","[""O2156968""]"
STRAIGHT AND LEVEL,2513,2025-09-24T08:10:00.000,4,8,9,122554335f60c392de589c2fefb21f66a97496bdaeb7a98c0d75d331556a1901071b27ab42a0d4b507c1ae3474be56d5e0cf78e5836e01ab6d36779ec45a32aa,INJURY AND / OR TOW DUE TO CRASH,"OVER $1,500",2025-09-24T09:08:00.000,FUNCTIONING PROPERLY,ANGLE,,0,0,3,0,0,0,0,41.914685403,DAYLIGHT,-87.7850328864,NO INDICATION OF INJURY,2,30,"VISION OBSCURED (SIGNS, TREE LIMBS, BUILDINGS, ETC.)",ON SCENE,NO DEFECTS,DRY,"OPERATING VEHICLE IN ERRATIC, RECKLESS, CARELESS, NEGLIGENT OR AGGRESSIVE MANNER",,N,NARRAGANSETT AVE,1901,STOP SIGN/FLASHER,FOUR WAY,CLEAR,,Y,,,,,2,3,"{""coordinates"": [-87.785032886387, 41.914685403037], ""type"": ""Point""}","[""FRONT"", ""SIDE-LEFT-FRONT""]","[""FORD"", ""JEEP""]","[""PASSING/OVERTAKING"", ""STRAIGHT AHEAD""]","[""FOCUS"", ""GRAND CHEROKEE""]","[""Y""]","[""11"", ""31"", ""52""]","[""DID NOT DEPLOY""]","[""NONE""]","[""NO INDICATION OF INJURY""]","[""O2156920"", ""O2156921"", ""P476025""]"
STRAIGHT AND LEVEL,2223,2025-09-24T08:10:00.000,4,8,9,66fdd103381c1d01a04a2a6135a739823daaf6975bb0259d8cce044442299db2435a9ca415e09eb40f8638b67e3a3ddb2ee10c8d6bb0235421466afeeb5548c6,NO INJURY / DRIVE AWAY,"OVER $1,500",2025-09-24T08:30:00.000,NO CONTROLS,REAR END,,0,0,2,0,0,0,0,41.7276118923,DAYLIGHT,-87.6482016189,NO INDICATION OF INJURY,2,30,FOLLOWING TOO CLOSELY,NOT ON SCENE (DESK REPORT),NO DEFECTS,DRY,FOLLOWING TOO CLOSELY,,S,VINCENNES AVE,9135,NO CONTROLS,DIVIDED - W/MEDIAN (NOT RAISED),CLEAR,,,,,,,2,2,"{""coordinates"": [-87.648201618894, 41.727611892316], ""type"": ""Point""}","[""FRONT"", ""REAR""]","[""BMW"", ""TOYOTA""]","[""STRAIGHT AHEAD""]","[""TACOMA"", ""X5""]",[],"[""49"", ""57""]","[""NOT APPLICABLE""]","[""NONE""]","[""NO INDICATION OF INJURY""]","[""O2156851"", ""O2156852""]"
STRAIGHT AND LEVEL,1424,2025-09-24T08:12:00.000,4,8,9,a09b51cf1350169e40e7f73385eae758e3a4cd187d2fb90df735780c69214cf269137757d3d6e2453978becfda6f21330ee6e690e553267106cbc3247295f090,INJURY AND / OR TOW DUE TO CRASH,"OVER $1,500",2025-09-24T08:12:00.000,NO CONTROLS,REAR TO SIDE,,0,0,2,0,0,0,0,41.9088711271,DAYLIGHT,-87.6753374249,NO INDICATION OF INJURY,2,15,UNABLE TO DETERMINE,ON SCENE,NO DEFECTS,DRY,NOT APPLICABLE,,N,MILWAUKEE AVE,1484,NO CONTROLS,ALLEY,CLEAR,,,,,,,2,2,"{""coordinates"": [-87.675337424865, 41.908871127141], ""type"": ""Point""}","[""FRONT-RIGHT-CORNER"", ""REAR-RIGHT-CORNER""]","[""MACK TRUCKS, INC."", ""TOYOTA""]","[""STRAIGHT AHEAD""]","[""MACK TRUCKS, INC."", ""YARIS""]","[""Y""]","[""28"", ""57""]","[""DID NOT DEPLOY""]","[""NONE""]","[""NO INDICATION OF INJURY""]","[""O2156898"", ""O2156899""]"
STRAIGHT AND LEVEL,1624,2025-09-24T08:13:00.000,4,8,9,4be54ef8a13ba234128de089945192e9815af29a654b136d9331caf7c821b6838b98f33c336f80c17dec0434d800f4ce15620c3aad79a1cd2e67ff669d16b782,NO INJURY / DRIVE AWAY,"OVER $1,500",2025-09-24T08:45:00.000,NO CONTROLS,REAR END,,0,0,2,0,0,0,0,41.9603979688,DAYLIGHT,-87.7650521693,NO INDICATION OF INJURY,2,30,UNABLE TO DETERMINE,NOT ON SCENE (DESK REPORT),UNKNOWN,DRY,UNABLE TO DETERMINE,,W,MONTROSE AVE,5505,NO CONTROLS,NOT DIVIDED,CLEAR,,,,,,,2,2,"{""coordinates"": [-87.765052169273, 41.960397968788], ""type"": ""Point""}","[""FRONT"", ""REAR""]","[""HONDA"", ""MERCEDES-BENZ""]","[""STRAIGHT AHEAD""]","[""ACCORD"", ""GLB""]",[],"[""26"", ""34""]","[""NOT APPLICABLE""]","[""NONE""]","[""NO INDICATION OF INJURY""]","[""O2156835"", ""O2156836""]"
STRAIGHT AND LEVEL,433,2025-09-24T08:15:00.000,4,8,9,c07546eb0a10fd82762365c9c66a0a3b940f139f70eb9cf08fe9dd1b8ef1c9ebd9156472ab86326c4ac67c8d089c9671fb06832be66b0c43d30b081e35808ac8,NO INJURY / DRIVE AWAY,"$501 - $1,500",2025-09-24T08:35:00.000,UNKNOWN,REAR END,Y,0,0,2,0,0,0,0,41.6808546173,DAYLIGHT,-87.5402494361,NO INDICATION OF INJURY,2,30,FOLLOWING TOO CLOSELY,ON SCENE,UNKNOWN,DRY,NOT APPLICABLE,,S,AVENUE O,11800,TRAFFIC SIGNAL,FOUR WAY,CLEAR,,,,,,,2,2,"{""coordinates"": [-87.540249436106, 41.680854617279], ""type"": ""Point""}","[""FRONT"", ""REAR""]","[""CHRYSLER"", ""FORD""]","[""SLOW/STOP IN TRAFFIC"", ""STRAIGHT AHEAD""]","[""200"", ""F150""]",[],"[""41""]","[""DEPLOYMENT UNKNOWN"", ""NOT APPLICABLE""]","[""NONE""]","[""NO INDICATION OF INJURY""]","[""O2156850"", ""O2156855""]"
STRAIGHT AND LEVEL,513,2025-09-24T08:20:00.000,4,8,9,fae57ba7b88fe5fde5fb3cdfa691b64d27c6d5d91c7d293e0162b370c37c8072bf5809a2c040db016ce8cf6e0e9386bc2b008359d040bf50a571efc33ca11e0d,NO INJURY / DRIVE AWAY,"OVER $1,500",2025-09-24T09:00:00.000,FUNCTIONING PROPERLY,TURNING,,0,0,2,0,0,0,0,41.6997951307,DAYLIGHT,-87.6209871665,NO INDICATION OF INJURY,2,30,IMPROPER TURNING/NO SIGNAL,NOT ON SCENE (DESK REPORT),NO DEFECTS,DRY,DRIVING SKILLS/KNOWLEDGE/EXPERIENCE,,E,107TH ST,99,TRAFFIC SIGNAL,FOUR WAY,CLEAR,,Y,,,,,2,2,"{""coordinates"": [-87.620987166476, 41.699795130746], ""type"": ""Point""}","[""FRONT-LEFT-CORNER"", ""SIDE-RIGHT""]","[""CHEVROLET"", ""JEEP""]","[""OTHER"", ""TURNING RIGHT""]","[""IMPALA"", ""WRANGLER""]",[],"[""49"", ""54""]","[""DID NOT DEPLOY""]","[""NONE""]","[""NO INDICATION OF INJURY""]","[""O2156894"", ""O2156895""]"
STRAIGHT AND LEVEL,2523,2025-09-24T08:30:00.000,4,8,9,721efcccd4f8f62fc3ada3fb987a1fa51e247eb5f767efe6d342809676110b1ab1d5e660caeca8a0effa302843df66e77daf5ef434a6ffdd7063497f4f359303,INJURY AND / OR TOW DUE TO CRASH,$500 OR LESS,2025-09-24T08:30:00.000,NO CONTROLS,PEDALCYCLIST,,0,0,1,1,0,1,0,41.9389056831,DAYLIGHT,-87.7330419278,NONINCAPACITATING INJURY,2,30,FAILING TO YIELD RIGHT-OF-WAY,ON SCENE,NO DEFECTS,DRY,UNABLE TO DETERMINE,,W,BELMONT AVE,4201,NO CONTROLS,DIVIDED - W/MEDIAN (NOT RAISED),CLEAR,,,,,,,2,2,"{""coordinates"": [-87.733041927774, 41.938905683103], ""type"": ""Point""}","[""FRONT-RIGHT-CORNER""]","[""CHRYSLER""]","[""TURNING LEFT""]","[""PACIFICA""]",[],"[""35"", ""47""]","[""NOT APPLICABLE""]","[""NONE""]","[""NO INDICATION OF INJURY"", ""NONINCAPACITATING INJURY""]","[""O2156960"", ""O2156967""]"
STRAIGHT AND LEVEL,815,2025-09-24T08:30:00.000,4,8,9,961ed7c6e6c47712a53ee618677a2372120ccf53a1f55403be0d089942a6c7fdab77f6c985e9796532a379a0bc7100b917f2616982658e8122a74cdb31369045,NO INJURY / DRIVE AWAY,"$501 - $1,500",2025-09-24T15:19:00.000,NO CONTROLS,ANGLE,,0,0,2,0,0,0,0,41.8079176319,DAYLIGHT,-87.7285410532,NO INDICATION OF INJURY,2,30,IMPROPER TURNING/NO SIGNAL,NOT ON SCENE (DESK REPORT),NO DEFECTS,DRY,NOT APPLICABLE,,W,47TH ST,4200,NO CONTROLS,NOT DIVIDED,CLEAR,,,,,,,2,2,"{""coordinates"": [-87.728541053239, 41.807917631945], ""type"": ""Point""}","[""FRONT"", ""REAR-LEFT-CORNER""]","[""HONDA"", ""TOYOTA""]","[""STRAIGHT AHEAD""]","[""CAMRY"", ""CR-V""]",[],"[""17"", ""18""]","[""DID NOT DEPLOY"", ""NOT APPLICABLE""]","[""NONE""]","[""NO INDICATION OF INJURY""]","[""O2157095"", ""O2157096""]"
STRAIGHT AND LEVEL,2213,2025-09-24T08:35:00.000,4,8,9,4ce74d4b0db5d0f410b5b6489d124ea3321915a5550c3ac10174ca4cc0274c5d545511a985fa7b68136873494264524baa7ebbb2abd08e1c06facaa2b5ba2f55,NO INJURY / DRIVE AWAY,"OVER $1,500",2025-09-24T09:30:00.000,NO CONTROLS,TURNING,Y,0,0,3,0,0,0,0,41.7211448541,DAYLIGHT,-87.6593933058,NO INDICATION OF INJURY,2,30,UNABLE TO DETERMINE,NOT ON SCENE (DESK REPORT),UNKNOWN,DRY,UNABLE TO DETERMINE,,W,95TH ST,1443,NO CONTROLS,T-INTERSECTION,CLEAR,,,,,,,2,3,"{""coordinates"": [-87.659393305777, 41.721144854117], ""type"": ""Point""}","[""SIDE-LEFT"", ""SIDE-LEFT-FRONT""]","[""NISSAN"", ""UNKNOWN""]","[""STRAIGHT AHEAD"", ""TURNING RIGHT""]","[""KICKS"", ""OTHER (EXPLAIN IN NARRATIVE)""]",[],"[""35""]","[""DEPLOYMENT UNKNOWN"", ""DID NOT DEPLOY"", ""NOT APPLICABLE""]","[""NONE""]","[""NO INDICATION OF INJURY""]","[""O2156904"", ""O2156905"", ""P476019""]"
STRAIGHT AND LEVEL,331,2025-09-24T08:45:00.000,4,8,9,f72c1ee6f85cf3f6564eeb748b7f5a006489cee75fd06322f5a198ce3aa4c99e5fc4dbf0eec7f9f78e2d3367d555337f84015679ef45ffce7f7e554d9cfe3949,NO INJURY / DRIVE AWAY,"OVER $1,500",2025-09-24T10:15:00.000,NO CONTROLS,SIDESWIPE SAME DIRECTION,,0,0,3,0,0,0,0,41.7691865125,DAYLIGHT,-87.5725658415,NO INDICATION OF INJURY,2,20,FAILING TO YIELD RIGHT-OF-WAY,NOT ON SCENE (DESK REPORT),NO DEFECTS,DRY,NOT APPLICABLE,,S,MERRILL AVE,6921,NO CONTROLS,ONE-WAY,CLEAR,,,,,,,2,3,"{""coordinates"": [-87.572565841488, 41.769186512532], ""type"": ""Point""}","[""SIDE-LEFT"", ""SIDE-RIGHT""]","[""CHEVROLET""]","[""ENTERING TRAFFIC LANE FROM PARKING"", ""STRAIGHT AHEAD""]","[""EQUINOX"", ""OTHER (EXPLAIN IN NARRATIVE)""]",[],"[""60""]","[""DEPLOYMENT UNKNOWN"", ""DID NOT DEPLOY"", ""NOT APPLICABLE""]","[""NONE""]","[""NO INDICATION OF INJURY""]","[""O2156916"", ""O2156917"", ""P476024""]"
STRAIGHT AND LEVEL,2533,2025-09-24T08:47:00.000,4,8,9,86c76f87a32ea01e1be7dd08764614109d68c507fd0768dbc598632b516178e51de44fd463bd983f58b2b988a3cbc614aa9a2935dc8e3c40eecfc75040be046b,NO INJURY / DRIVE AWAY,"OVER $1,500",2025-09-24T09:17:00.000,NO CONTROLS,FIXED OBJECT,Y,0,0,1,0,0,0,0,41.909404663,DAYLIGHT,-87.7547638736,NO INDICATION OF INJURY,1,15,UNABLE TO DETERMINE,ON SCENE,NO DEFECTS,DRY,UNABLE TO DETERMINE,N,W,NORTH AVE,5133,NO CONTROLS,OTHER,CLEAR,,,,,,Y,1,1,"{""coordinates"": [-87.754763873627, 41.909404662966], ""type"": ""Point""}","[""FRONT""]","[""KIA""]","[""UNKNOWN/NA""]","[""OTHER (EXPLAIN IN NARRATIVE)""]","[""N""]",[],"[""DEPLOYMENT UNKNOWN""]","[""NONE""]","[""NO INDICATION OF INJURY""]","[""O2156997""]"
STRAIGHT AND LEVEL,1232,2025-09-24T08:50:00.000,4,8,9,e1be8dd8bfeaf0ddc292663af3792786d07b673739cfe85814701035f3958368801933a0f7132f1ee891fd625e51272f5fcd690f9c44dd68b1e573328dca83bf,NO INJURY / DRIVE AWAY,"OVER $1,500",2025-09-24T09:45:00.000,NO CONTROLS,PARKED MOTOR VEHICLE,Y,0,0,1,0,0,0,0,41.8777202072,DAYLIGHT,-87.6546900011,NO INDICATION OF INJURY,2,10,UNABLE TO DETERMINE,NOT ON SCENE (DESK REPORT),NO DEFECTS,DRY,UNABLE TO DETERMINE,,W,JACKSON BLVD,1101,NO CONTROLS,PARKING LOT,CLOUDY/OVERCAST,,,,,,Y,2,1,"{""coordinates"": [-87.654690001107, 41.877720207181], ""type"": ""Point""}","[""REAR-RIGHT-CORNER"", ""UNKNOWN""]","[""MAZDA"", ""UNKNOWN""]","[""PARKED"", ""UNKNOWN/NA""]","[""OTHER (EXPLAIN IN NARRATIVE)"", ""TRIBUTE""]",[],[],"[""DEPLOYMENT UNKNOWN""]","[""NONE""]","[""NO INDICATION OF INJURY""]","[""O2156902""]"
STRAIGHT AND LEVEL,1122,2025-09-24T08:55:00.000,4,8,9,43dc1fa79746cebbdc71b438b3561b6d3e26ee1a8ac58c36d45586ccad57b6a98c3af2c851442c03eb20311cdb3f9d4ff88d0237845e110622d34c9096f1a8ab,NO INJURY / DRIVE AWAY,"OVER $1,500",2025-09-24T08:57:00.000,NO CONTROLS,TURNING,,0,0,2,0,0,0,0,41.8806752342,DAYLIGHT,-87.7210303302,NO INDICATION OF INJURY,2,30,UNABLE TO DETERMINE,ON SCENE,NO DEFECTS,DRY,NOT APPLICABLE,,W,MADISON ST,3805,NO CONTROLS,DIVIDED - W/MEDIAN (NOT RAISED),CLEAR,,,,,,,2,2,"{""coordinates"": [-87.721030330155, 41.880675234164], ""type"": ""Point""}","[""FRONT"", ""SIDE-RIGHT""]","[""FORD"", ""HYUNDAI""]","[""STRAIGHT AHEAD"", ""TURNING LEFT""]","[""F250"", ""SONATA""]",[],"[""26"", ""38""]","[""DID NOT DEPLOY""]","[""NONE""]","[""NO INDICATION OF INJURY""]","[""O2156910"", ""O2156911""]"
STRAIGHT AND LEVEL,824,2025-09-24T08:55:00.000,4,8,9,6f1e0e2c24e7faae157fd251c069d264a0b13715895f3f3da3a0dca0f904af4988e8f1a6e014ff81f3818921a81903053dccf59bac4eac67cb145af46de928e2,NO INJURY / DRIVE AWAY,"OVER $1,500",2025-09-24T08:58:00.000,NO CONTROLS,REAR END,,0,0,2,0,0,0,0,41.7877011743,DAYLIGHT,-87.6837181512,NO INDICATION OF INJURY,2,30,UNABLE TO DETERMINE,ON SCENE,NO DEFECTS,DRY,UNABLE TO DETERMINE,,S,WESTERN AVE,5821,NO CONTROLS,DIVIDED - W/MEDIAN (NOT RAISED),CLEAR,,,,,,,2,2,"{""coordinates"": [-87.683718151228, 41.787701174295], ""type"": ""Point""}","[""FRONT-RIGHT-CORNER"", ""REAR-LEFT-CORNER""]","[""JEEP"", ""TOYOTA""]","[""STRAIGHT AHEAD""]","[""CAMRY"", ""COMPASS""]","[""N""]","[""29"", ""40""]","[""DID NOT DEPLOY""]","[""NONE""]","[""NO INDICATION OF INJURY""]","[""O2156976"", ""O2156977""]"
STRAIGHT AND LEVEL,1532,2025-09-24T08:55:00.000,4,8,9,988dbcf6f8fce2095877e50f26e67a0ef7b813607755c4a898aa1e924296f910ba887dc4fd564adaa02d58debd92ccc90eb1b196bcfa9725bb7f5e5682fba285,NO INJURY / DRIVE AWAY,"OVER $1,500",2025-09-24T09:15:00.000,NO CONTROLS,HEAD ON,Y,0,0,2,0,0,0,0,41.8892896577,DAYLIGHT,-87.7552474901,NO INDICATION OF INJURY,2,30,UNABLE TO DETERMINE,NOT ON SCENE (DESK REPORT),NO DEFECTS,DRY,UNABLE TO DETERMINE,,N,LARAMIE AVE,457,NO CONTROLS,DIVIDED - W/MEDIAN (NOT RAISED),CLEAR,,,,,,,2,2,"{""coordinates"": [-87.755247490147, 41.889289657691], ""type"": ""Point""}","[""FRONT-RIGHT-CORNER""]","[""FORD"", ""UNKNOWN""]","[""STRAIGHT AHEAD"", ""UNKNOWN/NA""]","[""F150"", ""OTHER (EXPLAIN IN NARRATIVE)""]",[],"[""0""]","[""DEPLOYMENT UNKNOWN"", ""NOT APPLICABLE""]","[""NONE""]","[""NO INDICATION OF INJURY""]","[""O2156922"", ""O2156923""]"
STRAIGHT AND LEVEL,1234,2025-09-24T08:57:00.000,4,8,9,fcb3b5fda51811cd0c5dc9b7086d44c24c25379d38fa1207c1b93bf2ab71fd2a57f43e31f785d11c33b37819a30043129fd862646c562936b190af18829c5eff,NO INJURY / DRIVE AWAY,"OVER $1,500",2025-09-24T13:50:00.000,FUNCTIONING PROPERLY,REAR END,,0,0,2,0,0,0,0,41.8558084627,DAYLIGHT,-87.6760927684,NO INDICATION OF INJURY,2,25,UNABLE TO DETERMINE,NOT ON SCENE (DESK REPORT),NO DEFECTS,DRY,UNABLE TO DETERMINE,,S,DAMEN AVE,1900,STOP SIGN/FLASHER,NOT DIVIDED,CLEAR,,Y,,,,,2,2,"{""coordinates"": [-87.676092768363, 41.855808462721], ""type"": ""Point""}","[""FRONT"", ""REAR""]","[""TOYOTA"", ""VOLKSWAGEN""]","[""STRAIGHT AHEAD""]","[""ATLAS"", ""RAV4""]",[],"[""24"", ""37""]","[""NOT APPLICABLE""]","[""NONE""]","[""NO INDICATION OF INJURY""]","[""O2157045"", ""O2157046""]"
STRAIGHT AND LEVEL,1033,2025-09-24T09:00:00.000,4,9,9,a8ac4e0fb47d0d845c7b61939cde33167fc697afd201f2f1d6806074afc761790d552de60a11bcb0abf29e32ac8f9d4e4fefd70076539afc06ad4279dd294ff6,NO INJURY / DRIVE AWAY,"OVER $1,500",2025-09-24T09:28:00.000,NO CONTROLS,TURNING,,0,0,4,0,0,0,0,41.8490590582,DAYLIGHT,-87.695807698,NO INDICATION OF INJURY,2,25,DRIVING SKILLS/KNOWLEDGE/EXPERIENCE,ON SCENE,NO DEFECTS,DRY,NOT APPLICABLE,,W,23RD PL,2809,NO CONTROLS,NOT DIVIDED,CLEAR,,Y,,,,,2,4,"{""coordinates"": [-87.695807698042, 41.849059058218], ""type"": ""Point""}","[""SIDE-LEFT-REAR""]","[""UNKNOWN"", ""VOLKSWAGEN""]","[""STRAIGHT AHEAD"", ""TURNING LEFT""]","[""ATLAS"", ""OTHER (EXPLAIN IN NARRATIVE)""]",[],"[""15"", ""35"", ""56""]","[""DID NOT DEPLOY"", ""NOT APPLICABLE""]","[""NONE""]","[""NO INDICATION OF INJURY""]","[""O2156988"", ""O2156989"", ""P476033"", ""P476034""]"
STRAIGHT AND LEVEL,2534,2025-09-24T09:15:00.000,4,9,9,b75d0cf96f2ab1eb5f26e23527ed3241191366c66a5b1fc7794ea4253f92e48f1e40dae21713ae4242a2cd761f6f70c0fd363f2daa1b76864df0b12ff0adf32d,NO INJURY / DRIVE AWAY,"OVER $1,500",2025-09-24T11:40:00.000,FUNCTIONING PROPERLY,REAR END,,0,0,2,0,0,0,0,41.9099147866,DAYLIGHT,-87.7310665927,NO INDICATION OF INJURY,2,25,FAILING TO REDUCE SPEED TO AVOID CRASH,NOT ON SCENE (DESK REPORT),NO DEFECTS,DRY,NOT APPLICABLE,,N,KEELER AVE,1601,TRAFFIC SIGNAL,NOT DIVIDED,CLEAR,,,,,,,2,2,"{""coordinates"": [-87.731066592677, 41.909914786621], ""type"": ""Point""}","[""FRONT"", ""REAR""]","[""FORD"", ""NISSAN""]","[""SLOW/STOP IN TRAFFIC"", ""STRAIGHT AHEAD""]","[""TRANSIT"", ""X-TERRA""]",[],"[""36"", ""57""]","[""NOT APPLICABLE""]","[""NONE""]","[""NO INDICATION OF INJURY""]","[""O2156978"", ""O2156979""]"
STRAIGHT AND LEVEL,1812,2025-09-24T09:30:00.000,4,9,9,11d913bd47c8ac8db16d85c42a6cd256f13c0c32573d7fda8271690dea3cff8c9a8e5c73bdbbb0699e86f4f0471d3f3b66ba61ccbb28b37dd4bd40786589e905,NO INJURY / DRIVE AWAY,"$501 - $1,500",2025-09-24T10:14:00.000,NO CONTROLS,PARKED MOTOR VEHICLE,,0,0,1,0,0,0,0,41.9232889755,DAYLIGHT,-87.6459590789,NO INDICATION OF INJURY,2,30,DRIVING SKILLS/KNOWLEDGE/EXPERIENCE,ON SCENE,NO DEFECTS,DRY,NOT APPLICABLE,,N,LINCOLN AVE,2266,NO CONTROLS,NOT DIVIDED,CLEAR,,,,,,,2,1,"{""coordinates"": [-87.64595907891, 41.923288975468], ""type"": ""Point""}","[""FRONT-RIGHT-CORNER"", ""SIDE-LEFT""]","[""FREIGHTLINER CORPORATION"", ""TOYOTA""]","[""PARKED"", ""STRAIGHT AHEAD""]","[""FREIGHTLINER CORP."", ""RAV4""]",[],"[""84""]","[""NOT APPLICABLE""]","[""NONE""]","[""NO INDICATION OF INJURY""]","[""O2156965""]"
STRAIGHT AND LEVEL,1212,2025-09-24T09:30:00.000,4,9,9,d5c59e9fe9843368ccb70ffc7aa9ca08e279bacabed413f6f926cde58a40a8b8133bb0a9ea2bd477544809bb6f0751dbcf0be3ecc1bbf7b5b16c5b03e5ef2d32,NO INJURY / DRIVE AWAY,"OVER $1,500",2025-09-24T15:40:00.000,NO CONTROLS,PARKED MOTOR VEHICLE,,0,0,1,0,0,0,0,41.9012826248,DAYLIGHT,-87.6759204965,NO INDICATION OF INJURY,2,25,DRIVING SKILLS/KNOWLEDGE/EXPERIENCE,NOT ON SCENE (DESK REPORT),NO DEFECTS,DRY,NOT APPLICABLE,,W,THOMAS ST,1927,NO CONTROLS,ONE-WAY,CLEAR,,,,,,,2,1,"{""coordinates"": [-87.675920496453, 41.901282624757], ""type"": ""Point""}","[""FRONT"", ""REAR""]","[""SUBARU"", ""TOYOTA""]","[""BACKING"", ""PARKED""]","[""FORESTER"", ""HIGHLANDER""]",[],"[""30""]","[""DID NOT DEPLOY""]","[""NONE""]","[""NO INDICATION OF INJURY""]","[""O2157110""]"