alignment,beat_of_occurrence,crash_date,crash_day_of_week,crash_hour,crash_month,crash_record_id,crash_type,damage,date_police_notified,device_condition,first_crash_type,hit_and_run_i,injuries_fatal,injuries_incapacitating,injuries_no_indication,injuries_non_incapacitating,injuries_reported_not_evident,injuries_total,injuries_unknown,latitude,lighting_condition,longitude,most_severe_injury,num_units,posted_speed_limit,prim_contributory_cause,report_type,road_defect,roadway_surface_cond,sec_contributory_cause,statements_taken_i,street_direction,street_name,street_no,traffic_control_device,trafficway_type,weather_condition,crash_date_est_i,intersection_related_i,photos_taken_i,work_zone_i,dooring_i,private_property_i,veh_count,ppl_count,location_json,veh_first_contact_point_list_json,veh_make_list_json,veh_maneuver_list_json,veh_model_list_json,veh_towed_i_list_json,ppl_age_list_json,ppl_airbag_deployed_list_json,ppl_ejection_list_json,ppl_injury_classification_list_json,ppl_person_id_list_json
STRAIGHT AND LEVEL,1123,2025-09-24T09:40:00.000,4,9,9,0cc848be316398f67ebf5d5d81e306d01f86316c58ebdd641d1833c07d65b0e6c2ade9e55dd2b109de9db779f1226beb077ea8c8286538d0d55c86e6500c3d2e,INJURY AND / OR TOW DUE TO CRASH,"OVER $1,500",2025-09-24T09:48:00.000,FUNCTIONING PROPERLY,ANGLE,,0,0,3,0,0,0,0,41.8821989478,DAYLIGHT,-87.706304442,NO INDICATION OF INJURY,2,30,UNABLE TO DETERMINE,ON SCENE,NO DEFECTS,DRY,NOT APPLICABLE,Y,N,KEDZIE AVE,42,TRAFFIC SIGNAL,NOT DIVIDED,CLEAR,,Y,,,,,2,3,"{""coordinates"": [-87.706304442006, 41.882198947845], ""type"": ""Point""}","[""FRONT"", ""SIDE-LEFT""]","[""HYUNDAI"", ""NISSAN""]","[""STRAIGHT AHEAD""]","[""ELANTRA"", ""PATHFINDER""]","[""Y""]","[""26"", ""3"", ""60""]","[""DEPLOYED, SIDE"", ""NOT APPLICABLE""]","[""NONE""]","[""NO INDICATION OF INJURY""]","[""O2156936"", ""O2156937"", ""P476027""]"
STRAIGHT AND LEVEL,2012,2025-09-24T09:45:00.000,4,9,9,fffdb31548c7245b52baf4df4c84995c61a0190cc334f353b0aa8ba339eba6f4f6ad5c8fbeee6c0fd9fc387859bfc05a2c0ddc33c78e62d5528f95a8528359aa,INJURY AND / OR TOW DUE TO CRASH,"OVER $1,500",2025-09-24T09:53:00.000,FUNCTIONING PROPERLY,TURNING,,0,0,2,0,0,0,0,41.990676795,DAYLIGHT,-87.6734189526,NO INDICATION OF INJURY,2,30,DRIVING ON WRONG SIDE/WRONG WAY,NOT ON SCENE (DESK REPORT),NO DEFECTS,DRY,IMPROPER OVERTAKING/PASSING,,W,PETERSON AVE,1747,TRAFFIC SIGNAL,FOUR WAY,CLEAR,Y,,,,,,2,2,"{""coordinates"": [-87.673418952576, 41.990676795005], ""type"": ""Point""}","[""FRONT"", ""SIDE-RIGHT""]","[""DODGE"", ""TOYOTA""]","[""STRAIGHT AHEAD"", ""TURNING LEFT""]","[""CARAVAN"", ""PRIUS""]","[""Y""]","[""28"", ""37""]","[""DID NOT DEPLOY""]","[""NONE""]","[""NO INDICATION OF INJURY""]","[""O2156918"", ""O2156919""]"
STRAIGHT AND LEVEL,1834,2025-09-24T09:50:00.000,4,9,9,b6a8ed06a46c366306fff76177c51455c6d67a6d5dfefb10c952651cac62ee0149886968ce167f234885e7c29de6395c288eaccf4469007b6e9593d5678e9728,NO INJURY / DRIVE AWAY,$500 OR LESS,2025-09-24T09:54:00.000,NO CONTROLS,PARKED MOTOR VEHICLE,,0,0,1,0,0,0,0,41.8899732277,DAYLIGHT,-87.6268080461,NO INDICATION OF INJURY,2,30,NOT APPLICABLE,ON SCENE,NO DEFECTS,DRY,NOT APPLICABLE,,N,WABASH AVE,418,NO CONTROLS,DIVIDED - W/MEDIAN (NOT RAISED),CLEAR,,,,,,,2,1,"{""coordinates"": [-87.626808046091, 41.889973227696], ""type"": ""Point""}","[""REAR"", ""UNKNOWN""]","[""BMW"", ""CHEVROLET""]","[""BACKING"", ""PARKED""]","[""OTHER (EXPLAIN IN NARRATIVE)"", ""SUBURBAN""]",[],"[""54""]","[""DID NOT DEPLOY""]","[""NONE""]","[""NO INDICATION OF INJURY""]","[""O2156961""]"
STRAIGHT AND LEVEL,531,2025-09-24T09:55:00.000,4,9,9,7e37075422a983807d2e6a3c5928587ca9747ba431b38a5c0b7ae7dc90fd2f3d5638f781322944751508224a845c4c2289aa5e21a27cda9d9ee3f712ebb8da03,NO INJURY / DRIVE AWAY,"OVER $1,500",2025-09-24T11:38:00.000,NO CONTROLS,SIDESWIPE SAME DIRECTION,,0,0,2,0,0,0,0,41.6887377435,DAYLIGHT,-87.6096854787,NO INDICATION OF INJURY,2,20,FAILING TO YIELD RIGHT-OF-WAY,NOT ON SCENE (DESK REPORT),UNKNOWN,DRY,NOT APPLICABLE,,S,FORRESTVILLE AVE,11312,NO CONTROLS,ONE-WAY,CLEAR,,,,,,,2,2,"{""coordinates"": [-87.609685478699, 41.688737743499], ""type"": ""Point""}","[""FRONT-RIGHT-CORNER"", ""SIDE-LEFT""]","[""BUICK"", ""CHEVROLET""]","[""ENTERING TRAFFIC LANE FROM PARKING"", ""STRAIGHT AHEAD""]","[""ENCORE"", ""TRAX""]",[],"[""40"", ""70""]","[""DID NOT DEPLOY"", ""NOT APPLICABLE""]","[""NONE""]","[""NO INDICATION OF INJURY""]","[""O2156990"", ""O2156991""]"
STRAIGHT AND LEVEL,2413,2025-09-24T10:00:00.000,4,10,9,3bdb7c65a5ebc3424ef96aee1619309d1ca7e683ee3ebacee3cedd8ef3e49d7125fee902d47d9421556f5dd1ac945d28a93493705489ef2b0b269463c2e45459,INJURY AND / OR TOW DUE TO CRASH,"OVER $1,500",2025-09-24T10:05:00.000,NO CONTROLS,PARKED MOTOR VEHICLE,,0,0,1,0,0,0,0,41.9953098988,DAYLIGHT,-87.6899510949,NO INDICATION OF INJURY,2,30,IMPROPER LANE USAGE,ON SCENE,NO DEFECTS,DRY,FAILING TO REDUCE SPEED TO AVOID CRASH,,N,WESTERN AVE,6240,NO CONTROLS,NOT DIVIDED,CLEAR,,,,,,,2,1,"{""coordinates"": [-87.689951094893, 41.99530989883], ""type"": ""Point""}","[""FRONT-RIGHT-CORNER"", ""REAR-LEFT-CORNER""]","[""TOYOTA"", ""VOLKSWAGEN""]","[""PARKED"", ""STRAIGHT AHEAD""]","[""JETTA"", ""SIENNA""]","[""Y""]","[""53""]","[""NOT APPLICABLE""]","[""NONE""]","[""NO INDICATION OF INJURY""]","[""O2156942""]"
STRAIGHT AND LEVEL,1135,2025-09-24T10:00:00.000,4,10,9,b4e30f8ef8f29426e464764e197a6095bbc0c94e7db73817f1fcc063c57ceb877d5cf9409c6b8efd27a5f09d939b4abee28e7623383ea8899eace970c660162e,INJURY AND / OR TOW DUE TO CRASH,"OVER $1,500",2025-09-24T10:09:00.000,NO CONTROLS,TURNING,Y,0,0,2,0,0,0,0,41.8685333662,DAYLIGHT,-87.6867408668,NO INDICATION OF INJURY,2,30,UNABLE TO DETERMINE,ON SCENE,NO DEFECTS,DRY,UNABLE TO DETERMINE,,W,FILLMORE ST,2414,NO CONTROLS,NOT DIVIDED,CLEAR,,,,,,,2,2,"{""coordinates"": [-87.686740866821, 41.868533366228], ""type"": ""Point""}","[""FRONT"", ""FRONT-RIGHT-CORNER""]","[""FORD"", ""VOLKSWAGEN""]","[""STRAIGHT AHEAD"", ""TURNING LEFT""]","[""ESCAPE"", ""OTHER (EXPLAIN IN NARRATIVE)""]","[""Y""]","[""28""]","[""DEPLOYMENT UNKNOWN"", ""NOT APPLICABLE""]","[""NONE""]","[""NO INDICATION OF INJURY""]","[""O2156980"", ""O2156981""]"
STRAIGHT AND LEVEL,423,2025-09-24T10:05:00.000,4,10,9,1f4f553448ab6a4110aa68d6b9eedb049cd6334b7ddf3ebd49655b6d4430ef75d37a1c510cd213146d1482ce17c0a3abc709dc010964e22c23d7cb75bba06171,NO INJURY / DRIVE AWAY,"OVER $1,500",2025-09-24T11:25:00.000,NO CONTROLS,ANGLE,Y,0,0,2,0,0,0,0,41.7370429734,DAYLIGHT,-87.5656969534,NO INDICATION OF INJURY,2,35,DRIVING SKILLS/KNOWLEDGE/EXPERIENCE,NOT ON SCENE (DESK REPORT),NO DEFECTS,DRY,UNABLE TO DETERMINE,,S,SOUTH CHICAGO AVE,8700,NO CONTROLS,NOT DIVIDED,CLEAR,,,,,,,2,2,"{""coordinates"": [-87.565696953391, 41.737042973423], ""type"": ""Point""}","[""FRONT-LEFT-CORNER"", ""UNKNOWN""]","[""JEEP"", ""UNKNOWN""]","[""STRAIGHT AHEAD""]","[""GRAND CHEROKEE"", ""OTHER (EXPLAIN IN NARRATIVE)""]",[],"[""33""]","[""DEPLOYMENT UNKNOWN"", ""DID NOT DEPLOY""]","[""NONE""]","[""NO INDICATION OF INJURY""]","[""O2156970"", ""O2156971""]"
STRAIGHT AND LEVEL,2022,2025-09-24T10:15:00.000,4,10,9,f39e179206a61ae2b0d63f1b76dae2fa647158aa9ad813e96274bef6b3bdb146ddcb1e6c2b4cb7c57849e01315e6fc9e737d45869940fb71fa1a99523f08914a,NO INJURY / DRIVE AWAY,"OVER $1,500",2025-09-24T10:45:00.000,FUNCTIONING PROPERLY,SIDESWIPE SAME DIRECTION,,0,0,2,0,0,0,0,41.9872132789,DAYLIGHT,-87.6551507343,NO INDICATION OF INJURY,2,30,IMPROPER OVERTAKING/PASSING,NOT ON SCENE (DESK REPORT),NO DEFECTS,DRY,NOT APPLICABLE,,N,SHERIDAN RD,5757,TRAFFIC SIGNAL,DIVIDED - W/MEDIAN (NOT RAISED),CLEAR,,,,,,,2,2,"{""coordinates"": [-87.65515073432, 41.987213278868], ""type"": ""Point""}","[""FRONT-LEFT-CORNER"", ""REAR-RIGHT-CORNER""]","[""LAND ROVER"", ""TOYOTA""]","[""STRAIGHT AHEAD""]","[""COROLLA"", ""RANGE ROVER (EVOQUE / SPORT / VELAR)""]",[],"[""26"", ""39""]","[""NOT APPLICABLE""]","[""NONE""]","[""NO INDICATION OF INJURY""]","[""O2156934"", ""O2156935""]"
STRAIGHT AND LEVEL,1134,2025-09-24T10:30:00.000,4,10,9,01276bf645bb8ed71166b118c6bf7de181b0900dcc2a18fc761bdd23a3e4b025fc92cecc68a7faf3c049cb2eadfba7464dbe784589063f48bbfd589461d99b3d,NO INJURY / DRIVE AWAY,"$501 - $1,500",2025-09-24T10:53:00.000,FUNCTIONING PROPERLY,SIDESWIPE SAME DIRECTION,Y,0,0,2,0,0,0,0,41.8736984557,DAYLIGHT,-87.7011582497,NO INDICATION OF INJURY,2,30,UNABLE TO DETERMINE,NOT ON SCENE (DESK REPORT),NO DEFECTS,DRY,NOT APPLICABLE,,S,SACRAMENTO BLVD,600,TRAFFIC SIGNAL,NOT DIVIDED,CLEAR,,,,,,,2,2,"{""coordinates"": [-87.701158249705, 41.873698455701], ""type"": ""Point""}","[""REAR-LEFT-CORNER"", ""UNKNOWN""]","[""VOLKSWAGEN""]","[""CHANGING LANES"", ""SLOW/STOP IN TRAFFIC""]","[""TIGUAN"", ""VANAGON""]",[],"[""52""]","[""DEPLOYMENT UNKNOWN"", ""DID NOT DEPLOY""]","[""NONE""]","[""NO INDICATION OF INJURY""]","[""O2156928"", ""O2156929""]"
STRAIGHT AND LEVEL,1924,2025-09-24T10:36:00.000,4,10,9,c3d31aee1561dfb1db75cb52bc7975058345bb6060bf41c7611f1b72228fa0a9a2f88954d49d28576372dd2e7d771b01779262b9c980f15a2cacf84c3fd88f41,NO INJURY / DRIVE AWAY,"OVER $1,500",2025-09-24T11:11:00.000,NO CONTROLS,SIDESWIPE SAME DIRECTION,,0,0,2,0,0,0,0,41.9416012261,DAYLIGHT,-87.6563603238,NO INDICATION OF INJURY,2,15,UNABLE TO DETERMINE,NOT ON SCENE (DESK REPORT),UNKNOWN,UNKNOWN,UNABLE TO DETERMINE,,W,SCHOOL ST,1055,NO CONTROLS,ONE-WAY,CLEAR,,,,,,,2,2,"{""coordinates"": [-87.656360323789, 41.941601226109], ""type"": ""Point""}","[""SIDE-LEFT-FRONT"", ""SIDE-RIGHT""]","[""HONDA"", ""TOYOTA""]","[""BACKING"", ""SLOW/STOP IN TRAFFIC""]","[""ACCORD"", ""RAV4""]",[],"[""29"", ""36""]","[""DEPLOYMENT UNKNOWN""]","[""UNKNOWN""]","[""NO INDICATION OF INJURY""]","[""O2156974"", ""O2156975""]"
STRAIGHT AND LEVEL,722,2025-09-24T10:53:00.000,4,10,9,7a6d4ca493c4e765342d09dd1519772816aedb639e628f39a0a564087cd4f26772bb96c9680c944f360528c894b304c12e4433cd80a8d20cca179db0e862756b,NO INJURY / DRIVE AWAY,"OVER $1,500",2025-09-24T11:29:00.000,NO CONTROLS,SIDESWIPE SAME DIRECTION,,0,0,2,0,0,0,0,41.7726154357,DAYLIGHT,-87.6300996776,NO INDICATION OF INJURY,2,30,FAILING TO REDUCE SPEED TO AVOID CRASH,ON SCENE,NO DEFECTS,DRY,UNABLE TO DETERMINE,,S,WENTWORTH AVE,6700,TRAFFIC SIGNAL,DIVIDED - W/MEDIAN (NOT RAISED),CLEAR,,,,,,,2,2,"{""coordinates"": [-87.630099677564, 41.77261543566], ""type"": ""Point""}","[""FRONT-RIGHT-CORNER"", ""SIDE-RIGHT-REAR""]","[""CHEVROLET"", ""VOLVO""]","[""CHANGING LANES"", ""STRAIGHT AHEAD""]","[""EQUINOX"", ""S60""]",[],"[""18"", ""53""]","[""NOT APPLICABLE""]","[""NONE""]","[""NO INDICATION OF INJURY""]","[""O2157003"", ""O2157004""]"
STRAIGHT AND LEVEL,1413,2025-09-24T11:00:00.000,4,11,9,7cd02dc9bf685b2cd791fad3d3cf0d6b2b15eeb220013edbf7edd536234426e543f47313eeb5f2c990dff593fe5b6ac2145fdcdebc9bbd07def9d83ac18eabbf,NO INJURY / DRIVE AWAY,"OVER $1,500",2025-09-24T11:10:00.000,NO CONTROLS,REAR TO SIDE,Y,0,0,2,0,0,0,0,41.9228954421,DAYLIGHT,-87.7159157714,NO INDICATION OF INJURY,2,15,FAILING TO YIELD RIGHT-OF-WAY,NOT ON SCENE (DESK REPORT),NO DEFECTS,DRY,FAILING TO YIELD RIGHT-OF-WAY,,W,BELDEN AVE,3554,NO CONTROLS,OTHER,CLEAR,,,,,,,2,2,"{""coordinates"": [-87.715915771365, 41.922895442054], ""type"": ""Point""}","[""FRONT-RIGHT-CORNER"", ""SIDE-LEFT-REAR""]","[""HYUNDAI"", ""VOLKSWAGEN""]","[""OTHER"", ""STRAIGHT AHEAD""]","[""OTHER (EXPLAIN IN NARRATIVE)"", ""SONATA""]",[],"[""52""]","[""DEPLOYMENT UNKNOWN"", ""DID NOT DEPLOY""]","[""NONE""]","[""NO INDICATION OF INJURY""]","[""O2156963"", ""O2156964""]"
STRAIGHT AND LEVEL,2032,2025-09-24T11:05:00.000,4,11,9,efe020ebedb481b96b094768fbd4b56c25f1fc70e00aa453fa67d025834676ab92034c931be8172ba9850d92b037aa9e35ec541837197aaa30e5744e6a52708d,NO INJURY / DRIVE AWAY,"OVER $1,500",2025-09-24T11:40:00.000,FUNCTIONING PROPERLY,REAR END,,0,0,2,0,0,0,0,41.9688470475,DAYLIGHT,-87.6805485238,NO INDICATION OF INJURY,2,30,FOLLOWING TOO CLOSELY,NOT ON SCENE (DESK REPORT),NO DEFECTS,DRY,UNABLE TO DETERMINE,,W,LAWRENCE AVE,2034,TRAFFIC SIGNAL,DIVIDED - W/MEDIAN (NOT RAISED),CLEAR,,,,,,,2,2,"{""coordinates"": [-87.680548523757, 41.968847047482], ""type"": ""Point""}","[""FRONT"", ""REAR""]","[""BMW"", ""LEXUS""]","[""SLOW/STOP IN TRAFFIC"", ""STRAIGHT AHEAD""]","[""528I"", ""ES300""]",[],"[""33"", ""88""]","[""NOT APPLICABLE""]","[""NONE""]","[""NO INDICATION OF INJURY""]","[""O2157009"", ""O2157010""]"
STRAIGHT AND LEVEL,1811,2025-09-24T11:09:00.000,4,11,9,8c2c3cee36fde2bd30533b0f4ff8529313114fead74908e1d801d881fd37e20aeadf6bb2a5bc4539490c2cf7934263b9229dd8e934095ab7d419d09cc17c3724,INJURY AND / OR TOW DUE TO CRASH,"$501 - $1,500",2025-09-24T11:15:00.000,NO CONTROLS,OTHER OBJECT,,0,0,2,1,0,1,0,41.9241881027,DAYLIGHT,-87.6549289786,NONINCAPACITATING INJURY,2,25,IMPROPER OVERTAKING/PASSING,NOT ON SCENE (DESK REPORT),NO DEFECTS,DRY,UNABLE TO DETERMINE,,N,KENMORE AVE,2320,NO CONTROLS,OTHER,CLEAR,,,,,,,2,3,"{""coordinates"": [-87.654928978592, 41.92418810268], ""type"": ""Point""}","[""SIDE-RIGHT-REAR""]","[""CHEVROLET""]","[""SLOW/STOP IN TRAFFIC""]","[""CRUZE""]",[],"[""20"", ""45""]","[""NOT APPLICABLE""]","[""NONE""]","[""NO INDICATION OF INJURY"", ""NONINCAPACITATING INJURY""]","[""O2156947"", ""O2156948"", ""P476028""]"
STRAIGHT AND LEVEL,1424,2025-09-24T11:10:00.000,4,11,9,020d6b43d2210793037667e3c2f6d39d9ec9a01b0ed33a6d310ee1c2f132489f10d3fa2df05901216de49bfba41fbd18f432f64d206c37637bb161a4f1b80689,NO INJURY / DRIVE AWAY,"$501 - $1,500",2025-09-24T11:50:00.000,NO CONTROLS,ANGLE,,0,0,2,0,0,0,0,41.9089266174,DAYLIGHT,-87.6743389973,NO INDICATION OF INJURY,2,30,UNABLE TO DETERMINE,NOT ON SCENE (DESK REPORT),NO DEFECTS,DRY,NOT APPLICABLE,,N,HONORE ST,1513,NO CONTROLS,NOT DIVIDED,CLEAR,,,,,,,2,2,"{""coordinates"": [-87.674338997299, 41.908926617378], ""type"": ""Point""}","[""REAR"", ""SIDE-LEFT-REAR""]","[""JEEP"", ""PORSCHE""]","[""BACKING""]","[""CAYENNE"", ""LIBERTY""]",[],"[""26"", ""60""]","[""DID NOT DEPLOY""]","[""NONE""]","[""NO INDICATION OF INJURY""]","[""O2156986"", ""O2156987""]"
STRAIGHT AND LEVEL,813,2025-09-24T11:15:00.000,4,11,9,aaf6cc93badb4c646d38a0f6b9212882a22a138f881d1ae0101637251d038a3ccd8d78d182d692eeb10110a060c8991fb4ac251a53850f1d7628fac3fa0af0d0,NO INJURY / DRIVE AWAY,"$501 - $1,500",2025-09-24T11:35:00.000,FUNCTIONING PROPERLY,SIDESWIPE SAME DIRECTION,,0,0,2,0,0,0,0,41.7783593388,DAYLIGHT,-87.7387595452,NO INDICATION OF INJURY,2,30,UNABLE TO DETERMINE,NOT ON SCENE (DESK REPORT),UNKNOWN,UNKNOWN,NOT APPLICABLE,,W,63RD ST,4635,TRAFFIC SIGNAL,NOT DIVIDED,UNKNOWN,,,,,,,2,2,"{""coordinates"": [-87.738759545219, 41.778359338804], ""type"": ""Point""}","[""FRONT-LEFT-CORNER"", ""SIDE-RIGHT-REAR""]","[""CHEVROLET"", ""DODGE""]","[""OTHER"", ""STRAIGHT AHEAD""]","[""EQUINOX"", ""RAM 1500 PU""]",[],"[""18"", ""30""]","[""DEPLOYED, COMBINATION"", ""DEPLOYMENT UNKNOWN""]","[""NONE""]","[""NO INDICATION OF INJURY""]","[""O2156992"", ""O2156993""]"
STRAIGHT AND LEVEL,1712,2025-09-24T11:24:00.000,4,11,9,12e59cc6fefd20974421619290c2b26e8324d5fb82819a63d54158a908d5cd6b03b6366ebe3632834fe775e11f629cf52a308c03e6a9aef3178894c1a39fb5c6,INJURY AND / OR TOW DUE TO CRASH,$500 OR LESS,2025-09-24T11:27:00.000,FUNCTIONING PROPERLY,REAR END,,0,0,1,0,1,1,0,41.9702088717,DAYLIGHT,-87.728231999,"REPORTED, NOT EVIDENT",2,30,FOLLOWING TOO CLOSELY,ON SCENE,NO DEFECTS,DRY,DRIVING SKILLS/KNOWLEDGE/EXPERIENCE,,N,PULASKI RD,4902,STOP SIGN/FLASHER,NOT DIVIDED,CLEAR,Y,,,,,,2,2,"{""coordinates"": [-87.728231998982, 41.970208871688], ""type"": ""Point""}","[""FRONT"", ""REAR""]","[""CHRYSLER"", ""TOYOTA""]","[""SLOW/STOP IN TRAFFIC"", ""STRAIGHT AHEAD""]","[""PRIUS"", ""TOWN & COUNTRY""]",[],"[""28"", ""37""]","[""DID NOT DEPLOY""]","[""NONE""]","[""NO INDICATION OF INJURY"", ""REPORTED, NOT EVIDENT""]","[""O2157049"", ""O2157050""]"
STRAIGHT ON GRADE,1924,2025-09-24T11:24:00.000,4,11,9,f9a6f4f377c30cef5364a9693be7842162e82995d12f56664c573388f3c4dfd785da9d4d861aa1e0056d89533d8277f5f9d9e70a4197fc1b2e1bb360f7c28e45,INJURY AND / OR TOW DUE TO CRASH,"OVER $1,500",2025-09-24T11:40:00.000,FUNCTIONING PROPERLY,REAR END,,0,0,2,1,0,1,0,41.9400327811,DAYLIGHT,-87.6494152111,NONINCAPACITATING INJURY,2,30,FOLLOWING TOO CLOSELY,NOT ON SCENE (DESK REPORT),NO DEFECTS,DRY,NOT APPLICABLE,,N,HALSTED ST,3200,TRAFFIC SIGNAL,NOT DIVIDED,CLEAR,,,,,,,2,3,"{""coordinates"": [-87.649415211125, 41.94003278106], ""type"": ""Point""}","[""FRONT"", ""REAR""]","[""FORD"", ""HYUNDAI""]","[""SLOW/STOP IN TRAFFIC"", ""STRAIGHT AHEAD""]","[""FUSION"", ""TUCSON""]",[],"[""24"", ""26""]","[""DID NOT DEPLOY"", ""NOT APPLICABLE""]","[""NONE""]","[""NO INDICATION OF INJURY"", ""NONINCAPACITATING INJURY""]","[""O2156982"", ""O2156983"", ""P476032""]"
STRAIGHT AND LEVEL,1731,2025-09-24T11:30:00.000,4,11,9,8ce57de2eb02cb2ef3ae49f02afb5632d19c77f8da51c610bcb6ae4ba6502716c24d4e4ab70693c9d012bb5a18b05b6476d934af1fa61cf2852ff806f4520f04,NO INJURY / DRIVE AWAY,"$501 - $1,500",2025-09-24T16:40:00.000,FUNCTIONING PROPERLY,PEDESTRIAN,,0,0,2,0,0,0,0,41.9390093925,DAYLIGHT,-87.7368879874,NO INDICATION OF INJURY,2,30,UNABLE TO DETERMINE,NOT ON SCENE (DESK REPORT),NO DEFECTS,DRY,NOT APPLICABLE,,N,KOSTNER AVE,3201,TRAFFIC SIGNAL,ONE-WAY,CLEAR,,,,,,,2,2,"{""coordinates"": [-87.736887987366, 41.939009392519], ""type"": ""Point""}","[""FRONT""]","[""INFINITI""]","[""STARTING IN TRAFFIC""]","[""Q50""]",[],"[""0""]","[""DID NOT DEPLOY""]","[""NONE""]","[""NO INDICATION OF INJURY""]","[""O2157172"", ""O2157173""]"
STRAIGHT AND LEVEL,1422,2025-09-24T11:40:00.000,4,11,9,49086ac85766d6031a1a275c72cb7643f6f7af7177a05897c0f44002fc0bbc21de33b21a1b91551fc4aeef9f8f64468512928adb35b0e939b064ac67ee6f7a46,NO INJURY / DRIVE AWAY,"OVER $1,500",2025-09-24T12:50:00.000,NO CONTROLS,PARKED MOTOR VEHICLE,,0,0,1,0,0,0,0,41.9042500078,DAYLIGHT,-87.709425289,NO INDICATION OF INJURY,2,25,UNABLE TO DETERMINE,ON SCENE,NO DEFECTS,DRY,UNABLE TO DETERMINE,,N,SPAULDING AVE,1248,NO CONTROLS,ONE-WAY,CLEAR,,,,,,,2,1,"{""coordinates"": [-87.709425289006, 41.904250007766], ""type"": ""Point""}","[""FRONT"", ""SIDE-RIGHT-REAR""]","[""FORD"", ""SUBARU""]","[""PARKED"", ""UNKNOWN/NA""]","[""ECONOLINE E450"", ""IMPREZA""]","[""N""]","[""37""]","[""DID NOT DEPLOY""]","[""NONE""]","[""NO INDICATION OF INJURY""]","[""O2157020""]"
STRAIGHT AND LEVEL,2212,2025-09-24T11:40:00.000,4,11,9,dfc4ce6eb2a6a82bd4de27e9335e9db7a1c8d412e7b18ad2cd6cdc72ef5ef2c0277914b62caa4354282000ba8f4c22c797be37782cf92f0265afed72e34ca524,INJURY AND / OR TOW DUE TO CRASH,"OVER $1,500",2025-09-24T11:41:00.000,NO CONTROLS,SIDESWIPE SAME DIRECTION,,0,0,2,0,0,0,0,41.6918056321,DAYLIGHT,-87.690135514,NO INDICATION OF INJURY,2,30,FAILING TO YIELD RIGHT-OF-WAY,ON SCENE,NO DEFECTS,DRY,FAILING TO REDUCE SPEED TO AVOID CRASH,,W,111TH ST,2742,NO CONTROLS,NOT DIVIDED,CLEAR,,,,,,,2,2,"{""coordinates"": [-87.690135514013, 41.691805632103], ""type"": ""Point""}","[""FRONT-LEFT-CORNER"", ""SIDE-RIGHT""]","[""FORD"", ""HYUNDAI""]","[""ENTERING TRAFFIC LANE FROM PARKING"", ""STRAIGHT AHEAD""]","[""ELANTRA"", ""F150""]","[""Y""]","[""55"", ""63""]","[""DID NOT DEPLOY""]","[""NONE""]","[""NO INDICATION OF INJURY""]","[""O2157022"", ""O2157023""]"
STRAIGHT AND LEVEL,1831,2025-09-24T11:55:00.000,4,11,9,c19300195b410fc56cf960d9f978eb8322e4d996a138db70cb62d04ed4fe72e970a43612f919f4d2e434b2ab54378d73c1faa810d1c7515e8666ec2120446435,NO INJURY / DRIVE AWAY,"$501 - $1,500",2025-09-24T12:04:00.000,NO CONTROLS,FIXED OBJECT,,0,0,1,0,0,0,0,41.8893187111,DAYLIGHT,-87.6281526679,NO INDICATION OF INJURY,1,10,UNABLE TO DETERMINE,ON SCENE,NO DEFECTS,DRY,UNABLE TO DETERMINE,,N,STATE ST,400,NO CONTROLS,ALLEY,CLEAR,,,,,,Y,1,1,"{""coordinates"": [-87.6281526679, 41.889318711059], ""type"": ""Point""}","[""REAR-RIGHT-CORNER""]","[""FREIGHTLINER CORPORATION""]","[""BACKING""]","[""OTHER (EXPLAIN IN NARRATIVE)""]",[],"[""9""]","[""DID NOT DEPLOY""]","[""NONE""]","[""NO INDICATION OF INJURY""]","[""O2157011""]"
STRAIGHT AND LEVEL,1034,2025-09-24T12:00:00.000,4,12,9,0b8f3133832cfb7bc23265d954c6c86d95cbaf5b3ec8ae11903a586dc6387bccd0ac2687ca59a752f16b71440ebb7a7e898de24833b93aeaff03d6f8932d7047,NO INJURY / DRIVE AWAY,"OVER $1,500",2025-09-24T12:15:00.000,FUNCTIONING PROPERLY,REAR END,Y,0,0,4,0,0,0,0,41.8492570164,DAYLIGHT,-87.6857056767,NO INDICATION OF INJURY,2,25,UNABLE TO DETERMINE,ON SCENE,UNKNOWN,DRY,UNABLE TO DETERMINE,,S,WESTERN AVE,2330,TRAFFIC SIGNAL,DIVIDED - W/MEDIAN (NOT RAISED),CLEAR,,,,,,,2,4,"{""coordinates"": [-87.685705676698, 41.849257016373], ""type"": ""Point""}","[""FRONT"", ""REAR""]","[""CHRYSLER"", ""VOLKSWAGEN""]","[""UNKNOWN/NA""]","[""JETTA"", ""TOWN & COUNTRY""]",[],"[""31""]","[""DEPLOYMENT UNKNOWN"", ""DID NOT DEPLOY""]","[""NONE"", ""UNKNOWN""]","[""NO INDICATION OF INJURY""]","[""O2157007"", ""O2157008"", ""P476037"", ""P476038""]"