alignment,beat_of_occurrence,crash_date,crash_day_of_week,crash_hour,crash_month,crash_record_id,crash_type,damage,date_police_notified,device_condition,first_crash_type,hit_and_run_i,injuries_fatal,injuries_incapacitating,injuries_no_indication,injuries_non_incapacitating,injuries_reported_not_evident,injuries_total,injuries_unknown,latitude,lighting_condition,longitude,most_severe_injury,num_units,posted_speed_limit,prim_contributory_cause,report_type,road_defect,roadway_surface_cond,sec_contributory_cause,statements_taken_i,street_direction,street_name,street_no,traffic_control_device,trafficway_type,weather_condition,crash_date_est_i,intersection_related_i,photos_taken_i,work_zone_i,dooring_i,private_property_i,veh_count,ppl_count,location_json,veh_first_contact_point_list_json,veh_make_list_json,veh_maneuver_list_json,veh_model_list_json,veh_towed_i_list_json,ppl_age_list_json,ppl_airbag_deployed_list_json,ppl_ejection_list_json,ppl_injury_classification_list_json,ppl_person_id_list_json
STRAIGHT AND LEVEL,2024,2025-09-24T12:30:00.000,4,12,9,0e21dad0c874304817ea8e145336516b73404fa8bd12d33ed5361776368f33f460536fdae85da353c4c06a465a8c462ef7982fd09ebd8cb7a61f76cbfdfe6a61,NO INJURY / DRIVE AWAY,"OVER $1,500",2025-09-24T14:00:00.000,NO CONTROLS,SIDESWIPE SAME DIRECTION,,0,0,2,0,0,0,0,41.9748326185,DAYLIGHT,-87.6562258378,NO INDICATION OF INJURY,2,20,UNABLE TO DETERMINE,NOT ON SCENE (DESK REPORT),UNKNOWN,DRY,NOT APPLICABLE,,N,KENMORE AVE,5053,NO CONTROLS,ONE-WAY,CLEAR,,,,,,,2,2,"{""coordinates"": [-87.656225837774, 41.9748326185], ""type"": ""Point""}","[""SIDE-RIGHT-FRONT""]","[""HONDA"", ""TOYOTA""]","[""MERGING"", ""STRAIGHT AHEAD""]","[""HIGHLANDER"", ""HR-V""]",[],"[""57"", ""66""]","[""DEPLOYMENT UNKNOWN""]","[""UNKNOWN""]","[""NO INDICATION OF INJURY""]","[""O2157055"", ""O2157056""]"
STRAIGHT AND LEVEL,532,2025-09-24T12:30:00.000,4,12,9,b4798d891d902e8d7184532f7de474522a7386b5d5da552c86693953b1434542007cb56c8362c77ccf493016e2f7d635c9e142f207a7137bf2636ca61db766d3,INJURY AND / OR TOW DUE TO CRASH,"OVER $1,500",2025-09-24T12:32:00.000,NO CONTROLS,PARKED MOTOR VEHICLE,,0,0,1,0,0,0,0,41.6727288477,DAYLIGHT,-87.6180557417,NO INDICATION OF INJURY,2,20,UNABLE TO DETERMINE,ON SCENE,NO DEFECTS,DRY,UNABLE TO DETERMINE,,E,122ND ST,156,NO CONTROLS,NOT DIVIDED,CLEAR,,,,,,,2,1,"{""coordinates"": [-87.618055741694, 41.672728847678], ""type"": ""Point""}","[""UNKNOWN""]","[""FORD"", ""TOYOTA""]","[""PARKED"", ""UNKNOWN/NA""]","[""CAMRY"", ""ECOSPORT""]","[""Y""]","[""23""]","[""DEPLOYMENT UNKNOWN""]","[""NONE""]","[""NO INDICATION OF INJURY""]","[""O2157075""]"
STRAIGHT AND LEVEL,912,2025-09-24T12:35:00.000,4,12,9,c845e5521ae982fb367d3f6bf2260a9f3e7f284de080ed323016fc3ca760a3c37f85bfa73e1e2ae308c902881c91b55a15d58588e06aa6c723cff1a361870026,NO INJURY / DRIVE AWAY,"OVER $1,500",2025-09-24T13:02:00.000,NO CONTROLS,SIDESWIPE SAME DIRECTION,,0,0,4,0,0,0,0,41.8322466603,DAYLIGHT,-87.6657487447,NO INDICATION OF INJURY,2,30,FAILING TO YIELD RIGHT-OF-WAY,ON SCENE,NO DEFECTS,DRY,IMPROPER OVERTAKING/PASSING,,S,ASHLAND AVE,3400,NO CONTROLS,NOT DIVIDED,CLEAR,,,,,,,2,4,"{""coordinates"": [-87.665748744682, 41.832246660275], ""type"": ""Point""}","[""SIDE-LEFT"", ""SIDE-RIGHT""]","[""FORD"", ""HYUNDAI TRAILERS""]","[""MERGING"", ""STRAIGHT AHEAD""]","[""HYUNDAI TRAILERS"", ""TRANSIT""]",[],"[""19"", ""31"", ""45"", ""48""]","[""DID NOT DEPLOY""]","[""NONE""]","[""NO INDICATION OF INJURY""]","[""O2157039"", ""O2157040"", ""P476041"", ""P476042""]"
STRAIGHT AND LEVEL,1432,2025-09-24T12:35:00.000,4,12,9,cb7d2a075708439f5a7a5c760047534364278791cc1a1750fe8954e583df1bfe5ba134c16b834ecd3db82b08ce79b31f1f933242030b7eb9ca0893cda2878bee,NO INJURY / DRIVE AWAY,"OVER $1,500",2025-09-24T14:35:00.000,UNKNOWN,REAR TO FRONT,,0,0,2,0,0,0,0,41.918535057,DAYLIGHT,-87.6682888491,NO INDICATION OF INJURY,2,30,IMPROPER BACKING,NOT ON SCENE (DESK REPORT),UNKNOWN,UNKNOWN,FAILING TO REDUCE SPEED TO AVOID CRASH,,N,ELSTON AVE,2024,TRAFFIC SIGNAL,FOUR WAY,CLEAR,,Y,,,,,2,2,"{""coordinates"": [-87.668288849117, 41.918535057041], ""type"": ""Point""}","[""FRONT"", ""REAR""]","[""HYUNDAI"", ""INTERNATIONAL HARVESTER""]","[""BACKING"", ""SLOW/STOP IN TRAFFIC""]","[""ELANTRA"", ""INTERNATIONAL HARVESTER""]",[],"[""26""]","[""DID NOT DEPLOY"", ""NOT APPLICABLE""]","[""NONE""]","[""NO INDICATION OF INJURY""]","[""O2157069"", ""O2157070""]"
STRAIGHT AND LEVEL,1433,2025-09-24T12:40:00.000,4,12,9,06d46425537edfcdb895936634cb15f322865bbe995f31330086b3ee76b110bdb45ee10319469409b964e285dc736e08922f32d9c7ea9e1d433bddd8233e13e0,NO INJURY / DRIVE AWAY,$500 OR LESS,2025-09-24T15:00:00.000,NO CONTROLS,REAR END,,0,0,2,0,0,0,0,41.916147281,DAYLIGHT,-87.6679473535,NO INDICATION OF INJURY,2,30,UNABLE TO DETERMINE,NOT ON SCENE (DESK REPORT),NO DEFECTS,DRY,NOT APPLICABLE,,N,ASHLAND AVE,1900,NO CONTROLS,NOT DIVIDED,CLEAR,,,,,,,2,2,"{""coordinates"": [-87.667947353504, 41.916147280953], ""type"": ""Point""}","[""FRONT"", ""REAR""]","[""HYUNDAI"", ""UNKNOWN""]","[""SLOW/STOP IN TRAFFIC"", ""UNKNOWN/NA""]","[""ELANTRA"", ""MOTORIZED""]",[],"[""25"", ""26""]","[""DID NOT DEPLOY""]","[""NONE""]","[""NO INDICATION OF INJURY""]","[""O2157091"", ""O2157092""]"
STRAIGHT AND LEVEL,624,2025-09-24T12:45:00.000,4,12,9,03587382556505f994f2ae75c65c72a8ba621fe583a508c57d23eb937d214f1c422b48b7e10c5236f06bbe7c6ab6fd2b6052b5f4b2a8706db08faa4208aa49be,NO INJURY / DRIVE AWAY,"OVER $1,500",2025-09-24T13:20:00.000,NO CONTROLS,REAR END,,0,0,2,0,0,0,0,41.7512499519,DAYLIGHT,-87.613656823,NO INDICATION OF INJURY,2,30,UNABLE TO DETERMINE,NOT ON SCENE (DESK REPORT),NO DEFECTS,DRY,NOT APPLICABLE,,E,79TH ST,432,NO CONTROLS,DIVIDED - W/MEDIAN (NOT RAISED),CLEAR,,,,,,,2,2,"{""coordinates"": [-87.61365682302, 41.751249951933], ""type"": ""Point""}","[""FRONT"", ""REAR""]","[""FORD"", ""JEEP""]","[""SLOW/STOP IN TRAFFIC"", ""STRAIGHT AHEAD""]","[""COMPASS"", ""MAVERICK TRUCK""]",[],"[""61""]","[""DEPLOYMENT UNKNOWN"", ""DID NOT DEPLOY""]","[""NONE""]","[""NO INDICATION OF INJURY""]","[""O2157024"", ""O2157025""]"
STRAIGHT AND LEVEL,1623,2025-09-24T12:45:00.000,4,12,9,67af1ce98514af7c5696918dbee743d80f43f7d8a2aba50a99e5236af689e3bfdeec77b0b6902bd0f16dcab6cefd591617a1bf229dd07ce0415f54938dbbd7b3,NO INJURY / DRIVE AWAY,"OVER $1,500",2025-09-24T14:25:00.000,UNKNOWN,SIDESWIPE OPPOSITE DIRECTION,Y,0,0,2,0,0,0,0,41.9697793833,UNKNOWN,-87.7577262283,NO INDICATION OF INJURY,2,30,UNABLE TO DETERMINE,NOT ON SCENE (DESK REPORT),UNKNOWN,UNKNOWN,NOT APPLICABLE,,N,LARAMIE AVE,4900,UNKNOWN,UNKNOWN,UNKNOWN,,,,,,,2,2,"{""coordinates"": [-87.757726228277, 41.96977938325], ""type"": ""Point""}","[""FRONT-LEFT-CORNER"", ""SIDE-LEFT""]","[""SUBARU"", ""UNKNOWN""]","[""STRAIGHT AHEAD"", ""UNKNOWN/NA""]","[""OTHER (EXPLAIN IN NARRATIVE)"", ""WRX""]",[],"[""84""]","[""DEPLOYMENT UNKNOWN"", ""DID NOT DEPLOY""]","[""NONE""]","[""NO INDICATION OF INJURY""]","[""O2157060"", ""O2157061""]"
STRAIGHT AND LEVEL,1621,2025-09-24T12:50:00.000,4,12,9,4250686970878622558481c9fffea1e9f33c48ee3517927ff7ff0b97328d8ff661aeca524435e5b9b630379d4f3feb452ef13f1d91c0f9539bf0c8838ca2c9f9,NO INJURY / DRIVE AWAY,"OVER $1,500",2025-09-24T13:25:00.000,NO CONTROLS,SIDESWIPE SAME DIRECTION,,0,0,2,0,0,0,0,41.9973470918,DAYLIGHT,-87.7659239429,NO INDICATION OF INJURY,2,30,UNABLE TO DETERMINE,NOT ON SCENE (DESK REPORT),NO DEFECTS,DRY,UNABLE TO DETERMINE,,N,LEHIGH AVE,6400,NO CONTROLS,NOT DIVIDED,CLEAR,,,,,,,2,2,"{""coordinates"": [-87.765923942896, 41.997347091757], ""type"": ""Point""}","[""SIDE-LEFT"", ""SIDE-RIGHT""]","[""HONDA"", ""LEXUS""]","[""MERGING"", ""STRAIGHT AHEAD""]","[""CR-V"", ""ES300""]",[],"[""25"", ""46""]","[""DID NOT DEPLOY""]","[""NONE""]","[""NO INDICATION OF INJURY""]","[""O2157027"", ""O2157028""]"
STRAIGHT AND LEVEL,1021,2025-09-24T12:59:00.000,4,12,9,b3411af7d17a86d0b8fd05f3448eccfed8648cc8749366fec314ba3701f87144a10f915e1a835bb936773990b69110321528c3fe262af11a32015828cd1857a8,NO INJURY / DRIVE AWAY,"OVER $1,500",2025-09-24T15:15:00.000,UNKNOWN,PARKED MOTOR VEHICLE,Y,0,0,1,0,0,0,0,41.8629868349,DAYLIGHT,-87.7130061514,NO INDICATION OF INJURY,2,30,UNABLE TO DETERMINE,NOT ON SCENE (DESK REPORT),UNKNOWN,DRY,NOT APPLICABLE,,W,DOUGLAS BLVD,3500,NO CONTROLS,NOT DIVIDED,CLEAR,,,,,,,2,1,"{""coordinates"": [-87.71300615143, 41.862986834879], ""type"": ""Point""}","[""FRONT"", ""REAR""]","[""HONDA"", ""UNKNOWN""]","[""PARKED"", ""UNKNOWN/NA""]","[""CR-V"", ""MOTORIZED""]",[],[],"[""DEPLOYMENT UNKNOWN""]","[""UNKNOWN""]","[""NO INDICATION OF INJURY""]","[""O2157101""]"
STRAIGHT AND LEVEL,813,2025-09-24T13:25:00.000,4,13,9,0dae3747e631b4cd9767527bdd1c5d672c6d15476ce303ee4329c62cd9c84f59c3e91a05027b2b2ae39befa9c6b517660d8a73cfcbebdce3a7d31db71b7e4dcf,NO INJURY / DRIVE AWAY,"OVER $1,500",2025-09-24T15:45:00.000,NO CONTROLS,ANGLE,,0,0,2,0,0,0,0,41.7756633676,DAYLIGHT,-87.7423278111,NO INDICATION OF INJURY,2,30,UNABLE TO DETERMINE,NOT ON SCENE (DESK REPORT),NO DEFECTS,DRY,UNABLE TO DETERMINE,,S,CICERO AVE,6430,NO CONTROLS,NOT DIVIDED,CLEAR,,,,Y,,,2,2,"{""coordinates"": [-87.742327811139, 41.775663367554], ""type"": ""Point""}","[""FRONT"", ""SIDE-LEFT""]","[""CHEVROLET"", ""FORD""]","[""SLOW/STOP IN TRAFFIC"", ""STRAIGHT AHEAD""]","[""COLORADO"", ""ESCAPE""]",[],"[""17"", ""47""]","[""DID NOT DEPLOY""]","[""NONE""]","[""NO INDICATION OF INJURY""]","[""O2157153"", ""O2157154""]"
STRAIGHT AND LEVEL,1022,2025-09-24T13:27:00.000,4,13,9,6897851d2ba31c6a018f4d37c82d6aa68252165cfa983eafcedfe96fbbbf5eaa5c08252542a6b0b37eccedab641523b8ebd96c49fd542289e2a16d050828d4a2,NO INJURY / DRIVE AWAY,"OVER $1,500",2025-09-24T14:33:00.000,NO CONTROLS,REAR TO SIDE,Y,0,0,2,0,0,0,0,41.8554028935,DAYLIGHT,-87.6987075449,NO INDICATION OF INJURY,2,30,IMPROPER BACKING,NOT ON SCENE (DESK REPORT),NO DEFECTS,DRY,DRIVING SKILLS/KNOWLEDGE/EXPERIENCE,,W,19TH ST,2875,NO CONTROLS,NOT DIVIDED,CLEAR,,,,,,,2,2,"{""coordinates"": [-87.698707544873, 41.8554028935], ""type"": ""Point""}","[""REAR"", ""UNKNOWN""]","[""INFINITI"", ""UNKNOWN""]","[""BACKING""]","[""ENGINE"", ""Q60""]",[],"[""36""]","[""NOT APPLICABLE""]","[""NONE""]","[""NO INDICATION OF INJURY""]","[""O2157071"", ""O2157072""]"
STRAIGHT AND LEVEL,834,2025-09-24T13:30:00.000,4,13,9,2f06ec5bcd24b23f507eb5a823a6612a97993bf61efd6faaecbd3d3519a69e4de47a9c7eb43f983bfe2aa5491c1519935b8816a839011207b9ad4059f0df9081,INJURY AND / OR TOW DUE TO CRASH,"$501 - $1,500",2025-09-24T14:50:00.000,NO CONTROLS,REAR END,,0,0,3,1,0,1,0,41.7409110654,DAYLIGHT,-87.7409228594,NONINCAPACITATING INJURY,2,30,FOLLOWING TOO CLOSELY,NOT ON SCENE (DESK REPORT),NO DEFECTS,DRY,NOT APPLICABLE,,S,CICERO AVE,8333,NO CONTROLS,NOT DIVIDED,CLEAR,,,,,,,2,4,"{""coordinates"": [-87.740922859385, 41.740911065365], ""type"": ""Point""}","[""FRONT"", ""REAR""]","[""JEEP"", ""MITSUBISHI""]","[""SLOW/STOP IN TRAFFIC"", ""STRAIGHT AHEAD""]","[""GRAND CHEROKEE"", ""OUTLANDER""]",[],"[""18"", ""40""]","[""DID NOT DEPLOY"", ""NOT APPLICABLE""]","[""NONE""]","[""NO INDICATION OF INJURY"", ""NONINCAPACITATING INJURY""]","[""O2157077"", ""O2157078"", ""P476045"", ""P476046""]"
STRAIGHT AND LEVEL,2523,2025-09-24T13:30:00.000,4,13,9,af362e8a011d087274cf52611911afc00bbe95b646fd65c6a42eed7626b7e3b6dcb13ee6b55a8addcd3e61df1d97760a1baeb6f51452558249ce8cc6ba379bfa,NO INJURY / DRIVE AWAY,"OVER $1,500",2025-09-24T14:42:00.000,NO CONTROLS,PARKED MOTOR VEHICLE,,0,0,1,0,0,0,0,41.9389378282,DAYLIGHT,-87.7308379525,NO INDICATION OF INJURY,2,30,NOT APPLICABLE,ON SCENE,NO DEFECTS,DRY,NOT APPLICABLE,,W,BELMONT AVE,4131,NO CONTROLS,DIVIDED - W/MEDIAN (NOT RAISED),CLEAR,,,,,,,2,1,"{""coordinates"": [-87.73083795252, 41.938937828157], ""type"": ""Point""}","[""FRONT-LEFT-CORNER"", ""NONE""]","[""CADILLAC"", ""SCION""]","[""OTHER"", ""PARKED""]","[""ESCALADE"", ""XB""]",[],"[""58""]","[""DID NOT DEPLOY""]","[""NONE""]","[""NO INDICATION OF INJURY""]","[""O2157112""]"
STRAIGHT AND LEVEL,222,2025-09-24T13:40:00.000,4,13,9,3a34e192305c44a1bd382e0bd6339c33b80aff9c26c5e8013d12439aa4b9f24531034ba7b222a4a18cb1df0d76598da7bb3637c311812ee16f22250a7ab37fcd,INJURY AND / OR TOW DUE TO CRASH,"$501 - $1,500",2025-09-24T13:45:00.000,FUNCTIONING PROPERLY,PEDESTRIAN,,0,0,1,1,0,1,0,41.8025663687,DAYLIGHT,-87.5890937668,NONINCAPACITATING INJURY,2,30,FAILING TO YIELD RIGHT-OF-WAY,ON SCENE,NO DEFECTS,DRY,NOT APPLICABLE,,E,HYDE PARK BLVD,1500,PEDESTRIAN CROSSING SIGN,NOT DIVIDED,CLEAR,,Y,,,,,2,2,"{""coordinates"": [-87.589093766838, 41.802566368684], ""type"": ""Point""}","[""FRONT""]","[""FORD""]","[""STRAIGHT AHEAD""]","[""F150""]",[],"[""16"", ""73""]","[""DID NOT DEPLOY""]","[""NONE""]","[""NO INDICATION OF INJURY"", ""NONINCAPACITATING INJURY""]","[""O2157067"", ""O2157068""]"
STRAIGHT AND LEVEL,1031,2025-09-24T13:40:00.000,4,13,9,8cacbf991d1628c6c6bd58affa656669ff34447f425401eb061cffe269d68f139369358660a295895e6c96be3c49663d0f4dada69fd6325bb644946eb192a36a,NO INJURY / DRIVE AWAY,"OVER $1,500",2025-09-24T15:13:00.000,NO CONTROLS,REAR END,,0,0,2,0,0,0,0,41.8318261911,DAYLIGHT,-87.724389831,NO INDICATION OF INJURY,2,30,FAILING TO REDUCE SPEED TO AVOID CRASH,NOT ON SCENE (DESK REPORT),NO DEFECTS,DRY,DISTRACTION - FROM INSIDE VEHICLE,,S,PULASKI RD,3400,NO CONTROLS,NOT DIVIDED,CLEAR,,,,,,,2,2,"{""coordinates"": [-87.724389831033, 41.831826191067], ""type"": ""Point""}","[""FRONT"", ""REAR""]","[""CHRYSLER"", ""MITSUBISHI""]","[""STRAIGHT AHEAD""]","[""OUTLANDER"", ""VOYAGER""]",[],"[""27"", ""29""]","[""NOT APPLICABLE""]","[""NONE""]","[""NO INDICATION OF INJURY""]","[""O2157079"", ""O2157080""]"
STRAIGHT AND LEVEL,2413,2025-09-24T13:40:00.000,4,13,9,b26c0096cb925b330e7bae5bd45062d3f98502ce40feb29ad85c990e4b36cec7354918e18f85e8b324707de4dfd3577653a3767021e67a295b1cadef680b1e5e,NO INJURY / DRIVE AWAY,"$501 - $1,500",2025-09-24T15:30:00.000,FUNCTIONING PROPERLY,SIDESWIPE SAME DIRECTION,,0,0,3,0,0,0,0,41.995579197,DAYLIGHT,-87.675876884,NO INDICATION OF INJURY,2,30,FAILING TO YIELD RIGHT-OF-WAY,NOT ON SCENE (DESK REPORT),NO DEFECTS,DRY,NOT APPLICABLE,,N,RIDGE AVE,6300,TRAFFIC SIGNAL,NOT DIVIDED,CLEAR,,Y,,,,,2,3,"{""coordinates"": [-87.675876883986, 41.995579196996], ""type"": ""Point""}","[""FRONT"", ""SIDE-RIGHT""]","[""HYUNDAI"", ""MITSUBISHI""]","[""ENTERING TRAFFIC LANE FROM PARKING"", ""STRAIGHT AHEAD""]","[""DIAMANTE"", ""SONATA""]",[],"[""48"", ""69""]","[""NOT APPLICABLE""]","[""NONE""]","[""NO INDICATION OF INJURY""]","[""O2157124"", ""O2157125"", ""P476049""]"
STRAIGHT AND LEVEL,1111,2025-09-24T13:55:00.000,4,13,9,2b70884bec9d0e30244c2517bcfd4a8fa86f265d43aae166043fc8a6712717ee7a13ebf3f811a7117250781cc8c54427d8aab9ef99c4dbc5c1e9b612dbdc0c86,INJURY AND / OR TOW DUE TO CRASH,"OVER $1,500",2025-09-24T15:00:00.000,FUNCTIONING PROPERLY,TURNING,Y,0,0,3,0,0,0,0,41.8948959733,DAYLIGHT,-87.7456903499,NO INDICATION OF INJURY,2,35,NOT APPLICABLE,ON SCENE,NO DEFECTS,DRY,NOT APPLICABLE,,W,CHICAGO AVE,4799,TRAFFIC SIGNAL,NOT DIVIDED,CLEAR,,Y,,,,,2,3,"{""coordinates"": [-87.745690349897, 41.894895973301], ""type"": ""Point""}","[""FRONT-LEFT-CORNER"", ""UNKNOWN""]","[""NISSAN"", ""UNKNOWN""]","[""STRAIGHT AHEAD"", ""TURNING LEFT""]","[""OTHER (EXPLAIN IN NARRATIVE)"", ""SENTRA""]","[""Y""]","[""30"", ""54""]","[""DEPLOYMENT UNKNOWN"", ""NOT APPLICABLE""]","[""NONE"", ""UNKNOWN""]","[""NO INDICATION OF INJURY""]","[""O2157133"", ""O2157134"", ""P476050""]"
STRAIGHT AND LEVEL,813,2025-09-24T14:00:00.000,4,14,9,a48f72da935f2afb304be3c4bd1420f93baf677920e9b981ee2be7ab101d49e5fdbfc4a8e08a5d221a349c4a39ea50d930b8bf6b461d25bc800242a43e9ffc5b,NO INJURY / DRIVE AWAY,"$501 - $1,500",2025-09-24T15:50:00.000,NO CONTROLS,SIDESWIPE SAME DIRECTION,,0,0,2,0,0,0,0,41.7760672168,DAYLIGHT,-87.7420544757,NO INDICATION OF INJURY,2,30,IMPROPER OVERTAKING/PASSING,NOT ON SCENE (DESK REPORT),NO DEFECTS,DRY,NOT APPLICABLE,,S,CICERO AVE,6417,NO CONTROLS,NOT DIVIDED,CLEAR,,,,,,,2,2,"{""coordinates"": [-87.742054475665, 41.776067216812], ""type"": ""Point""}","[""REAR-RIGHT-CORNER"", ""UNKNOWN""]","[""MACK TRUCKS, INC."", ""SUBARU""]","[""CHANGING LANES"", ""STRAIGHT AHEAD""]","[""CROSSTREK"", ""MACK TRUCKS, INC.""]",[],"[""21"", ""64""]","[""DEPLOYMENT UNKNOWN"", ""DID NOT DEPLOY""]","[""NONE""]","[""NO INDICATION OF INJURY""]","[""O2157122"", ""O2157123""]"
STRAIGHT AND LEVEL,2521,2025-09-24T14:04:00.000,4,14,9,c0482503a98635cc7f8367863651f2426d6a0a6e2baf16b2102d8d17b41d41719ba3161f1c4aab1c558f5f0fdf0ec6fea60c509cc0c433e7302ec0f59973cb52,INJURY AND / OR TOW DUE TO CRASH,"OVER $1,500",2025-09-24T14:04:00.000,NO CONTROLS,ANGLE,,0,0,2,0,0,0,0,41.9321621081,DAYLIGHT,-87.7467634173,NO INDICATION OF INJURY,2,25,UNABLE TO DETERMINE,ON SCENE,NO DEFECTS,DRY,UNABLE TO DETERMINE,,N,CICERO AVE,2820,NO CONTROLS,NOT DIVIDED,CLEAR,,,,,,,2,2,"{""coordinates"": [-87.746763417264, 41.93216210811], ""type"": ""Point""}","[""FRONT"", ""REAR-LEFT-CORNER""]","[""KIA"", ""TOYOTA""]","[""STRAIGHT AHEAD""]","[""CAMRY"", ""OTHER (EXPLAIN IN NARRATIVE)""]","[""Y""]","[""20"", ""26""]","[""DID NOT DEPLOY""]","[""NONE""]","[""NO INDICATION OF INJURY""]","[""O2157128"", ""O2157129""]"
"CURVE, LEVEL",222,2025-09-24T14:10:00.000,4,14,9,27e7c0a77fc304fb87b8c3dbd8920c4f81a00356ac25e003ba74d5cd3f3a9d22d032d3ae929ecbd0036f7e17289e3a7d617f00ed90c6d11bede8bd74d72e49b4,NO INJURY / DRIVE AWAY,$500 OR LESS,2025-09-24T14:10:00.000,NO CONTROLS,PARKED MOTOR VEHICLE,,0,0,1,0,0,0,0,41.8072543927,DAYLIGHT,-87.5866743554,NO INDICATION OF INJURY,2,15,UNABLE TO DETERMINE,NOT ON SCENE (DESK REPORT),UNKNOWN,UNKNOWN,UNABLE TO DETERMINE,,S,CHICAGO BEACH DR,4800,NO CONTROLS,PARKING LOT,CLEAR,,,,,,,2,1,"{""coordinates"": [-87.58667435538, 41.807254392729], ""type"": ""Point""}","[""FRONT-LEFT-CORNER"", ""SIDE-RIGHT""]","[""FORD""]","[""PARKED"", ""STRAIGHT AHEAD""]","[""E-TRANSIT""]",[],[],"[""DEPLOYMENT UNKNOWN""]","[""UNKNOWN""]","[""NO INDICATION OF INJURY""]","[""O2157254""]"
STRAIGHT AND LEVEL,1914,2025-09-24T14:20:00.000,4,14,9,e15223fb01d26393f92ced98f5c2087a27cfc4bca6cae124878205434268f2d8afb281083c70b6649c1858331c5ef3e65a43b669f4aa8316b445729e3a51ac3a,NO INJURY / DRIVE AWAY,"OVER $1,500",2025-09-24T16:00:00.000,NO CONTROLS,REAR END,,0,0,2,0,0,0,0,41.9630080975,DAYLIGHT,-87.6546130695,NO INDICATION OF INJURY,2,30,FOLLOWING TOO CLOSELY,NOT ON SCENE (DESK REPORT),NO DEFECTS,DRY,FOLLOWING TOO CLOSELY,,N,SHERIDAN RD,4443,NO CONTROLS,NOT DIVIDED,CLEAR,,,,,,,2,2,"{""coordinates"": [-87.654613069468, 41.963008097498], ""type"": ""Point""}","[""FRONT-RIGHT-CORNER"", ""REAR-LEFT-CORNER""]","[""FORD"", ""MERCEDES-BENZ""]","[""STRAIGHT AHEAD""]","[""ESCAPE"", ""GLC""]",[],"[""41""]","[""DEPLOYMENT UNKNOWN"", ""DID NOT DEPLOY""]","[""NONE""]","[""NO INDICATION OF INJURY""]","[""O2157149"", ""O2157150""]"
STRAIGHT AND LEVEL,1223,2025-09-24T14:25:00.000,4,14,9,a0838bcac30674afe3f17cad423e06efc0943898feaee446b3d538c17b97e7be6e764e8fe18389918c6c8bdfb1914a3eaf3692beec1bec441e077a6709bbdeaa,NO INJURY / DRIVE AWAY,"OVER $1,500",2025-09-24T14:50:00.000,FUNCTIONING PROPERLY,SIDESWIPE SAME DIRECTION,,0,0,2,0,0,0,0,41.8814421599,DAYLIGHT,-87.6754949659,NO INDICATION OF INJURY,2,30,FAILING TO YIELD RIGHT-OF-WAY,NOT ON SCENE (DESK REPORT),NO DEFECTS,DRY,FAILING TO YIELD RIGHT-OF-WAY,,W,MADISON ST,1930,TRAFFIC SIGNAL,FOUR WAY,CLEAR,,Y,,,,,2,2,"{""coordinates"": [-87.675494965886, 41.881442159908], ""type"": ""Point""}","[""SIDE-LEFT"", ""SIDE-RIGHT""]","[""JEEP"", ""KIA""]","[""STRAIGHT AHEAD""]","[""RENEGADE"", ""SELTOS""]",[],"[""33"", ""51""]","[""NOT APPLICABLE""]","[""NONE""]","[""NO INDICATION OF INJURY""]","[""O2157081"", ""O2157082""]"
STRAIGHT AND LEVEL,1224,2025-09-24T14:30:00.000,4,14,9,1d509c3cc0f11478d17c30c86d4252406517c2c9d01ee1d0f1c816d4a6ed8429ea9b7406210d2123cc7dafb8a9c541d0a6b84472d7d241393a74195b2a0d4f0e,INJURY AND / OR TOW DUE TO CRASH,$500 OR LESS,2025-09-24T16:12:00.000,UNKNOWN,PEDALCYCLIST,Y,0,0,1,1,0,1,0,41.8843661098,DAYLIGHT,-87.6559791859,NONINCAPACITATING INJURY,2,35,IMPROPER BACKING,ON SCENE,UNKNOWN,UNKNOWN,NOT APPLICABLE,,W,RANDOLPH ST,1140,TRAFFIC SIGNAL,NOT DIVIDED,CLOUDY/OVERCAST,,,,,,,2,2,"{""coordinates"": [-87.655979185862, 41.884366109809], ""type"": ""Point""}","[""REAR""]","[""UNKNOWN""]","[""BACKING""]","[""OTHER (EXPLAIN IN NARRATIVE)""]",[],[],"[""DEPLOYMENT UNKNOWN""]","[""NONE""]","[""NO INDICATION OF INJURY"", ""NONINCAPACITATING INJURY""]","[""O2157193"", ""O2157194""]"
STRAIGHT AND LEVEL,2213,2025-09-24T14:30:00.000,4,14,9,774ae7891869f83f2004231a4ce2bd6fb22f29d865dddac79e25896144eb1cb4c4af2df3fbc064caa88bd9859ea3a3912cc8edc8c6658cd9396bcaa5ea2ea644,INJURY AND / OR TOW DUE TO CRASH,"OVER $1,500",2025-09-24T15:11:00.000,FUNCTIONING PROPERLY,ANGLE,,0,0,1,1,0,1,0,41.7136534733,DAYLIGHT,-87.675935129,NONINCAPACITATING INJURY,2,30,FAILING TO YIELD RIGHT-OF-WAY,ON SCENE,NO DEFECTS,DRY,UNABLE TO DETERMINE,,S,HAMILTON AVE,9900,STOP SIGN/FLASHER,NOT DIVIDED,CLEAR,,Y,,,,,2,2,"{""coordinates"": [-87.675935129027, 41.713653473305], ""type"": ""Point""}","[""FRONT-LEFT-CORNER"", ""FRONT-RIGHT-CORNER""]","[""FORD"", ""HONDA""]","[""STRAIGHT AHEAD""]","[""ACCORD"", ""EXPLORER""]","[""Y""]","[""16"", ""81""]","[""DEPLOYED, SIDE"", ""DID NOT DEPLOY""]","[""NONE""]","[""NO INDICATION OF INJURY"", ""NONINCAPACITATING INJURY""]","[""O2157216"", ""O2157225""]"