alignment,beat_of_occurrence,crash_date,crash_day_of_week,crash_hour,crash_month,crash_record_id,crash_type,damage,date_police_notified,device_condition,first_crash_type,hit_and_run_i,injuries_fatal,injuries_incapacitating,injuries_no_indication,injuries_non_incapacitating,injuries_reported_not_evident,injuries_total,injuries_unknown,latitude,lighting_condition,longitude,most_severe_injury,num_units,posted_speed_limit,prim_contributory_cause,report_type,road_defect,roadway_surface_cond,sec_contributory_cause,statements_taken_i,street_direction,street_name,street_no,traffic_control_device,trafficway_type,weather_condition,crash_date_est_i,intersection_related_i,photos_taken_i,work_zone_i,dooring_i,private_property_i,veh_count,ppl_count,location_json,veh_first_contact_point_list_json,veh_make_list_json,veh_maneuver_list_json,veh_model_list_json,veh_towed_i_list_json,ppl_age_list_json,ppl_airbag_deployed_list_json,ppl_ejection_list_json,ppl_injury_classification_list_json,ppl_person_id_list_json
STRAIGHT AND LEVEL,213,2025-09-24T14:37:00.000,4,14,9,64a26784354bdc273f0164c695c6da47597786f37ef05a1ae23d530c0817f7f2a03bdb01bd425d592fccf19312d73bdcfbaba2a20671581f189c553131f74fea,NO INJURY / DRIVE AWAY,"OVER $1,500",2025-09-24T15:25:00.000,NO CONTROLS,PARKED MOTOR VEHICLE,Y,0,0,1,0,0,0,0,41.8292657739,DAYLIGHT,-87.6281721087,NO INDICATION OF INJURY,2,20,UNABLE TO DETERMINE,NOT ON SCENE (DESK REPORT),NO DEFECTS,DRY,NOT APPLICABLE,,W,36TH ST,44,NO CONTROLS,NOT DIVIDED,CLEAR,,,,,,,2,1,"{""coordinates"": [-87.62817210872, 41.829265773929], ""type"": ""Point""}","[""REAR"", ""UNKNOWN""]","[""BMW"", ""KIA""]","[""PARKED"", ""UNKNOWN/NA""]","[""325"", ""SORENTO""]",[],[],"[""DEPLOYMENT UNKNOWN""]","[""NONE""]","[""NO INDICATION OF INJURY""]","[""O2157099""]"
STRAIGHT AND LEVEL,2013,2025-09-24T14:40:00.000,4,14,9,175babc831066a26b256de939dac9a9c6a1e0a8d187a8e8d88d3e9505ad7d003883abb150d94ec3dede3017f9725f84a5e93bd42f66b5991b07df6882f9652c0,NO INJURY / DRIVE AWAY,"OVER $1,500",2025-09-24T14:42:00.000,NO CONTROLS,TURNING,,0,0,2,0,0,0,0,41.9835780709,DAYLIGHT,-87.6602278049,NO INDICATION OF INJURY,2,25,FAILING TO YIELD RIGHT-OF-WAY,ON SCENE,NO DEFECTS,DRY,UNABLE TO DETERMINE,,N,RIDGE AVE,5600,NO CONTROLS,DIVIDED - W/MEDIAN (NOT RAISED),CLEAR,N,,,,,,2,2,"{""coordinates"": [-87.660227804932, 41.983578070853], ""type"": ""Point""}","[""FRONT"", ""SIDE-RIGHT""]","[""MITSUBISHI"", ""TOYOTA""]","[""STRAIGHT AHEAD"", ""TURNING LEFT""]","[""OTHER (EXPLAIN IN NARRATIVE)"", ""OUTLANDER""]",[],"[""22"", ""46""]","[""DEPLOYED, SIDE"", ""DID NOT DEPLOY""]","[""NONE""]","[""NO INDICATION OF INJURY""]","[""O2157116"", ""O2157117""]"
STRAIGHT AND LEVEL,1023,2025-09-24T14:40:00.000,4,14,9,b8c8ab41f489e1a6cf1f4e03041064f8332819e2c70cf9edd2b26ad5f61084ef330583fd19966e1160cbbaa103b1434043319342bccd6bc8b8dba37782e98c5b,NO INJURY / DRIVE AWAY,"OVER $1,500",2025-09-24T15:15:00.000,NO CONTROLS,TURNING,,0,0,2,0,0,0,0,41.866409832,DAYLIGHT,-87.695092858,NO INDICATION OF INJURY,2,25,UNABLE TO DETERMINE,NOT ON SCENE (DESK REPORT),NO DEFECTS,DRY,UNABLE TO DETERMINE,,W,ROOSEVELT RD,2741,NO CONTROLS,NOT DIVIDED,CLEAR,,N,,,,,2,2,"{""coordinates"": [-87.695092857966, 41.866409832041], ""type"": ""Point""}","[""FRONT-RIGHT-CORNER"", ""SIDE-RIGHT-REAR""]","[""CHEVROLET"", ""MAZDA""]","[""STRAIGHT AHEAD"", ""TURNING RIGHT""]","[""MALIBU"", ""MAZDA3""]",[],"[""31""]","[""NOT APPLICABLE""]","[""NONE""]","[""NO INDICATION OF INJURY""]","[""O2157085"", ""O2157086""]"
STRAIGHT AND LEVEL,124,2025-09-24T14:50:00.000,4,14,9,7ec74449e15b7f89e5e1190d25725a063e22e670e209d34bc6174af9ec723fb9eeec312bc384f86e4e89053103abfec78207c6223d7daa12aba7c293913aa1c6,INJURY AND / OR TOW DUE TO CRASH,"OVER $1,500",2025-09-24T15:15:00.000,FUNCTIONING PROPERLY,ANGLE,Y,0,0,1,1,0,1,0,41.8673229935,DAYLIGHT,-87.642654233,NONINCAPACITATING INJURY,2,30,DISREGARDING TRAFFIC SIGNALS,ON SCENE,NO DEFECTS,DRY,FAILING TO REDUCE SPEED TO AVOID CRASH,,W,ROOSEVELT RD,610,TRAFFIC SIGNAL,FOUR WAY,CLEAR,,Y,,,,,2,2,"{""coordinates"": [-87.642654233008, 41.867322993493], ""type"": ""Point""}","[""FRONT"", ""REAR-RIGHT-CORNER""]","[""HONDA"", ""HYUNDAI""]","[""STRAIGHT AHEAD""]","[""ACCORD"", ""TUCSON""]","[""Y""]","[""68""]","[""DEPLOYED, FRONT"", ""DEPLOYMENT UNKNOWN""]","[""NONE""]","[""NO INDICATION OF INJURY"", ""NONINCAPACITATING INJURY""]","[""O2157234"", ""O2157235""]"
STRAIGHT AND LEVEL,1624,2025-09-24T14:53:00.000,4,14,9,df96a51f8876597aa3458bd9c5f10e818c7263eac707361b0ccbd55643a142d1f7a415d8c7702142940e210f147cc6b6ee1ae1c81d6badbf5b8230a552c87eac,NO INJURY / DRIVE AWAY,"$501 - $1,500",2025-09-24T15:30:00.000,NO CONTROLS,REAR END,Y,0,0,3,0,0,0,0,41.9534062511,DAYLIGHT,-87.7572758871,NO INDICATION OF INJURY,2,30,UNABLE TO DETERMINE,NOT ON SCENE (DESK REPORT),NO DEFECTS,DRY,UNABLE TO DETERMINE,,W,IRVING PARK RD,5200,TRAFFIC SIGNAL,DIVIDED - W/MEDIAN (NOT RAISED),CLEAR,,,,,,,2,3,"{""coordinates"": [-87.757275887138, 41.953406251096], ""type"": ""Point""}","[""REAR"", ""UNKNOWN""]","[""HONDA"", ""UNKNOWN""]","[""STRAIGHT AHEAD""]","[""CR-V"", ""OTHER (EXPLAIN IN NARRATIVE)""]",[],"[""41""]","[""DEPLOYMENT UNKNOWN"", ""NOT APPLICABLE""]","[""NONE""]","[""NO INDICATION OF INJURY""]","[""O2157104"", ""O2157105"", ""P476047""]"
STRAIGHT AND LEVEL,823,2025-09-24T15:00:00.000,4,15,9,4213e3405c910c5842d723674c17c7084e92eebb5e53fe63cf59b874bbd950d7cdb8700395c370bcfcfb7fcba3dcb35e395343895c2ca26cb2740179e0c84f46,INJURY AND / OR TOW DUE TO CRASH,"OVER $1,500",2025-09-24T15:20:00.000,NO CONTROLS,ANGLE,N,0,0,1,0,1,1,0,41.778987189,DAYLIGHT,-87.7088638153,"REPORTED, NOT EVIDENT",2,30,FAILING TO YIELD RIGHT-OF-WAY,NOT ON SCENE (DESK REPORT),NO DEFECTS,DRY,NOT APPLICABLE,,W,63RD ST,3420,NO CONTROLS,NOT DIVIDED,CLEAR,,,,,,,2,2,"{""coordinates"": [-87.708863815297, 41.778987188969], ""type"": ""Point""}","[""SIDE-RIGHT""]","[""BUICK"", ""FORD""]","[""STRAIGHT AHEAD""]","[""F150"", ""LESABRE""]",[],[],"[""DID NOT DEPLOY""]","[""NONE""]","[""NO INDICATION OF INJURY"", ""REPORTED, NOT EVIDENT""]","[""O2157093"", ""O2157094""]"
STRAIGHT AND LEVEL,1531,2025-09-24T15:00:00.000,4,15,9,7e0002934bf8d3b7126f3154112eb14a6d9767030728d14a51e00839d5979512fdae7bc1c46516722848d9acf12e3368f9a22c7f4e88c98419e6c8212aac3f61,NO INJURY / DRIVE AWAY,"$501 - $1,500",2025-09-24T16:15:00.000,NO CONTROLS,REAR END,,0,0,2,0,0,0,0,41.8965893918,DAYLIGHT,-87.7459930095,NO INDICATION OF INJURY,2,30,UNABLE TO DETERMINE,NOT ON SCENE (DESK REPORT),NO DEFECTS,DRY,NOT APPLICABLE,,N,CICERO AVE,850,NO CONTROLS,NOT DIVIDED,CLEAR,,,,,,,2,2,"{""coordinates"": [-87.745993009463, 41.896589391839], ""type"": ""Point""}","[""FRONT"", ""REAR""]","[""DODGE"", ""HONDA""]","[""STRAIGHT AHEAD""]","[""CIVIC"", ""RAM PROMASTER""]",[],"[""26"", ""28""]","[""DID NOT DEPLOY""]","[""NONE""]","[""NO INDICATION OF INJURY""]","[""O2157139"", ""O2157140""]"
STRAIGHT AND LEVEL,932,2025-09-24T15:02:00.000,4,15,9,4e2581a5d2f560db7923a8d59e3408c0f94775d598e0d88aaa8ccc04193f09176ebc7aaf9c855c805f611d3f08a8b11299dcd2137fc476811d2937f160f90d32,NO INJURY / DRIVE AWAY,$500 OR LESS,2025-09-24T15:20:00.000,FUNCTIONING PROPERLY,REAR END,Y,0,0,3,0,0,0,0,41.8011638502,DAYLIGHT,-87.6722189816,NO INDICATION OF INJURY,3,30,FAILING TO REDUCE SPEED TO AVOID CRASH,ON SCENE,NO DEFECTS,DRY,NOT APPLICABLE,,S,WOLCOTT AVE,5100,STOP SIGN/FLASHER,T-INTERSECTION,CLEAR,,Y,,,,,3,3,"{""coordinates"": [-87.672218981618, 41.801163850203], ""type"": ""Point""}","[""FRONT"", ""REAR""]","[""CHEVROLET"", ""HYUNDAI"", ""NISSAN""]","[""SLOW/STOP IN TRAFFIC"", ""UNKNOWN/NA""]","[""ALTIMA"", ""HHR"", ""SANTA FE""]",[],"[""24"", ""29""]","[""DEPLOYMENT UNKNOWN"", ""DID NOT DEPLOY""]","[""NONE""]","[""NO INDICATION OF INJURY""]","[""O2157130"", ""O2157131"", ""O2157132""]"
STRAIGHT AND LEVEL,1614,2025-09-24T15:05:00.000,4,15,9,7c9dde5e784b85292b51d6381b627a8d386c44da32f63959b4ab704927d2799aaac13eae92037869cb1d99dce8ca2e359945314b792dbf3dbd50d468f9dad5e7,NO INJURY / DRIVE AWAY,"OVER $1,500",2025-09-24T16:05:00.000,NO CONTROLS,REAR TO REAR,,0,0,2,0,0,0,0,41.9811887783,DAYLIGHT,-87.8385208901,NO INDICATION OF INJURY,2,25,FAILING TO REDUCE SPEED TO AVOID CRASH,NOT ON SCENE (DESK REPORT),NO DEFECTS,DRY,UNABLE TO DETERMINE,,W,BRYN MAWR AVE,8444,NO CONTROLS,DIVIDED - W/MEDIAN BARRIER,CLEAR,,,,,,,2,2,"{""coordinates"": [-87.83852089009, 41.981188778269], ""type"": ""Point""}","[""FRONT-RIGHT-CORNER"", ""REAR-LEFT-CORNER""]","[""BMW""]","[""SLOW/STOP IN TRAFFIC"", ""STRAIGHT AHEAD""]","[""528I"", ""X3""]",[],"[""20"", ""27""]","[""DID NOT DEPLOY""]","[""NONE""]","[""NO INDICATION OF INJURY""]","[""O2157143"", ""O2157144""]"
STRAIGHT AND LEVEL,413,2025-09-24T15:09:00.000,4,15,9,4114b89efe7c7c286d783a93e8cdd5e060d18d20275b20de20f940f0530b9369e3dd59f0f3ff91aeeac8c19cae5047a5668d8e8e0629d1ddc5c630ce64988254,NO INJURY / DRIVE AWAY,"OVER $1,500",2025-09-24T15:55:00.000,UNKNOWN,SIDESWIPE SAME DIRECTION,,0,0,2,0,0,0,0,41.7258881,DAYLIGHT,-87.5855587858,NO INDICATION OF INJURY,2,30,UNABLE TO DETERMINE,NOT ON SCENE (DESK REPORT),UNKNOWN,UNKNOWN,UNABLE TO DETERMINE,,S,STONY ISLAND AVE,9300,TRAFFIC SIGNAL,FOUR WAY,CLEAR,,Y,,,,,2,2,"{""coordinates"": [-87.585558785787, 41.725888099989], ""type"": ""Point""}","[""FRONT-RIGHT-CORNER"", ""SIDE-LEFT""]","[""BUICK"", ""CHEVROLET""]","[""STRAIGHT AHEAD""]","[""ENCORE"", ""OTHER (EXPLAIN IN NARRATIVE)""]",[],"[""27""]","[""DEPLOYMENT UNKNOWN""]","[""UNKNOWN""]","[""NO INDICATION OF INJURY""]","[""O2157137"", ""O2157138""]"
STRAIGHT AND LEVEL,1122,2025-09-24T15:09:00.000,4,15,9,b3cd7cb84c2fcd2af53e4545290a89e0a60335e903ffaf656ec09e1442ee146f4a1c3def54b0c74b6d380508ea6368e17d024e858d9d5aff8e4ca1c017bb2cde,NO INJURY / DRIVE AWAY,"OVER $1,500",2025-09-24T16:08:00.000,NO CONTROLS,FIXED OBJECT,,0,0,1,0,0,0,0,41.8808651559,DAYLIGHT,-87.7233759678,NO INDICATION OF INJURY,1,15,NOT APPLICABLE,ON SCENE,NO DEFECTS,DRY,NOT APPLICABLE,,W,MADISON ST,3900,NO CONTROLS,PARKING LOT,CLEAR,,,,,,,1,1,"{""coordinates"": [-87.723375967751, 41.880865155904], ""type"": ""Point""}","[""UNDER CARRIAGE""]","[""TOYOTA""]","[""AVOIDING VEHICLES/OBJECTS""]","[""CAMRY""]",[],"[""45""]","[""DID NOT DEPLOY""]","[""NONE""]","[""NO INDICATION OF INJURY""]","[""O2157156""]"
STRAIGHT AND LEVEL,714,2025-09-24T15:10:00.000,4,15,9,84ffcefdd267155d006174fe0582f823baadfa54ed54b0cd398042ca9fbc9a260da6a5373eb4dbb1840d9d020474e0415a1cd5afb3189e99b99ad0b3528829ee,INJURY AND / OR TOW DUE TO CRASH,"OVER $1,500",2025-09-24T15:12:00.000,NO CONTROLS,REAR END,,0,0,3,0,0,0,0,41.7850687355,DAYLIGHT,-87.6739104898,NO INDICATION OF INJURY,2,30,FAILING TO REDUCE SPEED TO AVOID CRASH,NOT ON SCENE (DESK REPORT),NO DEFECTS,DRY,NOT APPLICABLE,,S,DAMEN AVE,5953,NO CONTROLS,NOT DIVIDED,CLEAR,,,,,,,2,3,"{""coordinates"": [-87.673910489848, 41.78506873552], ""type"": ""Point""}","[""FRONT-LEFT-CORNER"", ""REAR""]","[""CHRYSLER"", ""JEEP""]","[""SLOW/STOP IN TRAFFIC"", ""STRAIGHT AHEAD""]","[""COMPASS"", ""TOWN & COUNTRY""]","[""Y""]","[""19"", ""39"", ""47""]","[""DEPLOYED, COMBINATION"", ""DID NOT DEPLOY""]","[""NONE""]","[""NO INDICATION OF INJURY""]","[""O2157120"", ""O2157121"", ""P476048""]"
STRAIGHT AND LEVEL,114,2025-09-24T15:11:00.000,4,15,9,3ca43d1bf1d1866966d205e291d98967adbb68290b64c0b86ce3f6f6f04a23627fb17d9b5892103e010a5d0cde80c1d57769fd72ef7e17856458d1e12b088184,NO INJURY / DRIVE AWAY,$500 OR LESS,2025-09-24T15:12:00.000,UNKNOWN,PARKED MOTOR VEHICLE,,0,0,1,0,0,0,0,41.8843598552,DAYLIGHT,-87.6244448142,NO INDICATION OF INJURY,2,25,UNABLE TO DETERMINE,ON SCENE,UNKNOWN,DRY,UNABLE TO DETERMINE,,E,RANDOLPH ST,101,UNKNOWN,DIVIDED - W/MEDIAN (NOT RAISED),CLEAR,,,,,,,2,1,"{""coordinates"": [-87.624444814212, 41.884359855242], ""type"": ""Point""}","[""FRONT-RIGHT-CORNER"", ""REAR-LEFT-CORNER""]","[""NOVA BUS"", ""TOYOTA""]","[""PARKED"", ""TURNING RIGHT""]","[""CAMRY"", ""OTHER (EXPLAIN IN NARRATIVE)""]",[],"[""27""]","[""DID NOT DEPLOY""]","[""NONE""]","[""NO INDICATION OF INJURY""]","[""O2157170""]"
STRAIGHT AND LEVEL,224,2025-09-24T15:13:00.000,4,15,9,0859eb70f230f95c800160645d8d9ec592135e755928b01e87dc2f8f62125e5f494b8a8e0bbdf9e87c9f97baa0e0a4aa0a73b70d3af9aa1d232e7025f95b9e0d,INJURY AND / OR TOW DUE TO CRASH,"OVER $1,500",2025-09-24T15:17:00.000,FUNCTIONING PROPERLY,ANGLE,,0,0,2,1,0,1,0,41.8057631166,DAYLIGHT,-87.6209749022,NONINCAPACITATING INJURY,2,30,DISREGARDING TRAFFIC SIGNALS,ON SCENE,NO DEFECTS,DRY,NOT APPLICABLE,,S,INDIANA AVE,4899,TRAFFIC SIGNAL,NOT DIVIDED,CLEAR,,Y,,,,,2,3,"{""coordinates"": [-87.620974902164, 41.805763116598], ""type"": ""Point""}","[""FRONT""]","[""CHEVROLET""]","[""STRAIGHT AHEAD""]","[""EQUINOX""]","[""Y""]","[""31"", ""45"", ""54""]","[""DEPLOYED, COMBINATION""]","[""NONE""]","[""NO INDICATION OF INJURY"", ""NONINCAPACITATING INJURY""]","[""O2157135"", ""O2157136"", ""P476053""]"
STRAIGHT AND LEVEL,1214,2025-09-24T15:14:00.000,4,15,9,cb547a7dec6d2ccb956e44a5ad252b7f3a4dff87ae1ac29c049f5716fe27b04b28efe11b6979e27f0f0b9731e678974c60fc0330d3722bb244afe8ae02bfce61,INJURY AND / OR TOW DUE TO CRASH,"$501 - $1,500",2025-09-24T15:14:00.000,UNKNOWN,TURNING,Y,0,0,2,1,0,1,0,41.8957962445,DAYLIGHT,-87.6549535956,NONINCAPACITATING INJURY,2,30,FOLLOWING TOO CLOSELY,ON SCENE,NO DEFECTS,DRY,NOT APPLICABLE,,N,MILWAUKEE AVE,770,UNKNOWN,FOUR WAY,CLEAR,,Y,,,,,2,3,"{""coordinates"": [-87.654953595644, 41.895796244484], ""type"": ""Point""}","[""FRONT-RIGHT-CORNER"", ""REAR""]","[""DODGE"", ""TESLA""]","[""TURNING LEFT""]","[""MODEL 3"", ""RAM 1500 PU""]",[],"[""24"", ""37""]","[""DEPLOYMENT UNKNOWN"", ""NOT APPLICABLE""]","[""NONE"", ""UNKNOWN""]","[""NO INDICATION OF INJURY"", ""NONINCAPACITATING INJURY""]","[""O2157195"", ""O2157196"", ""P476074""]"
STRAIGHT AND LEVEL,1712,2025-09-24T15:20:00.000,4,15,9,3430785338dcfc5023beecf778808a5e127251f4057c58a486b944a09a44298b26ef78283225d1ef3b676d596f37d71e5fca253df353cac909186a5605e679e6,NO INJURY / DRIVE AWAY,"OVER $1,500",2025-09-24T15:24:00.000,NO CONTROLS,SIDESWIPE SAME DIRECTION,,0,0,3,0,0,0,0,41.9816326236,DAYLIGHT,-87.7086788233,NO INDICATION OF INJURY,2,30,IMPROPER LANE USAGE,ON SCENE,NO DEFECTS,DRY,NOT APPLICABLE,,N,KEDZIE AVE,5511,NO CONTROLS,NOT DIVIDED,CLEAR,,,,,,,2,3,"{""coordinates"": [-87.708678823267, 41.98163262363], ""type"": ""Point""}","[""FRONT-LEFT-CORNER"", ""FRONT-RIGHT-CORNER""]","[""HONDA"", ""NOVA BUS""]","[""OTHER"", ""STRAIGHT AHEAD""]","[""LFS"", ""ODYSSEY""]",[],"[""29"", ""78""]","[""DEPLOYMENT UNKNOWN""]","[""NONE"", ""UNKNOWN""]","[""NO INDICATION OF INJURY""]","[""O2157162"", ""O2157163"", ""P476056""]"
STRAIGHT AND LEVEL,811,2025-09-24T15:20:00.000,4,15,9,c25c4e10c513cfac9bc7abfa13f438dc132b2413d0387dfdf2158c3cd8eb6969467c6e2aa9601c5db9e9f2a271a5af9cc86a9fab8c1b04b2357a7e2a3ef76f4d,INJURY AND / OR TOW DUE TO CRASH,"OVER $1,500",2025-09-24T15:40:00.000,NO CONTROLS,PARKED MOTOR VEHICLE,,0,0,1,0,0,0,0,41.7880070962,DAYLIGHT,-87.7708140367,NO INDICATION OF INJURY,3,25,PHYSICAL CONDITION OF DRIVER,ON SCENE,UNKNOWN,DRY,PHYSICAL CONDITION OF DRIVER,,S,MASON AVE,5728,NO CONTROLS,ONE-WAY,CLEAR,,,,,,,3,1,"{""coordinates"": [-87.770814036738, 41.788007096241], ""type"": ""Point""}","[""REAR-LEFT-CORNER"", ""SIDE-LEFT"", ""SIDE-RIGHT-FRONT""]","[""DODGE"", ""GENERAL MOTORS CORPORATION (GMC)"", ""HONDA""]","[""PARKED"", ""STRAIGHT AHEAD""]","[""JOURNEY"", ""PILOT"", ""TERRAIN""]","[""Y""]","[""46""]","[""NOT APPLICABLE""]","[""NONE""]","[""NO INDICATION OF INJURY""]","[""O2157186""]"
STRAIGHT AND LEVEL,811,2025-09-24T15:21:00.000,4,15,9,3cc720619da1cd856ec5868287d630028d7ed5f30647d8eaa74de2efb514b697c4aa3cfc10b9adb44744bce924430c8f24ffdf20c8f703d52f9b92d8a49289b9,NO INJURY / DRIVE AWAY,$500 OR LESS,2025-09-24T15:21:00.000,FUNCTIONING PROPERLY,PEDALCYCLIST,,0,0,3,0,0,0,0,41.7907697352,DAYLIGHT,-87.774374809,NO INDICATION OF INJURY,2,25,FAILING TO REDUCE SPEED TO AVOID CRASH,ON SCENE,NO DEFECTS,DRY,NOT APPLICABLE,,W,56TH ST,6098,STOP SIGN/FLASHER,NOT DIVIDED,CLEAR,,,,,,,2,3,"{""coordinates"": [-87.77437480896, 41.790769735184], ""type"": ""Point""}","[""SIDE-RIGHT""]","[""FORD""]","[""SLOW/STOP IN TRAFFIC""]","[""EXPLORER""]",[],"[""29"", ""41"", ""45""]","[""NOT APPLICABLE""]","[""NONE""]","[""NO INDICATION OF INJURY""]","[""O2157252"", ""O2157253"", ""P476078""]"
STRAIGHT AND LEVEL,815,2025-09-24T15:23:00.000,4,15,9,c4e2396fa8d3f4635480b28c5964b224546ccd32fdf5068474162d86fb6e6f49183582117b634aae5879df80ace70279d4964801da294d7692657fc97c90cf02,INJURY AND / OR TOW DUE TO CRASH,"OVER $1,500",2025-09-24T15:39:00.000,FUNCTIONING PROPERLY,ANGLE,,0,0,3,2,0,2,0,41.8058924065,DAYLIGHT,-87.7429617024,NONINCAPACITATING INJURY,2,30,FAILING TO YIELD RIGHT-OF-WAY,ON SCENE,UNKNOWN,DRY,NOT APPLICABLE,,S,CICERO AVE,4789,TRAFFIC SIGNAL,DIVIDED - W/MEDIAN (NOT RAISED),CLEAR,,,,,,,2,5,"{""coordinates"": [-87.742961702353, 41.805892406451], ""type"": ""Point""}","[""FRONT"", ""SIDE-RIGHT""]","[""NISSAN"", ""VOLKSWAGEN""]","[""STRAIGHT AHEAD""]","[""JETTA"", ""PATHFINDER""]","[""N"", ""Y""]","[""13"", ""47"", ""56""]","[""DEPLOYED, COMBINATION"", ""DEPLOYED, SIDE""]","[""NONE""]","[""NO INDICATION OF INJURY"", ""NONINCAPACITATING INJURY""]","[""O2157145"", ""O2157146"", ""P476057"", ""P476062"", ""P476067""]"
STRAIGHT AND LEVEL,633,2025-09-24T15:25:00.000,4,15,9,3ea649228a14f34db4bece4e8766cbc140c26b5f41126384390bf7c83f37d2afcba1cb565ea0bdb767947ac4c1e2538ec629264de438f659392aed879f909808,INJURY AND / OR TOW DUE TO CRASH,"OVER $1,500",2025-09-24T15:56:00.000,UNKNOWN,SIDESWIPE SAME DIRECTION,,0,0,1,0,1,1,0,41.7221546496,DAYLIGHT,-87.6046013499,"REPORTED, NOT EVIDENT",2,30,IMPROPER OVERTAKING/PASSING,ON SCENE,UNKNOWN,DRY,NOT APPLICABLE,,E,95TH ST,798,UNKNOWN,NOT DIVIDED,CLEAR,,,,,,,2,2,"{""coordinates"": [-87.604601349903, 41.722154649553], ""type"": ""Point""}","[""UNKNOWN""]","[""CHEVROLET"", ""NISSAN""]","[""OTHER""]","[""OTHER (EXPLAIN IN NARRATIVE)"", ""SENTRA""]","[""Y""]","[""54"", ""74""]","[""NOT APPLICABLE""]","[""NONE""]","[""NO INDICATION OF INJURY"", ""REPORTED, NOT EVIDENT""]","[""O2157205"", ""O2157206""]"
STRAIGHT AND LEVEL,1812,2025-09-24T15:25:00.000,4,15,9,d2963057beb7e4517aa3ce51bc0f8332c42108098591d1ea526e9abe67400d261791c54204db763d682946405ace454b0f0185c34dc84d958709abfacf66a7b0,NO INJURY / DRIVE AWAY,$500 OR LESS,2025-09-24T15:31:00.000,UNKNOWN,REAR END,,0,0,2,0,0,0,0,41.9182889665,DAYLIGHT,-87.6485713467,NO INDICATION OF INJURY,2,30,FOLLOWING TOO CLOSELY,ON SCENE,NO DEFECTS,DRY,NOT APPLICABLE,,W,ARMITAGE AVE,800,UNKNOWN,NOT DIVIDED,CLEAR,,,,,,,2,2,"{""coordinates"": [-87.648571346722, 41.918288966518], ""type"": ""Point""}","[""FRONT"", ""REAR""]","[""FORD"", ""NISSAN""]","[""STRAIGHT AHEAD""]","[""ALTIMA"", ""ESCAPE""]",[],"[""53""]","[""DEPLOYMENT UNKNOWN"", ""DID NOT DEPLOY""]","[""NONE""]","[""NO INDICATION OF INJURY""]","[""O2157118"", ""O2157119""]"
STRAIGHT AND LEVEL,1621,2025-09-24T15:30:00.000,4,15,9,2f82e75ae88a872fd252436c9deed51de3ad15b3749dca6978cf74b9b7723b0ff050d4993a984b88b7a9207c29bc4b96af2aff98633bfec938396912574e4429,NO INJURY / DRIVE AWAY,"$501 - $1,500",2025-09-24T17:30:00.000,NO CONTROLS,SIDESWIPE SAME DIRECTION,,0,0,2,0,0,0,0,41.9795935502,DAYLIGHT,-87.7585892718,NO INDICATION OF INJURY,2,15,UNABLE TO DETERMINE,NOT ON SCENE (DESK REPORT),NO DEFECTS,DRY,UNABLE TO DETERMINE,,N,ELSTON AVE,5401,NO CONTROLS,PARKING LOT,CLEAR,,,,,,,2,2,"{""coordinates"": [-87.758589271767, 41.979593550153], ""type"": ""Point""}","[""REAR"", ""UNKNOWN""]","[""LEXUS"", ""NISSAN""]","[""BACKING""]","[""ES350"", ""SENTRA""]",[],"[""0"", ""56""]","[""NOT APPLICABLE""]","[""NONE""]","[""NO INDICATION OF INJURY""]","[""O2157220"", ""O2157221""]"
STRAIGHT AND LEVEL,1122,2025-09-24T15:30:00.000,4,15,9,5d659da08664f5a55c1df213217f83d05506cf39a1536832ea11b862d902c44eab6f43c6941b33ed13de314a581dacd439a4ac6fde5c37ab1ce077686ef4da9b,NO INJURY / DRIVE AWAY,"$501 - $1,500",2025-09-24T16:00:00.000,FUNCTIONING PROPERLY,REAR END,Y,0,0,2,0,0,0,0,41.8833811582,DAYLIGHT,-87.7156878948,NO INDICATION OF INJURY,2,30,UNABLE TO DETERMINE,NOT ON SCENE (DESK REPORT),UNKNOWN,DRY,NOT APPLICABLE,,N,CENTRAL PARK DR,102,TRAFFIC SIGNAL,FOUR WAY,CLEAR,,,,,,,2,2,"{""coordinates"": [-87.715687894834, 41.883381158235], ""type"": ""Point""}","[""FRONT"", ""REAR-LEFT-CORNER""]","[""TOYOTA"", ""VOLKSWAGEN""]","[""MERGING"", ""SLOW/STOP IN TRAFFIC""]","[""CAMRY"", ""OTHER (EXPLAIN IN NARRATIVE)""]",[],"[""44""]","[""DEPLOYMENT UNKNOWN"", ""DID NOT DEPLOY""]","[""NONE""]","[""NO INDICATION OF INJURY""]","[""O2157126"", ""O2157127""]"
STRAIGHT AND LEVEL,1031,2025-09-24T15:30:00.000,4,15,9,74c0935855eb116d72e660586cd19b71d6a7d480aac18bc40ceb3f44187db3580ccf0466d6a0794fd2cf61927385e94a4ee493d2a9fe86f9dd5a0e2b8d1b22cb,NO INJURY / DRIVE AWAY,$500 OR LESS,2025-09-24T15:35:00.000,FUNCTIONING PROPERLY,TURNING,Y,0,0,2,0,0,0,0,41.8371006895,DAYLIGHT,-87.7171813067,NO INDICATION OF INJURY,2,30,IMPROPER TURNING/NO SIGNAL,ON SCENE,NO DEFECTS,DRY,NOT APPLICABLE,,S,LAWNDALE AVE,3058,TRAFFIC SIGNAL,FOUR WAY,CLEAR,,Y,,,,,2,2,"{""coordinates"": [-87.717181306728, 41.837100689479], ""type"": ""Point""}","[""FRONT-LEFT-CORNER"", ""SIDE-LEFT""]","[""NEW FLYER"", ""UNKNOWN""]","[""TURNING RIGHT""]","[""MOTORIZED"", ""XCELSIOR XE40""]",[],"[""36""]","[""DEPLOYMENT UNKNOWN"", ""DID NOT DEPLOY""]","[""NONE""]","[""NO INDICATION OF INJURY""]","[""O2157166"", ""O2157167""]"