alignment,beat_of_occurrence,crash_date,crash_day_of_week,crash_hour,crash_month,crash_record_id,crash_type,damage,date_police_notified,device_condition,first_crash_type,hit_and_run_i,injuries_fatal,injuries_incapacitating,injuries_no_indication,injuries_non_incapacitating,injuries_reported_not_evident,injuries_total,injuries_unknown,latitude,lighting_condition,longitude,most_severe_injury,num_units,posted_speed_limit,prim_contributory_cause,report_type,road_defect,roadway_surface_cond,sec_contributory_cause,statements_taken_i,street_direction,street_name,street_no,traffic_control_device,trafficway_type,weather_condition,crash_date_est_i,intersection_related_i,photos_taken_i,work_zone_i,dooring_i,private_property_i,veh_count,ppl_count,location_json,veh_first_contact_point_list_json,veh_make_list_json,veh_maneuver_list_json,veh_model_list_json,veh_towed_i_list_json,ppl_age_list_json,ppl_airbag_deployed_list_json,ppl_ejection_list_json,ppl_injury_classification_list_json,ppl_person_id_list_json
STRAIGHT AND LEVEL,1732,2025-09-24T15:30:00.000,4,15,9,8f863ba37288c7a178c4c9f1b9fff67af1a2dd7ca87699cf193af91d71047881cbfded053aa77642fcad0b96392201dd410d74e87ce996da68d018902c591cc3,NO INJURY / DRIVE AWAY,"OVER $1,500",2025-09-24T15:31:00.000,NO CONTROLS,REAR END,,0,0,2,0,0,0,0,41.9536149235,DAYLIGHT,-87.7227687189,NO INDICATION OF INJURY,2,30,FAILING TO REDUCE SPEED TO AVOID CRASH,ON SCENE,NO DEFECTS,DRY,DISTRACTION - FROM OUTSIDE VEHICLE,,W,IRVING PARK RD,3801,NO CONTROLS,CENTER TURN LANE,CLEAR,,,,,,,2,2,"{""coordinates"": [-87.722768718858, 41.953614923542], ""type"": ""Point""}","[""FRONT"", ""REAR""]","[""HONDA"", ""TOYOTA""]","[""SLOW/STOP IN TRAFFIC"", ""STRAIGHT AHEAD""]","[""CAMRY"", ""CIVIC""]",[],"[""34"", ""59""]","[""DID NOT DEPLOY""]","[""NONE""]","[""NO INDICATION OF INJURY""]","[""O2157168"", ""O2157169""]"
STRAIGHT AND LEVEL,2223,2025-09-24T15:30:00.000,4,15,9,d1ac2fd4ff49a19d785bbacff31d7b29ba1e70e360c7fa3d5c9eb66dca88213afa4164f12bdf4c60a8c9827e4476d99e36fb4000f119f59bfd10ed8796110041,NO INJURY / DRIVE AWAY,"OVER $1,500",2025-09-24T16:30:00.000,NO CONTROLS,SIDESWIPE SAME DIRECTION,Y,0,0,2,0,0,0,0,41.7213650608,DAYLIGHT,-87.6433580423,NO INDICATION OF INJURY,2,30,FOLLOWING TOO CLOSELY,NOT ON SCENE (DESK REPORT),NO DEFECTS,DRY,DRIVING SKILLS/KNOWLEDGE/EXPERIENCE,,S,HALSTED ST,9500,NO CONTROLS,FOUR WAY,CLEAR,,,,,,,2,2,"{""coordinates"": [-87.643358042341, 41.721365060783], ""type"": ""Point""}","[""FRONT-RIGHT-CORNER"", ""NONE""]","[""HYUNDAI"", ""UNKNOWN""]","[""CHANGING LANES"", ""STRAIGHT AHEAD""]","[""OTHER (EXPLAIN IN NARRATIVE)""]",[],"[""53""]","[""DEPLOYMENT UNKNOWN"", ""DID NOT DEPLOY""]","[""NONE""]","[""NO INDICATION OF INJURY""]","[""O2157176"", ""O2157177""]"
STRAIGHT AND LEVEL,1532,2025-09-24T15:38:00.000,4,15,9,41663601f7e2570a911a891a4189af342df4374bd80cf41a7bf6ed50e90a048f51d5416f9130d53e7419c6e224a8398d06eb2cd93d658e145aad4d1070502fe9,NO INJURY / DRIVE AWAY,"OVER $1,500",2025-09-24T15:45:00.000,NO CONTROLS,REAR END,Y,0,0,2,0,0,0,0,41.8896523558,DAYLIGHT,-87.7552594715,NO INDICATION OF INJURY,2,20,FOLLOWING TOO CLOSELY,NOT ON SCENE (DESK REPORT),NO DEFECTS,DRY,NOT APPLICABLE,,N,LARAMIE AVE,511,NO CONTROLS,NOT DIVIDED,CLEAR,,,,,,,2,2,"{""coordinates"": [-87.75525947146, 41.889652355777], ""type"": ""Point""}","[""FRONT"", ""REAR""]","[""FORD""]","[""STRAIGHT AHEAD""]","[""ESCAPE"", ""OTHER (EXPLAIN IN NARRATIVE)""]",[],"[""75""]","[""DEPLOYMENT UNKNOWN"", ""NOT APPLICABLE""]","[""NONE""]","[""NO INDICATION OF INJURY""]","[""O2157114"", ""O2157115""]"
STRAIGHT AND LEVEL,934,2025-09-24T15:55:00.000,4,15,9,6324235bc574841a688c9840c589771b56eaa4588601e86fe22a29bd71832006246d833f70f8491af6832cd84b3329a6482d8a010b12b9ffd10e32720c1285bc,NO INJURY / DRIVE AWAY,"$501 - $1,500",2025-09-24T16:16:00.000,NO CONTROLS,REAR END,,0,0,5,0,0,0,0,41.799787719,DAYLIGHT,-87.6502548278,NO INDICATION OF INJURY,2,30,FOLLOWING TOO CLOSELY,NOT ON SCENE (DESK REPORT),NO DEFECTS,DRY,NOT APPLICABLE,,W,52ND ST,1000,NO CONTROLS,NOT DIVIDED,CLEAR,,,,,,,2,5,"{""coordinates"": [-87.650254827831, 41.799787719031], ""type"": ""Point""}","[""FRONT"", ""REAR""]","[""CHEVROLET"", ""FORD""]","[""SLOW/STOP IN TRAFFIC"", ""STRAIGHT AHEAD""]","[""CRUZE"", ""ESCAPE""]",[],"[""29""]","[""DID NOT DEPLOY""]","[""NONE""]","[""NO INDICATION OF INJURY""]","[""O2157141"", ""O2157142"", ""P476051"", ""P476052"", ""P476055""]"
STRAIGHT AND LEVEL,1711,2025-09-24T16:00:00.000,4,16,9,2ae0a96838c19def61343bf84120f1abcb18dc20e843f0c1e1a0ccb2dff0519002d10fd447de18cad1cf1e9854f1d1b0b6ebf222e6e51f6c99c63f837571431c,NO INJURY / DRIVE AWAY,"OVER $1,500",2025-09-24T16:25:00.000,FUNCTIONING PROPERLY,SIDESWIPE SAME DIRECTION,,0,0,2,0,0,0,0,41.9883139184,DAYLIGHT,-87.7284283782,NO INDICATION OF INJURY,2,30,IMPROPER LANE USAGE,NOT ON SCENE (DESK REPORT),NO DEFECTS,DRY,IMPROPER TURNING/NO SIGNAL,,N,PULASKI RD,5893,TRAFFIC SIGNAL,DIVIDED - W/MEDIAN (NOT RAISED),CLEAR,,,,,,,2,2,"{""coordinates"": [-87.728428378203, 41.98831391839], ""type"": ""Point""}","[""FRONT-LEFT-CORNER"", ""SIDE-RIGHT""]","[""FORD"", ""TOYOTA""]","[""UNKNOWN/NA""]","[""CAMRY"", ""EXPEDITION""]",[],"[""59"", ""63""]","[""DID NOT DEPLOY""]","[""NONE""]","[""NO INDICATION OF INJURY""]","[""O2157164"", ""O2157165""]"
STRAIGHT AND LEVEL,222,2025-09-24T16:00:00.000,4,16,9,43b46c5cc3fda7e5e01fdcb044121f50b0d8497f929b171cc3d2a3eb2b73447877eef3b7c5e563633d52e6cc792d463dee7ede4d5cfe02e5564df5795f837a56,NO INJURY / DRIVE AWAY,"OVER $1,500",2025-09-24T20:00:00.000,FUNCTIONING PROPERLY,TURNING,,0,0,2,0,0,0,0,41.8028821937,DAYLIGHT,-87.5881557417,NO INDICATION OF INJURY,2,25,UNABLE TO DETERMINE,NOT ON SCENE (DESK REPORT),NO DEFECTS,DRY,UNABLE TO DETERMINE,,S,LAKE PARK AVE,5046,TRAFFIC SIGNAL,NOT DIVIDED,CLEAR,,Y,,,,,2,2,"{""coordinates"": [-87.588155741699, 41.802882193722], ""type"": ""Point""}","[""FRONT"", ""SIDE-RIGHT""]","[""CHEVROLET"", ""DODGE""]","[""STRAIGHT AHEAD"", ""TURNING LEFT""]","[""CARAVAN"", ""EQUINOX""]",[],"[""23"", ""79""]","[""NOT APPLICABLE""]","[""NONE""]","[""NO INDICATION OF INJURY""]","[""O2157328"", ""O2157329""]"
STRAIGHT AND LEVEL,2022,2025-09-24T16:00:00.000,4,16,9,8bff0f07b19553717d5593b3cff32aa8d0be3a53017a12966fc27f604765d51592959435cec0a87c634b8cdf23aa99308f037c0ad8da9b25f5b344c6512498b6,NO INJURY / DRIVE AWAY,"OVER $1,500",2025-09-24T18:00:00.000,NO CONTROLS,SIDESWIPE SAME DIRECTION,,0,0,2,0,0,0,0,41.9859141268,DAYLIGHT,-87.6554088015,NO INDICATION OF INJURY,2,30,IMPROPER LANE USAGE,NOT ON SCENE (DESK REPORT),NO DEFECTS,DRY,NOT APPLICABLE,,N,SHERIDAN RD,5710,NO CONTROLS,NOT DIVIDED,CLEAR,,,,,,,2,2,"{""coordinates"": [-87.655408801513, 41.985914126752], ""type"": ""Point""}","[""SIDE-LEFT-REAR"", ""SIDE-RIGHT""]","[""FORD"", ""HONDA""]","[""CHANGING LANES"", ""SLOW/STOP IN TRAFFIC""]","[""CIVIC"", ""MUSTANG MACH-E""]",[],"[""22"", ""61""]","[""DID NOT DEPLOY""]","[""NONE""]","[""NO INDICATION OF INJURY""]","[""O2157294"", ""O2157295""]"
STRAIGHT AND LEVEL,2512,2025-09-24T16:00:00.000,4,16,9,faeed41421dc1c0c26a8c3f5865d7ee0e9515abcb7af451dc19e7c83c2b2b8bb7f63ed0ddaa48feb3383df1b268409513be9620b9ae5c26584cd7cb5246a97c3,NO INJURY / DRIVE AWAY,$500 OR LESS,2025-09-24T16:40:00.000,UNKNOWN,REAR END,,0,0,2,0,0,0,0,41.9180157282,DAYLIGHT,-87.7756656438,NO INDICATION OF INJURY,2,25,UNABLE TO DETERMINE,NOT ON SCENE (DESK REPORT),UNKNOWN,UNKNOWN,UNABLE TO DETERMINE,,N,AUSTIN AVE,2100,UNKNOWN,FOUR WAY,UNKNOWN,,,,,,,2,2,"{""coordinates"": [-87.775665643777, 41.918015728249], ""type"": ""Point""}","[""REAR""]","[""JEEP"", ""NISSAN""]","[""STRAIGHT AHEAD""]","[""JUKE"", ""WRANGLER""]",[],"[""47""]","[""DEPLOYMENT UNKNOWN"", ""NOT APPLICABLE""]","[""NONE""]","[""NO INDICATION OF INJURY""]","[""O2157180"", ""O2157181""]"
STRAIGHT AND LEVEL,2512,2025-09-24T16:02:00.000,4,16,9,a88dc09ab998976a405948afa900dc4a3696ea749b31ad31f585dfce2209a97a6ca14a2dc04d722a9d85ce9f3e14dea240d5ccd7a181986f1df82f316cdbcda0,NO INJURY / DRIVE AWAY,"OVER $1,500",2025-09-24T16:04:00.000,FUNCTIONING PROPERLY,TURNING,,0,0,2,0,0,0,0,41.9237604017,DAYLIGHT,-87.7887477626,NO INDICATION OF INJURY,2,30,IMPROPER TURNING/NO SIGNAL,ON SCENE,NO DEFECTS,DRY,UNABLE TO DETERMINE,,W,FULLERTON AVE,6520,TRAFFIC SIGNAL,FOUR WAY,CLEAR,,Y,,,,,2,2,"{""coordinates"": [-87.788747762559, 41.923760401743], ""type"": ""Point""}","[""SIDE-LEFT"", ""SIDE-RIGHT-FRONT""]","[""CHEVROLET"", ""HONDA""]","[""STRAIGHT AHEAD"", ""TURNING LEFT""]","[""CR-V"", ""SILVERADO""]",[],"[""27"", ""30""]","[""DID NOT DEPLOY""]","[""NONE""]","[""NO INDICATION OF INJURY""]","[""O2157199"", ""O2157200""]"
STRAIGHT AND LEVEL,1611,2025-09-24T16:10:00.000,4,16,9,198749b2025334ae92865b66cd1f8ff8945b1274b13bcffc42b9034f98d4b5346c0f3049439b3df741ebb3b6486b2e695263463808ce421da0cd9845a4ef8c7e,NO INJURY / DRIVE AWAY,"$501 - $1,500",2025-09-24T16:15:00.000,NO CONTROLS,ANGLE,,0,0,2,0,0,0,0,41.995414541,DAYLIGHT,-87.7873531257,NO INDICATION OF INJURY,2,30,FAILING TO YIELD RIGHT-OF-WAY,ON SCENE,NO DEFECTS,DRY,UNABLE TO DETERMINE,,N,NAGLE AVE,6305,NO CONTROLS,NOT DIVIDED,CLEAR,,,,,,,2,2,"{""coordinates"": [-87.787353125651, 41.995414541029], ""type"": ""Point""}","[""FRONT-LEFT-CORNER"", ""FRONT-RIGHT-CORNER""]","[""FORD"", ""HONDA""]","[""STRAIGHT AHEAD""]","[""CR-V"", ""OTHER (EXPLAIN IN NARRATIVE)""]",[],"[""47"", ""66""]","[""DID NOT DEPLOY""]","[""NONE""]","[""NO INDICATION OF INJURY""]","[""O2157174"", ""O2157175""]"
STRAIGHT AND LEVEL,1531,2025-09-24T16:11:00.000,4,16,9,3bcf6c6e2d09c1acd712358bcd647ac8bd0b3593158c51e9ae8a982848d66bb9d77144fa6a95b63d51b6c31d5d6a24f50c65522c0176c29a4e64aba54e27ddd6,NO INJURY / DRIVE AWAY,"OVER $1,500",2025-09-24T16:11:00.000,NO CONTROLS,SIDESWIPE OPPOSITE DIRECTION,,0,0,2,0,0,0,0,41.9001135678,DAYLIGHT,-87.7460690018,NO INDICATION OF INJURY,2,30,DRIVING ON WRONG SIDE/WRONG WAY,ON SCENE,NO DEFECTS,DRY,IMPROPER LANE USAGE,,N,CICERO AVE,1046,NO CONTROLS,NOT DIVIDED,CLEAR,,,,,,,2,2,"{""coordinates"": [-87.746069001823, 41.900113567837], ""type"": ""Point""}","[""FRONT-LEFT-CORNER""]","[""CHEVROLET"", ""FORD""]","[""PASSING/OVERTAKING"", ""STRAIGHT AHEAD""]","[""TAHOE"", ""VAN""]",[],"[""40"", ""53""]","[""NOT APPLICABLE""]","[""NONE""]","[""NO INDICATION OF INJURY""]","[""O2157182"", ""O2157183""]"
STRAIGHT AND LEVEL,1133,2025-09-24T16:15:00.000,4,16,9,b7d886757e05d3ff39897e318d9c3a277fc9f7761984253cf5e9351d1456a360d0c85e0a527cf347997da1942c9421176ce826cfe6256673f53abdb2fe6f55eb,NO INJURY / DRIVE AWAY,"OVER $1,500",2025-09-24T16:50:00.000,FUNCTIONING PROPERLY,REAR END,,0,0,2,0,0,0,0,41.8663560879,DAYLIGHT,-87.7196191122,NO INDICATION OF INJURY,2,25,UNABLE TO DETERMINE,NOT ON SCENE (DESK REPORT),NO DEFECTS,DRY,UNABLE TO DETERMINE,,W,ROOSEVELT RD,3742,TRAFFIC SIGNAL,NOT DIVIDED,CLEAR,,Y,,,,,2,2,"{""coordinates"": [-87.71961911216, 41.866356087866], ""type"": ""Point""}","[""FRONT"", ""REAR""]","[""BUICK"", ""NISSAN""]","[""STRAIGHT AHEAD""]","[""ENCLAVE"", ""SENTRA""]",[],"[""44"", ""56""]","[""NOT APPLICABLE""]","[""NONE""]","[""NO INDICATION OF INJURY""]","[""O2157184"", ""O2157185""]"
STRAIGHT AND LEVEL,2515,2025-09-24T16:18:00.000,4,16,9,bd1f8c8fdea9eca87f817c9e4362e70af73261d35b20d55bbf09d49e183d82a381a2c4bd512320482aa6b135a258aaebb42d2a6324c46a65a9a696dcf94c43c5,INJURY AND / OR TOW DUE TO CRASH,"OVER $1,500",2025-09-24T16:49:00.000,NO CONTROLS,PARKED MOTOR VEHICLE,,0,0,0,1,0,1,0,41.9233003926,DAYLIGHT,-87.7562610903,NONINCAPACITATING INJURY,2,30,EQUIPMENT - VEHICLE CONDITION,ON SCENE,UNKNOWN,DRY,NOT APPLICABLE,,N,LARAMIE AVE,2334,NO CONTROLS,NOT DIVIDED,CLEAR,,,Y,,,,2,1,"{""coordinates"": [-87.756261090347, 41.923300392582], ""type"": ""Point""}","[""FRONT-RIGHT-CORNER"", ""REAR-LEFT-CORNER""]","[""NISSAN"", ""TOYOTA""]","[""PARKED"", ""STRAIGHT AHEAD""]","[""ALTIMA"", ""MATRIX""]","[""Y""]","[""39""]","[""DID NOT DEPLOY""]","[""NONE""]","[""NONINCAPACITATING INJURY""]","[""O2157248""]"
STRAIGHT AND LEVEL,2512,2025-09-24T16:20:00.000,4,16,9,0fc451df2f1bfb99f730bfba1cb4782535c05bf7791f5dede751410a042d5868b38a5763a5709882bb01e3d02f552cc8d9a57fe5e5d90af66aa651f952693e3e,NO INJURY / DRIVE AWAY,"OVER $1,500",2025-09-24T17:20:00.000,NO CONTROLS,REAR END,Y,0,0,3,0,0,0,0,41.9240989956,DAYLIGHT,-87.7853104693,NO INDICATION OF INJURY,3,30,UNABLE TO DETERMINE,NOT ON SCENE (DESK REPORT),UNKNOWN,UNKNOWN,NOT APPLICABLE,,N,NARRAGANSETT AVE,2411,NO CONTROLS,DIVIDED - W/MEDIAN (NOT RAISED),CLEAR,,,,,,,3,3,"{""coordinates"": [-87.785310469286, 41.924098995556], ""type"": ""Point""}","[""FRONT"", ""REAR""]","[""KIA"", ""MAZDA"", ""UNKNOWN""]","[""STRAIGHT AHEAD"", ""UNKNOWN/NA""]","[""CX-5"", ""OTHER (EXPLAIN IN NARRATIVE)"", ""SPORTAGE""]",[],"[""30""]","[""DEPLOYMENT UNKNOWN"", ""NOT APPLICABLE""]","[""NONE""]","[""NO INDICATION OF INJURY""]","[""O2157207"", ""O2157208"", ""O2157228""]"
STRAIGHT AND LEVEL,731,2025-09-24T16:22:00.000,4,16,9,6d25cc3e95be1e46a8f5a75ee367fa34be14102be806eb71a5277f6182c92da915c764ab99cde5939fd8e19ac1fd072095750a18c7e02bcc4e068b538f9c0953,INJURY AND / OR TOW DUE TO CRASH,"OVER $1,500",2025-09-24T16:22:00.000,NO CONTROLS,FIXED OBJECT,Y,0,0,4,0,0,0,0,41.767303583,DAYLIGHT,-87.6335289696,NO INDICATION OF INJURY,1,30,FAILING TO REDUCE SPEED TO AVOID CRASH,ON SCENE,NO DEFECTS,DRY,UNABLE TO DETERMINE,,W,70TH ST,330,NO CONTROLS,NOT DIVIDED,CLEAR,,,,,,,1,4,"{""coordinates"": [-87.633528969603, 41.76730358303], ""type"": ""Point""}","[""FRONT-LEFT-CORNER""]","[""KIA""]","[""STRAIGHT AHEAD""]","[""SPORTAGE""]","[""Y""]",[],"[""DEPLOYMENT UNKNOWN"", ""DID NOT DEPLOY""]","[""NONE""]","[""NO INDICATION OF INJURY""]","[""O2157190"", ""P476061"", ""P476063"", ""P476065""]"
STRAIGHT AND LEVEL,621,2025-09-24T16:22:00.000,4,16,9,7efada594fbe7acd80e3efddc5ef9928aebc616d8ae1d42daaed17be5cb0025877c1e6baa4950fd7b8097b7f39e69c8a6b14b9f6e68905a6c16f0d889b7a9a94,INJURY AND / OR TOW DUE TO CRASH,"OVER $1,500",2025-09-24T16:34:00.000,NO CONTROLS,PEDESTRIAN,Y,0,0,1,1,0,1,0,41.7543858553,DAYLIGHT,-87.6441846394,NONINCAPACITATING INJURY,2,30,FAILING TO YIELD RIGHT-OF-WAY,NOT ON SCENE (DESK REPORT),UNKNOWN,UNKNOWN,FAILING TO YIELD RIGHT-OF-WAY,,W,77TH ST,800,NO CONTROLS,T-INTERSECTION,CLEAR,,Y,,,,,2,2,"{""coordinates"": [-87.644184639357, 41.754385855305], ""type"": ""Point""}","[""UNKNOWN""]","[""UNKNOWN""]","[""TURNING LEFT""]","[""OTHER (EXPLAIN IN NARRATIVE)""]",[],"[""38""]","[""NOT APPLICABLE""]","[""NONE""]","[""NO INDICATION OF INJURY"", ""NONINCAPACITATING INJURY""]","[""O2157236"", ""O2157237""]"
STRAIGHT AND LEVEL,124,2025-09-24T16:22:00.000,4,16,9,cacc8ccab7a3d7546df5b66745f23c6137a6dcb9e42391aa505cac3cb663c8d0d1d764de72697a784f59eef33598199e8b76a2437a9b53b9d91068e48c9eb129,INJURY AND / OR TOW DUE TO CRASH,"OVER $1,500",2025-09-24T16:44:00.000,NO CONTROLS,TURNING,,0,0,5,0,1,1,0,41.8679728051,DAYLIGHT,-87.6408922569,"REPORTED, NOT EVIDENT",2,30,UNABLE TO DETERMINE,ON SCENE,UNKNOWN,DRY,DRIVING SKILLS/KNOWLEDGE/EXPERIENCE,,S,CLINTON ST,1132,NO CONTROLS,PARKING LOT,CLEAR,,,,,,,2,6,"{""coordinates"": [-87.640892256885, 41.867972805109], ""type"": ""Point""}","[""FRONT"", ""FRONT-RIGHT-CORNER""]","[""NISSAN"", ""TOYOTA""]","[""STRAIGHT AHEAD"", ""TURNING RIGHT""]","[""CAMRY"", ""KICKS""]","[""Y""]","[""16"", ""35"", ""66"", ""70""]","[""DID NOT DEPLOY""]","[""NONE""]","[""NO INDICATION OF INJURY"", ""REPORTED, NOT EVIDENT""]","[""O2157318"", ""O2157319"", ""P476087"", ""P476093"", ""P476094"", ""P476095""]"
STRAIGHT AND LEVEL,1724,2025-09-24T16:30:00.000,4,16,9,d116e7e22de9d57dea3fd6450a9db329ac6edd0d2cd26c056681ff5c34f3bfc29b0148344c9ba7a4406fd6a5a06b55b6df0313ca4e695158de0769d81639a9eb,INJURY AND / OR TOW DUE TO CRASH,"$501 - $1,500",2025-09-24T17:25:00.000,NO CONTROLS,PEDALCYCLIST,,0,0,1,1,0,1,0,41.9565685474,DAYLIGHT,-87.712848785,NONINCAPACITATING INJURY,2,30,FAILING TO YIELD RIGHT-OF-WAY,NOT ON SCENE (DESK REPORT),NO DEFECTS,DRY,UNABLE TO DETERMINE,,N,KIMBALL AVE,4129,NO CONTROLS,NOT DIVIDED,CLEAR,,,,,,,2,2,"{""coordinates"": [-87.712848785048, 41.956568547356], ""type"": ""Point""}","[""FRONT-LEFT-CORNER""]","[""NISSAN""]","[""STRAIGHT AHEAD""]","[""SENTRA""]",[],"[""56""]","[""DID NOT DEPLOY""]","[""NONE""]","[""NO INDICATION OF INJURY"", ""NONINCAPACITATING INJURY""]","[""O2157218"", ""O2157219""]"
STRAIGHT AND LEVEL,421,2025-09-24T16:35:00.000,4,16,9,a8083f9145dcb72cc9568215d494d75d43d17092673327c10f5b59333791e7dbd95399f9e367672406b8c329b109b950ce079fb6d3381a61f7cc7acb0449843f,NO INJURY / DRIVE AWAY,"OVER $1,500",2025-09-24T16:38:00.000,NO CONTROLS,FIXED OBJECT,Y,0,0,1,0,0,0,0,41.7571563598,DAYLIGHT,-87.558408913,NO INDICATION OF INJURY,1,0,IMPROPER BACKING,ON SCENE,NO DEFECTS,DRY,DRIVING SKILLS/KNOWLEDGE/EXPERIENCE,Y,S,EXCHANGE AVE,7600,NO CONTROLS,OTHER,CLEAR,,,,,,,1,1,"{""coordinates"": [-87.55840891305, 41.757156359802], ""type"": ""Point""}","[""REAR""]","[""CHEVROLET""]","[""STRAIGHT AHEAD""]","[""EQUINOX""]",[],[],"[""DEPLOYMENT UNKNOWN""]","[""NONE""]","[""NO INDICATION OF INJURY""]","[""O2157222""]"
STRAIGHT AND LEVEL,1433,2025-09-24T16:40:00.000,4,16,9,81364947d6749eb8e69423de5f3015304c6eeb93dcbc98c53b9540c5bb82d068ab17a247e76fa4c4e0483ab2db30ffdc9ce7ec28a3be0a147b3c4d06c506f90f,NO INJURY / DRIVE AWAY,"OVER $1,500",2025-09-24T17:30:00.000,UNKNOWN,REAR END,,0,0,2,0,0,0,0,41.909147707,DAYLIGHT,-87.6677960578,NO INDICATION OF INJURY,2,30,UNABLE TO DETERMINE,NOT ON SCENE (DESK REPORT),UNKNOWN,UNKNOWN,UNABLE TO DETERMINE,,N,ASHLAND AVE,1500,UNKNOWN,NOT DIVIDED,CLEAR,,,,,,,2,2,"{""coordinates"": [-87.667796057783, 41.909147707019], ""type"": ""Point""}","[""FRONT"", ""REAR""]","[""NISSAN"", ""TOYOTA""]","[""STRAIGHT AHEAD""]","[""ALTIMA"", ""TUNDRA""]",[],"[""46"", ""47""]","[""DEPLOYMENT UNKNOWN""]","[""UNKNOWN""]","[""NO INDICATION OF INJURY""]","[""O2157226"", ""O2157227""]"
STRAIGHT AND LEVEL,1132,2025-09-24T16:45:00.000,4,16,9,502da121bd88bf48863bdd5d17e2bf2c0393effa90b82569c4d9c1789c80ad33564b02cc61fd0db1d63360e97e37dfe77a30ca94dead251582fd3aad56328eb2,INJURY AND / OR TOW DUE TO CRASH,"OVER $1,500",2025-09-24T16:49:00.000,NO CONTROLS,SIDESWIPE SAME DIRECTION,Y,0,0,3,0,1,1,0,41.8662586021,DAYLIGHT,-87.7267936595,"REPORTED, NOT EVIDENT",2,30,UNABLE TO DETERMINE,ON SCENE,UNKNOWN,DRY,UNABLE TO DETERMINE,,W,ROOSEVELT RD,4040,NO CONTROLS,NOT DIVIDED,CLEAR,,,,,,,2,4,"{""coordinates"": [-87.726793659479, 41.866258602081], ""type"": ""Point""}","[""FRONT-LEFT-CORNER"", ""SIDE-RIGHT""]","[""MAZDA"", ""UNKNOWN""]","[""STRAIGHT AHEAD"", ""UNKNOWN/NA""]","[""OTHER (EXPLAIN IN NARRATIVE)""]","[""Y""]","[""20""]","[""DEPLOYMENT UNKNOWN"", ""DID NOT DEPLOY""]","[""NONE""]","[""NO INDICATION OF INJURY"", ""REPORTED, NOT EVIDENT""]","[""O2157213"", ""O2157214"", ""P476072"", ""P476073""]"
STRAIGHT AND LEVEL,1923,2025-09-24T16:45:00.000,4,16,9,cee1855b686a46a95ef8ec8c1984065d07ab53e7b77f5981643facee88cf90baa15e2f619aa4bdc4f9e8e635eaea6e03df9bd075510de160b6852f331ff2b6f0,NO INJURY / DRIVE AWAY,"OVER $1,500",2025-09-24T17:25:00.000,NO CONTROLS,PARKED MOTOR VEHICLE,Y,0,0,1,0,0,0,0,41.9511890918,DAYLIGHT,-87.6572800911,NO INDICATION OF INJURY,3,25,FOLLOWING TOO CLOSELY,NOT ON SCENE (DESK REPORT),NO DEFECTS,DRY,UNABLE TO DETERMINE,,W,GRACE ST,1106,NO CONTROLS,NOT DIVIDED,CLEAR,,,,,,,3,1,"{""coordinates"": [-87.657280091105, 41.951189091781], ""type"": ""Point""}","[""REAR-LEFT-CORNER"", ""SIDE-LEFT"", ""UNKNOWN""]","[""ACURA"", ""FORD"", ""UNKNOWN""]","[""PARKED"", ""UNKNOWN/NA""]","[""ADX"", ""FUSION"", ""MOTORIZED""]",[],[],"[""DEPLOYMENT UNKNOWN""]","[""NONE""]","[""NO INDICATION OF INJURY""]","[""O2157229""]"
STRAIGHT AND LEVEL,212,2025-09-24T16:46:00.000,4,16,9,82a0d812bb0442881026d2dfef9ad1445f662f2b17eaf99a647c35acafc68a6d77ea3b7f997e764a4e9c4441a2f3bb7a412e52d46c31a0bb62f8b8af233abe35,NO INJURY / DRIVE AWAY,"OVER $1,500",2025-09-24T16:48:00.000,NO CONTROLS,OTHER OBJECT,,0,0,3,0,0,0,0,41.8308381162,DAYLIGHT,-87.6146248877,NO INDICATION OF INJURY,1,30,UNABLE TO DETERMINE,ON SCENE,UNKNOWN,DRY,NOT APPLICABLE,,S,RHODES AVE,3510,NO CONTROLS,ONE-WAY,CLEAR,,,,,,N,1,3,"{""coordinates"": [-87.614624887683, 41.830838116221], ""type"": ""Point""}","[""FRONT""]","[""THOMAS BUILT BUS COMPANY""]","[""STRAIGHT AHEAD""]","[""THOMAS BUILT BUS CO.""]",[],"[""34""]","[""NOT APPLICABLE""]","[""NONE""]","[""NO INDICATION OF INJURY""]","[""O2157217"", ""P476070"", ""P476071""]"
STRAIGHT AND LEVEL,423,2025-09-24T16:55:00.000,4,16,9,52c2f947229a59243c41e3584a8e0d8006ea0162d3a4f88feacbdcf298f262fd9ed5185f3413b6e539257c3c475fcb91264aeaec15653d2b5a8badf618f29559,NO INJURY / DRIVE AWAY,"$501 - $1,500",2025-09-24T17:20:00.000,FUNCTIONING PROPERLY,REAR END,Y,0,0,2,0,0,0,0,41.7319162347,DAYLIGHT,-87.5610178152,NO INDICATION OF INJURY,2,30,FOLLOWING TOO CLOSELY,NOT ON SCENE (DESK REPORT),NO DEFECTS,DRY,UNABLE TO DETERMINE,,S,COLFAX AVE,9001,STOP SIGN/FLASHER,NOT DIVIDED,CLEAR,,,,,,,2,2,"{""coordinates"": [-87.561017815212, 41.731916234743], ""type"": ""Point""}","[""FRONT"", ""REAR-RIGHT-CORNER""]","[""BUICK"", ""HONDA""]","[""SLOW/STOP IN TRAFFIC"", ""STRAIGHT AHEAD""]","[""ODYSSEY"", ""OTHER (EXPLAIN IN NARRATIVE)""]",[],"[""68""]","[""DEPLOYMENT UNKNOWN"", ""DID NOT DEPLOY""]","[""NONE""]","[""NO INDICATION OF INJURY""]","[""O2157256"", ""O2157257""]"