alignment,beat_of_occurrence,crash_date,crash_day_of_week,crash_hour,crash_month,crash_record_id,crash_type,damage,date_police_notified,device_condition,first_crash_type,hit_and_run_i,injuries_fatal,injuries_incapacitating,injuries_no_indication,injuries_non_incapacitating,injuries_reported_not_evident,injuries_total,injuries_unknown,latitude,lighting_condition,longitude,most_severe_injury,num_units,posted_speed_limit,prim_contributory_cause,report_type,road_defect,roadway_surface_cond,sec_contributory_cause,statements_taken_i,street_direction,street_name,street_no,traffic_control_device,trafficway_type,weather_condition,crash_date_est_i,intersection_related_i,photos_taken_i,work_zone_i,dooring_i,private_property_i,veh_count,ppl_count,location_json,veh_first_contact_point_list_json,veh_make_list_json,veh_maneuver_list_json,veh_model_list_json,veh_towed_i_list_json,ppl_age_list_json,ppl_airbag_deployed_list_json,ppl_ejection_list_json,ppl_injury_classification_list_json,ppl_person_id_list_json
STRAIGHT AND LEVEL,522,2025-09-24T19:02:00.000,4,19,9,51a5babece77cd07c0bd4a1694aab7bb74f329961a9c7d19f22f62e14c39ea43119dd3139d7fdaf52c0024899ab7de6849be301fbceb2e022476b3182b053205,INJURY AND / OR TOW DUE TO CRASH,"OVER $1,500",2025-09-24T19:02:00.000,NO CONTROLS,TURNING,,0,0,2,2,1,3,0,41.6924123791,DUSK,-87.6282492954,NONINCAPACITATING INJURY,2,30,FAILING TO YIELD RIGHT-OF-WAY,ON SCENE,NO DEFECTS,DRY,NOT APPLICABLE,,W,111TH ST,207,NO CONTROLS,NOT DIVIDED,CLEAR,,,,,,,2,5,"{""coordinates"": [-87.628249295438, 41.692412379148], ""type"": ""Point""}","[""FRONT-RIGHT-CORNER"", ""SIDE-RIGHT""]","[""KIA"", ""VOLKSWAGEN""]","[""STRAIGHT AHEAD"", ""TURNING LEFT""]","[""JETTA"", ""SOUL""]","[""N"", ""Y""]","[""0"", ""27"", ""29"", ""40""]","[""DEPLOYED, COMBINATION"", ""DID NOT DEPLOY""]","[""NONE""]","[""NO INDICATION OF INJURY"", ""NONINCAPACITATING INJURY"", ""REPORTED, NOT EVIDENT""]","[""O2157343"", ""O2157344"", ""P476104"", ""P476105"", ""P476106""]"
STRAIGHT AND LEVEL,1533,2025-09-24T19:04:00.000,4,19,9,7e1b4816a30756f7b98e698bddecce2007b6fbc1997843ca56b01affc5d0ba8f4d83616f9ff4f9a1a30b1bce02028668c27e6ed35cabb521e59c206ef3efe25d,NO INJURY / DRIVE AWAY,"OVER $1,500",2025-09-24T19:04:00.000,FUNCTIONING PROPERLY,REAR END,,0,0,5,0,0,0,0,41.8810224635,"DARKNESS, LIGHTED ROAD",-87.7454439511,NO INDICATION OF INJURY,3,30,FOLLOWING TOO CLOSELY,ON SCENE,NO DEFECTS,DRY,FAILING TO REDUCE SPEED TO AVOID CRASH,Y,N,CICERO AVE,16,TRAFFIC SIGNAL,NOT DIVIDED,CLEAR,,Y,,,,,3,5,"{""coordinates"": [-87.745443951142, 41.881022463499], ""type"": ""Point""}","[""FRONT"", ""REAR"", ""REAR-LEFT-CORNER""]","[""HONDA"", ""TOYOTA""]","[""SLOW/STOP IN TRAFFIC"", ""STRAIGHT AHEAD""]","[""ACCORD"", ""COROLLA"", ""PRIUS""]",[],"[""30"", ""31"", ""32"", ""61"", ""62""]","[""DID NOT DEPLOY""]","[""NONE""]","[""NO INDICATION OF INJURY""]","[""O2157334"", ""O2157335"", ""O2157336"", ""P476099"", ""P476101""]"
STRAIGHT AND LEVEL,211,2025-09-24T19:21:00.000,4,19,9,5c4c8ad0ce6d8a1fc362288dd1cfefbc0f6624cfd4ef41b8b1675d2b10d8b7d5c4f5c3a12acabf686695e0089581ac09d2dbee19c36ce9c2ac4258e1c91bb40b,INJURY AND / OR TOW DUE TO CRASH,"OVER $1,500",2025-09-24T19:45:00.000,NO CONTROLS,TURNING,,0,0,2,0,0,0,0,41.8345976345,"DARKNESS, LIGHTED ROAD",-87.6289283177,NO INDICATION OF INJURY,2,30,FAILING TO YIELD RIGHT-OF-WAY,ON SCENE,NO DEFECTS,DRY,NOT APPLICABLE,,S,FEDERAL ST,3301,NO CONTROLS,NOT DIVIDED,CLEAR,,,,,,,2,2,"{""coordinates"": [-87.628928317712, 41.83459763451], ""type"": ""Point""}","[""FRONT-LEFT-CORNER"", ""FRONT-RIGHT-CORNER""]","[""CHEVROLET"", ""MERCEDES-BENZ""]","[""STRAIGHT AHEAD"", ""TURNING LEFT""]","[""380 SERIES"", ""OTHER (EXPLAIN IN NARRATIVE)""]","[""Y""]","[""22"", ""54""]","[""DID NOT DEPLOY""]","[""NONE""]","[""NO INDICATION OF INJURY""]","[""O2157366"", ""O2157367""]"
STRAIGHT AND LEVEL,1213,2025-09-24T19:25:00.000,4,19,9,d193720ee7fcfa5680b304a7e5bc2d73816cce95a8ad4169ac1fb86ce85fc911bfd795d09a5a499357199c5fa32935a698b9ee64a8f045c733742ea42cb2be71,NO INJURY / DRIVE AWAY,"OVER $1,500",2025-09-24T21:00:00.000,FUNCTIONING PROPERLY,REAR END,,0,0,2,0,0,0,0,41.9032093986,"DARKNESS, LIGHTED ROAD",-87.6660256191,NO INDICATION OF INJURY,2,30,FAILING TO REDUCE SPEED TO AVOID CRASH,NOT ON SCENE (DESK REPORT),NO DEFECTS,DRY,FOLLOWING TOO CLOSELY,,N,MILWAUKEE AVE,1173,TRAFFIC SIGNAL,NOT DIVIDED,CLEAR,,Y,,,,,2,2,"{""coordinates"": [-87.66602561912, 41.903209398559], ""type"": ""Point""}","[""FRONT"", ""REAR""]","[""HONDA"", ""NISSAN""]","[""SLOW/STOP IN TRAFFIC"", ""STRAIGHT AHEAD""]","[""CIVIC"", ""ROGUE""]",[],"[""22"", ""23""]","[""DID NOT DEPLOY""]","[""NONE""]","[""NO INDICATION OF INJURY""]","[""O2157387"", ""O2157388""]"
STRAIGHT AND LEVEL,2413,2025-09-24T19:30:00.000,4,19,9,06c0b99a694a99f6abf78fb2a81495b42924e1b81f8e01e283a28beea938d128ab3ecfdda7469fa639d7127842c07850a1394bd7aa4950a3f8f7ae7a586517d1,INJURY AND / OR TOW DUE TO CRASH,"OVER $1,500",2025-09-24T19:40:00.000,FUNCTIONING PROPERLY,TURNING,,0,0,5,0,0,0,0,41.9906090098,"DARKNESS, LIGHTED ROAD",-87.6897354809,NO INDICATION OF INJURY,2,30,FAILING TO YIELD RIGHT-OF-WAY,ON SCENE,NO DEFECTS,DRY,UNABLE TO DETERMINE,,W,PETERSON AVE,2400,STOP SIGN/FLASHER,FOUR WAY,CLEAR,,Y,,,,,2,5,"{""coordinates"": [-87.68973548093, 41.990609009807], ""type"": ""Point""}","[""FRONT-LEFT-CORNER"", ""FRONT-RIGHT-CORNER""]","[""NISSAN""]","[""STRAIGHT AHEAD"", ""TURNING LEFT""]","[""ALTIMA"", ""ROGUE""]","[""Y""]","[""25"", ""36"", ""48"", ""58""]","[""DEPLOYED, FRONT"", ""NOT APPLICABLE""]","[""NONE"", ""UNKNOWN""]","[""NO INDICATION OF INJURY""]","[""O2157345"", ""O2157346"", ""P476098"", ""P476102"", ""P476103""]"
STRAIGHT AND LEVEL,632,2025-09-24T19:32:00.000,4,19,9,13053e2316dba578197752170aa2d5285c44c7eddc04cafa7a2e5ca28652aebf3ab6b0173fbccb96d9bd3618868abee5b2380e290b22cc7ebfd4b9cee64ec954,NO INJURY / DRIVE AWAY,"$501 - $1,500",2025-09-24T19:46:00.000,FUNCTIONING PROPERLY,REAR END,Y,0,0,2,0,0,0,0,41.7362124202,"DARKNESS, LIGHTED ROAD",-87.6240124453,NO INDICATION OF INJURY,2,30,IMPROPER BACKING,ON SCENE,UNKNOWN,UNKNOWN,NOT APPLICABLE,,S,STATE ST,8701,TRAFFIC SIGNAL,FOUR WAY,UNKNOWN,,,,,,,2,2,"{""coordinates"": [-87.624012445333, 41.736212420227], ""type"": ""Point""}","[""FRONT"", ""REAR""]","[""CHEVROLET"", ""TOYOTA""]","[""BACKING"", ""SLOW/STOP IN TRAFFIC""]","[""COROLLA"", ""MALIBU""]",[],"[""72""]","[""DEPLOYMENT UNKNOWN"", ""NOT APPLICABLE""]","[""NONE""]","[""NO INDICATION OF INJURY""]","[""O2157351"", ""O2157352""]"
STRAIGHT AND LEVEL,631,2025-09-24T19:36:00.000,4,19,9,f52c9e3dbb42f3a56d79aa1f148559c4aed6f1e07b0b06c353a3fd9cba7e998d083e14dea0be80784f0008bf5f0b45be59fd0bbae9d0316ed4b10ce9fe96599e,NO INJURY / DRIVE AWAY,"$501 - $1,500",2025-09-24T19:36:00.000,UNKNOWN,FIXED OBJECT,,0,0,2,0,0,0,0,41.7486910754,"DARKNESS, LIGHTED ROAD",-87.6147577059,NO INDICATION OF INJURY,1,15,NOT APPLICABLE,ON SCENE,UNKNOWN,DRY,NOT APPLICABLE,,S,DR MARTIN LUTHER KING JR DR,8019,NO CONTROLS,ALLEY,CLEAR,,,,,,,1,2,"{""coordinates"": [-87.614757705863, 41.748691075436], ""type"": ""Point""}","[""REAR-LEFT-CORNER""]","[""FORD""]","[""OTHER""]","[""EXPLORER""]",[],"[""26""]","[""NOT APPLICABLE""]","[""NONE""]","[""NO INDICATION OF INJURY""]","[""O2157380"", ""P476111""]"
STRAIGHT ON GRADE,114,2025-09-24T19:42:00.000,4,19,9,4bfe2dae984bf393fd224f67762fc42fb413b9f177bfab1f6fbc2df63fc7882a9c23864abac9edc7a07bc6b3584219a21f4bde144d378e29f4b48add1787f563,NO INJURY / DRIVE AWAY,"$501 - $1,500",2025-09-24T19:45:00.000,NO CONTROLS,PARKED MOTOR VEHICLE,,0,0,1,0,0,0,0,41.8863731383,DUSK,-87.6205430302,NO INDICATION OF INJURY,2,10,IMPROPER BACKING,ON SCENE,NO DEFECTS,DRY,NOT APPLICABLE,,N,COLUMBUS DR,225,NO CONTROLS,PARKING LOT,CLEAR,,,,,,,2,1,"{""coordinates"": [-87.620543030168, 41.886373138256], ""type"": ""Point""}","[""FRONT-RIGHT-CORNER"", ""REAR-LEFT-CORNER""]","[""BMW"", ""TOYOTA""]","[""BACKING"", ""PARKED""]","[""COROLLA"", ""X5""]",[],"[""22""]","[""NOT APPLICABLE""]","[""NONE""]","[""NO INDICATION OF INJURY""]","[""O2157368""]"
CURVE ON GRADE,432,2025-09-24T19:57:00.000,4,19,9,e2ba6ec2ae5b1292d3e669a54194d3cb3a7635b7ac9ffd5416357418bb6377270cc2fbd35a5178e4b6eafec3de50416ab14b58eb4921640ba878b0872ba79d02,NO INJURY / DRIVE AWAY,"$501 - $1,500",2025-09-24T20:24:00.000,FUNCTIONING PROPERLY,REAR END,,0,0,4,0,0,0,0,41.7032723157,"DARKNESS, LIGHTED ROAD",-87.5245873866,NO INDICATION OF INJURY,2,30,FAILING TO REDUCE SPEED TO AVOID CRASH,ON SCENE,UNKNOWN,DRY,FOLLOWING TOO CLOSELY,,S,INDIANAPOLIS AVE,10599,TRAFFIC SIGNAL,RAMP,CLEAR,,,,,,,2,4,"{""coordinates"": [-87.524587386649, 41.703272315652], ""type"": ""Point""}","[""FRONT"", ""REAR""]","[""JEEP"", ""VOLKSWAGEN""]","[""STRAIGHT AHEAD""]","[""LIBERTY"", ""ROUTAN""]",[],"[""37"", ""56""]","[""DEPLOYMENT UNKNOWN"", ""DID NOT DEPLOY"", ""NOT APPLICABLE""]","[""NONE""]","[""NO INDICATION OF INJURY""]","[""O2157381"", ""O2157382"", ""P476108"", ""P476109""]"
STRAIGHT AND LEVEL,1214,2025-09-24T19:57:00.000,4,19,9,e3c2ce63947aaf835f68bf6a47f601403474978c7023499f2eebc7542f26d77c815efcd9a25b28866bad2ad4d8f0b2f9116259feaf5f8dbd09f10f6fd7349fb0,NO INJURY / DRIVE AWAY,"$501 - $1,500",2025-09-24T19:58:00.000,NO CONTROLS,PARKED MOTOR VEHICLE,,0,0,1,0,0,0,0,41.8871920566,"DARKNESS, LIGHTED ROAD",-87.6488280726,NO INDICATION OF INJURY,2,30,UNABLE TO DETERMINE,ON SCENE,NO DEFECTS,DRY,NOT APPLICABLE,,N,GREEN ST,310,NO CONTROLS,NOT DIVIDED,CLEAR,Y,,,,,,2,1,"{""coordinates"": [-87.648828072646, 41.887192056643], ""type"": ""Point""}","[""FRONT-LEFT-CORNER"", ""SIDE-RIGHT""]","[""CHEVROLET"", ""NISSAN""]","[""OTHER"", ""PARKED IN TRAFFIC LANE""]","[""ALTIMA"", ""IMPALA""]",[],"[""36""]","[""NOT APPLICABLE""]","[""NONE""]","[""NO INDICATION OF INJURY""]","[""O2157361""]"
STRAIGHT AND LEVEL,123,2025-09-24T20:00:00.000,4,20,9,31233d282e1ef0c57887be7ff313a3537a19dcd2463f7b510992c5804ee2e600dd0b8cc61d7afa554db04eb360c3dd60010ead32f46ab7e1cdf8c930c93e9dd7,NO INJURY / DRIVE AWAY,"OVER $1,500",2025-09-24T23:45:00.000,NO CONTROLS,PARKED MOTOR VEHICLE,Y,0,0,1,0,0,0,0,41.8743089032,DARKNESS,-87.6274586596,NO INDICATION OF INJURY,2,35,UNABLE TO DETERMINE,NOT ON SCENE (DESK REPORT),NO DEFECTS,DRY,UNABLE TO DETERMINE,,S,STATE ST,609,NO CONTROLS,NOT DIVIDED,CLEAR,,,,,,,2,1,"{""coordinates"": [-87.627458659561, 41.874308903227], ""type"": ""Point""}","[""SIDE-LEFT"", ""SIDE-RIGHT""]","[""FORD"", ""TESLA""]","[""PARKED"", ""UNKNOWN/NA""]","[""ESCAPE"", ""MODEL 3""]",[],[],"[""DEPLOYMENT UNKNOWN""]","[""NONE""]","[""NO INDICATION OF INJURY""]","[""O2157417""]"
"CURVE, LEVEL",1614,2025-09-24T20:10:00.000,4,20,9,2949abaeacc3a8a544a68ec4c20fb6a2232671c51b85b8203d2152c6e0dd164ca1a421ffac2263fad8570ea2894bc4c6b9e53f0783c0f9220c553a2558e65b65,INJURY AND / OR TOW DUE TO CRASH,"OVER $1,500",2025-09-24T20:20:00.000,NO CONTROLS,FIXED OBJECT,,0,0,1,0,0,0,0,41.9809469393,"DARKNESS, LIGHTED ROAD",-87.836728581,NO INDICATION OF INJURY,1,30,EQUIPMENT - VEHICLE CONDITION,ON SCENE,NO DEFECTS,DRY,UNABLE TO DETERMINE,,N,CUMBERLAND AVE,5556,NO CONTROLS,DIVIDED - W/MEDIAN BARRIER,CLEAR,,,,,,,1,1,"{""coordinates"": [-87.836728581018, 41.980946939316], ""type"": ""Point""}","[""SIDE-LEFT-REAR""]","[""VOLKSWAGEN""]","[""TURNING RIGHT""]","[""GTI""]","[""Y""]","[""18""]","[""DID NOT DEPLOY""]","[""NONE""]","[""NO INDICATION OF INJURY""]","[""O2157365""]"
STRAIGHT AND LEVEL,631,2025-09-24T20:12:00.000,4,20,9,db3ff5d7ff3a50ca22dec319e1ae729165daec1b59570eec0b711d5e51e2abadf830ae012f869f3d32a04d65f8ad5508ef155a1829ca1f5b4956d319e2540004,NO INJURY / DRIVE AWAY,"OVER $1,500",2025-09-24T21:15:00.000,NO CONTROLS,PARKED MOTOR VEHICLE,,0,0,1,0,0,0,0,41.7474816794,"DARKNESS, LIGHTED ROAD",-87.604983948,NO INDICATION OF INJURY,2,30,UNABLE TO DETERMINE,NOT ON SCENE (DESK REPORT),NO DEFECTS,DRY,UNABLE TO DETERMINE,,S,COTTAGE GROVE AVE,8103,NO CONTROLS,PARKING LOT,CLEAR,,,,,,,2,1,"{""coordinates"": [-87.604983947972, 41.747481679435], ""type"": ""Point""}","[""REAR-RIGHT-CORNER"", ""UNKNOWN""]","[""MERCURY"", ""TOYOTA""]","[""PARKED"", ""UNKNOWN/NA""]","[""CAMRY"", ""OTHER (EXPLAIN IN NARRATIVE)""]",[],"[""26""]","[""DEPLOYMENT UNKNOWN""]","[""NONE""]","[""NO INDICATION OF INJURY""]","[""O2157389""]"
STRAIGHT AND LEVEL,331,2025-09-24T20:22:00.000,4,20,9,fc7db64f4c7920f1ad41e2663593f6255911445be41286cbc39ce48477335d617ea3e33670699cba9ed98354a07a8e74823e0a36c6fde6912d012530a0ab47c2,INJURY AND / OR TOW DUE TO CRASH,"OVER $1,500",2025-09-24T20:23:00.000,NO CONTROLS,REAR TO FRONT,,0,0,2,0,0,0,0,41.7682226882,DARKNESS,-87.566653448,NO INDICATION OF INJURY,2,35,UNABLE TO DETERMINE,NOT ON SCENE (DESK REPORT),NO DEFECTS,DRY,UNABLE TO DETERMINE,,S,SOUTH SHORE DR,6956,NO CONTROLS,NOT DIVIDED,CLEAR,,,,,,,2,2,"{""coordinates"": [-87.566653447964, 41.768222688223], ""type"": ""Point""}","[""FRONT"", ""REAR-LEFT-CORNER""]","[""DODGE"", ""GENERAL MOTORS CORPORATION (GMC)""]","[""STARTING IN TRAFFIC"", ""STRAIGHT AHEAD""]","[""ACADIA"", ""CARAVAN""]","[""Y""]","[""21"", ""62""]","[""DEPLOYED, COMBINATION"", ""DEPLOYED, FRONT""]","[""NONE""]","[""NO INDICATION OF INJURY""]","[""O2157376"", ""O2157377""]"
STRAIGHT AND LEVEL,124,2025-09-24T20:30:00.000,4,20,9,214a5f8a837c027550f90d32a443659aaaa1271e1ed21ad1f701dd163adfa9e9ddcabf3589fd79adc38aa1bbafd07c6020f53e1cb34185e10c71733a5c017adf,NO INJURY / DRIVE AWAY,"OVER $1,500",2025-09-24T22:00:00.000,FUNCTIONING PROPERLY,TURNING,,0,0,2,0,0,0,0,41.8673634931,DARKNESS,-87.6391370885,NO INDICATION OF INJURY,2,35,IMPROPER LANE USAGE,NOT ON SCENE (DESK REPORT),NO DEFECTS,DRY,IMPROPER LANE USAGE,,W,ROOSEVELT RD,498,TRAFFIC SIGNAL,NOT DIVIDED,CLEAR,,,,,,,2,2,"{""coordinates"": [-87.63913708847, 41.867363493083], ""type"": ""Point""}","[""SIDE-LEFT"", ""UNKNOWN""]","[""HONDA"", ""PONTIAC""]","[""TURNING LEFT""]","[""OTHER (EXPLAIN IN NARRATIVE)"", ""TORRENT""]",[],"[""26""]","[""DEPLOYMENT UNKNOWN"", ""DID NOT DEPLOY""]","[""NONE""]","[""NO INDICATION OF INJURY""]","[""O2157401"", ""O2157402""]"
STRAIGHT AND LEVEL,531,2025-09-24T20:47:00.000,4,20,9,1243cc9f07a86f2c23e3f7edaa43e4f0ff096fda708a85e66eb55151da9ba370798b09c50d6a4ba1191feed954161e0c15eecaaf65ea0fe52261adaaa34e3fed,NO INJURY / DRIVE AWAY,$500 OR LESS,2025-09-24T21:05:00.000,NO CONTROLS,SIDESWIPE SAME DIRECTION,Y,0,0,2,0,0,0,0,41.6926610964,"DARKNESS, LIGHTED ROAD",-87.6098845914,NO INDICATION OF INJURY,2,30,UNABLE TO DETERMINE,ON SCENE,NO DEFECTS,DRY,UNABLE TO DETERMINE,,E,111TH ST,499,NO CONTROLS,NOT DIVIDED,CLEAR,,,,,,,2,2,"{""coordinates"": [-87.609884591443, 41.692661096442], ""type"": ""Point""}","[""FRONT-RIGHT-CORNER"", ""SIDE-LEFT-FRONT""]","[""FORD"", ""NOVA BUS""]","[""UNKNOWN/NA""]","[""LFS"", ""OTHER (EXPLAIN IN NARRATIVE)""]",[],"[""39""]","[""DEPLOYMENT UNKNOWN"", ""DID NOT DEPLOY""]","[""NONE""]","[""NO INDICATION OF INJURY""]","[""O2157395"", ""O2157396""]"
STRAIGHT AND LEVEL,2411,2025-09-24T20:55:00.000,4,20,9,87e8fbc0d2378e6c7b0c4ee4f1aab7358a0a4f15dcccf46deaf5f77f9dea502d9791a929ef24002652d6f6a79027ea86d7c4e83140648f5810a14235bd1a657d,NO INJURY / DRIVE AWAY,$500 OR LESS,2025-09-24T21:50:00.000,NO CONTROLS,PARKED MOTOR VEHICLE,,0,0,1,0,0,0,0,42.0191460649,"DARKNESS, LIGHTED ROAD",-87.6903256857,NO INDICATION OF INJURY,2,30,IMPROPER BACKING,ON SCENE,NO DEFECTS,DRY,IMPROPER BACKING,,N,WESTERN AVE,7564,NO CONTROLS,PARKING LOT,CLEAR,,,,,,,2,1,"{""coordinates"": [-87.690325685739, 42.019146064943], ""type"": ""Point""}","[""NONE"", ""REAR""]","[""AUDI"", ""CADILLAC""]","[""OTHER"", ""PARKED""]","[""A4"", ""ESCALADE""]",[],"[""53""]","[""NOT APPLICABLE""]","[""NONE""]","[""NO INDICATION OF INJURY""]","[""O2157403""]"
STRAIGHT AND LEVEL,1013,2025-09-24T21:08:00.000,4,21,9,489155f2f6d8b7a42854cb3eda17f2e6b8959df8144ab8c19e4012e4402a6538f912a147570e65c40d001878cb6548000dfeac6629c1b21e330079d631047d02,INJURY AND / OR TOW DUE TO CRASH,"OVER $1,500",2025-09-24T21:09:00.000,NO CONTROLS,PARKED MOTOR VEHICLE,,0,0,1,0,0,0,0,41.8496674863,"DARKNESS, LIGHTED ROAD",-87.7245622341,NO INDICATION OF INJURY,2,30,FAILING TO REDUCE SPEED TO AVOID CRASH,ON SCENE,NO DEFECTS,DRY,UNABLE TO DETERMINE,,S,PULASKI RD,2301,NO CONTROLS,NOT DIVIDED,CLEAR,,,,,,,2,1,"{""coordinates"": [-87.724562234134, 41.849667486321], ""type"": ""Point""}","[""FRONT"", ""REAR""]","[""CHEVROLET"", ""DODGE""]","[""PARKED"", ""STRAIGHT AHEAD""]","[""CRUZE"", ""RAM PROMASTER""]","[""Y""]","[""54""]","[""DEPLOYED, COMBINATION""]","[""NONE""]","[""NO INDICATION OF INJURY""]","[""O2157405""]"
STRAIGHT AND LEVEL,611,2025-09-24T21:17:00.000,4,21,9,bdb4a4b807ec8fa4f7170e6648d6b3c5630bbc23bed6f39dc3174544ded008659eb7ef8e9af3daee746d4b483816529835d23e63eddc43e83cad1eedab821279,NO INJURY / DRIVE AWAY,"OVER $1,500",2025-09-24T21:30:00.000,FUNCTIONING PROPERLY,REAR END,Y,0,0,3,0,0,0,0,41.7501209128,DARKNESS,-87.6731936281,NO INDICATION OF INJURY,3,30,UNABLE TO DETERMINE,NOT ON SCENE (DESK REPORT),UNKNOWN,UNKNOWN,UNABLE TO DETERMINE,,W,79TH ST,2001,TRAFFIC SIGNAL,FOUR WAY,CLEAR,,Y,,,,,3,3,"{""coordinates"": [-87.673193628148, 41.750120912827], ""type"": ""Point""}","[""FRONT"", ""REAR""]","[""CHEVROLET"", ""HONDA"", ""UNKNOWN""]","[""STRAIGHT AHEAD""]","[""CRUZE"", ""ODYSSEY"", ""OTHER (EXPLAIN IN NARRATIVE)""]",[],"[""26"", ""58""]","[""DEPLOYMENT UNKNOWN"", ""NOT APPLICABLE""]","[""NONE""]","[""NO INDICATION OF INJURY""]","[""O2157414"", ""O2157415"", ""O2157416""]"
STRAIGHT AND LEVEL,121,2025-09-24T22:15:00.000,4,22,9,192ef6ab653c1964098d152d0a83e800124480037e989586b5fe7823d4273a7366d6921d0d7da3b0e37b747e8962cf243abe66104bf8ed849f53cdc6c0aa20de,NO INJURY / DRIVE AWAY,"OVER $1,500",2025-09-24T23:45:00.000,NO CONTROLS,SIDESWIPE SAME DIRECTION,,0,0,2,0,0,0,0,41.8819591115,"DARKNESS, LIGHTED ROAD",-87.6416356204,NO INDICATION OF INJURY,2,30,IMPROPER LANE USAGE,NOT ON SCENE (DESK REPORT),NO DEFECTS,DRY,NOT APPLICABLE,,W,MADISON ST,550,NO CONTROLS,NOT DIVIDED,CLEAR,,,,,,,2,2,"{""coordinates"": [-87.641635620436, 41.88195911153], ""type"": ""Point""}","[""FRONT-RIGHT-CORNER"", ""SIDE-LEFT""]","[""CHEVROLET"", ""TESLA""]","[""CHANGING LANES"", ""SLOW/STOP IN TRAFFIC""]","[""MODEL Y"", ""TRAVERSE""]",[],"[""25"", ""43""]","[""NOT APPLICABLE""]","[""NONE""]","[""NO INDICATION OF INJURY""]","[""O2157423"", ""O2157424""]"
STRAIGHT AND LEVEL,1213,2025-09-24T23:30:00.000,4,23,9,a3d44d9676b4207c89ca52cc6f509d2d882c3c4b07dccb08078762ecf2b95aa9e5624cacdcca12fe845591992e9f21e72c5a08f7c222444ef7935103fb58510f,NO INJURY / DRIVE AWAY,"OVER $1,500",2025-09-25T00:25:00.000,FUNCTIONING PROPERLY,TURNING,,0,0,2,0,0,0,0,41.9033379972,"DARKNESS, LIGHTED ROAD",-87.6608822473,NO INDICATION OF INJURY,2,30,FAILING TO YIELD RIGHT-OF-WAY,NOT ON SCENE (DESK REPORT),NO DEFECTS,DRY,IMPROPER TURNING/NO SIGNAL,,W,DIVISION ST,1305,TRAFFIC SIGNAL,DIVIDED - W/MEDIAN (NOT RAISED),CLEAR,,Y,,,,,2,2,"{""coordinates"": [-87.660882247304, 41.903337997161], ""type"": ""Point""}","[""FRONT-RIGHT-CORNER"", ""SIDE-LEFT""]","[""DODGE"", ""LINCOLN""]","[""TURNING LEFT""]","[""DURANGO"", ""NAUTILUS""]",[],"[""25"", ""53""]","[""DID NOT DEPLOY"", ""NOT APPLICABLE""]","[""NONE""]","[""NO INDICATION OF INJURY""]","[""O2157425"", ""O2157426""]"
STRAIGHT AND LEVEL,123,2025-09-25T00:10:00.000,5,0,9,4e2a7596508412765a95ce903ea741e7e1c8583b3fbf711ae74e511edd5231b77f0c4325a8a34d7097f2a2c00467ff787728037861906524e806d9365a00ad06,NO INJURY / DRIVE AWAY,"$501 - $1,500",2025-09-25T00:20:00.000,NO CONTROLS,PARKED MOTOR VEHICLE,,0,0,4,0,0,0,0,41.8691503816,"DARKNESS, LIGHTED ROAD",-87.6263890928,NO INDICATION OF INJURY,2,25,NOT APPLICABLE,NOT ON SCENE (DESK REPORT),NO DEFECTS,DRY,NOT APPLICABLE,,E,11TH ST,31,NO CONTROLS,NOT DIVIDED,CLEAR,,,,,,,2,4,"{""coordinates"": [-87.626389092774, 41.869150381611], ""type"": ""Point""}","[""REAR-LEFT-CORNER"", ""SIDE-LEFT""]","[""FORD"", ""INFINITI""]","[""PARKED"", ""STRAIGHT AHEAD""]","[""EXPLORER"", ""OTHER (EXPLAIN IN NARRATIVE)""]",[],"[""37""]","[""NOT APPLICABLE""]","[""NONE""]","[""NO INDICATION OF INJURY""]","[""O2157431"", ""P476116"", ""P476117"", ""P476118""]"
STRAIGHT AND LEVEL,814,2025-09-25T01:00:00.000,5,1,9,13b4d0be431735a97f6740e4a11d7cd9f423c3d7446c6f6c6078620213940c27345125160552d84d9efbcd1d8f403f4a369d0631c3af2243b981b34d0f6ff670,NO INJURY / DRIVE AWAY,"OVER $1,500",2025-09-25T01:03:00.000,NO CONTROLS,FIXED OBJECT,,0,0,1,0,0,0,0,41.7983453499,"DARKNESS, LIGHTED ROAD",-87.7443169411,NO INDICATION OF INJURY,1,5,FAILING TO REDUCE SPEED TO AVOID CRASH,ON SCENE,NO DEFECTS,DRY,UNABLE TO DETERMINE,,S,ARCHER AVE,5435,NO CONTROLS,ONE-WAY,CLEAR,,,,,,Y,1,1,"{""coordinates"": [-87.744316941091, 41.798345349895], ""type"": ""Point""}","[""TOP""]","[""FORD""]","[""STRAIGHT AHEAD""]","[""OTHER (EXPLAIN IN NARRATIVE)""]",[],[],"[""DEPLOYMENT UNKNOWN""]","[""UNKNOWN""]","[""NO INDICATION OF INJURY""]","[""O2157444""]"